<?xml version="1.0" encoding="UTF-8"?>
<kml xmlns="http://www.opengis.net/kml/2.2" xmlns:gx="http://www.google.com/kml/ext/2.2">
    <Document id="75611">
        <Style id="77548">
            <IconStyle id="77549">
                <color>ff0000ff</color>
                <colorMode>normal</colorMode>
                <scale>1</scale>
                <heading>0</heading>
                <Icon id="77550">
                    <href>http://maps.google.com/mapfiles/kml/pushpin/ylw-pushpin.png</href>
                </Icon>
            </IconStyle>
            <LineStyle id="77551">
                <color>ff0000ff</color>
                <colorMode>normal</colorMode>
                <width>5</width>
            </LineStyle>
        </Style>
        <Style id="78258">
            <IconStyle id="78260">
                <colorMode>normal</colorMode>
                <scale>1</scale>
                <heading>0</heading>
                <Icon id="78261">
                    <href>http://maps.google.com/mapfiles/kml/shapes/placemark_circle.png</href>
                </Icon>
            </IconStyle>
            <LabelStyle id="78259">
                <colorMode>normal</colorMode>
                <scale>0.0</scale>
            </LabelStyle>
        </Style>
        <open>1</open>
        <Placemark id="75613">
            <name>MultiLine</name>
            <styleUrl>#77548</styleUrl>
            <MultiGeometry id="75612">
                <LineString id="75614">
                    <coordinates>12.603438089999997,53.614705109999996,0.0 12.603427710000002,53.61469671999999,0.0</coordinates>
                </LineString>
                <LineString id="75616">
                    <coordinates>12.540961309999998,53.63500355,0.0 12.540952390000001,53.63500394,0.0</coordinates>
                </LineString>
                <LineString id="75618">
                    <coordinates>12.51632699,53.635592169999995,0.0 12.516368600000002,53.63558017,0.0 12.516435889999999,53.63556761999999,0.0 12.51650378,53.63555613,0.0 12.516569749999999,53.63554725,0.0 12.516672,53.635539169999994,0.0</coordinates>
                </LineString>
                <LineString id="75620">
                    <coordinates>12.51873098,53.63589432,0.0 12.519059299999999,53.63596124,0.0</coordinates>
                </LineString>
                <LineString id="75622">
                    <coordinates>12.516672,53.635539169999994,0.0 12.51682595,53.635534979999996,0.0 12.51694169,53.63553794999999,0.0 12.51704536,53.63554565,0.0 12.51712304,53.63555220999999,0.0 12.51725783,53.635573410000006,0.0 12.51729024,53.635573609999994,0.0 12.51762007,53.63563553,0.0 12.51780556,53.63567381,0.0 12.517976119999998,53.63571328,0.0 12.518141789999998,53.63575972999998,0.0 12.518312219999999,53.63580194,0.0 12.51873098,53.63589432,0.0</coordinates>
                </LineString>
                <LineString id="75624">
                    <coordinates>12.519059299999999,53.63596124,0.0 12.519252050000002,53.636003790000004,0.0 12.51945275,53.63605045,0.0 12.51967006,53.63609973999999,0.0 12.519699399999999,53.636111359999994,0.0 12.519985840000002,53.63617338,0.0 12.52040951,53.63626371,0.0 12.520502429999999,53.636285159999986,0.0 12.520751749999999,53.63634509999999,0.0 12.52110647,53.6364221,0.0 12.521236699999998,53.63645081999999,0.0 12.521448849999999,53.63649828999999,0.0 12.521810939999998,53.63657846999999,0.0 12.52215651,53.63665554999999,0.0 12.522505479999998,53.636732039999984,0.0 12.52258415,53.63674796000001,0.0 12.522845640000002,53.63679302,0.0 12.52297124,53.63681602999999,0.0 12.52307705,53.63683173,0.0 12.523174749999999,53.63684135,0.0 12.52330194,53.63684834000001,0.0</coordinates>
                </LineString>
                <LineString id="75626">
                    <coordinates>12.515177349999998,53.63630529999999,0.0 12.51523123,53.63626389,0.0 12.51547158,53.63609251999999,0.0 12.51570204,53.635917709999994,0.0 12.515858799999998,53.635810899999996,0.0 12.515923519999998,53.635769169999996,0.0 12.51598931,53.635729219999995,0.0 12.516063180000002,53.635692240000004,0.0 12.516165539999998,53.63564835999998,0.0 12.516292099999998,53.63560197999998,0.0 12.51632699,53.635592169999995,0.0</coordinates>
                </LineString>
                <LineString id="75628">
                    <coordinates>12.51428312,53.6369585,0.0 12.51470652,53.63664947,0.0 12.51500314,53.636439319999994,0.0 12.515177349999998,53.63630529999999,0.0</coordinates>
                </LineString>
                <LineString id="75630">
                    <coordinates>12.51028444,53.58425722,0.0 12.51044482,53.58424827999999,0.0</coordinates>
                </LineString>
                <LineString id="75632">
                    <coordinates>12.505896509999998,53.584506069999996,0.0 12.50585188,53.58453716,0.0</coordinates>
                </LineString>
                <LineString id="75634">
                    <coordinates>12.51666827,53.60298149999999,0.0 12.51643625,53.602762469999995,0.0 12.516157779999999,53.6025,0.0 12.51609002,53.60244165,0.0 12.5158004,53.60216965000001,0.0 12.515492479999999,53.60188329999999,0.0 12.515160179999999,53.60157904999999,0.0 12.5148409,53.60127843,0.0 12.51451096,53.600969,0.0 12.514176129999997,53.600655559999986,0.0 12.51396995,53.60046464,0.0 12.51385985,53.60035155999999,0.0</coordinates>
                </LineString>
                <LineString id="75636">
                    <coordinates>12.51385985,53.60035155999999,0.0 12.513707550000001,53.60013106000001,0.0 12.513610019999998,53.599867259999996,0.0 12.51351382,53.59961296000001,0.0 12.513413269999997,53.59936055,0.0 12.51339421,53.599332229999995,0.0 12.51328638,53.59903712,0.0 12.51317675,53.59874201999999,0.0 12.51306513,53.59844209,0.0 12.51295049,53.59814072999999,0.0</coordinates>
                </LineString>
                <LineString id="75638">
                    <coordinates>12.51295049,53.59814072999999,0.0 12.512835080000002,53.59783642,0.0 12.51271735,53.59753839,0.0 12.512600900000002,53.59723077000001,0.0 12.51253798,53.59711598,0.0 12.51246178,53.59690665,0.0</coordinates>
                </LineString>
                <LineString id="75640">
                    <coordinates>12.51246178,53.59690665,0.0 12.51234145,53.59659715000001,0.0 12.51226339,53.59638038000001,0.0 12.51218472,53.59617544,0.0 12.51211672,53.59597708,0.0 12.51204737,53.595779349999994,0.0 12.511990989999997,53.595619639999995,0.0 12.511982659999997,53.59553348999999,0.0 12.5119584,53.59546719,0.0 12.51190124,53.59530453,0.0 12.51182064,53.59507923,0.0 12.51175217,53.59488597000001,0.0 12.51174029,53.59487607,0.0 12.511636090000001,53.59459897000001,0.0 12.51154419,53.59435452999998,0.0 12.51145921,53.594119729999996,0.0 12.51141059,53.59398533,0.0 12.51136653,53.59386686,0.0</coordinates>
                </LineString>
                <LineString id="75642">
                    <coordinates>12.51136653,53.59386686,0.0 12.51128123,53.59362468999999,0.0 12.51120708,53.59342317000001,0.0 12.51113286,53.593211329999995,0.0 12.511054920000001,53.59301830999999,0.0 12.51097669,53.59282493999999,0.0 12.510903610000002,53.59264704,0.0 12.510910979999998,53.592627209999996,0.0 12.510868500000003,53.59250690999999,0.0 12.51080083,53.592305679999996,0.0 12.510724449999998,53.592090129999995,0.0 12.5106588,53.59188833000001,0.0 12.510577669999998,53.59167413,0.0 12.510498579999998,53.59146500999998,0.0 12.510423159999998,53.59125775999999,0.0 12.510348550000002,53.59105335999999,0.0 12.51034037,53.59103088,0.0 12.510309309999998,53.590887179999996,0.0</coordinates>
                </LineString>
                <LineString id="75644">
                    <coordinates>12.51036771,53.5874694,0.0 12.51037592,53.58729741999999,0.0</coordinates>
                </LineString>
                <LineString id="75646">
                    <coordinates>12.51038243,53.58720598,0.0 12.51039606,53.58695636,0.0</coordinates>
                </LineString>
                <LineString id="75648">
                    <coordinates>12.51037592,53.58729741999999,0.0 12.51038243,53.58720598,0.0</coordinates>
                </LineString>
                <LineString id="75650">
                    <coordinates>12.51034136,53.58443749999999,0.0 12.510336440000001,53.58441847000001,0.0 12.51032829,53.58438858000001,0.0</coordinates>
                </LineString>
                <LineString id="75652">
                    <coordinates>12.51032829,53.58438858000001,0.0 12.51028444,53.58425722,0.0</coordinates>
                </LineString>
                <LineString id="75654">
                    <coordinates>12.50922679,53.58422529,0.0 12.50921499,53.58413407,0.0</coordinates>
                </LineString>
                <LineString id="75656">
                    <coordinates>12.51028444,53.58425722,0.0 12.510271909999998,53.584234,0.0 12.51024233,53.58421801,0.0 12.51020911,53.58420788,0.0 12.510173069999999,53.58420753999999,0.0 12.509921789999998,53.58421363,0.0 12.509546219999999,53.584223810000005,0.0 12.50922679,53.58422529,0.0</coordinates>
                </LineString>
                <LineString id="75658">
                    <coordinates>12.50921499,53.58413407,0.0 12.509209109999997,53.58406348999999,0.0</coordinates>
                </LineString>
                <LineString id="75660">
                    <coordinates>12.50922679,53.58422529,0.0 12.509214939999998,53.58422757,0.0</coordinates>
                </LineString>
                <LineString id="75662">
                    <coordinates>12.509141599999998,53.58422799000001,0.0 12.50875247,53.58423045,0.0</coordinates>
                </LineString>
                <LineString id="75664">
                    <coordinates>12.508539,53.58422893,0.0 12.508382339999999,53.58421293999999,0.0</coordinates>
                </LineString>
                <LineString id="75666">
                    <coordinates>12.508554779999999,53.584228429999996,0.0 12.508539,53.58422893,0.0</coordinates>
                </LineString>
                <LineString id="75668">
                    <coordinates>12.50827905,53.58411771999999,0.0 12.50804734,53.58407588000001,0.0</coordinates>
                </LineString>
                <LineString id="75670">
                    <coordinates>12.50875247,53.58423045,0.0 12.508554779999999,53.584228429999996,0.0</coordinates>
                </LineString>
                <LineString id="75672">
                    <coordinates>12.50804734,53.58407588000001,0.0 12.508000290000002,53.584069850000006,0.0</coordinates>
                </LineString>
                <LineString id="75674">
                    <coordinates>12.50742918,53.583922179999995,0.0 12.50742178,53.58383635999999,0.0 12.507333129999997,53.583684339999984,0.0 12.507304929999998,53.58362142999999,0.0 12.50715738,53.583589339999996,0.0</coordinates>
                </LineString>
                <LineString id="75676">
                    <coordinates>12.50715738,53.583589339999996,0.0 12.506964049999999,53.58354585999999,0.0</coordinates>
                </LineString>
                <LineString id="75678">
                    <coordinates>12.503919450000001,53.58231937000001,0.0 12.503739849999999,53.582191019999996,0.0</coordinates>
                </LineString>
                <LineString id="75680">
                    <coordinates>12.506964049999999,53.58354585999999,0.0 12.50696878,53.58353605,0.0 12.50696844,53.58351431999999,0.0 12.506963539999997,53.583494939999994,0.0 12.506950110000002,53.58347093,0.0 12.50692845,53.583452519999994,0.0 12.506802389999999,53.58340129999999,0.0 12.506703329999999,53.58336245000001,0.0 12.506591069999999,53.58332635000001,0.0 12.506353839999997,53.58326719999999,0.0 12.50596367,53.58318463999999,0.0 12.505533039999998,53.583097969999976,0.0 12.50540699,53.58307302000001,0.0 12.50528364,53.583042479999996,0.0 12.50511871,53.58299781999999,0.0 12.50493348,53.58293885,0.0 12.504762689999998,53.582872460000004,0.0 12.50463962,53.582815589999996,0.0 12.50439248,53.58269719,0.0 12.504273629999998,53.58261992,0.0 12.504153489999998,53.58252054999999,0.0 12.504091929999998,53.58246669999999,0.0 12.5040051,53.58238473,0.0 12.503919450000001,53.58231937000001,0.0</coordinates>
                </LineString>
                <LineString id="75682">
                    <coordinates>12.506499079999998,53.58399749,0.0 12.506451769999998,53.58402831,0.0 12.50635461,53.58408878,0.0</coordinates>
                </LineString>
                <LineString id="75684">
                    <coordinates>12.506196970000001,53.58418378999999,0.0 12.506264499999999,53.58414328999999,0.0 12.50635461,53.58408878,0.0</coordinates>
                </LineString>
                <LineString id="75686">
                    <coordinates>12.50618147,53.58419077,0.0 12.50613935,53.58421472999999,0.0</coordinates>
                </LineString>
                <LineString id="75688">
                    <coordinates>12.505291700000003,53.58463559,0.0 12.50528691,53.584632459999995,0.0</coordinates>
                </LineString>
                <LineString id="75690">
                    <coordinates>12.506001489999996,53.584297969999994,0.0 12.505875200000002,53.584366479999986,0.0 12.50580213,53.584409050000005,0.0</coordinates>
                </LineString>
                <LineString id="75692">
                    <coordinates>12.505364529999998,53.58466286999999,0.0 12.505349599999997,53.58467364999999,0.0</coordinates>
                </LineString>
                <LineString id="75694">
                    <coordinates>12.505554839999999,53.58455247999999,0.0 12.505364529999998,53.58466286999999,0.0</coordinates>
                </LineString>
                <LineString id="75696">
                    <coordinates>12.505745819999998,53.58444452,0.0 12.505554839999999,53.58455247999999,0.0</coordinates>
                </LineString>
                <LineString id="75698">
                    <coordinates>12.50576812,53.58443181,0.0 12.505745819999998,53.58444452,0.0</coordinates>
                </LineString>
                <LineString id="75700">
                    <coordinates>12.506196970000001,53.58418378999999,0.0 12.50618147,53.58419077,0.0</coordinates>
                </LineString>
                <LineString id="75702">
                    <coordinates>12.504914929999998,53.58492859,0.0 12.50503883,53.584996539999985,0.0</coordinates>
                </LineString>
                <LineString id="75704">
                    <coordinates>12.505177179999999,53.5847715,0.0 12.5051147,53.58480689999999,0.0 12.504914929999998,53.58492859,0.0</coordinates>
                </LineString>
                <LineString id="75706">
                    <coordinates>12.50576812,53.58443181,0.0 12.505896509999998,53.584506069999996,0.0</coordinates>
                </LineString>
                <LineString id="75708">
                    <coordinates>12.50580213,53.584409050000005,0.0 12.50576812,53.58443181,0.0</coordinates>
                </LineString>
                <LineString id="75710">
                    <coordinates>12.511613469999999,53.58405327,0.0 12.511903730000002,53.58402883,0.0 12.51211937,53.58401577,0.0</coordinates>
                </LineString>
                <LineString id="75712">
                    <coordinates>12.510539439999999,53.58413158,0.0 12.51058715,53.58412684999999,0.0 12.51105256,53.58409326,0.0 12.511613469999999,53.58405327,0.0</coordinates>
                </LineString>
                <LineString id="75714">
                    <coordinates>12.51211937,53.58401577,0.0 12.512390159999999,53.584001359999995,0.0 12.51240978,53.58416386,0.0 12.512851859999998,53.584164339999994,0.0 12.512952599999998,53.58400262999999,0.0 12.51298152,53.58400191,0.0</coordinates>
                </LineString>
                <LineString id="75716">
                    <coordinates>12.508300159999997,53.584121509999996,0.0 12.50827905,53.58411771999999,0.0</coordinates>
                </LineString>
                <LineString id="75718">
                    <coordinates>12.51022172,53.58969376999999,0.0 12.51021447,53.58994396,0.0 12.510224909999998,53.59025083,0.0 12.510238540000001,53.59056922,0.0 12.510309309999998,53.590887179999996,0.0</coordinates>
                </LineString>
                <LineString id="75720">
                    <coordinates>12.510274960000002,53.588790030000006,0.0 12.510288979999999,53.5885939,0.0</coordinates>
                </LineString>
                <LineString id="75722">
                    <coordinates>12.510274960000002,53.588790030000006,0.0 12.510264189999997,53.58897113999999,0.0</coordinates>
                </LineString>
                <LineString id="75724">
                    <coordinates>12.510264189999997,53.58897113999999,0.0 12.510261530000001,53.58902687,0.0 12.510258740000001,53.589060800000006,0.0 12.510255089999998,53.58910315999999,0.0 12.510256290000001,53.58914793000001,0.0 12.51025339,53.58918839999999,0.0 12.510250919999999,53.589247979999996,0.0 12.51024781,53.58930146,0.0 12.510244949999999,53.589346600000006,0.0 12.5102422,53.58940788,0.0 12.51023691,53.58949428999999,0.0 12.51023459,53.58955019,0.0 12.5102322,53.58959783,0.0 12.510223999999997,53.58965447,0.0 12.51022172,53.58969376999999,0.0</coordinates>
                </LineString>
                <LineString id="75726">
                    <coordinates>12.508382339999999,53.58421293999999,0.0 12.508300159999997,53.584121509999996,0.0</coordinates>
                </LineString>
                <LineString id="75728">
                    <coordinates>12.51034464,53.58445042000001,0.0 12.51034136,53.58443749999999,0.0</coordinates>
                </LineString>
                <LineString id="75730">
                    <coordinates>12.510288979999999,53.5885939,0.0 12.51030867,53.58824973000001,0.0 12.51031829,53.58816335,0.0 12.51033549,53.58789166,0.0 12.51036608,53.58750541,0.0 12.51036771,53.5874694,0.0</coordinates>
                </LineString>
                <LineString id="75732">
                    <coordinates>12.51039606,53.58695636,0.0 12.51042034,53.5865678,0.0 12.510437,53.58624621999999,0.0 12.51044343,53.58611484,0.0</coordinates>
                </LineString>
                <LineString id="75734">
                    <coordinates>12.510382309999999,53.58581289,0.0 12.51034568,53.585851389999995,0.0 12.510314440000002,53.5858844,0.0 12.51030925,53.58590607,0.0 12.510320079999998,53.585942419999995,0.0 12.51035688,53.585987839999994,0.0 12.51040144,53.58605308999999,0.0 12.51044343,53.58611484,0.0</coordinates>
                </LineString>
                <LineString id="75736">
                    <coordinates>12.506964049999999,53.58354585999999,0.0 12.50689039,53.58363587,0.0 12.50684268,53.583685110000005,0.0 12.5067627,53.58378648000001,0.0 12.50673053,53.58382936999999,0.0 12.50664293,53.58390383999999,0.0 12.50651152,53.583989450000004,0.0</coordinates>
                </LineString>
                <LineString id="75738">
                    <coordinates>12.51048617,53.58573936999999,0.0 12.510489559999998,53.58563622,0.0 12.51049633,53.58532175999999,0.0 12.510501080000001,53.58515366,0.0 12.510477209999998,53.58502086999998,0.0 12.510457679999998,53.58490827999999,0.0 12.510424129999999,53.58477327999999,0.0 12.510376439999998,53.584574459999985,0.0 12.51034464,53.58445042000001,0.0</coordinates>
                </LineString>
                <LineString id="75740">
                    <coordinates>12.505177179999999,53.5847715,0.0 12.50532308,53.584852409999996,0.0</coordinates>
                </LineString>
                <LineString id="75742">
                    <coordinates>12.505349599999997,53.58467364999999,0.0 12.505177179999999,53.5847715,0.0</coordinates>
                </LineString>
                <LineString id="75744">
                    <coordinates>12.51044482,53.58424827999999,0.0 12.51045071,53.58420388999999,0.0 12.51046758,53.584165580000004,0.0 12.51048788,53.58414754999999,0.0 12.5105292,53.58413259999999,0.0 12.510539439999999,53.58413158,0.0</coordinates>
                </LineString>
                <LineString id="75746">
                    <coordinates>12.51087272,53.584130009999996,0.0 12.510539439999999,53.58413158,0.0</coordinates>
                </LineString>
                <LineString id="75748">
                    <coordinates>12.508000290000002,53.584069850000006,0.0 12.50800281,53.58406202,0.0</coordinates>
                </LineString>
                <LineString id="75750">
                    <coordinates>12.50613935,53.58421472999999,0.0 12.506056009999998,53.584265609999996,0.0 12.50602904,53.58428134,0.0 12.50601313,53.58429092,0.0</coordinates>
                </LineString>
                <LineString id="75752">
                    <coordinates>12.50601313,53.58429092,0.0 12.506001489999996,53.584297969999994,0.0</coordinates>
                </LineString>
                <LineString id="75754">
                    <coordinates>12.50651152,53.583989450000004,0.0 12.506499079999998,53.58399749,0.0</coordinates>
                </LineString>
                <LineString id="75756">
                    <coordinates>12.50800281,53.58406202,0.0 12.507522970000002,53.58399501,0.0</coordinates>
                </LineString>
                <LineString id="75758">
                    <coordinates>12.507522970000002,53.58399501,0.0 12.50745044,53.583982729999995,0.0 12.50742918,53.583922179999995,0.0</coordinates>
                </LineString>
                <LineString id="75760">
                    <coordinates>12.51048617,53.58573936999999,0.0 12.510389819999999,53.58580486000001,0.0 12.510382309999999,53.58581289,0.0</coordinates>
                </LineString>
                <LineString id="75762">
                    <coordinates>12.503739849999999,53.582191019999996,0.0 12.50357041,53.58208122,0.0 12.503389549999998,53.58197548999999,0.0 12.50331193,53.581934170000004,0.0</coordinates>
                </LineString>
                <LineString id="75764">
                    <coordinates>12.505349599999997,53.58467364999999,0.0 12.505291700000003,53.58463559,0.0</coordinates>
                </LineString>
                <LineString id="75766">
                    <coordinates>12.509214939999998,53.58422757,0.0 12.509141599999998,53.58422799000001,0.0</coordinates>
                </LineString>
                <LineString id="75768">
                    <coordinates>12.571051429999999,53.63170048,0.0 12.570982769999999,53.631754059999984,0.0</coordinates>
                </LineString>
                <LineString id="75770">
                    <coordinates>12.57325334,53.63045802,0.0 12.5732074,53.63049697999998,0.0 12.57315523,53.63053606999999,0.0 12.57303359,53.63049421,0.0 12.572984319999998,53.630474789999994,0.0</coordinates>
                </LineString>
                <LineString id="75772">
                    <coordinates>12.598651729999998,53.617495309999995,0.0 12.598714499999998,53.61751715999999,0.0 12.598851460000002,53.61757775999999,0.0 12.598922899999998,53.61761400999999,0.0 12.599078629999998,53.61769550999999,0.0 12.599322139999998,53.61782676999999,0.0 12.599422029999998,53.61786864,0.0 12.599624099999998,53.61794911999999,0.0 12.599779309999999,53.617992169999994,0.0 12.59987804,53.61801858999999,0.0 12.599970880000003,53.61803311999999,0.0 12.600114709999998,53.61805411999999,0.0 12.600258539999999,53.61807241,0.0 12.600375169999998,53.61808137,0.0 12.60045674,53.61808379999999,0.0 12.600688330000002,53.61805563000001,0.0 12.600810379999999,53.61804050999999,0.0 12.600887349999999,53.618032889999995,0.0 12.600956409999998,53.61803523,0.0 12.60101313,53.61803366999999,0.0 12.60118016,53.61808122000001,0.0 12.601455759999999,53.61800448,0.0</coordinates>
                </LineString>
                <LineString id="75774">
                    <coordinates>12.57271794,53.63225253999999,0.0 12.572790279999998,53.63227542999999,0.0 12.572817549999998,53.63228534,0.0 12.572841340000002,53.63229235,0.0</coordinates>
                </LineString>
                <LineString id="75776">
                    <coordinates>12.60311998,53.61540178,0.0 12.60314931,53.61541456999999,0.0</coordinates>
                </LineString>
                <LineString id="75778">
                    <coordinates>12.569188259999999,53.63162579000001,0.0 12.569200139999998,53.631616349999994,0.0</coordinates>
                </LineString>
                <LineString id="75780">
                    <coordinates>12.57407492,53.62846668,0.0 12.57399196,53.628490119999995,0.0 12.57394269,53.62849341,0.0 12.573667759999998,53.62861577,0.0 12.57345679,53.62871893,0.0 12.57334677,53.62877213,0.0 12.57313696,53.62887553000001,0.0 12.57292206,53.628978409999995,0.0 12.57288938,53.62899488,0.0 12.57274312,53.62911034,0.0 12.57255616,53.6292375,0.0 12.5725468,53.62924164,0.0</coordinates>
                </LineString>
                <LineString id="75782">
                    <coordinates>12.57301826,53.63234484,0.0 12.57307317,53.63226224999999,0.0</coordinates>
                </LineString>
                <LineString id="75784">
                    <coordinates>12.573747689999998,53.631678269999995,0.0 12.57393097,53.63154489999999,0.0</coordinates>
                </LineString>
                <LineString id="75786">
                    <coordinates>12.57316936,53.632164460000006,0.0 12.57321341,53.63212562,0.0</coordinates>
                </LineString>
                <LineString id="75788">
                    <coordinates>12.56910194,53.63169319000001,0.0 12.569188259999999,53.63162579000001,0.0</coordinates>
                </LineString>
                <LineString id="75790">
                    <coordinates>12.56905317,53.63172833,0.0 12.56910194,53.63169319000001,0.0</coordinates>
                </LineString>
                <LineString id="75792">
                    <coordinates>12.57069434,53.63054897,0.0 12.570722860000002,53.63052857,0.0 12.57074846,53.63051445000001,0.0 12.57089705,53.630406799999996,0.0 12.571113760000001,53.63025214000001,0.0</coordinates>
                </LineString>
                <LineString id="75794">
                    <coordinates>12.57135815,53.63007525999999,0.0 12.571473889999996,53.629991979999986,0.0 12.571757640000001,53.62979137,0.0 12.57181268,53.62977644000001,0.0 12.571898199999998,53.62975854,0.0</coordinates>
                </LineString>
                <LineString id="75796">
                    <coordinates>12.571113760000001,53.63025214000001,0.0 12.57116126,53.630216709999985,0.0</coordinates>
                </LineString>
                <LineString id="75798">
                    <coordinates>12.57035537,53.63078876999999,0.0 12.5705705,53.63063648000001,0.0 12.57069434,53.63054897,0.0</coordinates>
                </LineString>
                <LineString id="75800">
                    <coordinates>12.570029409999997,53.63102504999999,0.0 12.570223480000001,53.63087989999999,0.0 12.57035537,53.63078876999999,0.0</coordinates>
                </LineString>
                <LineString id="75802">
                    <coordinates>12.56987707,53.631179489999994,0.0 12.569859539999998,53.631150029999986,0.0 12.570029409999997,53.63102504999999,0.0</coordinates>
                </LineString>
                <LineString id="75804">
                    <coordinates>12.569200139999998,53.631616349999994,0.0 12.56923015,53.6315926,0.0 12.56925832,53.63157927,0.0 12.569375990000001,53.631531519999996,0.0 12.56947876,53.6314602,0.0</coordinates>
                </LineString>
                <LineString id="75806">
                    <coordinates>12.56947876,53.6314602,0.0 12.56958267,53.63138302,0.0 12.56965069,53.63132141,0.0</coordinates>
                </LineString>
                <LineString id="75808">
                    <coordinates>12.57063217,53.63151909,0.0 12.57064447,53.6315089,0.0</coordinates>
                </LineString>
                <LineString id="75810">
                    <coordinates>12.569722729999999,53.631254979999994,0.0 12.569741980000002,53.63123752999999,0.0 12.56981448,53.63123246,0.0 12.56987707,53.631179489999994,0.0</coordinates>
                </LineString>
                <LineString id="75812">
                    <coordinates>12.56987707,53.631179489999994,0.0 12.569895449999999,53.63119817999999,0.0 12.56992827,53.63121168999999,0.0 12.569999809999999,53.63124668999999,0.0 12.570213889999998,53.63133672999999,0.0 12.570391089999998,53.63141684999999,0.0 12.57063217,53.63151909,0.0</coordinates>
                </LineString>
                <LineString id="75814">
                    <coordinates>12.57063217,53.63151909,0.0 12.57066819,53.63153744999999,0.0</coordinates>
                </LineString>
                <LineString id="75816">
                    <coordinates>12.57066819,53.63153744999999,0.0 12.57060064,53.63159065,0.0</coordinates>
                </LineString>
                <LineString id="75818">
                    <coordinates>12.57060064,53.63159065,0.0 12.57044174,53.63152356999999,0.0</coordinates>
                </LineString>
                <LineString id="75820">
                    <coordinates>12.57066819,53.63153744999999,0.0 12.57068522,53.63154694,0.0</coordinates>
                </LineString>
                <LineString id="75822">
                    <coordinates>12.570708490000001,53.63155702,0.0 12.57092298,53.63164952999999,0.0 12.571051429999999,53.63170048,0.0</coordinates>
                </LineString>
                <LineString id="75824">
                    <coordinates>12.571051429999999,53.63170048,0.0 12.571302189999999,53.631802719999996,0.0 12.571426989999999,53.631853510000006,0.0 12.571444409999998,53.63185959999999,0.0</coordinates>
                </LineString>
                <LineString id="75826">
                    <coordinates>12.573148809999998,53.632474890000005,0.0 12.57341571,53.63256281,0.0 12.57347609,53.63258317,0.0 12.57363821,53.63264994000001,0.0 12.573845190000002,53.632739380000004,0.0 12.57388723,53.63275638,0.0 12.57398417,53.63280216,0.0 12.57406852,53.63284176,0.0 12.574159789999998,53.632895519999984,0.0 12.5740923,53.63292581,0.0</coordinates>
                </LineString>
                <LineString id="75828">
                    <coordinates>12.571730159999998,53.631947989999986,0.0 12.571970999999998,53.63202088999999,0.0 12.57214236,53.63207672999999,0.0</coordinates>
                </LineString>
                <LineString id="75830">
                    <coordinates>12.57214236,53.63207672999999,0.0 12.572522199999998,53.63219005999999,0.0</coordinates>
                </LineString>
                <LineString id="75832">
                    <coordinates>12.57322754,53.632410359999994,0.0 12.573148809999998,53.632474890000005,0.0</coordinates>
                </LineString>
                <LineString id="75834">
                    <coordinates>12.572991500000002,53.63233686,0.0 12.57301826,53.63234484,0.0</coordinates>
                </LineString>
                <LineString id="75836">
                    <coordinates>12.57321341,53.63212562,0.0 12.57326942,53.63207323,0.0 12.573357429999998,53.632001769999995,0.0 12.573428699999997,53.63194061,0.0</coordinates>
                </LineString>
                <LineString id="75838">
                    <coordinates>12.573428699999997,53.63194061,0.0 12.57351952,53.63186654,0.0 12.573688669999997,53.631724059999996,0.0 12.573747689999998,53.631678269999995,0.0</coordinates>
                </LineString>
                <LineString id="75840">
                    <coordinates>12.57307317,53.63226224999999,0.0 12.57312881,53.63220468,0.0 12.57316936,53.632164460000006,0.0</coordinates>
                </LineString>
                <LineString id="75842">
                    <coordinates>12.57167022,53.63193156,0.0 12.571730159999998,53.631947989999986,0.0</coordinates>
                </LineString>
                <LineString id="75844">
                    <coordinates>12.571444409999998,53.63185959999999,0.0 12.57167022,53.63193156,0.0</coordinates>
                </LineString>
                <LineString id="75846">
                    <coordinates>12.57167022,53.63193156,0.0 12.57161269,53.63198488,0.0</coordinates>
                </LineString>
                <LineString id="75848">
                    <coordinates>12.57161269,53.63198488,0.0 12.5716795,53.632006409999995,0.0</coordinates>
                </LineString>
                <LineString id="75850">
                    <coordinates>12.57142177,53.63192874,0.0 12.5712745,53.63187122999999,0.0</coordinates>
                </LineString>
                <LineString id="75852">
                    <coordinates>12.570982769999999,53.631754059999984,0.0 12.57112957,53.63181229999999,0.0 12.5712745,53.63187122999999,0.0</coordinates>
                </LineString>
                <LineString id="75854">
                    <coordinates>12.564526219999998,53.63494235999999,0.0 12.56455677,53.63491881,0.0 12.56461592,53.634872619999996,0.0 12.564779979999997,53.63476107999999,0.0 12.56480119,53.63474717,0.0</coordinates>
                </LineString>
                <LineString id="75856">
                    <coordinates>12.572869400000002,53.630170070000005,0.0 12.57306366,53.62997401,0.0</coordinates>
                </LineString>
                <LineString id="75858">
                    <coordinates>12.57306366,53.62997401,0.0 12.573254229999998,53.63003406,0.0</coordinates>
                </LineString>
                <LineString id="75860">
                    <coordinates>12.57197844,53.629783929999995,0.0 12.572157849999996,53.62985569999999,0.0 12.57242385,53.62996856000001,0.0 12.5727178,53.630099439999995,0.0 12.57278812,53.63013621999999,0.0 12.572869400000002,53.630170070000005,0.0</coordinates>
                </LineString>
                <LineString id="75862">
                    <coordinates>12.572869400000002,53.630170070000005,0.0 12.57320048,53.63031041,0.0 12.57324959,53.63032854,0.0 12.573342619999998,53.630356739999996,0.0</coordinates>
                </LineString>
                <LineString id="75864">
                    <coordinates>12.573342619999998,53.630356739999996,0.0 12.57325334,53.63045802,0.0</coordinates>
                </LineString>
                <LineString id="75866">
                    <coordinates>12.573342619999998,53.630356739999996,0.0 12.573459829999997,53.63039072,0.0 12.57357238,53.63043349000001,0.0 12.57372399,53.63049591,0.0 12.57375925,53.63051192999999,0.0</coordinates>
                </LineString>
                <LineString id="75868">
                    <coordinates>12.57401293,53.63064954999999,0.0 12.573886769999998,53.63076842,0.0</coordinates>
                </LineString>
                <LineString id="75870">
                    <coordinates>12.59460512,53.61922231999999,0.0 12.59460356,53.61928719,0.0 12.59454291,53.61935223,0.0 12.5942782,53.61948164,0.0 12.59417689,53.61953031,0.0 12.59394025,53.61962315,0.0</coordinates>
                </LineString>
                <LineString id="75872">
                    <coordinates>12.59394025,53.61962315,0.0 12.59395445,53.61970345,0.0 12.59393921,53.6198509,0.0 12.593920640000004,53.61989242999999,0.0 12.593604679999999,53.62002012999999,0.0 12.593444139999999,53.620100439999995,0.0 12.59316146,53.62023579,0.0 12.59284516,53.62034209000001,0.0 12.59282336,53.620349759999996,0.0 12.59248023,53.6204921,0.0 12.592230290000002,53.62059956000001,0.0 12.592047039999999,53.620687929999995,0.0 12.591756349999999,53.620824279999994,0.0 12.59158702,53.62091649,0.0 12.591476840000002,53.62097213,0.0 12.591179790000002,53.62110962,0.0 12.59094579,53.62122794,0.0 12.590734449999998,53.62132663,0.0 12.590545849999998,53.62141168,0.0 12.590350269999997,53.6214646,0.0 12.59029279,53.62148250999999,0.0 12.590080220000003,53.62156818,0.0 12.58979587,53.62168648,0.0 12.58937007,53.62186095,0.0 12.588768820000002,53.62212883000001,0.0 12.58850761,53.62225539,0.0 12.58824527,53.62237653,0.0 12.58788648,53.62254461,0.0 12.58779093,53.62259101,0.0 12.58774908,53.62260956,0.0 12.58759498,53.62267228999999,0.0 12.58734093,53.62279732999999,0.0 12.58694663,53.622979699999995,0.0 12.58663843,53.62310747999999,0.0 12.58640478,53.62318948000001,0.0</coordinates>
                </LineString>
                <LineString id="75874">
                    <coordinates>12.58640478,53.62318948000001,0.0 12.586094729999997,53.62330856999999,0.0 12.585721850000002,53.62346925999999,0.0 12.585368189999999,53.62362517999998,0.0 12.58519291,53.62369352,0.0 12.584889279999999,53.623829229999984,0.0 12.584634869999999,53.62393869999999,0.0 12.58433099,53.62406585,0.0</coordinates>
                </LineString>
                <LineString id="75876">
                    <coordinates>12.58433099,53.62406585,0.0 12.583299279999999,53.62450737,0.0 12.58300699,53.62464019000001,0.0 12.5827318,53.62476751,0.0 12.58239447,53.62492145,0.0 12.58204912,53.62507366,0.0 12.58179719,53.625181979999994,0.0 12.58165987,53.62523482999999,0.0</coordinates>
                </LineString>
                <LineString id="75878">
                    <coordinates>12.572320369999998,53.62939788,0.0 12.572149699999999,53.62951750999999,0.0</coordinates>
                </LineString>
                <LineString id="75880">
                    <coordinates>12.5725468,53.62924164,0.0 12.57237801,53.62935694,0.0 12.572320369999998,53.62939788,0.0</coordinates>
                </LineString>
                <LineString id="75882">
                    <coordinates>12.572320369999998,53.62939788,0.0 12.57237282,53.62943988,0.0 12.57243523,53.62948836999998,0.0</coordinates>
                </LineString>
                <LineString id="75884">
                    <coordinates>12.574770500000001,53.62819703,0.0 12.574637139999998,53.62824964,0.0 12.57458643,53.62826739999999,0.0 12.574483540000001,53.62830935,0.0 12.57426152,53.62840153,0.0 12.574195309999999,53.628430040000005,0.0 12.57414842,53.628444169999995,0.0</coordinates>
                </LineString>
                <LineString id="75886">
                    <coordinates>12.574271659999999,53.628617019999986,0.0 12.57411812,53.62868356,0.0</coordinates>
                </LineString>
                <LineString id="75888">
                    <coordinates>12.57414842,53.628444169999995,0.0 12.57407492,53.62846668,0.0</coordinates>
                </LineString>
                <LineString id="75890">
                    <coordinates>12.576431479999998,53.62748291,0.0 12.576396410000001,53.62748736,0.0 12.57618646,53.62758393000001,0.0 12.57601933,53.62766332999999,0.0 12.57579939,53.62775838,0.0 12.57559131,53.627849919999996,0.0 12.57538817,53.62793739,0.0 12.57520109,53.628017269999994,0.0 12.57495916,53.628119209999994,0.0 12.574770500000001,53.62819703,0.0</coordinates>
                </LineString>
                <LineString id="75892">
                    <coordinates>12.58165987,53.62523482999999,0.0 12.58147549,53.62530735,0.0 12.581160950000001,53.62542011,0.0 12.580881070000002,53.625545589999994,0.0 12.58060486,53.62566662,0.0 12.58055265,53.62568914,0.0 12.58032297,53.62580805,0.0 12.58030563,53.62582211,0.0 12.58012718,53.62587286,0.0 12.580018629999998,53.62590260999999,0.0 12.579928429999999,53.62593954999999,0.0 12.57987518,53.62596017,0.0 12.579667009999998,53.62604754,0.0 12.57931547,53.62619964,0.0 12.579019719999998,53.62632906,0.0 12.578801950000003,53.62642376,0.0 12.578530049999998,53.62655216999998,0.0 12.5783493,53.626638099999994,0.0 12.57807032,53.62677540999999,0.0 12.57785378,53.626875,0.0 12.577510719999998,53.62702484,0.0 12.57715261,53.62715693999999,0.0 12.57691404,53.62725012,0.0 12.576713269999999,53.627326939999996,0.0 12.576586169999999,53.627385449999984,0.0 12.57647527,53.62745632,0.0 12.576431479999998,53.62748291,0.0</coordinates>
                </LineString>
                <LineString id="75894">
                    <coordinates>12.576431479999998,53.62748291,0.0 12.57650085,53.62751967999999,0.0 12.576498459999998,53.62757360999999,0.0</coordinates>
                </LineString>
                <LineString id="75896">
                    <coordinates>12.576498459999998,53.62757360999999,0.0 12.57648925,53.62773997,0.0</coordinates>
                </LineString>
                <LineString id="75898">
                    <coordinates>12.57648925,53.62773997,0.0 12.576483789999997,53.62784685999999,0.0</coordinates>
                </LineString>
                <LineString id="75900">
                    <coordinates>12.576483789999997,53.62784685999999,0.0 12.576474339999999,53.62802652999999,0.0 12.576468189999998,53.62808900999999,0.0</coordinates>
                </LineString>
                <LineString id="75902">
                    <coordinates>12.576468189999998,53.62808900999999,0.0 12.57646516,53.62817537,0.0</coordinates>
                </LineString>
                <LineString id="75904">
                    <coordinates>12.57646516,53.62817537,0.0 12.57646425,53.62824064,0.0 12.57646126,53.628344420000005,0.0 12.576454800000002,53.62843288999999,0.0</coordinates>
                </LineString>
                <LineString id="75906">
                    <coordinates>12.576449479999999,53.62867084999999,0.0 12.57644577,53.628792610000005,0.0</coordinates>
                </LineString>
                <LineString id="75908">
                    <coordinates>12.576444539999999,53.62899708999999,0.0 12.576442619999998,53.62904678999999,0.0</coordinates>
                </LineString>
                <LineString id="75910">
                    <coordinates>12.576444539999999,53.62899708999999,0.0 12.576612709999997,53.628999099999994,0.0</coordinates>
                </LineString>
                <LineString id="75912">
                    <coordinates>12.57644577,53.628792610000005,0.0 12.576443079999999,53.62896435999999,0.0 12.576444539999999,53.62899708999999,0.0</coordinates>
                </LineString>
                <LineString id="75914">
                    <coordinates>12.576454800000002,53.62843288999999,0.0 12.576450550000002,53.62860499,0.0 12.576449479999999,53.62867084999999,0.0</coordinates>
                </LineString>
                <LineString id="75916">
                    <coordinates>12.576442619999998,53.62904678999999,0.0 12.57643743,53.629141190000006,0.0</coordinates>
                </LineString>
                <LineString id="75918">
                    <coordinates>12.57643743,53.629141190000006,0.0 12.576436209999999,53.629285249999995,0.0</coordinates>
                </LineString>
                <LineString id="75920">
                    <coordinates>12.576433539999998,53.62941864999999,0.0 12.57643145,53.62951349999999,0.0</coordinates>
                </LineString>
                <LineString id="75922">
                    <coordinates>12.57643145,53.62951349999999,0.0 12.576430259999999,53.629547949999996,0.0</coordinates>
                </LineString>
                <LineString id="75924">
                    <coordinates>12.57643099,53.629668089999996,0.0 12.576422539999998,53.62986286,0.0</coordinates>
                </LineString>
                <LineString id="75926">
                    <coordinates>12.576412849999999,53.63010126999999,0.0 12.576411249999998,53.63013707,0.0 12.576406760000001,53.63026334,0.0</coordinates>
                </LineString>
                <LineString id="75928">
                    <coordinates>12.576406760000001,53.63026334,0.0 12.57640463,53.630388190000005,0.0 12.57639729,53.63040071,0.0 12.57637822,53.630410669999996,0.0 12.57635731,53.63041776,0.0 12.576328159999997,53.63042234999998,0.0 12.576127249999999,53.630415479999996,0.0 12.57596977,53.630391749999994,0.0 12.575821380000002,53.63036936,0.0</coordinates>
                </LineString>
                <LineString id="75930">
                    <coordinates>12.575821380000002,53.63036936,0.0 12.57559334,53.630332419999995,0.0 12.575530169999999,53.63032448,0.0 12.57544963,53.63031461999999,0.0 12.57540325,53.63031405,0.0 12.575379229999998,53.63031304,0.0</coordinates>
                </LineString>
                <LineString id="75932">
                    <coordinates>12.576422539999998,53.62986286,0.0 12.57641913,53.63000552999999,0.0</coordinates>
                </LineString>
                <LineString id="75934">
                    <coordinates>12.576430259999999,53.629547949999996,0.0 12.57643099,53.629668089999996,0.0</coordinates>
                </LineString>
                <LineString id="75936">
                    <coordinates>12.57651249,53.63026341,0.0 12.57650631,53.6304088,0.0 12.57649627,53.63053608,0.0 12.57649155,53.63072573,0.0 12.57649177,53.63098111000001,0.0 12.57649093,53.63107530999999,0.0 12.57651487,53.631115479999984,0.0 12.57654072,53.631148399999994,0.0 12.57661956,53.63121556,0.0</coordinates>
                </LineString>
                <LineString id="75938">
                    <coordinates>12.57704914,53.631544139999995,0.0 12.57722972,53.63168448999999,0.0 12.5775247,53.63191075,0.0 12.57781343,53.632129510000006,0.0</coordinates>
                </LineString>
                <LineString id="75940">
                    <coordinates>12.57913097,53.63234941999998,0.0 12.57923038,53.6323437,0.0 12.579296649999998,53.63234918999999,0.0 12.57949796,53.63236813,0.0</coordinates>
                </LineString>
                <LineString id="75942">
                    <coordinates>12.57964904,53.63238427000001,0.0 12.57969451,53.63238934,0.0</coordinates>
                </LineString>
                <LineString id="75944">
                    <coordinates>12.57969451,53.63238934,0.0 12.57991087,53.63241527,0.0</coordinates>
                </LineString>
                <LineString id="75946">
                    <coordinates>12.58248763,53.63242409,0.0 12.5828418,53.63242358,0.0 12.58322376,53.63242203,0.0 12.58322312,53.63234488,0.0</coordinates>
                </LineString>
                <LineString id="75948">
                    <coordinates>12.581869570000002,53.63242649,0.0 12.582018529999997,53.63242690999999,0.0 12.582168729999998,53.63242612,0.0</coordinates>
                </LineString>
                <LineString id="75950">
                    <coordinates>12.58058483,53.63242901,0.0 12.58058138,53.63250694999999,0.0</coordinates>
                </LineString>
                <LineString id="75952">
                    <coordinates>12.58018654,53.63242747,0.0 12.580311779999999,53.63242837000001,0.0 12.58058483,53.63242901,0.0</coordinates>
                </LineString>
                <LineString id="75954">
                    <coordinates>12.58042952,53.63250815,0.0 12.58058138,53.63250694999999,0.0</coordinates>
                </LineString>
                <LineString id="75956">
                    <coordinates>12.58058138,53.63250694999999,0.0 12.58085615,53.63250763,0.0 12.58108157,53.63250702,0.0</coordinates>
                </LineString>
                <LineString id="75958">
                    <coordinates>12.581177509999998,53.63250631999999,0.0 12.581260909999997,53.63250567,0.0</coordinates>
                </LineString>
                <LineString id="75960">
                    <coordinates>12.582168729999998,53.63242612,0.0 12.582171299999999,53.63250072,0.0</coordinates>
                </LineString>
                <LineString id="75962">
                    <coordinates>12.57949796,53.63236813,0.0 12.57964904,53.63238427000001,0.0</coordinates>
                </LineString>
                <LineString id="75964">
                    <coordinates>12.57781343,53.632129510000006,0.0 12.57799877,53.63227122,0.0 12.578084290000001,53.63233554999999,0.0 12.578131249999998,53.63236947,0.0 12.578150259999997,53.632379579999984,0.0 12.578188689999998,53.63239344,0.0 12.578260119999998,53.632407959999995,0.0 12.57828209,53.63241051999999,0.0 12.5783163,53.63241018,0.0 12.57846666,53.632397850000004,0.0 12.57855729,53.632389149999995,0.0 12.578717149999997,53.63237479,0.0 12.57891351,53.63236281999999,0.0 12.57913097,53.63234941999998,0.0</coordinates>
                </LineString>
                <LineString id="75966">
                    <coordinates>12.57661956,53.63121556,0.0 12.576820550000003,53.63136722,0.0 12.57704914,53.631544139999995,0.0</coordinates>
                </LineString>
                <LineString id="75968">
                    <coordinates>12.57704914,53.631544139999995,0.0 12.57694553,53.63159101,0.0</coordinates>
                </LineString>
                <LineString id="75970">
                    <coordinates>12.57694553,53.63159101,0.0 12.576906629999998,53.63159543,0.0 12.57686608,53.63160112999999,0.0 12.576819400000002,53.63161451999999,0.0 12.57666958,53.63165697,0.0</coordinates>
                </LineString>
                <LineString id="75972">
                    <coordinates>12.571898199999998,53.62975854,0.0 12.57197282,53.62970520999999,0.0 12.571983900000001,53.62968902,0.0 12.57198347,53.629669279999995,0.0 12.57198046,53.62964816,0.0 12.571987579999998,53.629628319999995,0.0 12.572020219999999,53.62960503,0.0 12.572149699999999,53.62951750999999,0.0</coordinates>
                </LineString>
                <LineString id="75974">
                    <coordinates>12.601455759999999,53.61800448,0.0 12.60149439,53.61801041,0.0</coordinates>
                </LineString>
                <LineString id="75976">
                    <coordinates>12.598737999999999,53.61741789999999,0.0 12.598863209999998,53.61729152999999,0.0 12.59897202,53.6170852,0.0 12.59902266,53.61698989,0.0 12.59903537,53.61695845000001,0.0 12.59907395,53.61678354,0.0 12.59909482,53.61670435,0.0 12.59915825,53.616563189999994,0.0</coordinates>
                </LineString>
                <LineString id="75978">
                    <coordinates>12.600961339999998,53.61656084999999,0.0 12.60097648,53.61654862999999,0.0</coordinates>
                </LineString>
                <LineString id="75980">
                    <coordinates>12.60110567,53.61643674,0.0 12.60106341,53.616417139999996,0.0</coordinates>
                </LineString>
                <LineString id="75982">
                    <coordinates>12.60097648,53.61654862999999,0.0 12.60110567,53.61643674,0.0</coordinates>
                </LineString>
                <LineString id="75984">
                    <coordinates>12.601626,53.61597942,0.0 12.601578959999998,53.61595806,0.0</coordinates>
                </LineString>
                <LineString id="75986">
                    <coordinates>12.60110567,53.61643674,0.0 12.601219249999998,53.616347309999995,0.0</coordinates>
                </LineString>
                <LineString id="75988">
                    <coordinates>12.601898789999998,53.615757849999994,0.0 12.60185819,53.615736369999986,0.0</coordinates>
                </LineString>
                <LineString id="75990">
                    <coordinates>12.60155857,53.61604244000001,0.0 12.601626,53.61597942,0.0</coordinates>
                </LineString>
                <LineString id="75992">
                    <coordinates>12.60256898,53.6154737,0.0 12.602588229999999,53.61548662,0.0</coordinates>
                </LineString>
                <LineString id="75994">
                    <coordinates>12.601626,53.61597942,0.0 12.601898789999998,53.615757849999994,0.0</coordinates>
                </LineString>
                <LineString id="75996">
                    <coordinates>12.60215086,53.615560309999985,0.0 12.60221475,53.61550712999999,0.0 12.60230332,53.61543676,0.0</coordinates>
                </LineString>
                <LineString id="75998">
                    <coordinates>12.602539459999997,53.615137260000004,0.0 12.60256885,53.61515778999999,0.0 12.602622949999999,53.61518426,0.0 12.602687249999999,53.615208909999986,0.0 12.60276793,53.61525339,0.0 12.60287923,53.61529962,0.0 12.603054869999998,53.615373160000004,0.0</coordinates>
                </LineString>
                <LineString id="76000">
                    <coordinates>12.60325132,53.61545796,0.0 12.603317849999998,53.61548469999999,0.0 12.60338669,53.61545220000001,0.0</coordinates>
                </LineString>
                <LineString id="76002">
                    <coordinates>12.603054869999998,53.615373160000004,0.0 12.6030856,53.61538683999999,0.0</coordinates>
                </LineString>
                <LineString id="76004">
                    <coordinates>12.602522480000001,53.61514306,0.0 12.602539459999997,53.615137260000004,0.0</coordinates>
                </LineString>
                <LineString id="76006">
                    <coordinates>12.601775219999999,53.614543749999996,0.0 12.601578520000002,53.61439066,0.0</coordinates>
                </LineString>
                <LineString id="76008">
                    <coordinates>12.60071444,53.61375906,0.0 12.600849470000002,53.613699909999994,0.0</coordinates>
                </LineString>
                <LineString id="76010">
                    <coordinates>12.60154775,53.614364999999985,0.0 12.60120759,53.614082629999984,0.0</coordinates>
                </LineString>
                <LineString id="76012">
                    <coordinates>12.601126940000002,53.61217121,0.0 12.60115825,53.61223542999999,0.0</coordinates>
                </LineString>
                <LineString id="76014">
                    <coordinates>12.60097154,53.61398562,0.0 12.600835629999999,53.613862749999996,0.0 12.60071444,53.61375906,0.0</coordinates>
                </LineString>
                <LineString id="76016">
                    <coordinates>12.601126940000002,53.61217121,0.0 12.601038599999999,53.61198831000001,0.0</coordinates>
                </LineString>
                <LineString id="76018">
                    <coordinates>12.60041892,53.61352024,0.0 12.600411580000001,53.61338723,0.0 12.600409620000002,53.61335337,0.0 12.600273039999998,53.61311778000001,0.0 12.60018408,53.6129633,0.0 12.600071139999999,53.61267969,0.0 12.599990559999998,53.61247837,0.0 12.599977169999999,53.61245009999998,0.0 12.59998438,53.612345760000004,0.0 12.600174350000001,53.612321619999996,0.0 12.6004343,53.61228882,0.0 12.60062966,53.61226127,0.0 12.60078171,53.61225177,0.0 12.601126940000002,53.61217121,0.0</coordinates>
                </LineString>
                <LineString id="76020">
                    <coordinates>12.602099290000002,53.612901730000004,0.0 12.602073889999998,53.61282931999998,0.0</coordinates>
                </LineString>
                <LineString id="76022">
                    <coordinates>12.602814509999998,53.613226699999984,0.0 12.60283136,53.61323763,0.0</coordinates>
                </LineString>
                <LineString id="76024">
                    <coordinates>12.60096782,53.61157558,0.0 12.600915020000002,53.61167657,0.0</coordinates>
                </LineString>
                <LineString id="76026">
                    <coordinates>12.600900539999998,53.611704769999996,0.0 12.600915020000002,53.61167657,0.0</coordinates>
                </LineString>
                <LineString id="76028">
                    <coordinates>12.601038599999999,53.61198831000001,0.0 12.600900539999998,53.611704769999996,0.0</coordinates>
                </LineString>
                <LineString id="76030">
                    <coordinates>12.60120759,53.614082629999984,0.0 12.601197890000002,53.61407355,0.0</coordinates>
                </LineString>
                <LineString id="76032">
                    <coordinates>12.601197890000002,53.61407355,0.0 12.60117665,53.614054499999995,0.0</coordinates>
                </LineString>
                <LineString id="76034">
                    <coordinates>12.602212979999997,53.61486665999999,0.0 12.602123349999998,53.614792309999984,0.0 12.602055729999998,53.61474034,0.0</coordinates>
                </LineString>
                <LineString id="76036">
                    <coordinates>12.60293892,53.614702969999996,0.0 12.60296219,53.61470416,0.0</coordinates>
                </LineString>
                <LineString id="76038">
                    <coordinates>12.603438089999997,53.614705109999996,0.0 12.60344873,53.61470507,0.0 12.60362577,53.61470485,0.0 12.60390234,53.61470451999999,0.0 12.60402749,53.61470259,0.0</coordinates>
                </LineString>
                <LineString id="76040">
                    <coordinates>12.60296219,53.61470416,0.0 12.60310799,53.61470400999999,0.0</coordinates>
                </LineString>
                <LineString id="76042">
                    <coordinates>12.602885409999999,53.614702779999995,0.0 12.60293892,53.614702969999996,0.0</coordinates>
                </LineString>
                <LineString id="76044">
                    <coordinates>12.603403860000002,53.614643660000006,0.0 12.60345942,53.61464324999999,0.0 12.60346106,53.61446287999999,0.0</coordinates>
                </LineString>
                <LineString id="76046">
                    <coordinates>12.602533000000001,53.614621129999996,0.0 12.60252961,53.61457862,0.0</coordinates>
                </LineString>
                <LineString id="76048">
                    <coordinates>12.57399204,53.63063816999999,0.0 12.57401293,53.63064954999999,0.0</coordinates>
                </LineString>
                <LineString id="76050">
                    <coordinates>12.57375925,53.63051192999999,0.0 12.57399204,53.63063816999999,0.0</coordinates>
                </LineString>
                <LineString id="76052">
                    <coordinates>12.57402053,53.630645339999994,0.0 12.57402755,53.63064148999999,0.0</coordinates>
                </LineString>
                <LineString id="76054">
                    <coordinates>12.57402755,53.63064148999999,0.0 12.57407876,53.63059872000001,0.0</coordinates>
                </LineString>
                <LineString id="76056">
                    <coordinates>12.57407876,53.63059872000001,0.0 12.57421328,53.63050552,0.0 12.574242169999998,53.63049584,0.0 12.57426999,53.63047950999999,0.0 12.57436287,53.63041168,0.0 12.574233399999999,53.63036882,0.0</coordinates>
                </LineString>
                <LineString id="76058">
                    <coordinates>12.57641753,53.6300123,0.0 12.576523690000002,53.630012060000006,0.0</coordinates>
                </LineString>
                <LineString id="76060">
                    <coordinates>12.57641913,53.63000552999999,0.0 12.57641753,53.6300123,0.0</coordinates>
                </LineString>
                <LineString id="76062">
                    <coordinates>12.572847169999998,53.632294079999994,0.0 12.57298401,53.63233466999999,0.0</coordinates>
                </LineString>
                <LineString id="76064">
                    <coordinates>12.6030856,53.61538683999999,0.0 12.6031131,53.615398830000004,0.0</coordinates>
                </LineString>
                <LineString id="76066">
                    <coordinates>12.60283176,53.615516869999986,0.0 12.60281376,53.61550285999999,0.0</coordinates>
                </LineString>
                <LineString id="76068">
                    <coordinates>12.6031131,53.615398830000004,0.0 12.60311998,53.61540178,0.0</coordinates>
                </LineString>
                <LineString id="76070">
                    <coordinates>12.572841340000002,53.63229235,0.0 12.572845479999998,53.63229355999999,0.0</coordinates>
                </LineString>
                <LineString id="76072">
                    <coordinates>12.57298401,53.63233466999999,0.0 12.572991500000002,53.63233686,0.0</coordinates>
                </LineString>
                <LineString id="76074">
                    <coordinates>12.572845479999998,53.63229355999999,0.0 12.572847169999998,53.632294079999994,0.0</coordinates>
                </LineString>
                <LineString id="76076">
                    <coordinates>12.60314931,53.61541456999999,0.0 12.603217439999998,53.615444359999984,0.0 12.60325132,53.61545796,0.0</coordinates>
                </LineString>
                <LineString id="76078">
                    <coordinates>12.571898199999998,53.62975854,0.0 12.57194055,53.629767269999995,0.0</coordinates>
                </LineString>
                <LineString id="76080">
                    <coordinates>12.57194055,53.629767269999995,0.0 12.57197844,53.629783929999995,0.0</coordinates>
                </LineString>
                <LineString id="76082">
                    <coordinates>12.57401293,53.63064954999999,0.0 12.57402053,53.630645339999994,0.0</coordinates>
                </LineString>
                <LineString id="76084">
                    <coordinates>12.574259609999999,53.63066664,0.0 12.57437568,53.6307098,0.0 12.57457912,53.63078152999999,0.0 12.574604560000001,53.63078689,0.0 12.57463158,53.63078766999999,0.0 12.57466741,53.63078772,0.0 12.57469946,53.63078364,0.0 12.574730139999998,53.63077645,0.0 12.574757199999997,53.63076630999999,0.0 12.5747924,53.63075015,0.0 12.574820250000002,53.63073143,0.0 12.57485514,53.630703659999995,0.0 12.57494573,53.63063627,0.0 12.57479852,53.63057512,0.0 12.574781959999996,53.63058584999999,0.0</coordinates>
                </LineString>
                <LineString id="76086">
                    <coordinates>12.57641753,53.6300123,0.0 12.576416659999998,53.63001645,0.0 12.576412849999999,53.63010126999999,0.0</coordinates>
                </LineString>
                <LineString id="76088">
                    <coordinates>12.580760369999998,53.63242811999999,0.0 12.580879229999997,53.632427559999996,0.0 12.5811745,53.632426899999984,0.0 12.58124074,53.63242674999999,0.0</coordinates>
                </LineString>
                <LineString id="76090">
                    <coordinates>12.581241960000002,53.63242674,0.0 12.581249869999999,53.63242674999999,0.0</coordinates>
                </LineString>
                <LineString id="76092">
                    <coordinates>12.58124074,53.63242674999999,0.0 12.581241960000002,53.63242674,0.0</coordinates>
                </LineString>
                <LineString id="76094">
                    <coordinates>12.6020993,53.615602790000004,0.0 12.602110409999998,53.61559419999999,0.0 12.60214762,53.61556294999999,0.0</coordinates>
                </LineString>
                <LineString id="76096">
                    <coordinates>12.60214762,53.61556294999999,0.0 12.60215086,53.615560309999985,0.0</coordinates>
                </LineString>
                <LineString id="76098">
                    <coordinates>12.56480119,53.63474717,0.0 12.564982669999997,53.634608449999995,0.0 12.56526243,53.63440899,0.0 12.56557616,53.63417857000001,0.0 12.565906079999998,53.63395711999999,0.0 12.56618742,53.63376486,0.0 12.56632789,53.63367289,0.0 12.566523279999998,53.63352385999999,0.0 12.56681421,53.63330364,0.0 12.56711019,53.63308966999999,0.0 12.56740846,53.63287708000001,0.0 12.56758846,53.63275424,0.0 12.567617560000002,53.632739779999994,0.0 12.56776924,53.63263471999999,0.0 12.567946210000002,53.6325156,0.0 12.56807214,53.632432269999995,0.0 12.56825899,53.63229561,0.0 12.56852703,53.632109259999986,0.0 12.56868921,53.631990159999994,0.0 12.56885348,53.63187233,0.0 12.56905317,53.63172833,0.0</coordinates>
                </LineString>
                <LineString id="76100">
                    <coordinates>12.60156161,53.61437648999999,0.0 12.60154775,53.614364999999985,0.0</coordinates>
                </LineString>
                <LineString id="76102">
                    <coordinates>12.567844909999998,53.63681104999999,0.0 12.569026719999998,53.63672637999999,0.0</coordinates>
                </LineString>
                <LineString id="76104">
                    <coordinates>12.56948037,53.63681857,0.0 12.569026719999998,53.63672637999999,0.0</coordinates>
                </LineString>
                <LineString id="76106">
                    <coordinates>12.574112159999999,53.628688239999995,0.0 12.57411812,53.62868356,0.0</coordinates>
                </LineString>
                <LineString id="76108">
                    <coordinates>12.59776885,53.61786914999999,0.0 12.597725849999998,53.61787903999999,0.0 12.597628679999998,53.61792238999999,0.0 12.597555209999996,53.61798995999999,0.0</coordinates>
                </LineString>
                <LineString id="76110">
                    <coordinates>12.598651729999998,53.617495309999995,0.0 12.598737999999999,53.61741789999999,0.0</coordinates>
                </LineString>
                <LineString id="76112">
                    <coordinates>12.597555209999996,53.61798995999999,0.0 12.597520199999998,53.61802212999999,0.0 12.59733094,53.61814275999999,0.0 12.59703615,53.618298409999994,0.0 12.596774329999999,53.6184206,0.0 12.596652189999999,53.618454570000004,0.0 12.596445279999998,53.618477659999996,0.0 12.59606288,53.61847011999999,0.0 12.595689939999998,53.61846208999999,0.0 12.59529518,53.61846761999999,0.0 12.59526366,53.61848300999999,0.0</coordinates>
                </LineString>
                <LineString id="76114">
                    <coordinates>12.598651729999998,53.617495309999995,0.0 12.598568709999997,53.61755136,0.0</coordinates>
                </LineString>
                <LineString id="76116">
                    <coordinates>12.598568709999997,53.61755136,0.0 12.598431809999997,53.61764367000001,0.0 12.59813819,53.61779966999999,0.0 12.5979892,53.61784202999999,0.0 12.59780044,53.61786194999999,0.0 12.59776885,53.61786914999999,0.0</coordinates>
                </LineString>
                <LineString id="76118">
                    <coordinates>12.59526366,53.61848300999999,0.0 12.595221229999996,53.618503759999996,0.0 12.59513537,53.6185491,0.0 12.59497766,53.61865962,0.0 12.594928100000002,53.61872685,0.0 12.59486702,53.61894941999999,0.0 12.594837050000002,53.61904684000001,0.0</coordinates>
                </LineString>
                <LineString id="76120">
                    <coordinates>12.594837050000002,53.61904684000001,0.0 12.594823139999997,53.619092059999986,0.0 12.594789779999997,53.619133610000006,0.0 12.594716100000001,53.61915398,0.0</coordinates>
                </LineString>
                <LineString id="76122">
                    <coordinates>12.594716100000001,53.61915398,0.0 12.59462581,53.61917898999999,0.0 12.59460521,53.61921830000001,0.0 12.59460512,53.61922231999999,0.0</coordinates>
                </LineString>
                <LineString id="76124">
                    <coordinates>12.60115825,53.61223542999999,0.0 12.6012456,53.61239848999999,0.0 12.60128524,53.61247043999999,0.0 12.60131541,53.612538739999984,0.0 12.60132569,53.6125789,0.0</coordinates>
                </LineString>
                <LineString id="76126">
                    <coordinates>12.58058483,53.63242901,0.0 12.580760369999998,53.63242811999999,0.0</coordinates>
                </LineString>
                <LineString id="76128">
                    <coordinates>12.60336268,53.61464396,0.0 12.603403860000002,53.614643660000006,0.0</coordinates>
                </LineString>
                <LineString id="76130">
                    <coordinates>12.603333609999998,53.61464417,0.0 12.60332592,53.61457351999999,0.0</coordinates>
                </LineString>
                <LineString id="76132">
                    <coordinates>12.601718150000002,53.614597530000005,0.0 12.601775219999999,53.614543749999996,0.0</coordinates>
                </LineString>
                <LineString id="76134">
                    <coordinates>12.60188757,53.61463122,0.0 12.601775219999999,53.614543749999996,0.0</coordinates>
                </LineString>
                <LineString id="76136">
                    <coordinates>12.601692199999999,53.61462599,0.0 12.601718150000002,53.614597530000005,0.0</coordinates>
                </LineString>
                <LineString id="76138">
                    <coordinates>12.6031131,53.615398830000004,0.0 12.60310298,53.61540299,0.0</coordinates>
                </LineString>
                <LineString id="76140">
                    <coordinates>12.60310298,53.61540299,0.0 12.603037719999998,53.61543015999999,0.0</coordinates>
                </LineString>
                <LineString id="76142">
                    <coordinates>12.602055729999998,53.61474034,0.0 12.60201513,53.614722179999994,0.0</coordinates>
                </LineString>
                <LineString id="76144">
                    <coordinates>12.60201513,53.614722179999994,0.0 12.601989889999999,53.614710849999994,0.0 12.60188757,53.61463122,0.0</coordinates>
                </LineString>
                <LineString id="76146">
                    <coordinates>12.60109026,53.61399984999999,0.0 12.601081909999998,53.61399882,0.0</coordinates>
                </LineString>
                <LineString id="76148">
                    <coordinates>12.601081909999998,53.61399882,0.0 12.60097154,53.61398562,0.0</coordinates>
                </LineString>
                <LineString id="76150">
                    <coordinates>12.57116126,53.630216709999985,0.0 12.57135815,53.63007525999999,0.0</coordinates>
                </LineString>
                <LineString id="76152">
                    <coordinates>12.565009949999999,53.634916479999994,0.0 12.56493878,53.6349672,0.0</coordinates>
                </LineString>
                <LineString id="76154">
                    <coordinates>12.56480119,53.63474717,0.0 12.56502278,53.63490736,0.0 12.565009949999999,53.634916479999994,0.0</coordinates>
                </LineString>
                <LineString id="76156">
                    <coordinates>12.601692549999997,53.61304752,0.0 12.60167145,53.61302846,0.0</coordinates>
                </LineString>
                <LineString id="76158">
                    <coordinates>12.60167145,53.61302846,0.0 12.60155858,53.61292577999998,0.0 12.60141197,53.61278444999999,0.0 12.601380549999998,53.61274725,0.0</coordinates>
                </LineString>
                <LineString id="76160">
                    <coordinates>12.60132569,53.6125789,0.0 12.60135845,53.61270616999999,0.0</coordinates>
                </LineString>
                <LineString id="76162">
                    <coordinates>12.57273213,53.63223848999999,0.0 12.57271794,53.63225253999999,0.0</coordinates>
                </LineString>
                <LineString id="76164">
                    <coordinates>12.572522199999998,53.63219005999999,0.0 12.57271794,53.63225253999999,0.0</coordinates>
                </LineString>
                <LineString id="76166">
                    <coordinates>12.57301826,53.63234484,0.0 12.57322754,53.632410359999994,0.0</coordinates>
                </LineString>
                <LineString id="76168">
                    <coordinates>12.57402053,53.630645339999994,0.0 12.574067400000002,53.630665279999995,0.0 12.574199279999998,53.630719,0.0</coordinates>
                </LineString>
                <LineString id="76170">
                    <coordinates>12.574199279999998,53.630719,0.0 12.574259609999999,53.63066664,0.0</coordinates>
                </LineString>
                <LineString id="76172">
                    <coordinates>12.5725468,53.62924164,0.0 12.572514250000001,53.629222850000005,0.0</coordinates>
                </LineString>
                <LineString id="76174">
                    <coordinates>12.57273213,53.63223848999999,0.0 12.572850889999996,53.63206550999998,0.0 12.57291187,53.63197068,0.0</coordinates>
                </LineString>
                <LineString id="76176">
                    <coordinates>12.57291187,53.63197068,0.0 12.573125869999998,53.63173793000001,0.0</coordinates>
                </LineString>
                <LineString id="76178">
                    <coordinates>12.573125869999998,53.63173793000001,0.0 12.57317042,53.63169831,0.0</coordinates>
                </LineString>
                <LineString id="76180">
                    <coordinates>12.57317042,53.63169831,0.0 12.572958239999998,53.63160710999998,0.0</coordinates>
                </LineString>
                <LineString id="76182">
                    <coordinates>12.5730674,53.63123768999999,0.0 12.57315761,53.63126706,0.0</coordinates>
                </LineString>
                <LineString id="76184">
                    <coordinates>12.572958239999998,53.63160710999998,0.0 12.572783439999998,53.631483679999995,0.0 12.57280996,53.6314373,0.0 12.57284056,53.63138107000001,0.0 12.57288792,53.63130738,0.0 12.572961600000001,53.63123993000001,0.0 12.572988829999998,53.63121497,0.0 12.572992659999999,53.63121137,0.0 12.573056059999999,53.631233970000004,0.0 12.5730674,53.63123768999999,0.0</coordinates>
                </LineString>
                <LineString id="76186">
                    <coordinates>12.57410783,53.62868492999999,0.0 12.574094259999999,53.62867393,0.0 12.57405524,53.628637639999994,0.0 12.5741268,53.62861385000001,0.0 12.57405871,53.62854702999999,0.0 12.57402226,53.628511810000006,0.0 12.574000990000002,53.62849493,0.0 12.57407492,53.62846668,0.0</coordinates>
                </LineString>
                <LineString id="76188">
                    <coordinates>12.576612709999997,53.628999099999994,0.0 12.576616839999998,53.62879774,0.0 12.576617909999998,53.62873582,0.0</coordinates>
                </LineString>
                <LineString id="76190">
                    <coordinates>12.576064589999998,53.63189935999999,0.0 12.57612456,53.63187784000001,0.0 12.57607733,53.63183628999999,0.0</coordinates>
                </LineString>
                <LineString id="76192">
                    <coordinates>12.57991087,53.63241527,0.0 12.58005368,53.632426470000006,0.0 12.58018654,53.63242747,0.0</coordinates>
                </LineString>
                <LineString id="76194">
                    <coordinates>12.57991087,53.63241527,0.0 12.57991107,53.632211739999995,0.0 12.58007774,53.63221077,0.0</coordinates>
                </LineString>
                <LineString id="76196">
                    <coordinates>12.58108157,53.63250702,0.0 12.581177509999998,53.63250631999999,0.0</coordinates>
                </LineString>
                <LineString id="76198">
                    <coordinates>12.581260830000003,53.63242675000001,0.0 12.58151222,53.632425839999996,0.0 12.581869570000002,53.63242649,0.0</coordinates>
                </LineString>
                <LineString id="76200">
                    <coordinates>12.582168729999998,53.63242612,0.0 12.58246453,53.63242412999999,0.0 12.58248763,53.63242409,0.0</coordinates>
                </LineString>
                <LineString id="76202">
                    <coordinates>12.57410783,53.62868492999999,0.0 12.574112159999999,53.628688239999995,0.0</coordinates>
                </LineString>
                <LineString id="76204">
                    <coordinates>12.576406760000001,53.63026334,0.0 12.57651249,53.63026341,0.0</coordinates>
                </LineString>
                <LineString id="76206">
                    <coordinates>12.59915825,53.616563189999994,0.0 12.59917212,53.616532939999985,0.0 12.599212419999999,53.616494989999985,0.0 12.599472639999998,53.616388349999994,0.0 12.59951323,53.616396879999996,0.0 12.599857560000002,53.61653717999999,0.0 12.600066909999999,53.61661839999999,0.0 12.60025448,53.61667893999999,0.0 12.60031567,53.61669167,0.0 12.600535229999998,53.61671928999999,0.0 12.600713979999998,53.61670223,0.0 12.600850399999999,53.61664995,0.0 12.600961339999998,53.61656084999999,0.0</coordinates>
                </LineString>
                <LineString id="76208">
                    <coordinates>12.601219249999998,53.616347309999995,0.0 12.601341089999998,53.616248770000006,0.0</coordinates>
                </LineString>
                <LineString id="76210">
                    <coordinates>12.601341089999998,53.616248770000006,0.0 12.601369819999999,53.616225490000005,0.0 12.60140182,53.61619424,0.0</coordinates>
                </LineString>
                <LineString id="76212">
                    <coordinates>12.601506379999998,53.616092319999986,0.0 12.601536229999999,53.61606343,0.0 12.60155857,53.61604244000001,0.0</coordinates>
                </LineString>
                <LineString id="76214">
                    <coordinates>12.60140182,53.61619424,0.0 12.601506379999998,53.616092319999986,0.0</coordinates>
                </LineString>
                <LineString id="76216">
                    <coordinates>12.601898789999998,53.615757849999994,0.0 12.60205835,53.61563425,0.0</coordinates>
                </LineString>
                <LineString id="76218">
                    <coordinates>12.60205835,53.61563425,0.0 12.6020993,53.615602790000004,0.0</coordinates>
                </LineString>
                <LineString id="76220">
                    <coordinates>12.602163850000002,53.615567199999994,0.0 12.60215086,53.615560309999985,0.0</coordinates>
                </LineString>
                <LineString id="76222">
                    <coordinates>12.60236777,53.61538012999999,0.0 12.60235593,53.61537271,0.0</coordinates>
                </LineString>
                <LineString id="76224">
                    <coordinates>12.60230332,53.61543676,0.0 12.60235593,53.61537271,0.0</coordinates>
                </LineString>
                <LineString id="76226">
                    <coordinates>12.602419580000001,53.61541277999999,0.0 12.60236777,53.61538012999999,0.0</coordinates>
                </LineString>
                <LineString id="76228">
                    <coordinates>12.60246443,53.61543648999999,0.0 12.602447749999998,53.61543051,0.0 12.602419580000001,53.61541277999999,0.0</coordinates>
                </LineString>
                <LineString id="76230">
                    <coordinates>12.60253577,53.615461829999994,0.0 12.60246443,53.61543648999999,0.0</coordinates>
                </LineString>
                <LineString id="76232">
                    <coordinates>12.60256898,53.6154737,0.0 12.60253577,53.615461829999994,0.0</coordinates>
                </LineString>
                <LineString id="76234">
                    <coordinates>12.603037719999998,53.61543015999999,0.0 12.602881500000002,53.61549535999999,0.0 12.60283176,53.615516869999986,0.0</coordinates>
                </LineString>
                <LineString id="76236">
                    <coordinates>12.60310799,53.61470400999999,0.0 12.60328934,53.614706080000005,0.0 12.603438089999997,53.614705109999996,0.0</coordinates>
                </LineString>
                <LineString id="76238">
                    <coordinates>12.603371429999997,53.61465104999999,0.0 12.60336268,53.61464396,0.0</coordinates>
                </LineString>
                <LineString id="76240">
                    <coordinates>12.603333609999998,53.61464417,0.0 12.60336268,53.61464396,0.0</coordinates>
                </LineString>
                <LineString id="76242">
                    <coordinates>12.603427710000002,53.61469671999999,0.0 12.603371429999997,53.61465104999999,0.0</coordinates>
                </LineString>
                <LineString id="76244">
                    <coordinates>12.602109550000002,53.61473041,0.0 12.602167329999999,53.61471984999999,0.0 12.602411449999996,53.614711469999996,0.0 12.60258218,53.61470546,0.0 12.602735799999998,53.61469778,0.0 12.60277626,53.61470221999999,0.0</coordinates>
                </LineString>
                <LineString id="76246">
                    <coordinates>12.602533000000001,53.614621129999996,0.0 12.602533999999999,53.61463920999998,0.0 12.60257746,53.61463986,0.0 12.602689599999998,53.61463947,0.0 12.602775940000003,53.614640800000004,0.0</coordinates>
                </LineString>
                <LineString id="76248">
                    <coordinates>12.602775970000001,53.61464716,0.0 12.602775940000003,53.614640800000004,0.0</coordinates>
                </LineString>
                <LineString id="76250">
                    <coordinates>12.602776219999999,53.61469451999999,0.0 12.602775970000001,53.61464716,0.0</coordinates>
                </LineString>
                <LineString id="76252">
                    <coordinates>12.60277626,53.61470221999999,0.0 12.602776219999999,53.61469451999999,0.0</coordinates>
                </LineString>
                <LineString id="76254">
                    <coordinates>12.601561759999997,53.61437666999999,0.0 12.60156161,53.61437648999999,0.0</coordinates>
                </LineString>
                <LineString id="76256">
                    <coordinates>12.601578520000002,53.61439066,0.0 12.601561759999997,53.61437666999999,0.0</coordinates>
                </LineString>
                <LineString id="76258">
                    <coordinates>12.60117665,53.614054499999995,0.0 12.60116973,53.61404848,0.0</coordinates>
                </LineString>
                <LineString id="76260">
                    <coordinates>12.60116973,53.61404848,0.0 12.60111713,53.61400301,0.0 12.60109026,53.61399984999999,0.0</coordinates>
                </LineString>
                <LineString id="76262">
                    <coordinates>12.60071444,53.61375906,0.0 12.60056122,53.613634839999996,0.0 12.60041959,53.61353264,0.0 12.60041892,53.61352024,0.0</coordinates>
                </LineString>
                <LineString id="76264">
                    <coordinates>12.60275092,53.613185570000006,0.0 12.602814509999998,53.613226699999984,0.0</coordinates>
                </LineString>
                <LineString id="76266">
                    <coordinates>12.601692549999997,53.61304752,0.0 12.60173729,53.61304277,0.0 12.601966979999998,53.61322363,0.0 12.60240142,53.6131861,0.0 12.60275092,53.613185570000006,0.0</coordinates>
                </LineString>
                <LineString id="76268">
                    <coordinates>12.602099290000002,53.612901730000004,0.0 12.60210246,53.612917929999995,0.0 12.6016888,53.61298258,0.0 12.601692549999997,53.61304752,0.0</coordinates>
                </LineString>
                <LineString id="76270">
                    <coordinates>12.601380549999998,53.61274725,0.0 12.601363829999999,53.61272742999999,0.0</coordinates>
                </LineString>
                <LineString id="76272">
                    <coordinates>12.60135845,53.61270616999999,0.0 12.601363829999999,53.61272742999999,0.0</coordinates>
                </LineString>
                <LineString id="76274">
                    <coordinates>12.600886819999998,53.61167514,0.0 12.600900539999998,53.611704769999996,0.0</coordinates>
                </LineString>
                <LineString id="76276">
                    <coordinates>12.600926829999999,53.61145622,0.0 12.60096782,53.61157558,0.0</coordinates>
                </LineString>
                <LineString id="76278">
                    <coordinates>12.602213600000002,53.61559347000001,0.0 12.602163850000002,53.615567199999994,0.0</coordinates>
                </LineString>
                <LineString id="76280">
                    <coordinates>12.6028588,53.61566139,0.0 12.60283076,53.61564251,0.0 12.60277555,53.61566494,0.0 12.602572319999998,53.61576898,0.0 12.6025596,53.615757710000004,0.0 12.602472149999999,53.615709549999984,0.0 12.60244759,53.61571819,0.0 12.602213600000002,53.61559347000001,0.0</coordinates>
                </LineString>
                <LineString id="76282">
                    <coordinates>12.602427770000002,53.61517544,0.0 12.602522480000001,53.61514306,0.0</coordinates>
                </LineString>
                <LineString id="76284">
                    <coordinates>12.60235593,53.61537271,0.0 12.60238733,53.61532869999999,0.0 12.60240712,53.61528646999999,0.0 12.602424000000001,53.61523648,0.0 12.602427770000002,53.61517544,0.0</coordinates>
                </LineString>
                <LineString id="76286">
                    <coordinates>12.57666958,53.63165697,0.0 12.57626265,53.63177979999999,0.0 12.57607733,53.63183628999999,0.0</coordinates>
                </LineString>
                <LineString id="76288">
                    <coordinates>12.581249869999999,53.63242674999999,0.0 12.581260830000003,53.63242675000001,0.0</coordinates>
                </LineString>
                <LineString id="76290">
                    <coordinates>12.569718589999999,53.63125875999999,0.0 12.569722729999999,53.631254979999994,0.0</coordinates>
                </LineString>
                <LineString id="76292">
                    <coordinates>12.57068522,53.63154694,0.0 12.570708490000001,53.63155702,0.0</coordinates>
                </LineString>
                <LineString id="76294">
                    <coordinates>12.576433999999999,53.62939965,0.0 12.576433539999998,53.62941864999999,0.0</coordinates>
                </LineString>
                <LineString id="76296">
                    <coordinates>12.576436209999999,53.629285249999995,0.0 12.576433999999999,53.62939965,0.0</coordinates>
                </LineString>
                <LineString id="76298">
                    <coordinates>12.576598050000001,53.629417939999996,0.0 12.57660145,53.62941835,0.0 12.576840910000001,53.62942434,0.0 12.57748802,53.629396590000006,0.0 12.577509669999998,53.629112189999994,0.0 12.57750546,53.62890457999999,0.0 12.577505,53.62888639999999,0.0 12.577579979999998,53.62888515,0.0 12.577726,53.62888279999999,0.0 12.577725539999998,53.628900910000006,0.0</coordinates>
                </LineString>
                <LineString id="76300">
                    <coordinates>12.57644189,53.62940155,0.0 12.576598050000001,53.629417939999996,0.0</coordinates>
                </LineString>
                <LineString id="76302">
                    <coordinates>12.576433999999999,53.62939965,0.0 12.57644189,53.62940155,0.0</coordinates>
                </LineString>
                <LineString id="76304">
                    <coordinates>12.57161893,53.63760278000001,0.0 12.5711151,53.63738398000001,0.0</coordinates>
                </LineString>
                <LineString id="76306">
                    <coordinates>12.572525630000001,53.64026902999999,0.0 12.57245347,53.64005503999999,0.0 12.57233952,53.63971703,0.0 12.572151400000001,53.639258549999994,0.0 12.571842299999998,53.63856544999999,0.0 12.57175404,53.638405649999996,0.0 12.571720089999998,53.63826804,0.0 12.571783569999997,53.638162269999995,0.0 12.57192795,53.638069120000004,0.0 12.57201285,53.63796323,0.0 12.571995,53.637822469999996,0.0 12.57189677,53.63772351,0.0 12.57161893,53.63760278000001,0.0</coordinates>
                </LineString>
                <LineString id="76308">
                    <coordinates>12.576468189999998,53.62808900999999,0.0 12.576332860000003,53.62808983000001,0.0</coordinates>
                </LineString>
                <LineString id="76310">
                    <coordinates>12.5711151,53.63738398000001,0.0 12.57106211,53.63736090999999,0.0 12.57032139,53.637104019999995,0.0</coordinates>
                </LineString>
                <LineString id="76312">
                    <coordinates>12.57032139,53.637104019999995,0.0 12.56999992,53.636992649999996,0.0 12.569923789999999,53.63696446999999,0.0</coordinates>
                </LineString>
                <LineString id="76314">
                    <coordinates>12.602539459999997,53.615137260000004,0.0 12.602212979999997,53.61486665999999,0.0</coordinates>
                </LineString>
                <LineString id="76316">
                    <coordinates>12.602055729999998,53.61474034,0.0 12.602109550000002,53.61473041,0.0</coordinates>
                </LineString>
                <LineString id="76318">
                    <coordinates>12.569923789999999,53.63696446999999,0.0 12.56958746,53.63684028,0.0 12.56948037,53.63681857,0.0</coordinates>
                </LineString>
                <LineString id="76320">
                    <coordinates>12.56965069,53.63132141,0.0 12.569718589999999,53.63125875999999,0.0</coordinates>
                </LineString>
                <LineString id="76322">
                    <coordinates>12.569718589999999,53.63125875999999,0.0 12.56960514,53.631208179999994,0.0 12.56947038,53.63112453,0.0 12.56938793,53.63108528000001,0.0 12.5692345,53.63097618999999,0.0 12.569127959999998,53.63092009,0.0 12.56896584,53.630822439999996,0.0</coordinates>
                </LineString>
                <LineString id="76324">
                    <coordinates>12.576523690000002,53.630012060000006,0.0 12.57656221,53.63001314,0.0</coordinates>
                </LineString>
                <LineString id="76326">
                    <coordinates>12.60277626,53.61470221999999,0.0 12.602777320000001,53.61470229999999,0.0 12.602885409999999,53.614702779999995,0.0</coordinates>
                </LineString>
                <LineString id="76328">
                    <coordinates>12.519181490000001,53.61506013999998,0.0 12.51904681,53.615096109999996,0.0 12.518500839999998,53.61524866,0.0 12.51849064,53.615279359999995,0.0</coordinates>
                </LineString>
                <LineString id="76330">
                    <coordinates>12.51943698,53.61563215000002,0.0 12.519587650000002,53.61508080000001,0.0</coordinates>
                </LineString>
                <LineString id="76332">
                    <coordinates>12.53350063,53.631841919999985,0.0 12.533278930000002,53.63148854,0.0 12.533128989999998,53.63125186,0.0 12.53297228,53.631009799999994,0.0 12.532850689999998,53.63081479,0.0 12.532749249999998,53.63066415000001,0.0 12.53258871,53.6304038,0.0 12.532402999999999,53.630086209999995,0.0 12.53235649,53.630008659999994,0.0 12.532233499999998,53.62982147,0.0 12.532059849999998,53.629564689999995,0.0 12.531928129999999,53.629365539999995,0.0 12.531760200000003,53.62910193999999,0.0 12.53162614,53.6288928,0.0 12.53154455,53.62876357999999,0.0 12.53132005,53.62842229,0.0 12.5311273,53.62812295999999,0.0 12.53095692,53.62784972,0.0 12.530797579999998,53.62759196999998,0.0 12.53071503,53.62746129999999,0.0 12.530503749999998,53.627147599999994,0.0 12.530341709999998,53.62690640000001,0.0</coordinates>
                </LineString>
                <LineString id="76334">
                    <coordinates>12.541412939999999,53.63239382,0.0 12.54148412,53.63238539,0.0</coordinates>
                </LineString>
                <LineString id="76336">
                    <coordinates>12.541108589999999,53.635740819999995,0.0 12.54110616,53.63572609,0.0</coordinates>
                </LineString>
                <LineString id="76338">
                    <coordinates>12.55890952,53.63754588,0.0 12.55911419,53.63753223,0.0 12.559435400000002,53.63751115000001,0.0 12.559646339999999,53.63749953999999,0.0 12.559970170000001,53.63746955,0.0 12.560309409999999,53.63744067,0.0 12.560434699999998,53.637428439999994,0.0 12.560571299999998,53.63738241,0.0 12.56062129,53.63737052,0.0 12.56063516,53.63737037999999,0.0</coordinates>
                </LineString>
                <LineString id="76340">
                    <coordinates>12.541180539999997,53.63709993,0.0 12.541171179999997,53.63699675,0.0</coordinates>
                </LineString>
                <LineString id="76342">
                    <coordinates>12.56103512,53.63736618999999,0.0 12.561093859999998,53.63734974999999,0.0 12.561140199999999,53.63732796,0.0 12.561178,53.637291459999986,0.0</coordinates>
                </LineString>
                <LineString id="76344">
                    <coordinates>12.538831139999997,53.63392760000001,0.0 12.538554179999998,53.63391938000001,0.0</coordinates>
                </LineString>
                <LineString id="76346">
                    <coordinates>12.54103505,53.633214,0.0 12.54093697,53.63321659999999,0.0</coordinates>
                </LineString>
                <LineString id="76348">
                    <coordinates>12.541062259999999,53.63606268999999,0.0 12.54086987,53.63606762999999,0.0 12.540844889999999,53.63607681999999,0.0</coordinates>
                </LineString>
                <LineString id="76350">
                    <coordinates>12.54109081,53.63565623,0.0 12.54108061,53.63565659999998,0.0</coordinates>
                </LineString>
                <LineString id="76352">
                    <coordinates>12.540969810000002,53.636500119999994,0.0 12.5409805,53.63649976,0.0</coordinates>
                </LineString>
                <LineString id="76354">
                    <coordinates>12.520280229999997,53.61682636999999,0.0 12.52019834,53.61679511,0.0 12.520122420000002,53.61674646000001,0.0</coordinates>
                </LineString>
                <LineString id="76356">
                    <coordinates>12.520122420000002,53.61674646000001,0.0 12.52029697,53.61668252999999,0.0 12.520291579999999,53.61667458999999,0.0</coordinates>
                </LineString>
                <LineString id="76358">
                    <coordinates>12.520865769999999,53.61727835999999,0.0 12.520536599999998,53.61702481999999,0.0 12.520351530000001,53.61688257,0.0 12.520280229999997,53.61682636999999,0.0</coordinates>
                </LineString>
                <LineString id="76360">
                    <coordinates>12.521769590000002,53.61659988,0.0 12.521794740000002,53.61659162,0.0 12.5216462,53.61643737999998,0.0</coordinates>
                </LineString>
                <LineString id="76362">
                    <coordinates>12.5216462,53.61643737999998,0.0 12.521587469999998,53.61637641999999,0.0</coordinates>
                </LineString>
                <LineString id="76364">
                    <coordinates>12.52152229,53.61640114000001,0.0 12.521587469999998,53.61637641999999,0.0</coordinates>
                </LineString>
                <LineString id="76366">
                    <coordinates>12.521378789999998,53.61645304000001,0.0 12.52152229,53.61640114000001,0.0</coordinates>
                </LineString>
                <LineString id="76368">
                    <coordinates>12.51978804,53.61658885,0.0 12.51964826,53.61642533999999,0.0 12.519557860000003,53.61633391,0.0 12.519468679999997,53.61622706,0.0</coordinates>
                </LineString>
                <LineString id="76370">
                    <coordinates>12.51933163,53.6162605,0.0 12.519318790000002,53.61624642999999,0.0</coordinates>
                </LineString>
                <LineString id="76372">
                    <coordinates>12.51933163,53.6162605,0.0 12.519141399999999,53.616309409999985,0.0 12.519034059999997,53.61617473999999,0.0 12.518619669999998,53.61630504,0.0 12.518521330000002,53.61633603999999,0.0 12.518496219999998,53.61631405999999,0.0</coordinates>
                </LineString>
                <LineString id="76374">
                    <coordinates>12.519468679999997,53.61622706,0.0 12.51933163,53.6162605,0.0</coordinates>
                </LineString>
                <LineString id="76376">
                    <coordinates>12.519468679999997,53.61622706,0.0 12.519386570000002,53.61611739,0.0 12.519359359999997,53.616076590000006,0.0 12.51932904,53.61601955999999,0.0 12.519295689999998,53.61595881,0.0 12.519282799999997,53.61591552,0.0 12.51927945,53.61588904999999,0.0 12.51927838,53.61587203999999,0.0</coordinates>
                </LineString>
                <LineString id="76378">
                    <coordinates>12.519380040000001,53.61578406999999,0.0 12.51939391,53.61577204000001,0.0 12.51943698,53.61563215000002,0.0</coordinates>
                </LineString>
                <LineString id="76380">
                    <coordinates>12.51902192,53.61567206,0.0 12.518928340000002,53.615561940000006,0.0 12.518895659999998,53.61555888,0.0</coordinates>
                </LineString>
                <LineString id="76382">
                    <coordinates>12.519473770000001,53.615078219999994,0.0 12.519355909999998,53.61507547,0.0 12.51923927,53.61503195,0.0</coordinates>
                </LineString>
                <LineString id="76384">
                    <coordinates>12.51923927,53.61503195,0.0 12.519143139999999,53.61498477,0.0 12.519020939999999,53.614924569999985,0.0 12.518854799999996,53.61486170999999,0.0 12.51874287,53.61482374999999,0.0 12.51855311,53.61477016,0.0 12.51825702,53.61468781000001,0.0</coordinates>
                </LineString>
                <LineString id="76386">
                    <coordinates>12.51825702,53.61468781000001,0.0 12.518173549999998,53.614714449999994,0.0</coordinates>
                </LineString>
                <LineString id="76388">
                    <coordinates>12.516912139999999,53.61423313999999,0.0 12.51667319,53.61436627,0.0 12.51663951,53.614347439999996,0.0 12.516654339999999,53.61433765,0.0</coordinates>
                </LineString>
                <LineString id="76390">
                    <coordinates>12.518173549999998,53.614714449999994,0.0 12.518119299999999,53.61465619,0.0 12.51803879,53.61460755999999,0.0 12.517848219999998,53.61451679999998,0.0 12.51778282,53.61449303999999,0.0</coordinates>
                </LineString>
                <LineString id="76392">
                    <coordinates>12.51778282,53.61449303999999,0.0 12.517610559999998,53.61445566,0.0 12.5173803,53.61438640000001,0.0 12.517183469999999,53.61432773999999,0.0 12.51702642,53.61427218999999,0.0 12.516912139999999,53.61423313999999,0.0</coordinates>
                </LineString>
                <LineString id="76394">
                    <coordinates>12.516460480000001,53.61526627,0.0 12.51642544,53.61523242,0.0 12.5163969,53.61523772999998,0.0 12.51634091,53.61516623,0.0 12.51635757,53.61515959,0.0</coordinates>
                </LineString>
                <LineString id="76396">
                    <coordinates>12.518173549999998,53.614714449999994,0.0 12.517698869999998,53.61489051,0.0</coordinates>
                </LineString>
                <LineString id="76398">
                    <coordinates>12.516767069999998,53.615174899999985,0.0 12.516460480000001,53.61526627,0.0</coordinates>
                </LineString>
                <LineString id="76400">
                    <coordinates>12.516460480000001,53.61526627,0.0 12.51647329,53.61530539999999,0.0</coordinates>
                </LineString>
                <LineString id="76402">
                    <coordinates>12.51647329,53.61530539999999,0.0 12.515963069999998,53.61530021,0.0 12.51547529,53.61529610000001,0.0 12.51546921,53.61521225999999,0.0</coordinates>
                </LineString>
                <LineString id="76404">
                    <coordinates>12.516767069999998,53.615174899999985,0.0 12.51683998,53.61526239,0.0</coordinates>
                </LineString>
                <LineString id="76406">
                    <coordinates>12.51736735,53.61501272,0.0 12.51728817,53.61504188,0.0 12.5171963,53.61504394999999,0.0 12.516767069999998,53.615174899999985,0.0</coordinates>
                </LineString>
                <LineString id="76408">
                    <coordinates>12.51683998,53.61526239,0.0 12.51694861,53.61539256999999,0.0 12.517001680000002,53.61537811,0.0</coordinates>
                </LineString>
                <LineString id="76410">
                    <coordinates>12.51978804,53.61658885,0.0 12.51981106,53.61661622999999,0.0 12.5197635,53.61663222,0.0 12.519831899999998,53.61671196999999,0.0</coordinates>
                </LineString>
                <LineString id="76412">
                    <coordinates>12.51995662,53.61660215999999,0.0 12.51978804,53.61658885,0.0</coordinates>
                </LineString>
                <LineString id="76414">
                    <coordinates>12.51873345,53.61702481,0.0 12.518803769999998,53.61708933999999,0.0 12.5188896,53.61716383000001,0.0 12.51898355,53.61723439,0.0</coordinates>
                </LineString>
                <LineString id="76416">
                    <coordinates>12.51873345,53.61702481,0.0 12.518909459999998,53.61697251,0.0 12.51909857,53.61690869999999,0.0 12.51923501,53.61687679,0.0 12.519731370000002,53.6167308,0.0 12.519831899999998,53.61671196999999,0.0</coordinates>
                </LineString>
                <LineString id="76418">
                    <coordinates>12.51770466,53.617323279999994,0.0 12.51763911,53.61726369000001,0.0</coordinates>
                </LineString>
                <LineString id="76420">
                    <coordinates>12.51705118,53.61742813000001,0.0 12.51690685,53.617293610000004,0.0</coordinates>
                </LineString>
                <LineString id="76422">
                    <coordinates>12.51714263,53.61740120999999,0.0 12.51705118,53.61742813000001,0.0</coordinates>
                </LineString>
                <LineString id="76424">
                    <coordinates>12.51763911,53.61726369000001,0.0 12.51779326,53.617218529999995,0.0 12.517825820000002,53.61719053,0.0</coordinates>
                </LineString>
                <LineString id="76426">
                    <coordinates>12.51941618,53.61563065,0.0 12.51943698,53.61563215000002,0.0</coordinates>
                </LineString>
                <LineString id="76428">
                    <coordinates>12.519059299999999,53.63596124,0.0 12.519252050000002,53.636003790000004,0.0 12.51945275,53.63605045,0.0 12.51967006,53.63609973999999,0.0 12.519699399999999,53.636111359999994,0.0 12.519985840000002,53.63617338,0.0 12.52040951,53.63626371,0.0 12.520502429999999,53.636285159999986,0.0 12.520751749999999,53.63634509999999,0.0 12.52110647,53.6364221,0.0 12.521236699999998,53.63645081999999,0.0 12.521448849999999,53.63649828999999,0.0 12.521810939999998,53.63657846999999,0.0 12.52215651,53.63665554999999,0.0 12.522505479999998,53.636732039999984,0.0 12.52258415,53.63674796000001,0.0 12.522845640000002,53.63679302,0.0 12.52297124,53.63681602999999,0.0 12.52307705,53.63683173,0.0 12.523174749999999,53.63684135,0.0 12.52330194,53.63684834000001,0.0</coordinates>
                </LineString>
                <LineString id="76430">
                    <coordinates>12.52330194,53.63684834000001,0.0 12.523434520000002,53.63685244,0.0 12.52356814,53.63685378,0.0 12.523743719999997,53.636852829999995,0.0 12.523963099999998,53.636854379999996,0.0 12.52432717,53.63685293,0.0 12.52474715,53.63685105,0.0 12.52512098,53.63685194999999,0.0 12.5255796,53.6368507,0.0 12.526123479999999,53.636848379999996,0.0 12.526602499999997,53.63684668,0.0 12.526964520000002,53.636846250000005,0.0 12.527168009999999,53.636845169999994,0.0 12.52752385,53.63684534000001,0.0 12.527887229999996,53.63684264999999,0.0 12.52824103,53.63684005,0.0</coordinates>
                </LineString>
                <LineString id="76432">
                    <coordinates>12.52824103,53.63684005,0.0 12.52856007,53.636839589999994,0.0 12.528834339999998,53.63683999999999,0.0 12.52921211,53.63683871,0.0 12.529699809999999,53.636839509999994,0.0 12.530474310000002,53.63684016,0.0</coordinates>
                </LineString>
                <LineString id="76434">
                    <coordinates>12.53421238,53.63683979,0.0 12.534575140000001,53.636837850000006,0.0 12.53474444,53.63683372999999,0.0 12.534836609999997,53.63683186,0.0 12.53519975,53.63682823,0.0</coordinates>
                </LineString>
                <LineString id="76436">
                    <coordinates>12.537010539999999,53.6366953,0.0 12.537012450000002,53.63669077000001,0.0 12.53683991,53.636528059999996,0.0 12.53687881,53.63643266,0.0 12.536627390000001,53.63618919,0.0 12.53636677,53.635936799999996,0.0 12.53614104,53.63570801000001,0.0 12.53605323,53.6356186,0.0 12.535935729999999,53.63547738999999,0.0 12.53571785,53.63521187999999,0.0 12.535623719999998,53.6351041,0.0 12.535574059999998,53.635047639999996,0.0 12.53543321,53.634842,0.0 12.535321530000001,53.63468104,0.0 12.53519842,53.63449768,0.0 12.535093599999998,53.63433409,0.0 12.534972499999999,53.634144279999994,0.0 12.534842139999999,53.63393843,0.0 12.53480891,53.63388667,0.0 12.534802959999999,53.633848889999996,0.0 12.53467221,53.63363846,0.0 12.534446469999999,53.63327536,0.0 12.5342352,53.63293819999999,0.0</coordinates>
                </LineString>
                <LineString id="76438">
                    <coordinates>12.5342352,53.63293819999999,0.0 12.53410422,53.632740260000006,0.0 12.53387365,53.63240218999999,0.0 12.53365418,53.63208579,0.0 12.53350063,53.631841919999985,0.0</coordinates>
                </LineString>
                <LineString id="76440">
                    <coordinates>12.530341709999998,53.62690640000001,0.0 12.530236089999999,53.62675192999999,0.0 12.52990549,53.62633504,0.0 12.529819649999999,53.626222199999994,0.0 12.52959848,53.62591128999998,0.0 12.529417899999999,53.62566004999999,0.0 12.52912573,53.625262719999995,0.0 12.52887649,53.62493267,0.0 12.528596990000002,53.624565649999994,0.0</coordinates>
                </LineString>
                <LineString id="76442">
                    <coordinates>12.527555549999999,53.62321935,0.0 12.527513399999998,53.623141909999994,0.0</coordinates>
                </LineString>
                <LineString id="76444">
                    <coordinates>12.528596990000002,53.624565649999994,0.0 12.52834431,53.62423264,0.0 12.528084449999998,53.623895839999996,0.0 12.527834879999999,53.62357375999999,0.0 12.527580409999999,53.623244029999995,0.0 12.527555549999999,53.62321935,0.0</coordinates>
                </LineString>
                <LineString id="76446">
                    <coordinates>12.527513399999998,53.623141909999994,0.0 12.527366999999998,53.622860300000006,0.0 12.52733831,53.62280998999999,0.0 12.527331450000002,53.62275474999999,0.0 12.527243890000001,53.622558139999995,0.0 12.527087899999998,53.622221669999995,0.0 12.526992909999999,53.62202306,0.0 12.526828609999999,53.621681349999996,0.0</coordinates>
                </LineString>
                <LineString id="76448">
                    <coordinates>12.526828609999999,53.621681349999996,0.0 12.526637600000003,53.62126546,0.0 12.52661289,53.62120558,0.0 12.526514320000002,53.62103168000001,0.0 12.526487139999999,53.62098410999999,0.0 12.5264799,53.620963669999995,0.0 12.526436729999999,53.62085241,0.0</coordinates>
                </LineString>
                <LineString id="76450">
                    <coordinates>12.538851059999999,53.63681508999999,0.0 12.538911769999999,53.636814089999994,0.0</coordinates>
                </LineString>
                <LineString id="76452">
                    <coordinates>12.53697504,53.63678284999999,0.0 12.53696717,53.63679149,0.0 12.53694772,53.63680087,0.0 12.53692588,53.636808949999995,0.0 12.536913290000001,53.636812039999995,0.0 12.536878610000002,53.63682050999999,0.0 12.536842259999998,53.636825249999994,0.0 12.536815620000002,53.6368249,0.0 12.53665526,53.63682465000001,0.0 12.53639487,53.63682455,0.0 12.536174870000002,53.63682444,0.0 12.53594609,53.63682441999999,0.0 12.535693539999999,53.636825509999994,0.0 12.53551457,53.63682639999999,0.0 12.535274799999998,53.636827780000004,0.0 12.53519975,53.63682823,0.0</coordinates>
                </LineString>
                <LineString id="76454">
                    <coordinates>12.53920461,53.636828439999995,0.0 12.539237369999999,53.63683004999999,0.0</coordinates>
                </LineString>
                <LineString id="76456">
                    <coordinates>12.541624759999998,53.63686443999999,0.0 12.541720509999998,53.63686214,0.0</coordinates>
                </LineString>
                <LineString id="76458">
                    <coordinates>12.537781769999999,53.63683670999998,0.0 12.53784329,53.63683887,0.0</coordinates>
                </LineString>
                <LineString id="76460">
                    <coordinates>12.53803415,53.63684034999999,0.0 12.538067560000002,53.63684065999999,0.0 12.538273169999998,53.6368419,0.0</coordinates>
                </LineString>
                <LineString id="76462">
                    <coordinates>12.538300519999998,53.63684241,0.0 12.538299860000002,53.636908909999995,0.0</coordinates>
                </LineString>
                <LineString id="76464">
                    <coordinates>12.538273169999998,53.6368419,0.0 12.538300519999998,53.63684241,0.0</coordinates>
                </LineString>
                <LineString id="76466">
                    <coordinates>12.538300489999997,53.63692788,0.0 12.53830583,53.63708282000001,0.0 12.53828164,53.63708282999998,0.0</coordinates>
                </LineString>
                <LineString id="76468">
                    <coordinates>12.538300289999999,53.63683502,0.0 12.538298429999998,53.636788759999995,0.0</coordinates>
                </LineString>
                <LineString id="76470">
                    <coordinates>12.538348160000002,53.636843260000006,0.0 12.53858044,53.63681701,0.0 12.53860901,53.63681642,0.0</coordinates>
                </LineString>
                <LineString id="76472">
                    <coordinates>12.53857588,53.63701945,0.0 12.538617770000002,53.63702026,0.0</coordinates>
                </LineString>
                <LineString id="76474">
                    <coordinates>12.538954379999996,53.636847149999994,0.0 12.538956999999996,53.63692432999999,0.0</coordinates>
                </LineString>
                <LineString id="76476">
                    <coordinates>12.538911769999999,53.636814089999994,0.0 12.53895356,53.63681601,0.0</coordinates>
                </LineString>
                <LineString id="76478">
                    <coordinates>12.538965370000001,53.63705984,0.0 12.538956999999996,53.63692432999999,0.0</coordinates>
                </LineString>
                <LineString id="76480">
                    <coordinates>12.53993423,53.636930660000004,0.0 12.53993566,53.63695582999999,0.0</coordinates>
                </LineString>
                <LineString id="76482">
                    <coordinates>12.53986352,53.63685905,0.0 12.539928779999999,53.63685956999999,0.0</coordinates>
                </LineString>
                <LineString id="76484">
                    <coordinates>12.53993566,53.63695582999999,0.0 12.539940140000002,53.637043860000006,0.0</coordinates>
                </LineString>
                <LineString id="76486">
                    <coordinates>12.539809769999998,53.63685878,0.0 12.539795110000002,53.63674388,0.0</coordinates>
                </LineString>
                <LineString id="76488">
                    <coordinates>12.53953061,53.63684675999999,0.0 12.53970845,53.63685676,0.0 12.539809769999998,53.63685878,0.0</coordinates>
                </LineString>
                <LineString id="76490">
                    <coordinates>12.540054719999999,53.63675003,0.0 12.5400546,53.63674788,0.0</coordinates>
                </LineString>
                <LineString id="76492">
                    <coordinates>12.539928779999999,53.63685956999999,0.0 12.54006484,53.63686238999999,0.0</coordinates>
                </LineString>
                <LineString id="76494">
                    <coordinates>12.54043216,53.63686236000001,0.0 12.54048162,53.63686124,0.0</coordinates>
                </LineString>
                <LineString id="76496">
                    <coordinates>12.54130388,53.63683198,0.0 12.54130786,53.636831909999984,0.0</coordinates>
                </LineString>
                <LineString id="76498">
                    <coordinates>12.54118301,53.63683992,0.0 12.541171179999997,53.63699675,0.0</coordinates>
                </LineString>
                <LineString id="76500">
                    <coordinates>12.540997289999998,53.636848429999986,0.0 12.54100016,53.63684831,0.0 12.541136299999998,53.63684391999999,0.0 12.541169980000001,53.636841359999984,0.0 12.54118301,53.63683992,0.0</coordinates>
                </LineString>
                <LineString id="76502">
                    <coordinates>12.54118301,53.63683992,0.0 12.541182859999997,53.63683396999999,0.0</coordinates>
                </LineString>
                <LineString id="76504">
                    <coordinates>12.54770506,53.632578679999995,0.0 12.54789328,53.632381579999986,0.0 12.54806617,53.63220288,0.0 12.548223799999999,53.63203849,0.0 12.54844749,53.63180715,0.0 12.548582659999997,53.63166485999999,0.0 12.548821779999999,53.63141525000002,0.0 12.548986339999999,53.631216269999996,0.0 12.54927652,53.630869159999996,0.0 12.54950671,53.63060586,0.0</coordinates>
                </LineString>
                <LineString id="76506">
                    <coordinates>12.55268626,53.62710911000001,0.0 12.55285202,53.62693437999999,0.0</coordinates>
                </LineString>
                <LineString id="76508">
                    <coordinates>12.552131739999998,53.62768540999999,0.0 12.55236132,53.627447929999995,0.0 12.552578,53.62722169,0.0 12.55268626,53.62710911000001,0.0</coordinates>
                </LineString>
                <LineString id="76510">
                    <coordinates>12.55285202,53.62693437999999,0.0 12.55304961,53.626741730000006,0.0 12.553253260000002,53.62655281,0.0 12.55342608,53.6263981,0.0 12.55373493,53.62613313999999,0.0 12.55375685,53.626119489999994,0.0 12.55388788,53.62600549,0.0 12.554097120000002,53.62581613,0.0 12.554300950000002,53.62562794000001,0.0 12.554502519999998,53.62544056,0.0 12.55470964,53.6252474,0.0 12.554958759999998,53.62501911999999,0.0 12.555169969999998,53.62482796,0.0 12.55531692,53.62470117,0.0</coordinates>
                </LineString>
                <LineString id="76512">
                    <coordinates>12.55889634,53.62135036,0.0 12.558992910000002,53.621164879999995,0.0</coordinates>
                </LineString>
                <LineString id="76514">
                    <coordinates>12.54114383,53.636435469999995,0.0 12.541117749999998,53.63632849999999,0.0</coordinates>
                </LineString>
                <LineString id="76516">
                    <coordinates>12.556150500000003,53.62402291,0.0 12.556335009999998,53.623872539999994,0.0 12.556409919999998,53.62381966,0.0 12.556718160000003,53.62356417000001,0.0 12.557175470000002,53.62320276,0.0 12.55740205,53.62302734,0.0 12.557627950000002,53.62284086,0.0 12.557838599999998,53.62265607,0.0 12.558050610000002,53.6224709,0.0 12.5582496,53.62228247000001,0.0 12.5584305,53.622097800000006,0.0 12.558444880000001,53.622084169999994,0.0 12.55852695,53.62198263,0.0 12.558654750000002,53.62180489,0.0 12.55875619,53.62161858,0.0 12.558772669999998,53.62160251000001,0.0 12.55889634,53.62135036,0.0</coordinates>
                </LineString>
                <LineString id="76518">
                    <coordinates>12.56000435,53.61976589999998,0.0 12.56017039,53.61965399999999,0.0</coordinates>
                </LineString>
                <LineString id="76520">
                    <coordinates>12.558992910000002,53.621164879999995,0.0 12.55908984,53.620954799999986,0.0 12.55919375,53.62073354999999,0.0 12.559298859999998,53.620516419999994,0.0 12.55940637,53.620334659999976,0.0 12.55942615,53.62030169,0.0 12.55953515,53.62020285999999,0.0 12.55955218,53.62018346999999,0.0 12.559589739999998,53.620131009999994,0.0 12.559718359999998,53.62000011,0.0 12.55986915,53.61986935999999,0.0 12.5599219,53.61982759,0.0 12.56000435,53.61976589999998,0.0</coordinates>
                </LineString>
                <LineString id="76522">
                    <coordinates>12.561669289999998,53.61871210999999,0.0 12.561874610000002,53.61858277,0.0 12.562055759999998,53.61846756999999,0.0</coordinates>
                </LineString>
                <LineString id="76524">
                    <coordinates>12.56062608,53.61936604,0.0 12.56063464,53.61936097000001,0.0 12.560651169999998,53.61935387,0.0 12.560680000000001,53.61933809,0.0 12.560953369999998,53.619167229999995,0.0 12.56133363,53.61892602999999,0.0 12.561609619999999,53.61875148999999,0.0 12.561669289999998,53.61871210999999,0.0</coordinates>
                </LineString>
                <LineString id="76526">
                    <coordinates>12.562055759999998,53.61846756999999,0.0 12.56180622,53.61840801,0.0 12.56172502,53.618409109999995,0.0 12.561722740000002,53.618393420000004,0.0</coordinates>
                </LineString>
                <LineString id="76528">
                    <coordinates>12.541076809999998,53.63391149,0.0 12.54122017,53.63383595,0.0</coordinates>
                </LineString>
                <LineString id="76530">
                    <coordinates>12.54094814,53.63356614999999,0.0 12.540946239999998,53.63344299999999,0.0 12.54094476,53.63331062,0.0</coordinates>
                </LineString>
                <LineString id="76532">
                    <coordinates>12.53973012,53.63305804000001,0.0 12.539546529999999,53.633060079999986,0.0 12.539521189999999,53.63306154999999,0.0 12.53952132,53.63305035999999,0.0</coordinates>
                </LineString>
                <LineString id="76534">
                    <coordinates>12.540936260000002,53.63315751999998,0.0 12.54093787,53.63319323,0.0</coordinates>
                </LineString>
                <LineString id="76536">
                    <coordinates>12.540935920000003,53.63320496,0.0 12.54093787,53.63319323,0.0</coordinates>
                </LineString>
                <LineString id="76538">
                    <coordinates>12.54093697,53.63321659999999,0.0 12.540935920000003,53.63320496,0.0</coordinates>
                </LineString>
                <LineString id="76540">
                    <coordinates>12.54089316,53.63241746,0.0 12.54063664,53.63218521999999,0.0 12.54054241,53.63202756,0.0 12.54045399,53.63186879999999,0.0 12.54034052,53.63165833000001,0.0 12.54029288,53.63161816,0.0</coordinates>
                </LineString>
                <LineString id="76542">
                    <coordinates>12.53932713,53.63285705,0.0 12.539338139999998,53.63285698999999,0.0</coordinates>
                </LineString>
                <LineString id="76544">
                    <coordinates>12.540935259999998,53.63245590999999,0.0 12.540914609999998,53.63245188999999,0.0 12.540685029999999,53.632445579999995,0.0 12.54060984,53.63244618000001,0.0</coordinates>
                </LineString>
                <LineString id="76546">
                    <coordinates>12.53890833,53.6324325,0.0 12.53889091,53.63243134999998,0.0</coordinates>
                </LineString>
                <LineString id="76548">
                    <coordinates>12.53934634,53.63242270999999,0.0 12.53931517,53.632422319999996,0.0</coordinates>
                </LineString>
                <LineString id="76550">
                    <coordinates>12.53890833,53.6324325,0.0 12.538905379999997,53.63237460999999,0.0</coordinates>
                </LineString>
                <LineString id="76552">
                    <coordinates>12.53931517,53.632422319999996,0.0 12.53890833,53.6324325,0.0</coordinates>
                </LineString>
                <LineString id="76554">
                    <coordinates>12.53889091,53.63243134999998,0.0 12.538896569999999,53.63245718,0.0</coordinates>
                </LineString>
                <LineString id="76556">
                    <coordinates>12.53889091,53.63243134999998,0.0 12.53865999,53.63243641,0.0 12.53866102,53.6324668,0.0</coordinates>
                </LineString>
                <LineString id="76558">
                    <coordinates>12.54148412,53.63238539,0.0 12.54152522,53.63240414,0.0 12.541558239999999,53.63242346,0.0 12.54158459,53.632445409999995,0.0 12.541613980000001,53.63247837000001,0.0 12.54162297,53.63249357,0.0 12.54162661,53.632541950000004,0.0 12.54158762,53.63254181,0.0 12.54157977,53.63254550999999,0.0 12.541578879999998,53.632555189999984,0.0</coordinates>
                </LineString>
                <LineString id="76560">
                    <coordinates>12.54093343,53.633986719999996,0.0 12.54080216,53.63398652,0.0</coordinates>
                </LineString>
                <LineString id="76562">
                    <coordinates>12.5409361,53.634143079999994,0.0 12.54093343,53.633986719999996,0.0</coordinates>
                </LineString>
                <LineString id="76564">
                    <coordinates>12.54093468,53.634370409999995,0.0 12.5409361,53.634143079999994,0.0</coordinates>
                </LineString>
                <LineString id="76566">
                    <coordinates>12.540968489999997,53.63437301,0.0 12.541501449999998,53.63441267999999,0.0</coordinates>
                </LineString>
                <LineString id="76568">
                    <coordinates>12.54092943,53.63450155999999,0.0 12.54093468,53.634370409999995,0.0</coordinates>
                </LineString>
                <LineString id="76570">
                    <coordinates>12.54093249,53.634699899999994,0.0 12.54093176,53.63457213,0.0 12.54093115,53.63451876999999,0.0</coordinates>
                </LineString>
                <LineString id="76572">
                    <coordinates>12.54092943,53.63450155999999,0.0 12.54076691,53.63450373,0.0</coordinates>
                </LineString>
                <LineString id="76574">
                    <coordinates>12.54093115,53.63451876999999,0.0 12.54092943,53.63450155999999,0.0</coordinates>
                </LineString>
                <LineString id="76576">
                    <coordinates>12.54053322,53.6345081,0.0 12.540532190000002,53.634603979999994,0.0 12.54047282,53.63460669,0.0</coordinates>
                </LineString>
                <LineString id="76578">
                    <coordinates>12.54053376,53.63448785,0.0 12.54053384,53.63448490999998,0.0 12.54047126,53.63448209999999,0.0</coordinates>
                </LineString>
                <LineString id="76580">
                    <coordinates>12.54060528,53.63450678000001,0.0 12.54053322,53.6345081,0.0</coordinates>
                </LineString>
                <LineString id="76582">
                    <coordinates>12.540945230000002,53.634937359999995,0.0 12.540937,53.63476684999999,0.0 12.54093249,53.634699899999994,0.0</coordinates>
                </LineString>
                <LineString id="76584">
                    <coordinates>12.54061356,53.63501065,0.0 12.540608289999998,53.635010739999984,0.0</coordinates>
                </LineString>
                <LineString id="76586">
                    <coordinates>12.540952159999998,53.63562819999999,0.0 12.54087192,53.63528615,0.0 12.540838350000001,53.63512426,0.0 12.5408322,53.63506751999999,0.0</coordinates>
                </LineString>
                <LineString id="76588">
                    <coordinates>12.54130025,53.63502352,0.0 12.54130055,53.63501826,0.0</coordinates>
                </LineString>
                <LineString id="76590">
                    <coordinates>12.54094613,53.63494897,0.0 12.540945230000002,53.634937359999995,0.0</coordinates>
                </LineString>
                <LineString id="76592">
                    <coordinates>12.540948860000002,53.634973749999986,0.0 12.54094708,53.63496119,0.0</coordinates>
                </LineString>
                <LineString id="76594">
                    <coordinates>12.541032120000002,53.63598134,0.0 12.54099611,53.635830469999995,0.0 12.54097949,53.63575277999999,0.0</coordinates>
                </LineString>
                <LineString id="76596">
                    <coordinates>12.54097949,53.63575277999999,0.0 12.540952159999998,53.63562819999999,0.0</coordinates>
                </LineString>
                <LineString id="76598">
                    <coordinates>12.54103733,53.63600425,0.0 12.541032120000002,53.63598134,0.0</coordinates>
                </LineString>
                <LineString id="76600">
                    <coordinates>12.541040299999999,53.636016389999995,0.0 12.54103733,53.63600425,0.0</coordinates>
                </LineString>
                <LineString id="76602">
                    <coordinates>12.541110509999998,53.63629857,0.0 12.54106934,53.63613122999998,0.0</coordinates>
                </LineString>
                <LineString id="76604">
                    <coordinates>12.54114538,53.636443580000005,0.0 12.54114383,53.636435469999995,0.0</coordinates>
                </LineString>
                <LineString id="76606">
                    <coordinates>12.540936719999998,53.63633259999999,0.0 12.54092542,53.63633283,0.0</coordinates>
                </LineString>
                <LineString id="76608">
                    <coordinates>12.5409805,53.63649976,0.0 12.54115505,53.63649397,0.0</coordinates>
                </LineString>
                <LineString id="76610">
                    <coordinates>12.54118364,53.636755429999994,0.0 12.54118215,53.63666251,0.0 12.541161690000001,53.63651724,0.0 12.54115505,53.63649397,0.0</coordinates>
                </LineString>
                <LineString id="76612">
                    <coordinates>12.540727259999999,53.63676378,0.0 12.540644219999999,53.63676475,0.0 12.540641169999999,53.63675244,0.0</coordinates>
                </LineString>
                <LineString id="76614">
                    <coordinates>12.54118325,53.63681627999999,0.0 12.54118364,53.636755429999994,0.0</coordinates>
                </LineString>
                <LineString id="76616">
                    <coordinates>12.541266859999999,53.63647353,0.0 12.541461780000002,53.63646548,0.0</coordinates>
                </LineString>
                <LineString id="76618">
                    <coordinates>12.54128609,53.63661664000001,0.0 12.541266859999999,53.63647353,0.0</coordinates>
                </LineString>
                <LineString id="76620">
                    <coordinates>12.5414501,53.636401989999996,0.0 12.541254449999998,53.636407840000004,0.0</coordinates>
                </LineString>
                <LineString id="76622">
                    <coordinates>12.54117699,53.63605357,0.0 12.541176169999998,53.63604987,0.0</coordinates>
                </LineString>
                <LineString id="76624">
                    <coordinates>12.541268219999997,53.63546999999999,0.0 12.54128947,53.63546982,0.0</coordinates>
                </LineString>
                <LineString id="76626">
                    <coordinates>12.541173689999999,53.63603946,0.0 12.54111675,53.63578947,0.0 12.541108589999999,53.635740819999995,0.0</coordinates>
                </LineString>
                <LineString id="76628">
                    <coordinates>12.543819539999998,53.63690095999999,0.0 12.54410241,53.63692281,0.0</coordinates>
                </LineString>
                <LineString id="76630">
                    <coordinates>12.546839179999996,53.63715392000001,0.0 12.54705738,53.63717948,0.0 12.547410040000003,53.63722026,0.0 12.54773273,53.63725792000001,0.0 12.54797143,53.63727980999999,0.0 12.54830622,53.63731027999998,0.0 12.548434939999998,53.63732271999999,0.0 12.5485932,53.637343449999996,0.0 12.54878196,53.63736306,0.0</coordinates>
                </LineString>
                <LineString id="76632">
                    <coordinates>12.54878196,53.63736306,0.0 12.54899086,53.63738507000001,0.0 12.54929656,53.63741749,0.0 12.54966692,53.637452370000005,0.0 12.549951459999999,53.63747931999999,0.0 12.550323920000002,53.63750949,0.0 12.55039684,53.63751455,0.0 12.550665029999998,53.63754132999998,0.0 12.551014480000001,53.637573109999984,0.0 12.551373999999997,53.63760872999998,0.0</coordinates>
                </LineString>
                <LineString id="76634">
                    <coordinates>12.553430399999996,53.63797948,0.0 12.553622329999998,53.638000919999996,0.0</coordinates>
                </LineString>
                <LineString id="76636">
                    <coordinates>12.5533599,53.63796511000001,0.0 12.55339831,53.637976120000005,0.0 12.553430399999996,53.63797948,0.0</coordinates>
                </LineString>
                <LineString id="76638">
                    <coordinates>12.554808729999998,53.63789502,0.0 12.55478229,53.63778239,0.0</coordinates>
                </LineString>
                <LineString id="76640">
                    <coordinates>12.55756777,53.63758913000001,0.0 12.55755904,53.63753466,0.0</coordinates>
                </LineString>
                <LineString id="76642">
                    <coordinates>12.553622329999998,53.638000919999996,0.0 12.5537184,53.63801039999999,0.0 12.55375933,53.63801318999999,0.0 12.55411944,53.637982820000005,0.0 12.554431809999999,53.63795571999999,0.0 12.55473665,53.637904600000006,0.0 12.554808729999998,53.63789502,0.0</coordinates>
                </LineString>
                <LineString id="76644">
                    <coordinates>12.558105279999998,53.63760098999999,0.0 12.558231579999998,53.63759236999999,0.0</coordinates>
                </LineString>
                <LineString id="76646">
                    <coordinates>12.554808729999998,53.63789502,0.0 12.55498534,53.637875799999996,0.0 12.55524675,53.63784969000001,0.0 12.55549925,53.63782529000001,0.0 12.555725309999998,53.63781312999999,0.0 12.55588171,53.63780409,0.0 12.55614092,53.63778528,0.0 12.556478479999999,53.63775903999999,0.0 12.556662229999999,53.63774562,0.0 12.556975719999999,53.63770922999999,0.0 12.55718383,53.63768554999999,0.0 12.557496569999998,53.63765236,0.0 12.55757652,53.637643579999995,0.0</coordinates>
                </LineString>
                <LineString id="76648">
                    <coordinates>12.55757652,53.637643579999995,0.0 12.55773081,53.637627,0.0 12.55785612,53.63761919000001,0.0 12.558105279999998,53.63760098999999,0.0</coordinates>
                </LineString>
                <LineString id="76650">
                    <coordinates>12.560797999999998,53.637367919999996,0.0 12.56087263,53.63736663999999,0.0 12.56103512,53.63736618999999,0.0</coordinates>
                </LineString>
                <LineString id="76652">
                    <coordinates>12.558231579999998,53.63759236999999,0.0 12.558407469999999,53.63758037,0.0 12.558745099999998,53.63755829999999,0.0 12.55890952,53.63754588,0.0</coordinates>
                </LineString>
                <LineString id="76654">
                    <coordinates>12.561178,53.637291459999986,0.0 12.56121219,53.63727292,0.0 12.561232159999998,53.63726197,0.0 12.561289589999998,53.637225369999996,0.0 12.56135391,53.637179289999985,0.0</coordinates>
                </LineString>
                <LineString id="76656">
                    <coordinates>12.56135391,53.637179289999985,0.0 12.561611209999999,53.637000029999996,0.0 12.56178711,53.63687845999999,0.0 12.562007259999998,53.636724609999995,0.0 12.562162769999999,53.6366164,0.0 12.56235222,53.6364769,0.0 12.56259119,53.63631881,0.0 12.56286476,53.63612445,0.0 12.56306247,53.63597837999999,0.0</coordinates>
                </LineString>
                <LineString id="76658">
                    <coordinates>12.564919679999997,53.63498083,0.0 12.56489969,53.6349951,0.0 12.56486481,53.63501429,0.0</coordinates>
                </LineString>
                <LineString id="76660">
                    <coordinates>12.564526219999998,53.63494235999999,0.0 12.56455677,53.63491881,0.0 12.56461592,53.634872619999996,0.0 12.564779979999997,53.63476107999999,0.0 12.56480119,53.63474717,0.0</coordinates>
                </LineString>
                <LineString id="76662">
                    <coordinates>12.563596840000002,53.63560346,0.0 12.563812149999999,53.63545311,0.0 12.56406204,53.6352792,0.0 12.564185039999998,53.63518379,0.0 12.56444042,53.63500322,0.0 12.564466020000001,53.634989180000005,0.0 12.56449374,53.63496762,0.0</coordinates>
                </LineString>
                <LineString id="76664">
                    <coordinates>12.56400488,53.63508514,0.0 12.56383443,53.63501034000001,0.0 12.56379873,53.635004339999995,0.0 12.56374262,53.63497721,0.0</coordinates>
                </LineString>
                <LineString id="76666">
                    <coordinates>12.56340286,53.635502,0.0 12.563393739999999,53.63550815,0.0</coordinates>
                </LineString>
                <LineString id="76668">
                    <coordinates>12.56332019,53.63579073,0.0 12.563596840000002,53.63560346,0.0</coordinates>
                </LineString>
                <LineString id="76670">
                    <coordinates>12.563393739999999,53.63550815,0.0 12.563596840000002,53.63560346,0.0</coordinates>
                </LineString>
                <LineString id="76672">
                    <coordinates>12.563393739999999,53.63550815,0.0 12.563296870000002,53.6355749,0.0 12.563173379999997,53.635524939999996,0.0 12.563036059999998,53.63545819999999,0.0 12.56287345,53.6355746,0.0</coordinates>
                </LineString>
                <LineString id="76674">
                    <coordinates>12.56306247,53.63597837999999,0.0 12.56323634,53.635851319999986,0.0 12.56332019,53.63579073,0.0</coordinates>
                </LineString>
                <LineString id="76676">
                    <coordinates>12.552924449999999,53.63778381,0.0 12.55301492,53.63779835,0.0 12.55313868,53.637858279999996,0.0 12.55320282,53.63788266,0.0 12.55325428,53.637911939999995,0.0 12.55333842,53.63795899,0.0 12.5533599,53.63796511000001,0.0</coordinates>
                </LineString>
                <LineString id="76678">
                    <coordinates>12.542378860000001,53.63685107,0.0 12.542414299999999,53.636851919999984,0.0</coordinates>
                </LineString>
                <LineString id="76680">
                    <coordinates>12.542414299999999,53.636851919999984,0.0 12.54241774,53.63691006999999,0.0</coordinates>
                </LineString>
                <LineString id="76682">
                    <coordinates>12.542352009999998,53.63675141,0.0 12.54235192,53.636743,0.0</coordinates>
                </LineString>
                <LineString id="76684">
                    <coordinates>12.542237299999998,53.63684993999999,0.0 12.542352359999999,53.63685043999999,0.0</coordinates>
                </LineString>
                <LineString id="76686">
                    <coordinates>12.54243635,53.63685245,0.0 12.54243623,53.63684810999999,0.0</coordinates>
                </LineString>
                <LineString id="76688">
                    <coordinates>12.542414299999999,53.636851919999984,0.0 12.54243635,53.63685245,0.0</coordinates>
                </LineString>
                <LineString id="76690">
                    <coordinates>12.54243623,53.63684810999999,0.0 12.54243421,53.63674283,0.0</coordinates>
                </LineString>
                <LineString id="76692">
                    <coordinates>12.542241830000002,53.6369237,0.0 12.54224341,53.6369493,0.0</coordinates>
                </LineString>
                <LineString id="76694">
                    <coordinates>12.542186549999998,53.63685009,0.0 12.542237299999998,53.63684993999999,0.0</coordinates>
                </LineString>
                <LineString id="76696">
                    <coordinates>12.541733869999998,53.63694060999999,0.0 12.541737089999998,53.636959909999995,0.0</coordinates>
                </LineString>
                <LineString id="76698">
                    <coordinates>12.54224341,53.6369493,0.0 12.542250239999998,53.637060379999994,0.0</coordinates>
                </LineString>
                <LineString id="76700">
                    <coordinates>12.541737089999998,53.636959909999995,0.0 12.54179033,53.63705656,0.0</coordinates>
                </LineString>
                <LineString id="76702">
                    <coordinates>12.541536340000002,53.63694216,0.0 12.54153823,53.63697695999999,0.0</coordinates>
                </LineString>
                <LineString id="76704">
                    <coordinates>12.541502679999999,53.63686802,0.0 12.541531400000002,53.63686710999999,0.0</coordinates>
                </LineString>
                <LineString id="76706">
                    <coordinates>12.54153823,53.63697695999999,0.0 12.54154214,53.63712531,0.0 12.541552149999998,53.63712585999999,0.0</coordinates>
                </LineString>
                <LineString id="76708">
                    <coordinates>12.54131786,53.63736976999999,0.0 12.541323590000001,53.63740693999999,0.0</coordinates>
                </LineString>
                <LineString id="76710">
                    <coordinates>12.541585200000002,53.63899081,0.0 12.54158906,53.63904043,0.0 12.541592909999999,53.63915962,0.0 12.541589790000002,53.63924945000001,0.0</coordinates>
                </LineString>
                <LineString id="76712">
                    <coordinates>12.541550859999997,53.6385847,0.0 12.541555099999998,53.63859754,0.0</coordinates>
                </LineString>
                <LineString id="76714">
                    <coordinates>12.54156498,53.638719290000004,0.0 12.54156576,53.63872859,0.0</coordinates>
                </LineString>
                <LineString id="76716">
                    <coordinates>12.54137236,53.63785456999999,0.0 12.54138828,53.63802396999999,0.0 12.54139441,53.63815116000001,0.0 12.541392979999998,53.63816506999999,0.0</coordinates>
                </LineString>
                <LineString id="76718">
                    <coordinates>12.541364699999999,53.63777492999999,0.0 12.541366009999999,53.63779070999999,0.0</coordinates>
                </LineString>
                <LineString id="76720">
                    <coordinates>12.54128811,53.63725024,0.0 12.54130732,53.637294989999994,0.0</coordinates>
                </LineString>
                <LineString id="76722">
                    <coordinates>12.541323590000001,53.63740693999999,0.0 12.54133842,53.63750596999999,0.0</coordinates>
                </LineString>
                <LineString id="76724">
                    <coordinates>12.541323590000001,53.63740693999999,0.0 12.541133319999998,53.637413589999994,0.0</coordinates>
                </LineString>
                <LineString id="76726">
                    <coordinates>12.54130732,53.637294989999994,0.0 12.54131786,53.63736976999999,0.0</coordinates>
                </LineString>
                <LineString id="76728">
                    <coordinates>12.541351970000001,53.6376183,0.0 12.54151003,53.63761267999998,0.0</coordinates>
                </LineString>
                <LineString id="76730">
                    <coordinates>12.541341629999998,53.63753294,0.0 12.541351970000001,53.6376183,0.0</coordinates>
                </LineString>
                <LineString id="76732">
                    <coordinates>12.54168413,53.63760634999999,0.0 12.541698870000001,53.63760582999999,0.0</coordinates>
                </LineString>
                <LineString id="76734">
                    <coordinates>12.541366009999999,53.63779070999999,0.0 12.541149840000001,53.63780043999999,0.0</coordinates>
                </LineString>
                <LineString id="76736">
                    <coordinates>12.541370769999999,53.63783710999999,0.0 12.541152779999999,53.637840749999995,0.0</coordinates>
                </LineString>
                <LineString id="76738">
                    <coordinates>12.54137213,53.63782746,0.0 12.541370769999999,53.63783710999999,0.0</coordinates>
                </LineString>
                <LineString id="76740">
                    <coordinates>12.541371619999996,53.63782412999999,0.0 12.54137213,53.63782746,0.0</coordinates>
                </LineString>
                <LineString id="76742">
                    <coordinates>12.541746429999998,53.63781669,0.0 12.541757470000002,53.63781636000001,0.0</coordinates>
                </LineString>
                <LineString id="76744">
                    <coordinates>12.54178021,53.63727573,0.0 12.54178061,53.63728597999999,0.0</coordinates>
                </LineString>
                <LineString id="76746">
                    <coordinates>12.54140222,53.63831832999998,0.0 12.541327789999999,53.63832008,0.0</coordinates>
                </LineString>
                <LineString id="76748">
                    <coordinates>12.5413991,53.638260280000004,0.0 12.54140222,53.63831832999998,0.0</coordinates>
                </LineString>
                <LineString id="76750">
                    <coordinates>12.54139774,53.63823365,0.0 12.541310180000002,53.63823580999999,0.0</coordinates>
                </LineString>
                <LineString id="76752">
                    <coordinates>12.541392979999998,53.63816506999999,0.0 12.54139774,53.63823365,0.0</coordinates>
                </LineString>
                <LineString id="76754">
                    <coordinates>12.541327789999999,53.63832008,0.0 12.541209429999999,53.638324359999984,0.0</coordinates>
                </LineString>
                <LineString id="76756">
                    <coordinates>12.541310180000002,53.63823580999999,0.0 12.54120288,53.63823908,0.0</coordinates>
                </LineString>
                <LineString id="76758">
                    <coordinates>12.541556579999998,53.63825785999999,0.0 12.54172794,53.63823441,0.0 12.541858019999998,53.638234059999995,0.0 12.541861499999998,53.63822084,0.0</coordinates>
                </LineString>
                <LineString id="76760">
                    <coordinates>12.54140222,53.63831832999998,0.0 12.541402849999999,53.63833138999998,0.0 12.54154379,53.63840522999999,0.0</coordinates>
                </LineString>
                <LineString id="76762">
                    <coordinates>12.54156576,53.63872859,0.0 12.54173279,53.63872557,0.0</coordinates>
                </LineString>
                <LineString id="76764">
                    <coordinates>12.54157545,53.63886642,0.0 12.54174085,53.63886252,0.0</coordinates>
                </LineString>
                <LineString id="76766">
                    <coordinates>12.54156576,53.63872859,0.0 12.54157545,53.63886642,0.0</coordinates>
                </LineString>
                <LineString id="76768">
                    <coordinates>12.541883989999999,53.640754059999985,0.0 12.54185506,53.64086688999999,0.0 12.541853509999997,53.64088523,0.0 12.54188796,53.64093544,0.0 12.54189086,53.64097302999999,0.0 12.541724809999998,53.64097171,0.0</coordinates>
                </LineString>
                <LineString id="76770">
                    <coordinates>12.54158796,53.639476329999994,0.0 12.541558589999998,53.639702349999986,0.0 12.54154905,53.639813899999986,0.0 12.541632030000002,53.639959510000004,0.0 12.54167142,53.64004063,0.0 12.54169986,53.64009373,0.0 12.54180104,53.64015277,0.0 12.541825109999998,53.64018025,0.0 12.54186888,53.64025636,0.0</coordinates>
                </LineString>
                <LineString id="76772">
                    <coordinates>12.56103512,53.63736618999999,0.0 12.560892489999999,53.63747759999999,0.0 12.560621659999999,53.63767876999999,0.0 12.56050389,53.63776118,0.0</coordinates>
                </LineString>
                <LineString id="76774">
                    <coordinates>12.560782459999999,53.63736816999999,0.0 12.560797999999998,53.637367919999996,0.0</coordinates>
                </LineString>
                <LineString id="76776">
                    <coordinates>12.55912814,53.63851964999999,0.0 12.558868299999999,53.638709739999996,0.0 12.55873757,53.63880520000001,0.0</coordinates>
                </LineString>
                <LineString id="76778">
                    <coordinates>12.561178,53.637291459999986,0.0 12.56119886,53.637291610000005,0.0 12.561685239999997,53.637267339999994,0.0</coordinates>
                </LineString>
                <LineString id="76780">
                    <coordinates>12.54268258,53.633879109999995,0.0 12.54304866,53.63389296999999,0.0 12.543325669999998,53.63387842999999,0.0</coordinates>
                </LineString>
                <LineString id="76782">
                    <coordinates>12.54165479,53.63383321,0.0 12.54207656,53.63384520999999,0.0</coordinates>
                </LineString>
                <LineString id="76784">
                    <coordinates>12.54165647,53.633728049999995,0.0 12.541656509999997,53.63372535999999,0.0</coordinates>
                </LineString>
                <LineString id="76786">
                    <coordinates>12.54122017,53.63383595,0.0 12.54165479,53.63383321,0.0</coordinates>
                </LineString>
                <LineString id="76788">
                    <coordinates>12.54165088,53.638430449999994,0.0 12.541775899999998,53.638427199999995,0.0 12.541912889999999,53.63842267999999,0.0 12.541914449999998,53.63839175999999,0.0 12.54189091,53.63839142,0.0</coordinates>
                </LineString>
                <LineString id="76790">
                    <coordinates>12.54154379,53.63841335,0.0 12.54154388,53.63843323,0.0</coordinates>
                </LineString>
                <LineString id="76792">
                    <coordinates>12.526436729999999,53.62085241,0.0 12.52640303,53.62079730999999,0.0 12.5263586,53.62072627,0.0 12.52630871,53.62066655,0.0 12.526205719999998,53.62060035999999,0.0 12.526073849999998,53.620518739999994,0.0 12.52597116,53.62044545,0.0 12.52586423,53.62037038,0.0 12.52578119,53.62031014,0.0 12.525745039999999,53.62028619999999,0.0 12.525684380000001,53.62024276,0.0</coordinates>
                </LineString>
                <LineString id="76794">
                    <coordinates>12.52143604,53.61767640999999,0.0 12.52142173,53.61766791,0.0 12.52131004,53.61759722000001,0.0 12.520865769999999,53.61727835999999,0.0</coordinates>
                </LineString>
                <LineString id="76796">
                    <coordinates>12.519587650000002,53.61508080000001,0.0 12.51971317,53.61462674999999,0.0 12.519724910000003,53.614577360000006,0.0 12.51977298,53.61437728,0.0 12.51991942,53.613808859999985,0.0 12.520055559999998,53.61331143,0.0 12.52017873,53.61288795,0.0 12.520308930000002,53.61243591,0.0</coordinates>
                </LineString>
                <LineString id="76798">
                    <coordinates>12.521234259999998,53.60738615,0.0 12.521069900000002,53.60716496,0.0 12.52105366,53.60714339,0.0 12.52102135,53.607129500000006,0.0 12.520981559999997,53.60712191,0.0 12.52093978,53.60712590000001,0.0 12.520905689999998,53.60714384999999,0.0 12.520885599999998,53.607171259999994,0.0 12.520859070000002,53.60720381,0.0 12.52081865,53.607235859999996,0.0 12.52078772,53.607252450000004,0.0 12.520672259999998,53.60728535999999,0.0</coordinates>
                </LineString>
                <LineString id="76800">
                    <coordinates>12.520339359999998,53.608578939999994,0.0 12.520297899999997,53.60850962999999,0.0 12.520317129999999,53.608292939999984,0.0 12.52036093,53.60817745,0.0 12.520397599999999,53.60808754999999,0.0 12.52043451,53.608021789999995,0.0 12.52047679,53.607964339999995,0.0 12.52051597,53.60791390999999,0.0 12.5205775,53.60784868999999,0.0 12.520644359999999,53.60778867,0.0 12.52072422,53.6077304,0.0 12.520814630000002,53.60767030000001,0.0 12.520920259999999,53.60760692999999,0.0 12.52102041,53.60755371,0.0 12.521119680000002,53.60750247000001,0.0 12.521200830000002,53.6074659,0.0 12.521225320000001,53.60745434,0.0 12.52123904,53.607437710000006,0.0 12.521238870000001,53.60742183000001,0.0 12.521237569999998,53.60739887999999,0.0 12.521234259999998,53.60738615,0.0</coordinates>
                </LineString>
                <LineString id="76802">
                    <coordinates>12.51969972,53.605295260000005,0.0 12.519611769999997,53.60528944999999,0.0 12.519639249999999,53.60519712999999,0.0 12.519615760000002,53.60510991,0.0 12.51959646,53.60507331,0.0 12.51956284,53.60501194,0.0 12.51951797,53.60494505,0.0 12.519488709999997,53.604908310000006,0.0 12.519455569999998,53.60487659999998,0.0 12.51940243,53.60483860000001,0.0 12.519355730000001,53.60480936,0.0 12.519318939999998,53.60478806,0.0 12.51928463,53.60477248999999,0.0 12.51903867,53.60468432999999,0.0 12.518870029999999,53.60462234999997,0.0 12.51868655,53.60455782,0.0 12.518419550000003,53.60446661000001,0.0 12.51813554,53.60431533999999,0.0 12.51797224,53.604169479999996,0.0 12.517754339999998,53.60397874,0.0 12.517312169999997,53.603597329999985,0.0 12.51666827,53.60298149999999,0.0</coordinates>
                </LineString>
                <LineString id="76804">
                    <coordinates>12.51666827,53.60298149999999,0.0 12.51643625,53.602762469999995,0.0 12.516157779999999,53.6025,0.0 12.51609002,53.60244165,0.0 12.5158004,53.60216965000001,0.0 12.515492479999999,53.60188329999999,0.0 12.515160179999999,53.60157904999999,0.0 12.5148409,53.60127843,0.0 12.51451096,53.600969,0.0 12.514176129999997,53.600655559999986,0.0 12.51396995,53.60046464,0.0 12.51385985,53.60035155999999,0.0</coordinates>
                </LineString>
                <LineString id="76806">
                    <coordinates>12.51992834,53.60464862,0.0 12.519836739999999,53.60464165999999,0.0 12.51981117,53.60465009,0.0</coordinates>
                </LineString>
                <LineString id="76808">
                    <coordinates>12.520672259999998,53.60728535999999,0.0 12.520250899999999,53.60738664999999,0.0 12.52017263,53.60739514,0.0 12.520111489999998,53.607395959999984,0.0 12.52006121,53.60739485999999,0.0 12.51999669,53.60738994999999,0.0 12.5199505,53.60737673,0.0 12.51990954,53.60735839,0.0 12.51988037,53.60734126,0.0 12.519851139999998,53.60731910999999,0.0 12.51983384,53.607296209999994,0.0 12.51976682,53.60714353,0.0 12.51967948,53.60691453999999,0.0 12.519665659999998,53.60682483,0.0 12.51951412,53.60640501,0.0 12.51948211,53.60632362,0.0 12.519455659999998,53.60625423,0.0 12.519439820000002,53.606187500000004,0.0 12.519438280000001,53.60614420000001,0.0 12.51944952,53.606097009999985,0.0 12.519460739999998,53.60604730999999,0.0 12.519486980000002,53.60598994000001,0.0 12.51950852,53.60590515999999,0.0 12.51955633,53.60576624,0.0 12.5196554,53.60551439,0.0 12.51969972,53.605295260000005,0.0</coordinates>
                </LineString>
                <LineString id="76810">
                    <coordinates>12.520005490000003,53.60484366000001,0.0 12.51990405,53.604834139999994,0.0</coordinates>
                </LineString>
                <LineString id="76812">
                    <coordinates>12.51990405,53.604834139999994,0.0 12.519911409999999,53.60477837,0.0</coordinates>
                </LineString>
                <LineString id="76814">
                    <coordinates>12.519911409999999,53.60477837,0.0 12.51992275,53.604700709999996,0.0</coordinates>
                </LineString>
                <LineString id="76816">
                    <coordinates>12.51992275,53.604700709999996,0.0 12.51992834,53.60464862,0.0</coordinates>
                </LineString>
                <LineString id="76818">
                    <coordinates>12.520142360000001,53.604101809999996,0.0 12.52052384,53.60417922,0.0 12.521114519999998,53.60429707999998,0.0 12.52120565,53.60431569,0.0 12.521185839999996,53.60435259999999,0.0 12.521289839999998,53.60437377,0.0 12.521294589999998,53.60436604000001,0.0</coordinates>
                </LineString>
                <LineString id="76820">
                    <coordinates>12.51992834,53.60464862,0.0 12.51996052,53.604453209999996,0.0 12.520090839999998,53.604204339999995,0.0 12.520142360000001,53.604101809999996,0.0</coordinates>
                </LineString>
                <LineString id="76822">
                    <coordinates>12.520339359999998,53.608578939999994,0.0 12.52041722,53.6086059,0.0</coordinates>
                </LineString>
                <LineString id="76824">
                    <coordinates>12.52075005,53.60992902,0.0 12.52068069,53.60972329999999,0.0 12.520561200000001,53.60945466,0.0 12.52035982,53.609013479999994,0.0 12.520228099999999,53.60871375000001,0.0 12.520339359999998,53.608578939999994,0.0</coordinates>
                </LineString>
                <LineString id="76826">
                    <coordinates>12.52041722,53.6086059,0.0 12.520418419999999,53.60866555,0.0</coordinates>
                </LineString>
                <LineString id="76828">
                    <coordinates>12.52092968,53.60869223000001,0.0 12.520907019999997,53.60884402000001,0.0</coordinates>
                </LineString>
                <LineString id="76830">
                    <coordinates>12.521910659999998,53.60874440999999,0.0 12.52191996,53.60869198,0.0</coordinates>
                </LineString>
                <LineString id="76832">
                    <coordinates>12.52073846,53.60868210999999,0.0 12.52085083,53.60868788999999,0.0 12.52092968,53.60869223000001,0.0</coordinates>
                </LineString>
                <LineString id="76834">
                    <coordinates>12.52142512,53.608717,0.0 12.521619819999998,53.608725949999986,0.0 12.52185369,53.60874,0.0 12.521910659999998,53.60874440999999,0.0</coordinates>
                </LineString>
                <LineString id="76836">
                    <coordinates>12.522251129999999,53.608771979999986,0.0 12.522217009999999,53.608897260000006,0.0 12.52219346,53.60897567,0.0</coordinates>
                </LineString>
                <LineString id="76838">
                    <coordinates>12.521910659999998,53.60874440999999,0.0 12.522159989999997,53.60876272999999,0.0</coordinates>
                </LineString>
                <LineString id="76840">
                    <coordinates>12.522251129999999,53.608771979999986,0.0 12.522379749999999,53.6087831,0.0</coordinates>
                </LineString>
                <LineString id="76842">
                    <coordinates>12.522159989999997,53.60876272999999,0.0 12.522251129999999,53.608771979999986,0.0</coordinates>
                </LineString>
                <LineString id="76844">
                    <coordinates>12.522379749999999,53.6087831,0.0 12.522616389999998,53.60879884999999,0.0</coordinates>
                </LineString>
                <LineString id="76846">
                    <coordinates>12.522710219999999,53.60880343,0.0 12.522719589999998,53.60874246999999,0.0</coordinates>
                </LineString>
                <LineString id="76848">
                    <coordinates>12.522616389999998,53.60879884999999,0.0 12.522710219999999,53.60880343,0.0</coordinates>
                </LineString>
                <LineString id="76850">
                    <coordinates>12.52126457,53.60871073,0.0 12.521286619999998,53.60871219,0.0</coordinates>
                </LineString>
                <LineString id="76852">
                    <coordinates>12.521286619999998,53.60871219,0.0 12.521320299999998,53.60871335,0.0</coordinates>
                </LineString>
                <LineString id="76854">
                    <coordinates>12.521261080000002,53.608863459999995,0.0 12.521371819999999,53.60887103999998,0.0 12.521376560000002,53.608861690000005,0.0</coordinates>
                </LineString>
                <LineString id="76856">
                    <coordinates>12.52113162,53.608702140000005,0.0 12.521140039999999,53.6086368,0.0</coordinates>
                </LineString>
                <LineString id="76858">
                    <coordinates>12.52092968,53.60869223000001,0.0 12.52113162,53.608702140000005,0.0</coordinates>
                </LineString>
                <LineString id="76860">
                    <coordinates>12.52142512,53.608717,0.0 12.521438530000001,53.60865362,0.0</coordinates>
                </LineString>
                <LineString id="76862">
                    <coordinates>12.521320299999998,53.60871335,0.0 12.52142512,53.608717,0.0</coordinates>
                </LineString>
                <LineString id="76864">
                    <coordinates>12.52095431,53.610068769999984,0.0 12.520948219999998,53.61007911000001,0.0 12.52092434,53.61010943,0.0 12.520917309999998,53.610134589999994,0.0 12.52089099,53.610230279999996,0.0 12.520852659999997,53.61036847,0.0 12.52082339,53.61047396000001,0.0 12.520805820000001,53.610537220000005,0.0</coordinates>
                </LineString>
                <LineString id="76866">
                    <coordinates>12.52097915,53.61001134,0.0 12.52101445,53.61000846,0.0</coordinates>
                </LineString>
                <LineString id="76868">
                    <coordinates>12.52223776,53.60992227,0.0 12.522499709999998,53.6099168,0.0</coordinates>
                </LineString>
                <LineString id="76870">
                    <coordinates>12.52209805,53.60991825,0.0 12.52223776,53.60992227,0.0</coordinates>
                </LineString>
                <LineString id="76872">
                    <coordinates>12.520728,53.61084939999999,0.0 12.520805820000001,53.610537220000005,0.0</coordinates>
                </LineString>
                <LineString id="76874">
                    <coordinates>12.520805820000001,53.610537220000005,0.0 12.52064772,53.6105266,0.0</coordinates>
                </LineString>
                <LineString id="76876">
                    <coordinates>12.520610039999998,53.61046214,0.0 12.52058604,53.61046139999999,0.0</coordinates>
                </LineString>
                <LineString id="76878">
                    <coordinates>12.520658969999998,53.6104665,0.0 12.520610039999998,53.61046214,0.0</coordinates>
                </LineString>
                <LineString id="76880">
                    <coordinates>12.52060976,53.610838939999994,0.0 12.52055208,53.610833879999994,0.0</coordinates>
                </LineString>
                <LineString id="76882">
                    <coordinates>12.520308930000002,53.61243591,0.0 12.520425019999998,53.612014769999995,0.0 12.52052009,53.611659620000005,0.0 12.520604379999998,53.61133397,0.0 12.520681439999999,53.61104217999999,0.0 12.520728,53.61084939999999,0.0</coordinates>
                </LineString>
                <LineString id="76884">
                    <coordinates>12.530474310000002,53.63684016,0.0 12.530997089999998,53.636840859999985,0.0 12.531036479999997,53.63684112999999,0.0 12.53140639,53.63684705000001,0.0 12.53174121,53.63684584,0.0 12.532091550000002,53.63684588000001,0.0 12.532429290000001,53.636842339999994,0.0 12.53254718,53.63684160999999,0.0 12.53284754,53.63684214,0.0 12.533312439999998,53.636839359999996,0.0 12.533727960000002,53.63684021000001,0.0 12.53407687,53.63684053,0.0 12.53421238,53.63683979,0.0</coordinates>
                </LineString>
                <LineString id="76886">
                    <coordinates>12.537842639999997,53.63683164999999,0.0 12.537838639999999,53.63678482,0.0</coordinates>
                </LineString>
                <LineString id="76888">
                    <coordinates>12.54053322,53.6345081,0.0 12.540533509999998,53.63449677,0.0</coordinates>
                </LineString>
                <LineString id="76890">
                    <coordinates>12.52083676,53.609226299999996,0.0 12.520831540000001,53.609216530000005,0.0</coordinates>
                </LineString>
                <LineString id="76892">
                    <coordinates>12.54080216,53.63398652,0.0 12.54079872,53.633975129999996,0.0</coordinates>
                </LineString>
                <LineString id="76894">
                    <coordinates>12.54076086,53.63391576,0.0 12.54074656,53.633912540000004,0.0</coordinates>
                </LineString>
                <LineString id="76896">
                    <coordinates>12.54079872,53.633975129999996,0.0 12.540789939999998,53.63394677999999,0.0 12.540784059999998,53.63392759,0.0</coordinates>
                </LineString>
                <LineString id="76898">
                    <coordinates>12.54175339,53.638487239999996,0.0 12.54154401,53.638493239999995,0.0</coordinates>
                </LineString>
                <LineString id="76900">
                    <coordinates>12.54154388,53.63843323,0.0 12.54154401,53.638493239999995,0.0</coordinates>
                </LineString>
                <LineString id="76902">
                    <coordinates>12.520808049999998,53.60963831,0.0 12.52080991,53.60964378,0.0</coordinates>
                </LineString>
                <LineString id="76904">
                    <coordinates>12.55753793,53.637418200000006,0.0 12.55752761,53.63736028999999,0.0</coordinates>
                </LineString>
                <LineString id="76906">
                    <coordinates>12.55757652,53.637643579999995,0.0 12.55756777,53.63758913000001,0.0</coordinates>
                </LineString>
                <LineString id="76908">
                    <coordinates>12.55755904,53.63753466,0.0 12.55753793,53.637418200000006,0.0</coordinates>
                </LineString>
                <LineString id="76910">
                    <coordinates>12.54076691,53.63450373,0.0 12.54060528,53.63450678000001,0.0</coordinates>
                </LineString>
                <LineString id="76912">
                    <coordinates>12.540533509999998,53.63449677,0.0 12.54053376,53.63448785,0.0</coordinates>
                </LineString>
                <LineString id="76914">
                    <coordinates>12.56063516,53.63737037999999,0.0 12.56066045,53.63737012,0.0</coordinates>
                </LineString>
                <LineString id="76916">
                    <coordinates>12.56066045,53.63737012,0.0 12.56068574,53.63736985999999,0.0</coordinates>
                </LineString>
                <LineString id="76918">
                    <coordinates>12.541288439999999,53.636635389999995,0.0 12.54128609,53.63661664000001,0.0</coordinates>
                </LineString>
                <LineString id="76920">
                    <coordinates>12.54115874,53.63717604,0.0 12.540836559999999,53.63717955999999,0.0 12.540839229999998,53.63715121999999,0.0</coordinates>
                </LineString>
                <LineString id="76922">
                    <coordinates>12.54119952,53.637198109999986,0.0 12.54119433,53.63717555,0.0</coordinates>
                </LineString>
                <LineString id="76924">
                    <coordinates>12.540952580000003,53.63500517,0.0 12.540958009999999,53.635055349999995,0.0</coordinates>
                </LineString>
                <LineString id="76926">
                    <coordinates>12.5408322,53.63506751999999,0.0 12.540948860000002,53.634973749999986,0.0</coordinates>
                </LineString>
                <LineString id="76928">
                    <coordinates>12.540950680000002,53.63498622,0.0 12.540948860000002,53.634973749999986,0.0</coordinates>
                </LineString>
                <LineString id="76930">
                    <coordinates>12.563406599999999,53.63549946,0.0 12.56340286,53.635502,0.0</coordinates>
                </LineString>
                <LineString id="76932">
                    <coordinates>12.54154414,53.6385646,0.0 12.541550859999997,53.6385847,0.0</coordinates>
                </LineString>
                <LineString id="76934">
                    <coordinates>12.541624759999998,53.63686443999999,0.0 12.54161295,53.63674579,0.0</coordinates>
                </LineString>
                <LineString id="76936">
                    <coordinates>12.541589969999999,53.63686538,0.0 12.541624759999998,53.63686443999999,0.0</coordinates>
                </LineString>
                <LineString id="76938">
                    <coordinates>12.541673230000002,53.635451849999995,0.0 12.54167233,53.63544241000001,0.0 12.5412863,53.63544457,0.0 12.54128947,53.63546982,0.0</coordinates>
                </LineString>
                <LineString id="76940">
                    <coordinates>12.540935259999998,53.63245590999999,0.0 12.540926599999999,53.632447989999996,0.0</coordinates>
                </LineString>
                <LineString id="76942">
                    <coordinates>12.520063709999999,53.61670333999999,0.0 12.520027199999998,53.61667661999999,0.0 12.51995662,53.61660215999999,0.0</coordinates>
                </LineString>
                <LineString id="76944">
                    <coordinates>12.517789409999999,53.617298739999995,0.0 12.51770466,53.617323279999994,0.0</coordinates>
                </LineString>
                <LineString id="76946">
                    <coordinates>12.517789409999999,53.617298739999995,0.0 12.51785663,53.61737724,0.0</coordinates>
                </LineString>
                <LineString id="76948">
                    <coordinates>12.51816816,53.61719864,0.0 12.517924689999997,53.61725960999999,0.0 12.517789409999999,53.617298739999995,0.0</coordinates>
                </LineString>
                <LineString id="76950">
                    <coordinates>12.520932509999998,53.60997770999999,0.0 12.520914129999998,53.609964479999995,0.0</coordinates>
                </LineString>
                <LineString id="76952">
                    <coordinates>12.520888000000001,53.60994606,0.0 12.520914129999998,53.609964479999995,0.0</coordinates>
                </LineString>
                <LineString id="76954">
                    <coordinates>12.52080991,53.60964378,0.0 12.52088413,53.60986868999999,0.0 12.520888000000001,53.60994606,0.0</coordinates>
                </LineString>
                <LineString id="76956">
                    <coordinates>12.51969972,53.605295260000005,0.0 12.519715290000002,53.60528364,0.0 12.519848409999998,53.60511809999999,0.0 12.519874449999998,53.605084850000004,0.0 12.519916620000002,53.605022049999995,0.0 12.51995819,53.60494654,0.0 12.520005490000003,53.60484366000001,0.0</coordinates>
                </LineString>
                <LineString id="76958">
                    <coordinates>12.51978804,53.61658885,0.0 12.51977295,53.6165943,0.0</coordinates>
                </LineString>
                <LineString id="76960">
                    <coordinates>12.54186888,53.64025636,0.0 12.54193028,53.64035811,0.0</coordinates>
                </LineString>
                <LineString id="76962">
                    <coordinates>12.525684380000001,53.62024276,0.0 12.525461399999998,53.62009801999999,0.0 12.52521086,53.61993603999999,0.0 12.52501171,53.61980145,0.0 12.52477577,53.61965494,0.0 12.52455387,53.61951466,0.0 12.52452771,53.61950954,0.0 12.524183249999998,53.61929195,0.0 12.5238101,53.61907534,0.0 12.523187340000002,53.61871182,0.0 12.522554279999998,53.618340429999996,0.0 12.52197053,53.61799367999999,0.0 12.52143604,53.61767640999999,0.0</coordinates>
                </LineString>
                <LineString id="76964">
                    <coordinates>12.541544069999999,53.63849818999999,0.0 12.54154414,53.6385646,0.0</coordinates>
                </LineString>
                <LineString id="76966">
                    <coordinates>12.54372277,53.63689539999999,0.0 12.543819539999998,53.63690095999999,0.0</coordinates>
                </LineString>
                <LineString id="76968">
                    <coordinates>12.54115505,53.63649397,0.0 12.54114538,53.636443580000005,0.0</coordinates>
                </LineString>
                <LineString id="76970">
                    <coordinates>12.54106934,53.63613122999998,0.0 12.541040299999999,53.636016389999995,0.0</coordinates>
                </LineString>
                <LineString id="76972">
                    <coordinates>12.54207656,53.63384520999999,0.0 12.54212418,53.63384672,0.0</coordinates>
                </LineString>
                <LineString id="76974">
                    <coordinates>12.54034329,53.63686413,0.0 12.54043216,53.63686236000001,0.0</coordinates>
                </LineString>
                <LineString id="76976">
                    <coordinates>12.540916459999998,53.63685174999999,0.0 12.540997289999998,53.636848429999986,0.0</coordinates>
                </LineString>
                <LineString id="76978">
                    <coordinates>12.543325669999998,53.63387842999999,0.0 12.543413660000002,53.63387227,0.0 12.543776039999997,53.63383174999999,0.0 12.5441862,53.63378199,0.0 12.544531739999998,53.63374162,0.0 12.54491125,53.633693439999995,0.0 12.54519223,53.63366055,0.0 12.545283299999998,53.63364423,0.0 12.54565221,53.633603660000006,0.0 12.546033469999998,53.63356223,0.0 12.546415989999998,53.633504179999996,0.0 12.546632579999999,53.633455299999994,0.0 12.54686249,53.63336186,0.0 12.54689438,53.633342930000005,0.0 12.547125259999998,53.63317109,0.0 12.54732682,53.632970580000006,0.0 12.547421959999998,53.63287413999999,0.0 12.54759676,53.632691959999995,0.0 12.54770506,53.632578679999995,0.0</coordinates>
                </LineString>
                <LineString id="76980">
                    <coordinates>12.567844909999998,53.63681104999999,0.0 12.569026719999998,53.63672637999999,0.0</coordinates>
                </LineString>
                <LineString id="76982">
                    <coordinates>12.57434065,53.640069649999994,0.0 12.57379445,53.64016944,0.0 12.57334579,53.64025135,0.0 12.572921079999999,53.64028865,0.0 12.572806969999998,53.64029874,0.0 12.57266928,53.64029267,0.0 12.57257461,53.64028845,0.0 12.572525630000001,53.64026902999999,0.0</coordinates>
                </LineString>
                <LineString id="76984">
                    <coordinates>12.53827822,53.63708275,0.0 12.53828164,53.63708282999998,0.0</coordinates>
                </LineString>
                <LineString id="76986">
                    <coordinates>12.54112356,53.63741448,0.0 12.541133319999998,53.637413589999994,0.0</coordinates>
                </LineString>
                <LineString id="76988">
                    <coordinates>12.540964039999999,53.636499739999984,0.0 12.540969810000002,53.636500119999994,0.0</coordinates>
                </LineString>
                <LineString id="76990">
                    <coordinates>12.539696529999999,53.633936469999995,0.0 12.539681190000001,53.63393664,0.0</coordinates>
                </LineString>
                <LineString id="76992">
                    <coordinates>12.53941275,53.633939549999994,0.0 12.5394115,53.633939539999986,0.0</coordinates>
                </LineString>
                <LineString id="76994">
                    <coordinates>12.5394115,53.633939539999986,0.0 12.538831139999997,53.63392760000001,0.0</coordinates>
                </LineString>
                <LineString id="76996">
                    <coordinates>12.538121389999999,53.63463685999999,0.0 12.53812107,53.63469058999999,0.0</coordinates>
                </LineString>
                <LineString id="76998">
                    <coordinates>12.5392046,53.63441726,0.0 12.53918245,53.634406,0.0 12.53915111,53.63439966,0.0 12.53903414,53.63439852,0.0 12.53882265,53.63440297999999,0.0 12.53878443,53.63439513,0.0 12.538759689999997,53.6343853,0.0 12.538743130000002,53.63436544,0.0 12.53873576,53.634345169999996,0.0</coordinates>
                </LineString>
                <LineString id="77000">
                    <coordinates>12.538644929999998,53.63412723999999,0.0 12.53864256,53.63417149,0.0</coordinates>
                </LineString>
                <LineString id="77002">
                    <coordinates>12.53864256,53.63417149,0.0 12.538742259999998,53.634172469999996,0.0</coordinates>
                </LineString>
                <LineString id="77004">
                    <coordinates>12.538737619999997,53.63429151,0.0 12.53873576,53.634345169999996,0.0</coordinates>
                </LineString>
                <LineString id="77006">
                    <coordinates>12.53864087,53.63420334,0.0 12.538634499999999,53.634331429999996,0.0 12.538625569999997,53.634347289999994,0.0 12.5386073,53.63437442,0.0 12.538584329999999,53.63439162,0.0 12.53856102,53.63439822000001,0.0 12.538535409999998,53.634402169999994,0.0 12.538499009999999,53.63440465999999,0.0 12.538400959999999,53.63440512999998,0.0 12.538270419999998,53.634406339999984,0.0 12.53823399,53.63440610999999,0.0 12.53820759,53.63440952,0.0</coordinates>
                </LineString>
                <LineString id="77008">
                    <coordinates>12.538120610000004,53.63471836,0.0 12.538221759999999,53.634717679999994,0.0</coordinates>
                </LineString>
                <LineString id="77010">
                    <coordinates>12.53821916,53.63475883,0.0 12.53821894,53.63484562000001,0.0 12.53822046,53.63491507,0.0 12.538221439999997,53.63495870999999,0.0</coordinates>
                </LineString>
                <LineString id="77012">
                    <coordinates>12.539225340000002,53.63463166,0.0 12.539229719999998,53.63452203,0.0 12.539235339999998,53.63445586,0.0 12.539225139999997,53.634435339999996,0.0 12.539214869999997,53.63442634999999,0.0</coordinates>
                </LineString>
                <LineString id="77014">
                    <coordinates>12.539214869999997,53.63442634999999,0.0 12.539214000000001,53.63442555,0.0</coordinates>
                </LineString>
                <LineString id="77016">
                    <coordinates>12.53922453,53.63467223,0.0 12.53922398,53.63471452,0.0</coordinates>
                </LineString>
                <LineString id="77018">
                    <coordinates>12.53922398,53.63471452,0.0 12.539128479999999,53.634713539999986,0.0</coordinates>
                </LineString>
                <LineString id="77020">
                    <coordinates>12.53967158,53.633936729999995,0.0 12.539543679999998,53.63393836,0.0 12.53941275,53.633939549999994,0.0</coordinates>
                </LineString>
                <LineString id="77022">
                    <coordinates>12.53812107,53.63469058999999,0.0 12.538120610000004,53.63471836,0.0</coordinates>
                </LineString>
                <LineString id="77024">
                    <coordinates>12.538140280000002,53.63443669000001,0.0 12.538131340000001,53.634450109999996,0.0 12.538126859999998,53.63445694999999,0.0 12.538123329999998,53.63452284999999,0.0 12.538121749999998,53.63459904999999,0.0 12.538121389999999,53.63463685999999,0.0</coordinates>
                </LineString>
                <LineString id="77026">
                    <coordinates>12.538151409999996,53.633901159999986,0.0 12.538554179999998,53.63391938000001,0.0</coordinates>
                </LineString>
                <LineString id="77028">
                    <coordinates>12.539214000000001,53.63442555,0.0 12.5392046,53.63441726,0.0</coordinates>
                </LineString>
                <LineString id="77030">
                    <coordinates>12.539225340000002,53.63463166,0.0 12.53922453,53.63467223,0.0</coordinates>
                </LineString>
                <LineString id="77032">
                    <coordinates>12.539128479999999,53.634713539999986,0.0 12.539128529999997,53.63475752999999,0.0</coordinates>
                </LineString>
                <LineString id="77034">
                    <coordinates>12.53820759,53.63440952,0.0 12.538178140000001,53.63441696999999,0.0 12.538162749999998,53.63442368,0.0 12.538140280000002,53.63443669000001,0.0</coordinates>
                </LineString>
                <LineString id="77036">
                    <coordinates>12.538221759999999,53.634717679999994,0.0 12.538219360000001,53.634731689999995,0.0 12.53821916,53.63475883,0.0</coordinates>
                </LineString>
                <LineString id="77038">
                    <coordinates>12.538221439999997,53.63495870999999,0.0 12.53812794,53.63495918000001,0.0</coordinates>
                </LineString>
                <LineString id="77040">
                    <coordinates>12.53864256,53.63417149,0.0 12.53864087,53.63420334,0.0</coordinates>
                </LineString>
                <LineString id="77042">
                    <coordinates>12.538650210000002,53.634014750000006,0.0 12.53864949,53.634041679999996,0.0 12.538644929999998,53.63412723999999,0.0</coordinates>
                </LineString>
                <LineString id="77044">
                    <coordinates>12.538742259999998,53.634172469999996,0.0 12.538737619999997,53.63429151,0.0</coordinates>
                </LineString>
                <LineString id="77046">
                    <coordinates>12.54174852,53.636860979999994,0.0 12.54177828,53.63685985,0.0</coordinates>
                </LineString>
                <LineString id="77048">
                    <coordinates>12.53895356,53.63681601,0.0 12.53905942,53.636821239999996,0.0</coordinates>
                </LineString>
                <LineString id="77050">
                    <coordinates>12.539059339999998,53.63681205,0.0 12.53905942,53.636821239999996,0.0</coordinates>
                </LineString>
                <LineString id="77052">
                    <coordinates>12.51873345,53.61702481,0.0 12.518209669999997,53.61718595999999,0.0</coordinates>
                </LineString>
                <LineString id="77054">
                    <coordinates>12.54243635,53.63685245,0.0 12.54257908,53.63685574999999,0.0 12.542644990000001,53.63685045999999,0.0 12.543135219999998,53.63686739999999,0.0 12.54360542,53.636888709999994,0.0 12.5436125,53.63688908999999,0.0</coordinates>
                </LineString>
                <LineString id="77056">
                    <coordinates>12.5436125,53.63688908999999,0.0 12.54372277,53.63689539999999,0.0</coordinates>
                </LineString>
                <LineString id="77058">
                    <coordinates>12.551373999999997,53.63760872999998,0.0 12.551592749999998,53.63762886999999,0.0 12.552129609999998,53.63767742999999,0.0 12.55228471,53.63769139999998,0.0 12.55250857,53.63772373999999,0.0 12.55286856,53.637774889999996,0.0 12.552924449999999,53.63778381,0.0</coordinates>
                </LineString>
                <LineString id="77060">
                    <coordinates>12.54410241,53.63692281,0.0 12.54436857,53.63694103,0.0 12.544601289999997,53.636958619999994,0.0 12.544728939999999,53.63696891999999,0.0 12.54487506,53.63696509999999,0.0 12.54496782,53.63695096000001,0.0 12.545214039999998,53.63696802,0.0 12.545534580000002,53.636988779999996,0.0 12.54566935,53.636997560000005,0.0 12.54586395,53.637003539999995,0.0 12.545888249999997,53.6370062,0.0 12.54599413,53.63705365999999,0.0 12.546360960000001,53.63709781000001,0.0 12.54671375,53.63713922,0.0 12.546839179999996,53.63715392000001,0.0</coordinates>
                </LineString>
                <LineString id="77062">
                    <coordinates>12.54211279,53.63685026,0.0 12.542186549999998,53.63685009,0.0</coordinates>
                </LineString>
                <LineString id="77064">
                    <coordinates>12.54177828,53.63685985,0.0 12.54205008,53.63685050000001,0.0 12.54211279,53.63685026,0.0</coordinates>
                </LineString>
                <LineString id="77066">
                    <coordinates>12.538300519999998,53.63684241,0.0 12.538348160000002,53.636843260000006,0.0</coordinates>
                </LineString>
                <LineString id="77068">
                    <coordinates>12.541182859999997,53.63683396999999,0.0 12.54118325,53.63681627999999,0.0</coordinates>
                </LineString>
                <LineString id="77070">
                    <coordinates>12.54086928,53.63685353000001,0.0 12.540916459999998,53.63685174999999,0.0</coordinates>
                </LineString>
                <LineString id="77072">
                    <coordinates>12.540708419999998,53.63685829999999,0.0 12.540769919999999,53.636856829999985,0.0 12.54086928,53.63685353000001,0.0</coordinates>
                </LineString>
                <LineString id="77074">
                    <coordinates>12.539116239999998,53.63682403000001,0.0 12.53915166,53.63682579999999,0.0</coordinates>
                </LineString>
                <LineString id="77076">
                    <coordinates>12.53905942,53.636821239999996,0.0 12.539116239999998,53.63682403000001,0.0</coordinates>
                </LineString>
                <LineString id="77078">
                    <coordinates>12.539385399999999,53.63683842999998,0.0 12.539525010000002,53.63684646,0.0 12.53953061,53.63684675999999,0.0</coordinates>
                </LineString>
                <LineString id="77080">
                    <coordinates>12.53697504,53.63678284999999,0.0 12.536973750000001,53.63678181,0.0 12.537010539999999,53.6366953,0.0</coordinates>
                </LineString>
                <LineString id="77082">
                    <coordinates>12.54006484,53.63686238999999,0.0 12.54006384,53.63684961,0.0</coordinates>
                </LineString>
                <LineString id="77084">
                    <coordinates>12.53912399,53.6367072,0.0 12.53912752,53.63677616,0.0 12.53905883,53.63677593,0.0 12.539059339999998,53.63681205,0.0</coordinates>
                </LineString>
                <LineString id="77086">
                    <coordinates>12.538300519999998,53.63684241,0.0 12.538300289999999,53.63683502,0.0</coordinates>
                </LineString>
                <LineString id="77088">
                    <coordinates>12.53784329,53.63683887,0.0 12.537842639999997,53.63683164999999,0.0</coordinates>
                </LineString>
                <LineString id="77090">
                    <coordinates>12.5388019,53.63692506000001,0.0 12.538612029999998,53.63692258999999,0.0</coordinates>
                </LineString>
                <LineString id="77092">
                    <coordinates>12.53860901,53.63681642,0.0 12.538835049999998,53.63681532,0.0 12.538851059999999,53.63681508999999,0.0</coordinates>
                </LineString>
                <LineString id="77094">
                    <coordinates>12.538617770000002,53.63702026,0.0 12.538612029999998,53.63692258999999,0.0</coordinates>
                </LineString>
                <LineString id="77096">
                    <coordinates>12.538852080000002,53.63684502,0.0 12.538851439999998,53.63692592999998,0.0 12.538823250000002,53.63692536,0.0 12.5388019,53.63692506000001,0.0</coordinates>
                </LineString>
                <LineString id="77098">
                    <coordinates>12.538851059999999,53.63681508999999,0.0 12.53885249,53.63683305,0.0</coordinates>
                </LineString>
                <LineString id="77100">
                    <coordinates>12.5173687,53.61501216999999,0.0 12.51736735,53.61501272,0.0</coordinates>
                </LineString>
                <LineString id="77102">
                    <coordinates>12.517698869999998,53.61489051,0.0 12.5173687,53.61501216999999,0.0</coordinates>
                </LineString>
                <LineString id="77104">
                    <coordinates>12.54119952,53.637198109999986,0.0 12.54121383,53.63719775999999,0.0</coordinates>
                </LineString>
                <LineString id="77106">
                    <coordinates>12.5393542,53.63238156999999,0.0 12.53934634,53.63242270999999,0.0</coordinates>
                </LineString>
                <LineString id="77108">
                    <coordinates>12.54060984,53.63244618000001,0.0 12.54018101,53.63243363,0.0 12.539653999999999,53.632426439999996,0.0 12.53934634,53.63242270999999,0.0</coordinates>
                </LineString>
                <LineString id="77110">
                    <coordinates>12.53954148,53.63238122999999,0.0 12.5393542,53.63238156999999,0.0</coordinates>
                </LineString>
                <LineString id="77112">
                    <coordinates>12.53931517,53.632422319999996,0.0 12.539311309999999,53.63271369,0.0</coordinates>
                </LineString>
                <LineString id="77114">
                    <coordinates>12.54109467,53.63227534000001,0.0 12.54093667,53.63232968,0.0 12.54089316,53.63241746,0.0</coordinates>
                </LineString>
                <LineString id="77116">
                    <coordinates>12.540926599999999,53.632447989999996,0.0 12.54089316,53.63241746,0.0</coordinates>
                </LineString>
                <LineString id="77118">
                    <coordinates>12.54116869,53.63178551,0.0 12.54115678,53.63183880999999,0.0</coordinates>
                </LineString>
                <LineString id="77120">
                    <coordinates>12.54115678,53.63183880999999,0.0 12.54109467,53.63227534000001,0.0</coordinates>
                </LineString>
                <LineString id="77122">
                    <coordinates>12.541411390000002,53.63235029,0.0 12.54152924,53.63233486,0.0</coordinates>
                </LineString>
                <LineString id="77124">
                    <coordinates>12.54141159,53.632353869999996,0.0 12.541411390000002,53.63235029,0.0</coordinates>
                </LineString>
                <LineString id="77126">
                    <coordinates>12.540935259999998,53.63245590999999,0.0 12.540965179999999,53.63244851999999,0.0 12.54121842,53.63241692999999,0.0 12.541412939999999,53.63239382,0.0</coordinates>
                </LineString>
                <LineString id="77128">
                    <coordinates>12.54211401,53.63161057,0.0 12.542196970000001,53.63163296999999,0.0</coordinates>
                </LineString>
                <LineString id="77130">
                    <coordinates>12.54152924,53.63233486,0.0 12.54156586,53.63232763999999,0.0 12.541596669999999,53.63231703999998,0.0 12.54164776,53.63230332,0.0 12.54168351,53.63227227,0.0 12.54170435,53.632250680000006,0.0 12.541727539999998,53.63222226999999,0.0 12.54179201,53.63201525,0.0 12.541918249999998,53.63184442999999,0.0 12.54211401,53.63161057,0.0</coordinates>
                </LineString>
                <LineString id="77132">
                    <coordinates>12.54091448,53.63278405999999,0.0 12.540917739999996,53.63283419999999,0.0</coordinates>
                </LineString>
                <LineString id="77134">
                    <coordinates>12.54089026,53.63247501,0.0 12.540909589999998,53.63271166,0.0 12.54091448,53.63278405999999,0.0</coordinates>
                </LineString>
                <LineString id="77136">
                    <coordinates>12.540200860000002,53.63318709000001,0.0 12.540588810000001,53.633170740000004,0.0 12.540759149999998,53.63316243999999,0.0 12.540936260000002,53.63315751999998,0.0</coordinates>
                </LineString>
                <LineString id="77138">
                    <coordinates>12.5409349,53.633129069999995,0.0 12.540936260000002,53.63315751999998,0.0</coordinates>
                </LineString>
                <LineString id="77140">
                    <coordinates>12.540200860000002,53.63318709000001,0.0 12.540037179999999,53.633191000000004,0.0</coordinates>
                </LineString>
                <LineString id="77142">
                    <coordinates>12.540026970000001,53.63319122,0.0 12.54002745,53.63316006000001,0.0</coordinates>
                </LineString>
                <LineString id="77144">
                    <coordinates>12.540037179999999,53.633191000000004,0.0 12.540026970000001,53.63319122,0.0</coordinates>
                </LineString>
                <LineString id="77146">
                    <coordinates>12.540937790000001,53.63322599999999,0.0 12.54093697,53.63321659999999,0.0</coordinates>
                </LineString>
                <LineString id="77148">
                    <coordinates>12.54103505,53.633214,0.0 12.541554969999998,53.63319895,0.0</coordinates>
                </LineString>
                <LineString id="77150">
                    <coordinates>12.54094476,53.63331062,0.0 12.54094363,53.63329710000001,0.0</coordinates>
                </LineString>
                <LineString id="77152">
                    <coordinates>12.54094363,53.63329710000001,0.0 12.540940899999997,53.63326243999998,0.0</coordinates>
                </LineString>
                <LineString id="77154">
                    <coordinates>12.540940899999997,53.63326243999998,0.0 12.540937790000001,53.63322599999999,0.0</coordinates>
                </LineString>
                <LineString id="77156">
                    <coordinates>12.54100491,53.63382519,0.0 12.54097975,53.63381805,0.0 12.540954909999998,53.63373872999998,0.0 12.540949299999998,53.63360132999998,0.0</coordinates>
                </LineString>
                <LineString id="77158">
                    <coordinates>12.540949299999998,53.63360132999998,0.0 12.540948310000001,53.633581410000005,0.0 12.54094814,53.63356614999999,0.0</coordinates>
                </LineString>
                <LineString id="77160">
                    <coordinates>12.541005839999999,53.63390237,0.0 12.54100583,53.633905780000006,0.0</coordinates>
                </LineString>
                <LineString id="77162">
                    <coordinates>12.54100255,53.63392131,0.0 12.54093343,53.633986719999996,0.0</coordinates>
                </LineString>
                <LineString id="77164">
                    <coordinates>12.54100583,53.633905780000006,0.0 12.54100255,53.63392131,0.0</coordinates>
                </LineString>
                <LineString id="77166">
                    <coordinates>12.540784059999998,53.63392759,0.0 12.540770400000001,53.63391791,0.0 12.54076086,53.63391576,0.0</coordinates>
                </LineString>
                <LineString id="77168">
                    <coordinates>12.53984758,53.63393447,0.0 12.539696529999999,53.633936469999995,0.0</coordinates>
                </LineString>
                <LineString id="77170">
                    <coordinates>12.54074656,53.633912540000004,0.0 12.54059075,53.63391910999999,0.0 12.54023561,53.63392893999999,0.0 12.54013268,53.63393215,0.0 12.53986812,53.63393421,0.0 12.53984758,53.63393447,0.0</coordinates>
                </LineString>
                <LineString id="77172">
                    <coordinates>12.540952390000001,53.63500394,0.0 12.540952580000003,53.63500517,0.0</coordinates>
                </LineString>
                <LineString id="77174">
                    <coordinates>12.54096132,53.63510708999999,0.0 12.5409698,53.63515929999999,0.0</coordinates>
                </LineString>
                <LineString id="77176">
                    <coordinates>12.54103999,53.635420639999985,0.0 12.54105515,53.635471949999996,0.0</coordinates>
                </LineString>
                <LineString id="77178">
                    <coordinates>12.541088179999997,53.635644329999984,0.0 12.541070439999999,53.63556034999999,0.0 12.54105515,53.635471949999996,0.0</coordinates>
                </LineString>
                <LineString id="77180">
                    <coordinates>12.54105515,53.635471949999996,0.0 12.541268219999997,53.63546999999999,0.0</coordinates>
                </LineString>
                <LineString id="77182">
                    <coordinates>12.5409698,53.63515929999999,0.0 12.54103999,53.635420639999985,0.0</coordinates>
                </LineString>
                <LineString id="77184">
                    <coordinates>12.54108923,53.63564907,0.0 12.541088179999997,53.635644329999984,0.0</coordinates>
                </LineString>
                <LineString id="77186">
                    <coordinates>12.540973029999998,53.63566014,0.0 12.540963099999999,53.63566051,0.0</coordinates>
                </LineString>
                <LineString id="77188">
                    <coordinates>12.54110497,53.63572066,0.0 12.54109081,53.63565623,0.0</coordinates>
                </LineString>
                <LineString id="77190">
                    <coordinates>12.540963099999999,53.63566051,0.0 12.54090827,53.63565741000001,0.0 12.540894789999998,53.6356439,0.0 12.54077611,53.63564821999999,0.0 12.54073715,53.6356496,0.0</coordinates>
                </LineString>
                <LineString id="77192">
                    <coordinates>12.541062259999999,53.63606268999999,0.0 12.54115046,53.636059640000006,0.0</coordinates>
                </LineString>
                <LineString id="77194">
                    <coordinates>12.54115046,53.636059640000006,0.0 12.541178290000001,53.63605907,0.0</coordinates>
                </LineString>
                <LineString id="77196">
                    <coordinates>12.54118228,53.636076110000005,0.0 12.541178290000001,53.63605907,0.0</coordinates>
                </LineString>
                <LineString id="77198">
                    <coordinates>12.541266859999999,53.63647353,0.0 12.54126279,53.63645151999999,0.0</coordinates>
                </LineString>
                <LineString id="77200">
                    <coordinates>12.54119433,53.63717555,0.0 12.54118443,53.63714568999999,0.0 12.541180539999997,53.63709993,0.0</coordinates>
                </LineString>
                <LineString id="77202">
                    <coordinates>12.54121383,53.63719775999999,0.0 12.54135884,53.63719456,0.0</coordinates>
                </LineString>
                <LineString id="77204">
                    <coordinates>12.5412079,53.63722924,0.0 12.54120533,53.63722293,0.0 12.54119952,53.637198109999986,0.0</coordinates>
                </LineString>
                <LineString id="77206">
                    <coordinates>12.54135884,53.63719456,0.0 12.54144758,53.637251830000004,0.0</coordinates>
                </LineString>
                <LineString id="77208">
                    <coordinates>12.54128811,53.63725024,0.0 12.541216760000001,53.63725173000001,0.0 12.5412079,53.63722924,0.0</coordinates>
                </LineString>
                <LineString id="77210">
                    <coordinates>12.54133842,53.63750596999999,0.0 12.541341629999998,53.63753294,0.0</coordinates>
                </LineString>
                <LineString id="77212">
                    <coordinates>12.541351970000001,53.6376183,0.0 12.54135452,53.63764926999998,0.0</coordinates>
                </LineString>
                <LineString id="77214">
                    <coordinates>12.54138282,53.63785423,0.0 12.541478139999999,53.63785094000001,0.0</coordinates>
                </LineString>
                <LineString id="77216">
                    <coordinates>12.541370769999999,53.63783710999999,0.0 12.54137236,53.63785456999999,0.0</coordinates>
                </LineString>
                <LineString id="77218">
                    <coordinates>12.54149354,53.63785008,0.0 12.541502590000002,53.63784965,0.0</coordinates>
                </LineString>
                <LineString id="77220">
                    <coordinates>12.5415175,53.63784994,0.0 12.541537659999998,53.63785031,0.0</coordinates>
                </LineString>
                <LineString id="77222">
                    <coordinates>12.54135452,53.63764926999998,0.0 12.541364699999999,53.63777492999999,0.0</coordinates>
                </LineString>
                <LineString id="77224">
                    <coordinates>12.54139774,53.63823365,0.0 12.5413991,53.638260280000004,0.0</coordinates>
                </LineString>
                <LineString id="77226">
                    <coordinates>12.54140647,53.638260120000005,0.0 12.541509229999997,53.63825799999999,0.0</coordinates>
                </LineString>
                <LineString id="77228">
                    <coordinates>12.54154635,53.63825782999999,0.0 12.541556579999998,53.63825785999999,0.0</coordinates>
                </LineString>
                <LineString id="77230">
                    <coordinates>12.54154379,53.63840522999999,0.0 12.54154379,53.63841335,0.0</coordinates>
                </LineString>
                <LineString id="77232">
                    <coordinates>12.54157545,53.63886642,0.0 12.54157609,53.63887564,0.0</coordinates>
                </LineString>
                <LineString id="77234">
                    <coordinates>12.54157609,53.63887564,0.0 12.541585200000002,53.63899081,0.0</coordinates>
                </LineString>
                <LineString id="77236">
                    <coordinates>12.54137236,53.63785456999999,0.0 12.54138282,53.63785423,0.0</coordinates>
                </LineString>
                <LineString id="77238">
                    <coordinates>12.541502590000002,53.63784965,0.0 12.5415175,53.63784994,0.0</coordinates>
                </LineString>
                <LineString id="77240">
                    <coordinates>12.541478139999999,53.63785094000001,0.0 12.54149354,53.63785008,0.0</coordinates>
                </LineString>
                <LineString id="77242">
                    <coordinates>12.5413991,53.638260280000004,0.0 12.54140647,53.638260120000005,0.0</coordinates>
                </LineString>
                <LineString id="77244">
                    <coordinates>12.541509229999997,53.63825799999999,0.0 12.541533369999996,53.638257889999984,0.0</coordinates>
                </LineString>
                <LineString id="77246">
                    <coordinates>12.54204849,53.64045675,0.0 12.54207532,53.64043003,0.0</coordinates>
                </LineString>
                <LineString id="77248">
                    <coordinates>12.54194011,53.64054123,0.0 12.54198095,53.640518199999995,0.0</coordinates>
                </LineString>
                <LineString id="77250">
                    <coordinates>12.54194011,53.64054123,0.0 12.54193714,53.64056418999999,0.0 12.54192379,53.64061457,0.0 12.541901019999996,53.64069426999998,0.0</coordinates>
                </LineString>
                <LineString id="77252">
                    <coordinates>12.541883989999999,53.640754059999985,0.0 12.541901019999996,53.64069426999998,0.0</coordinates>
                </LineString>
                <LineString id="77254">
                    <coordinates>12.5413044,53.63679019,0.0 12.541288439999999,53.636635389999995,0.0</coordinates>
                </LineString>
                <LineString id="77256">
                    <coordinates>12.54130786,53.636831909999984,0.0 12.5413044,53.63679019,0.0</coordinates>
                </LineString>
                <LineString id="77258">
                    <coordinates>12.54108061,53.63565659999998,0.0 12.540973029999998,53.63566014,0.0</coordinates>
                </LineString>
                <LineString id="77260">
                    <coordinates>12.54096132,53.63510708999999,0.0 12.540958009999999,53.635055349999995,0.0</coordinates>
                </LineString>
                <LineString id="77262">
                    <coordinates>12.54198095,53.640518199999995,0.0 12.541992659999998,53.64051163,0.0</coordinates>
                </LineString>
                <LineString id="77264">
                    <coordinates>12.541992659999998,53.64051163,0.0 12.54204849,53.64045675,0.0</coordinates>
                </LineString>
                <LineString id="77266">
                    <coordinates>12.54207532,53.64043003,0.0 12.542078720000001,53.64042665,0.0</coordinates>
                </LineString>
                <LineString id="77268">
                    <coordinates>12.54193028,53.64035811,0.0 12.541999439999996,53.640390299999986,0.0 12.542078720000001,53.64042665,0.0</coordinates>
                </LineString>
                <LineString id="77270">
                    <coordinates>12.54130786,53.636831909999984,0.0 12.541323629999999,53.63684624,0.0 12.541347600000002,53.6368582,0.0</coordinates>
                </LineString>
                <LineString id="77272">
                    <coordinates>12.541720509999998,53.63686214,0.0 12.54174852,53.636860979999994,0.0</coordinates>
                </LineString>
                <LineString id="77274">
                    <coordinates>12.542352359999999,53.63685043999999,0.0 12.542378860000001,53.63685107,0.0</coordinates>
                </LineString>
                <LineString id="77276">
                    <coordinates>12.54048162,53.63686124,0.0 12.54058208,53.63686048999999,0.0</coordinates>
                </LineString>
                <LineString id="77278">
                    <coordinates>12.539809769999998,53.63685878,0.0 12.53986352,53.63685905,0.0</coordinates>
                </LineString>
                <LineString id="77280">
                    <coordinates>12.53915166,53.63682579999999,0.0 12.53920461,53.636828439999995,0.0</coordinates>
                </LineString>
                <LineString id="77282">
                    <coordinates>12.539237369999999,53.63683004999999,0.0 12.539385399999999,53.63683842999998,0.0</coordinates>
                </LineString>
                <LineString id="77284">
                    <coordinates>12.537781769999999,53.63683670999998,0.0 12.537693720000002,53.6369382,0.0</coordinates>
                </LineString>
                <LineString id="77286">
                    <coordinates>12.53767251,53.636832469999995,0.0 12.537712039999999,53.636834220000004,0.0 12.537781769999999,53.63683670999998,0.0</coordinates>
                </LineString>
                <LineString id="77288">
                    <coordinates>12.54126279,53.63645151999999,0.0 12.541254449999998,53.636407840000004,0.0</coordinates>
                </LineString>
                <LineString id="77290">
                    <coordinates>12.541182859999997,53.63683396999999,0.0 12.54130388,53.63683198,0.0</coordinates>
                </LineString>
                <LineString id="77292">
                    <coordinates>12.540212169999998,53.636863729999995,0.0 12.540309319999999,53.63686471,0.0 12.54034329,53.63686413,0.0</coordinates>
                </LineString>
                <LineString id="77294">
                    <coordinates>12.540109629999998,53.63686276,0.0 12.540212169999998,53.636863729999995,0.0</coordinates>
                </LineString>
                <LineString id="77296">
                    <coordinates>12.53885249,53.63683305,0.0 12.538852080000002,53.63684502,0.0</coordinates>
                </LineString>
                <LineString id="77298">
                    <coordinates>12.53895356,53.63681601,0.0 12.538954379999996,53.636847149999994,0.0</coordinates>
                </LineString>
                <LineString id="77300">
                    <coordinates>12.539681190000001,53.63393664,0.0 12.53967158,53.633936729999995,0.0</coordinates>
                </LineString>
                <LineString id="77302">
                    <coordinates>12.54100491,53.63382519,0.0 12.541005839999999,53.63390237,0.0</coordinates>
                </LineString>
                <LineString id="77304">
                    <coordinates>12.540935259999998,53.63245590999999,0.0 12.540907030000001,53.63246455,0.0 12.54089026,53.63247501,0.0</coordinates>
                </LineString>
                <LineString id="77306">
                    <coordinates>12.541412939999999,53.63239382,0.0 12.54141159,53.632353869999996,0.0</coordinates>
                </LineString>
                <LineString id="77308">
                    <coordinates>12.56400488,53.63508514,0.0 12.56360554,53.635364599999996,0.0 12.563406599999999,53.63549946,0.0</coordinates>
                </LineString>
                <LineString id="77310">
                    <coordinates>12.541531400000002,53.63686710999999,0.0 12.541536340000002,53.63694216,0.0</coordinates>
                </LineString>
                <LineString id="77312">
                    <coordinates>12.541720509999998,53.63686214,0.0 12.541733869999998,53.63694060999999,0.0</coordinates>
                </LineString>
                <LineString id="77314">
                    <coordinates>12.542237299999998,53.63684993999999,0.0 12.542241830000002,53.6369237,0.0</coordinates>
                </LineString>
                <LineString id="77316">
                    <coordinates>12.54119433,53.63717555,0.0 12.54115874,53.63717604,0.0</coordinates>
                </LineString>
                <LineString id="77318">
                    <coordinates>12.541538719999998,53.63825789999999,0.0 12.54154635,53.63825782999999,0.0</coordinates>
                </LineString>
                <LineString id="77320">
                    <coordinates>12.54154401,53.638493239999995,0.0 12.541544069999999,53.63849818999999,0.0</coordinates>
                </LineString>
                <LineString id="77322">
                    <coordinates>12.541555099999998,53.63859754,0.0 12.54156498,53.638719290000004,0.0</coordinates>
                </LineString>
                <LineString id="77324">
                    <coordinates>12.541178290000001,53.63605907,0.0 12.54117699,53.63605357,0.0</coordinates>
                </LineString>
                <LineString id="77326">
                    <coordinates>12.54109081,53.63565623,0.0 12.54108923,53.63564907,0.0</coordinates>
                </LineString>
                <LineString id="77328">
                    <coordinates>12.540950680000002,53.63498622,0.0 12.540952390000001,53.63500394,0.0</coordinates>
                </LineString>
                <LineString id="77330">
                    <coordinates>12.54002745,53.63316006000001,0.0 12.539973209999998,53.63316099,0.0 12.539742859999997,53.633154299999994,0.0 12.53973028,53.6330583,0.0</coordinates>
                </LineString>
                <LineString id="77332">
                    <coordinates>12.54058208,53.63686048999999,0.0 12.540708419999998,53.63685829999999,0.0</coordinates>
                </LineString>
                <LineString id="77334">
                    <coordinates>12.539928779999999,53.63685956999999,0.0 12.53993423,53.636930660000004,0.0</coordinates>
                </LineString>
                <LineString id="77336">
                    <coordinates>12.538554179999998,53.63391938000001,0.0 12.538604339999997,53.6339321,0.0 12.53862579,53.63394462,0.0 12.53864095,53.63395926,0.0 12.538651369999998,53.63397416000001,0.0 12.538650210000002,53.634014750000006,0.0</coordinates>
                </LineString>
                <LineString id="77338">
                    <coordinates>12.52097915,53.61001134,0.0 12.520932509999998,53.60997770999999,0.0</coordinates>
                </LineString>
                <LineString id="77340">
                    <coordinates>12.541531400000002,53.63686710999999,0.0 12.541589969999999,53.63686538,0.0</coordinates>
                </LineString>
                <LineString id="77342">
                    <coordinates>12.54950671,53.63060586,0.0 12.549621509999998,53.63047011999999,0.0 12.54987968,53.630172949999995,0.0 12.549964689999998,53.63007214999999,0.0 12.55012316,53.62989228,0.0 12.55026521,53.629721049999986,0.0 12.5503818,53.629588909999995,0.0 12.550481140000002,53.62947566,0.0 12.550734189999998,53.62919610999999,0.0 12.55096186,53.62894200000001,0.0 12.55120107,53.62868576,0.0 12.55144307,53.62842168,0.0 12.551574009999998,53.6282894,0.0 12.55174801,53.62810232999999,0.0 12.551926900000002,53.62790340000001,0.0 12.552131739999998,53.62768540999999,0.0</coordinates>
                </LineString>
                <LineString id="77344">
                    <coordinates>12.54093343,53.633986719999996,0.0 12.541076809999998,53.63391149,0.0</coordinates>
                </LineString>
                <LineString id="77346">
                    <coordinates>12.55594094,53.624193219999995,0.0 12.556048049999998,53.62410652999999,0.0 12.556150500000003,53.62402291,0.0</coordinates>
                </LineString>
                <LineString id="77348">
                    <coordinates>12.52097915,53.61001134,0.0 12.52075005,53.60992902,0.0</coordinates>
                </LineString>
                <LineString id="77350">
                    <coordinates>12.520728,53.61084939999999,0.0 12.52060976,53.610838939999994,0.0</coordinates>
                </LineString>
                <LineString id="77352">
                    <coordinates>12.522536089999997,53.609915709999996,0.0 12.52272119,53.60991026999999,0.0</coordinates>
                </LineString>
                <LineString id="77354">
                    <coordinates>12.520851310000001,53.609632270000006,0.0 12.520808049999998,53.60963831,0.0</coordinates>
                </LineString>
                <LineString id="77356">
                    <coordinates>12.52080588,53.60963211999999,0.0 12.520808049999998,53.60963831,0.0</coordinates>
                </LineString>
                <LineString id="77358">
                    <coordinates>12.52080588,53.60963211999999,0.0 12.520770639999999,53.6096245,0.0 12.520646250000002,53.60935068,0.0 12.5205825,53.609203060000006,0.0 12.52071398,53.60923544,0.0 12.520757590000002,53.60924940999999,0.0 12.520839559999999,53.60923392,0.0 12.52083676,53.609226299999996,0.0</coordinates>
                </LineString>
                <LineString id="77360">
                    <coordinates>12.520418419999999,53.60866555,0.0 12.52073846,53.60868210999999,0.0</coordinates>
                </LineString>
                <LineString id="77362">
                    <coordinates>12.521286619999998,53.60871219,0.0 12.521261080000002,53.608863459999995,0.0</coordinates>
                </LineString>
                <LineString id="77364">
                    <coordinates>12.5212206,53.60870789999999,0.0 12.52126457,53.60871073,0.0</coordinates>
                </LineString>
                <LineString id="77366">
                    <coordinates>12.520851310000001,53.609632270000006,0.0 12.52094069,53.609617209999996,0.0</coordinates>
                </LineString>
                <LineString id="77368">
                    <coordinates>12.52064772,53.6105266,0.0 12.520658969999998,53.6104665,0.0</coordinates>
                </LineString>
                <LineString id="77370">
                    <coordinates>12.52101445,53.61000846,0.0 12.521256379999999,53.60998696999999,0.0 12.52155217,53.60996030999999,0.0 12.52187666,53.60993096999999,0.0</coordinates>
                </LineString>
                <LineString id="77372">
                    <coordinates>12.52187666,53.60993096999999,0.0 12.521968990000001,53.60992264,0.0 12.52203899,53.60991651999999,0.0 12.52209805,53.60991825,0.0</coordinates>
                </LineString>
                <LineString id="77374">
                    <coordinates>12.52113162,53.608702140000005,0.0 12.5212206,53.60870789999999,0.0</coordinates>
                </LineString>
                <LineString id="77376">
                    <coordinates>12.56449374,53.63496762,0.0 12.564514300000003,53.63495165,0.0</coordinates>
                </LineString>
                <LineString id="77378">
                    <coordinates>12.564514300000003,53.63495165,0.0 12.564526219999998,53.63494235999999,0.0</coordinates>
                </LineString>
                <LineString id="77380">
                    <coordinates>12.56493878,53.6349672,0.0 12.564919679999997,53.63498083,0.0</coordinates>
                </LineString>
                <LineString id="77382">
                    <coordinates>12.565009949999999,53.634916479999994,0.0 12.56493878,53.6349672,0.0</coordinates>
                </LineString>
                <LineString id="77384">
                    <coordinates>12.560853079999998,53.63736208,0.0 12.560855209999998,53.63736188000001,0.0</coordinates>
                </LineString>
                <LineString id="77386">
                    <coordinates>12.560855209999998,53.63736188000001,0.0 12.560849249999999,53.63734688,0.0 12.56094495,53.6372846,0.0 12.56111696,53.637183459999996,0.0 12.56136727,53.63701441999999,0.0 12.561525289999999,53.63690765,0.0 12.5613901,53.63683154999999,0.0 12.56137678,53.63681213000001,0.0</coordinates>
                </LineString>
                <LineString id="77388">
                    <coordinates>12.56070722,53.637369469999996,0.0 12.560782459999999,53.63736816999999,0.0</coordinates>
                </LineString>
                <LineString id="77390">
                    <coordinates>12.560788699999998,53.63736748,0.0 12.560853079999998,53.63736208,0.0</coordinates>
                </LineString>
                <LineString id="77392">
                    <coordinates>12.56078383,53.63736789,0.0 12.560788699999998,53.63736748,0.0</coordinates>
                </LineString>
                <LineString id="77394">
                    <coordinates>12.56078383,53.63736789,0.0 12.560797999999998,53.637367919999996,0.0</coordinates>
                </LineString>
                <LineString id="77396">
                    <coordinates>12.55930828,53.63858085,0.0 12.55933641,53.63859043,0.0</coordinates>
                </LineString>
                <LineString id="77398">
                    <coordinates>12.56050389,53.63776118,0.0 12.560286499999998,53.63792897999999,0.0 12.56007679,53.63808582999999,0.0 12.55962161,53.63840002,0.0 12.55933641,53.63859043,0.0</coordinates>
                </LineString>
                <LineString id="77400">
                    <coordinates>12.55912814,53.63851964999999,0.0 12.559158879999998,53.63853009999999,0.0</coordinates>
                </LineString>
                <LineString id="77402">
                    <coordinates>12.559158879999998,53.63853009999999,0.0 12.55930828,53.63858085,0.0</coordinates>
                </LineString>
                <LineString id="77404">
                    <coordinates>12.51927838,53.61587203999999,0.0 12.51928816,53.61586352,0.0</coordinates>
                </LineString>
                <LineString id="77406">
                    <coordinates>12.51928816,53.61586352,0.0 12.519380040000001,53.61578406999999,0.0</coordinates>
                </LineString>
                <LineString id="77408">
                    <coordinates>12.519587650000002,53.61508080000001,0.0 12.519473770000001,53.615078219999994,0.0</coordinates>
                </LineString>
                <LineString id="77410">
                    <coordinates>12.51923927,53.61503195,0.0 12.519181490000001,53.61506013999998,0.0</coordinates>
                </LineString>
                <LineString id="77412">
                    <coordinates>12.518209669999997,53.61718595999999,0.0 12.51816816,53.61719864,0.0</coordinates>
                </LineString>
                <LineString id="77414">
                    <coordinates>12.51763911,53.61726369000001,0.0 12.51750581,53.61729439,0.0 12.51714263,53.61740120999999,0.0</coordinates>
                </LineString>
                <LineString id="77416">
                    <coordinates>12.520280229999997,53.61682636999999,0.0 12.520322759999999,53.61682234,0.0 12.520350320000002,53.61681617,0.0 12.520518080000002,53.61675772000001,0.0 12.52079786,53.616660650000014,0.0 12.521277330000002,53.61648974,0.0 12.521378789999998,53.61645304000001,0.0</coordinates>
                </LineString>
                <LineString id="77418">
                    <coordinates>12.521587469999998,53.61637641999999,0.0 12.521804380000003,53.616289519999995,0.0</coordinates>
                </LineString>
                <LineString id="77420">
                    <coordinates>12.51941618,53.61563065,0.0 12.519175809999998,53.6156498,0.0 12.51902192,53.61567206,0.0</coordinates>
                </LineString>
                <LineString id="77422">
                    <coordinates>12.53973028,53.6330583,0.0 12.53973012,53.63305804000001,0.0</coordinates>
                </LineString>
                <LineString id="77424">
                    <coordinates>12.53892751,53.63237740999999,0.0 12.538905379999997,53.63237460999999,0.0</coordinates>
                </LineString>
                <LineString id="77426">
                    <coordinates>12.537261699999998,53.63717225999999,0.0 12.53747441,53.63705422999999,0.0 12.53748427,53.63705751999999,0.0</coordinates>
                </LineString>
                <LineString id="77428">
                    <coordinates>12.537693720000002,53.6369382,0.0 12.53753346,53.63702552,0.0 12.53748427,53.63705751999999,0.0</coordinates>
                </LineString>
                <LineString id="77430">
                    <coordinates>12.538299860000002,53.636908909999995,0.0 12.538300489999997,53.63692788,0.0</coordinates>
                </LineString>
                <LineString id="77432">
                    <coordinates>12.53860149,53.637092179999996,0.0 12.538579499999999,53.637092429999996,0.0 12.53857904,53.63708395,0.0</coordinates>
                </LineString>
                <LineString id="77434">
                    <coordinates>12.53857904,53.63708395,0.0 12.53857588,53.63701945,0.0</coordinates>
                </LineString>
                <LineString id="77436">
                    <coordinates>12.539106820000002,53.636698339999995,0.0 12.5391236,53.63669840000001,0.0 12.53912399,53.6367072,0.0</coordinates>
                </LineString>
                <LineString id="77438">
                    <coordinates>12.54118364,53.636755429999994,0.0 12.540994949999996,53.63675764,0.0 12.540727259999999,53.63676378,0.0</coordinates>
                </LineString>
                <LineString id="77440">
                    <coordinates>12.54166848,53.63726064000001,0.0 12.54171479,53.637266620000005,0.0 12.54178021,53.63727573,0.0</coordinates>
                </LineString>
                <LineString id="77442">
                    <coordinates>12.54144758,53.637251830000004,0.0 12.541509119999999,53.637252919999995,0.0 12.541587919999998,53.63725256,0.0 12.541635390000001,53.637256210000004,0.0 12.54166848,53.63726064000001,0.0</coordinates>
                </LineString>
                <LineString id="77444">
                    <coordinates>12.54006484,53.63686238999999,0.0 12.540109629999998,53.63686276,0.0</coordinates>
                </LineString>
                <LineString id="77446">
                    <coordinates>12.54006384,53.63684961,0.0 12.540054719999999,53.63675003,0.0</coordinates>
                </LineString>
                <LineString id="77448">
                    <coordinates>12.54154388,53.63843323,0.0 12.541559049999998,53.63843283,0.0</coordinates>
                </LineString>
                <LineString id="77450">
                    <coordinates>12.541559049999998,53.63843283,0.0 12.54165088,53.638430449999994,0.0</coordinates>
                </LineString>
                <LineString id="77452">
                    <coordinates>12.541533369999996,53.638257889999984,0.0 12.541538719999998,53.63825789999999,0.0</coordinates>
                </LineString>
                <LineString id="77454">
                    <coordinates>12.54151003,53.63761267999998,0.0 12.54168281,53.637606440000006,0.0</coordinates>
                </LineString>
                <LineString id="77456">
                    <coordinates>12.54168281,53.637606440000006,0.0 12.54168413,53.63760634999999,0.0</coordinates>
                </LineString>
                <LineString id="77458">
                    <coordinates>12.541537659999998,53.63785031,0.0 12.541746429999998,53.63781669,0.0</coordinates>
                </LineString>
                <LineString id="77460">
                    <coordinates>12.541117749999998,53.63632849999999,0.0 12.541110509999998,53.63629857,0.0</coordinates>
                </LineString>
                <LineString id="77462">
                    <coordinates>12.541117749999998,53.63632849999999,0.0 12.540936719999998,53.63633259999999,0.0</coordinates>
                </LineString>
                <LineString id="77464">
                    <coordinates>12.541176169999998,53.63604987,0.0 12.541173689999999,53.63603946,0.0</coordinates>
                </LineString>
                <LineString id="77466">
                    <coordinates>12.54110616,53.63572609,0.0 12.54110497,53.63572066,0.0</coordinates>
                </LineString>
                <LineString id="77468">
                    <coordinates>12.5408322,53.63506751999999,0.0 12.5408251,53.635006239999996,0.0 12.54061356,53.63501065,0.0</coordinates>
                </LineString>
                <LineString id="77470">
                    <coordinates>12.54061356,53.63501065,0.0 12.5406078,53.63496348,0.0</coordinates>
                </LineString>
                <LineString id="77472">
                    <coordinates>12.54094708,53.63496119,0.0 12.54094613,53.63494897,0.0</coordinates>
                </LineString>
                <LineString id="77474">
                    <coordinates>12.5406078,53.63496348,0.0 12.540607599999998,53.63495388999999,0.0</coordinates>
                </LineString>
                <LineString id="77476">
                    <coordinates>12.54130025,53.63502352,0.0 12.54120333,53.63503049,0.0 12.54118969,53.63503056,0.0 12.541190389999999,53.63499723,0.0 12.5410451,53.63499991999999,0.0</coordinates>
                </LineString>
                <LineString id="77478">
                    <coordinates>12.5410451,53.63499991999999,0.0 12.540961309999998,53.63500355,0.0</coordinates>
                </LineString>
                <LineString id="77480">
                    <coordinates>12.54165479,53.63383321,0.0 12.54165647,53.633728049999995,0.0</coordinates>
                </LineString>
                <LineString id="77482">
                    <coordinates>12.539311309999999,53.63271369,0.0 12.539311129999998,53.632726379999994,0.0 12.539315320000002,53.63285712,0.0 12.53932713,53.63285705,0.0</coordinates>
                </LineString>
                <LineString id="77484">
                    <coordinates>12.541158730000001,53.63173930000001,0.0 12.541172429999998,53.63173582999999,0.0</coordinates>
                </LineString>
                <LineString id="77486">
                    <coordinates>12.54116869,53.63178551,0.0 12.541172429999998,53.63173582999999,0.0</coordinates>
                </LineString>
                <LineString id="77488">
                    <coordinates>12.540405389999998,53.63173106000001,0.0 12.540537519999999,53.631788119999996,0.0 12.54063905,53.631802990000004,0.0 12.540686300000003,53.63179220999999,0.0 12.541025889999998,53.631772819999995,0.0 12.541158730000001,53.63173930000001,0.0</coordinates>
                </LineString>
                <LineString id="77490">
                    <coordinates>12.561685239999997,53.637267339999994,0.0 12.562366059999999,53.63721540000001,0.0</coordinates>
                </LineString>
                <LineString id="77492">
                    <coordinates>12.55531692,53.62470117,0.0 12.55559964,53.62446521999998,0.0 12.55582498,53.624287130000006,0.0 12.55594094,53.624193219999995,0.0</coordinates>
                </LineString>
                <LineString id="77494">
                    <coordinates>12.54212418,53.63384672,0.0 12.542157100000003,53.63384773999999,0.0 12.54237146,53.63386031000001,0.0 12.54254286,53.63386854000001,0.0 12.542648869999999,53.63387785,0.0 12.54268258,53.633879109999995,0.0</coordinates>
                </LineString>
                <LineString id="77496">
                    <coordinates>12.53784329,53.63683887,0.0 12.53803415,53.63684034999999,0.0</coordinates>
                </LineString>
                <LineString id="77498">
                    <coordinates>12.542352359999999,53.63685043999999,0.0 12.542352009999998,53.63675141,0.0</coordinates>
                </LineString>
                <LineString id="77500">
                    <coordinates>12.541589790000002,53.63924945000001,0.0 12.54158796,53.639476329999994,0.0</coordinates>
                </LineString>
                <LineString id="77502">
                    <coordinates>12.56017039,53.61965399999999,0.0 12.56042032,53.61948992,0.0 12.560625779999997,53.61936621999999,0.0</coordinates>
                </LineString>
                <LineString id="77504">
                    <coordinates>12.560625779999997,53.61936621999999,0.0 12.56062608,53.61936604,0.0</coordinates>
                </LineString>
                <LineString id="77506">
                    <coordinates>12.522499709999998,53.6099168,0.0 12.522536089999997,53.609915709999996,0.0</coordinates>
                </LineString>
                <LineString id="77508">
                    <coordinates>12.541347600000002,53.6368582,0.0 12.54137139,53.636864979999984,0.0 12.54139714,53.636870439999996,0.0 12.541429549999998,53.63687061,0.0 12.541502679999999,53.63686802,0.0</coordinates>
                </LineString>
                <LineString id="77510">
                    <coordinates>12.521100260000003,53.604225789999994,0.0 12.52121592,53.60424942000001,0.0 12.52125634,53.60425798000001,0.0</coordinates>
                </LineString>
                <LineString id="77512">
                    <coordinates>12.520382549999999,53.604080569999994,0.0 12.520595679999998,53.60412251999998,0.0 12.521100260000003,53.604225789999994,0.0</coordinates>
                </LineString>
                <LineString id="77514">
                    <coordinates>12.520142360000001,53.604101809999996,0.0 12.520176679999999,53.60404012999999,0.0 12.520382549999999,53.604080569999994,0.0</coordinates>
                </LineString>
                <LineString id="77516">
                    <coordinates>12.540917739999996,53.63283419999999,0.0 12.54092528,53.63296630999999,0.0 12.54093424,53.63311565,0.0</coordinates>
                </LineString>
                <LineString id="77518">
                    <coordinates>12.54093424,53.63311565,0.0 12.5409349,53.633129069999995,0.0</coordinates>
                </LineString>
                <LineString id="77520">
                    <coordinates>12.53697504,53.63678284999999,0.0 12.536986970000001,53.636778459999995,0.0 12.53700379,53.63676013,0.0 12.53702104,53.63674042,0.0 12.537031949999998,53.63672299,0.0 12.537174039999998,53.636747579999984,0.0 12.537207650000001,53.636754540000005,0.0 12.537262450000002,53.63677162999999,0.0 12.53729191,53.63678372999999,0.0 12.53733254,53.63680651000001,0.0 12.53735331,53.63681273000001,0.0 12.53739063,53.63681750999999,0.0 12.537427000000001,53.63682124999999,0.0 12.537469819999998,53.63682341999999,0.0 12.53767251,53.636832469999995,0.0</coordinates>
                </LineString>
                <LineString id="77522">
                    <coordinates>12.52097915,53.61001134,0.0 12.52097289,53.610037029999994,0.0 12.520959959999999,53.61005914999999,0.0 12.52095431,53.610068769999984,0.0</coordinates>
                </LineString>
                <LineString id="77524">
                    <coordinates>12.5409515,53.63437171,0.0 12.540968489999997,53.63437301,0.0</coordinates>
                </LineString>
                <LineString id="77526">
                    <coordinates>12.54093468,53.634370409999995,0.0 12.5409515,53.63437171,0.0</coordinates>
                </LineString>
                <LineString id="77528">
                    <coordinates>12.56068574,53.63736985999999,0.0 12.56070722,53.637369469999996,0.0</coordinates>
                </LineString>
                <LineString id="77530">
                    <coordinates>12.520122420000002,53.61674646000001,0.0 12.520063709999999,53.61670333999999,0.0</coordinates>
                </LineString>
                <LineString id="77532">
                    <coordinates>12.54223961,53.63150529000001,0.0 12.54223961,53.63150510999999,0.0</coordinates>
                </LineString>
                <LineString id="77534">
                    <coordinates>12.542196970000001,53.63163296999999,0.0 12.54223961,53.63150529000001,0.0</coordinates>
                </LineString>
                <LineString id="77536">
                    <coordinates>12.542297670000002,53.63106784,0.0 12.54227663,53.63107596999999,0.0 12.54226186,53.63109846999999,0.0 12.54217249,53.63107658,0.0 12.54209749,53.63137080999999,0.0 12.542118459999998,53.63147450999999,0.0 12.54223961,53.63150510999999,0.0</coordinates>
                </LineString>
                <LineString id="77538">
                    <coordinates>12.572525630000001,53.64026902999999,0.0 12.57245347,53.64005503999999,0.0 12.57233952,53.63971703,0.0 12.572151400000001,53.639258549999994,0.0 12.571842299999998,53.63856544999999,0.0 12.57175404,53.638405649999996,0.0 12.571720089999998,53.63826804,0.0 12.571783569999997,53.638162269999995,0.0 12.57192795,53.638069120000004,0.0 12.57201285,53.63796323,0.0 12.571995,53.637822469999996,0.0 12.57189677,53.63772351,0.0 12.57161893,53.63760278000001,0.0</coordinates>
                </LineString>
                <LineString id="77540">
                    <coordinates>12.567016019999999,53.63687090999999,0.0 12.56706848,53.63686708,0.0 12.567844909999998,53.63681104999999,0.0</coordinates>
                </LineString>
                <LineString id="77542">
                    <coordinates>12.56316254,53.637155269999994,0.0 12.567016019999999,53.63687090999999,0.0</coordinates>
                </LineString>
                <LineString id="77544">
                    <coordinates>12.541366009999999,53.63779070999999,0.0 12.541371619999996,53.63782412999999,0.0</coordinates>
                </LineString>
                <LineString id="77546">
                    <coordinates>12.562366059999999,53.63721540000001,0.0 12.56316254,53.637155269999994,0.0</coordinates>
                </LineString>
            </MultiGeometry>
        </Placemark>
        <Placemark id="77553">
            <name>MultiPoint</name>
            <styleUrl>#78258</styleUrl>
            <MultiGeometry id="77552">
                <Point id="77554">
                    <coordinates>12.508682575999998,53.584331990999985,0.0</coordinates>
                </Point>
                <Point id="77556">
                    <coordinates>12.505532818999999,53.58445183199999,0.0</coordinates>
                </Point>
                <Point id="77558">
                    <coordinates>12.505863514,53.584617126999994,0.0</coordinates>
                </Point>
                <Point id="77560">
                    <coordinates>12.511574861,53.583860583,0.0</coordinates>
                </Point>
                <Point id="77562">
                    <coordinates>12.506407048999998,53.58430311699999,0.0</coordinates>
                </Point>
                <Point id="77564">
                    <coordinates>12.5051277632597,53.5850822730483,0.0</coordinates>
                </Point>
                <Point id="77566">
                    <coordinates>12.504688632132599,53.5848774482799,0.0</coordinates>
                </Point>
                <Point id="77568">
                    <coordinates>12.505392337763698,53.58489300353061,0.0</coordinates>
                </Point>
                <Point id="77570">
                    <coordinates>12.5059120605138,53.5846041895118,0.0</coordinates>
                </Point>
                <Point id="77572">
                    <coordinates>12.505184999256299,53.584645650587994,0.0</coordinates>
                </Point>
                <Point id="77574">
                    <coordinates>12.505664051335499,53.584340510104596,0.0</coordinates>
                </Point>
                <Point id="77576">
                    <coordinates>12.508036194662298,53.5839686688494,0.0</coordinates>
                </Point>
                <Point id="77578">
                    <coordinates>12.5076547121341,53.58392848468339,0.0</coordinates>
                </Point>
                <Point id="77580">
                    <coordinates>12.506375285804404,53.58435352900891,0.0</coordinates>
                </Point>
                <Point id="77582">
                    <coordinates>12.506026212963398,53.584143325265686,0.0</coordinates>
                </Point>
                <Point id="77584">
                    <coordinates>12.5060674095151,53.58415196723299,0.0</coordinates>
                </Point>
                <Point id="77586">
                    <coordinates>12.509963025076798,53.58725324302869,0.0</coordinates>
                </Point>
                <Point id="77588">
                    <coordinates>12.5092302054775,53.584345556769,0.0</coordinates>
                </Point>
                <Point id="77590">
                    <coordinates>12.509327348016198,53.583946349236996,0.0</coordinates>
                </Point>
                <Point id="77592">
                    <coordinates>12.513026118626001,53.584001761074596,0.0</coordinates>
                </Point>
                <Point id="77594">
                    <coordinates>12.508732865750998,53.5843517050825,0.0</coordinates>
                </Point>
                <Point id="77596">
                    <coordinates>12.508513409438098,53.584316251221196,0.0</coordinates>
                </Point>
                <Point id="77598">
                    <coordinates>12.509075034662597,53.58396953263339,0.0</coordinates>
                </Point>
                <Point id="77600">
                    <coordinates>12.508342864008199,53.58390894511489,0.0</coordinates>
                </Point>
                <Point id="77602">
                    <coordinates>12.506652356844599,53.584133902585094,0.0</coordinates>
                </Point>
                <Point id="77604">
                    <coordinates>12.508048958646498,53.584321844539396,0.0</coordinates>
                </Point>
                <Point id="77606">
                    <coordinates>12.506763695000002,53.58409761800001,0.0</coordinates>
                </Point>
                <Point id="77608">
                    <coordinates>12.511244471,53.58427744699999,0.0</coordinates>
                </Point>
                <Point id="77610">
                    <coordinates>12.5029144077396,53.58201752479879,0.0</coordinates>
                </Point>
                <Point id="77612">
                    <coordinates>12.506488508999999,53.58388157399998,0.0</coordinates>
                </Point>
                <Point id="77614">
                    <coordinates>12.5063807919777,53.5839473217833,0.0</coordinates>
                </Point>
                <Point id="77616">
                    <coordinates>12.5052562478907,53.584600571959,0.0</coordinates>
                </Point>
                <Point id="77618">
                    <coordinates>12.505202395902797,53.585055208084896,0.0</coordinates>
                </Point>
                <Point id="77620">
                    <coordinates>12.505478410999999,53.584840266,0.0</coordinates>
                </Point>
                <Point id="77622">
                    <coordinates>12.601561302902699,53.6159372181326,0.0</coordinates>
                </Point>
                <Point id="77624">
                    <coordinates>12.569224271999998,53.63174829299999,0.0</coordinates>
                </Point>
                <Point id="77626">
                    <coordinates>12.570835549,53.63146496799999,0.0</coordinates>
                </Point>
                <Point id="77628">
                    <coordinates>12.570467843,53.631598264,0.0</coordinates>
                </Point>
                <Point id="77630">
                    <coordinates>12.571338103999999,53.631739913,0.0</coordinates>
                </Point>
                <Point id="77632">
                    <coordinates>12.571262256,53.631710439999985,0.0</coordinates>
                </Point>
                <Point id="77634">
                    <coordinates>12.571110325999998,53.631651402,0.0</coordinates>
                </Point>
                <Point id="77636">
                    <coordinates>12.570985883999999,53.631806176999994,0.0</coordinates>
                </Point>
                <Point id="77638">
                    <coordinates>12.572355257,53.632007764,0.0</coordinates>
                </Point>
                <Point id="77640">
                    <coordinates>12.572315265,53.63206304699999,0.0</coordinates>
                </Point>
                <Point id="77642">
                    <coordinates>12.572897329999998,53.632451474999996,0.0</coordinates>
                </Point>
                <Point id="77644">
                    <coordinates>12.574472576000002,53.631521346999996,0.0</coordinates>
                </Point>
                <Point id="77646">
                    <coordinates>12.571769516999996,53.631889396999995,0.0</coordinates>
                </Point>
                <Point id="77648">
                    <coordinates>12.571423383999997,53.63204878,0.0</coordinates>
                </Point>
                <Point id="77650">
                    <coordinates>12.57326666,53.631418757,0.0</coordinates>
                </Point>
                <Point id="77652">
                    <coordinates>12.573069858,53.631348560999996,0.0</coordinates>
                </Point>
                <Point id="77654">
                    <coordinates>12.575098275999999,53.628324508,0.0</coordinates>
                </Point>
                <Point id="77656">
                    <coordinates>12.576637167,53.62807328,0.0</coordinates>
                </Point>
                <Point id="77658">
                    <coordinates>12.576341348,53.63032542199999,0.0</coordinates>
                </Point>
                <Point id="77660">
                    <coordinates>12.58006721,53.632318000999994,0.0</coordinates>
                </Point>
                <Point id="77662">
                    <coordinates>12.602251793000002,53.615480077000015,0.0</coordinates>
                </Point>
                <Point id="77664">
                    <coordinates>12.603422508,53.615412296,0.0</coordinates>
                </Point>
                <Point id="77666">
                    <coordinates>12.60054633,53.61368495999999,0.0</coordinates>
                </Point>
                <Point id="77668">
                    <coordinates>12.600777926999998,53.61221698299999,0.0</coordinates>
                </Point>
                <Point id="77670">
                    <coordinates>12.601038636,53.61298915799999,0.0</coordinates>
                </Point>
                <Point id="77672">
                    <coordinates>12.5831522402727,53.6323049281915,0.0</coordinates>
                </Point>
                <Point id="77674">
                    <coordinates>12.582406927559099,53.63264740930259,0.0</coordinates>
                </Point>
                <Point id="77676">
                    <coordinates>12.581260779940898,53.632595331023296,0.0</coordinates>
                </Point>
                <Point id="77678">
                    <coordinates>12.581065257823301,53.6325975967652,0.0</coordinates>
                </Point>
                <Point id="77680">
                    <coordinates>12.5813083276248,53.6322713166868,0.0</coordinates>
                </Point>
                <Point id="77682">
                    <coordinates>12.5804509212612,53.6326662010238,0.0</coordinates>
                </Point>
                <Point id="77684">
                    <coordinates>12.579565459206401,53.6322647544705,0.0</coordinates>
                </Point>
                <Point id="77686">
                    <coordinates>12.5739025990052,53.63299052419769,0.0</coordinates>
                </Point>
                <Point id="77688">
                    <coordinates>12.572171417254099,53.63224327511119,0.0</coordinates>
                </Point>
                <Point id="77690">
                    <coordinates>12.5714621453616,53.632024418333906,0.0</coordinates>
                </Point>
                <Point id="77692">
                    <coordinates>12.571573355673598,53.631805638899294,0.0</coordinates>
                </Point>
                <Point id="77694">
                    <coordinates>12.571104782910401,53.6318718858621,0.0</coordinates>
                </Point>
                <Point id="77696">
                    <coordinates>12.5716063542009,53.632068567865794,0.0</coordinates>
                </Point>
                <Point id="77698">
                    <coordinates>12.5717888438734,53.6318707105727,0.0</coordinates>
                </Point>
                <Point id="77700">
                    <coordinates>12.5711288807983,53.6316541516728,0.0</coordinates>
                </Point>
                <Point id="77702">
                    <coordinates>12.570572734010698,53.63166333829808,0.0</coordinates>
                </Point>
                <Point id="77704">
                    <coordinates>12.5706599050525,53.6314407984003,0.0</coordinates>
                </Point>
                <Point id="77706">
                    <coordinates>12.570800014484101,53.6315013617907,0.0</coordinates>
                </Point>
                <Point id="77708">
                    <coordinates>12.5696669401443,53.63158848671489,0.0</coordinates>
                </Point>
                <Point id="77710">
                    <coordinates>12.569304352339998,53.631731026652396,0.0</coordinates>
                </Point>
                <Point id="77712">
                    <coordinates>12.569818014249499,53.631385804224294,0.0</coordinates>
                </Point>
                <Point id="77714">
                    <coordinates>12.5709197084111,53.630665224953,0.0</coordinates>
                </Point>
                <Point id="77716">
                    <coordinates>12.5712828090772,53.6304066819267,0.0</coordinates>
                </Point>
                <Point id="77718">
                    <coordinates>12.570612579101901,53.6308168880865,0.0</coordinates>
                </Point>
                <Point id="77720">
                    <coordinates>12.574227185727702,53.631523528366195,0.0</coordinates>
                </Point>
                <Point id="77722">
                    <coordinates>12.5735869810146,53.63157978463409,0.0</coordinates>
                </Point>
                <Point id="77724">
                    <coordinates>12.5738006131658,53.63143578991689,0.0</coordinates>
                </Point>
                <Point id="77726">
                    <coordinates>12.572339435166201,53.6322897908922,0.0</coordinates>
                </Point>
                <Point id="77728">
                    <coordinates>12.5730101664864,53.632077303102,0.0</coordinates>
                </Point>
                <Point id="77730">
                    <coordinates>12.5724933361476,53.63209328447989,0.0</coordinates>
                </Point>
                <Point id="77732">
                    <coordinates>12.5732446876824,53.6318956040456,0.0</coordinates>
                </Point>
                <Point id="77734">
                    <coordinates>12.5798040869092,53.632232350499095,0.0</coordinates>
                </Point>
                <Point id="77736">
                    <coordinates>12.5761982766283,53.6319653329492,0.0</coordinates>
                </Point>
                <Point id="77738">
                    <coordinates>12.5761980161554,53.63026911443359,0.0</coordinates>
                </Point>
                <Point id="77740">
                    <coordinates>12.5757303104713,53.63022471164539,0.0</coordinates>
                </Point>
                <Point id="77742">
                    <coordinates>12.5762777271333,53.629880922679796,0.0</coordinates>
                </Point>
                <Point id="77744">
                    <coordinates>12.576694695019699,53.6296097042108,0.0</coordinates>
                </Point>
                <Point id="77746">
                    <coordinates>12.5762380653189,53.629560259755,0.0</coordinates>
                </Point>
                <Point id="77748">
                    <coordinates>12.5762429114904,53.629495122855694,0.0</coordinates>
                </Point>
                <Point id="77750">
                    <coordinates>12.5762484804691,53.629199909535984,0.0</coordinates>
                </Point>
                <Point id="77752">
                    <coordinates>12.5762599461081,53.62912888076809,0.0</coordinates>
                </Point>
                <Point id="77754">
                    <coordinates>12.573051332602597,53.63131415114759,0.0</coordinates>
                </Point>
                <Point id="77756">
                    <coordinates>12.573401452504,53.6304998357238,0.0</coordinates>
                </Point>
                <Point id="77758">
                    <coordinates>12.573091110437398,53.6303658173234,0.0</coordinates>
                </Point>
                <Point id="77760">
                    <coordinates>12.5729407194263,53.63030076739751,0.0</coordinates>
                </Point>
                <Point id="77762">
                    <coordinates>12.575076036229202,53.630420049073194,0.0</coordinates>
                </Point>
                <Point id="77764">
                    <coordinates>12.5747753496737,53.630623919277085,0.0</coordinates>
                </Point>
                <Point id="77766">
                    <coordinates>12.573775064519198,53.630708633355894,0.0</coordinates>
                </Point>
                <Point id="77768">
                    <coordinates>12.5741150926921,53.63085896331249,0.0</coordinates>
                </Point>
                <Point id="77770">
                    <coordinates>12.574072783029498,53.6302400595113,0.0</coordinates>
                </Point>
                <Point id="77772">
                    <coordinates>12.574301462181898,53.63030689065148,0.0</coordinates>
                </Point>
                <Point id="77774">
                    <coordinates>12.573546787001199,53.63001265668509,0.0</coordinates>
                </Point>
                <Point id="77776">
                    <coordinates>12.573168562081902,53.629884948835205,0.0</coordinates>
                </Point>
                <Point id="77778">
                    <coordinates>12.5733821560236,53.62995379486039,0.0</coordinates>
                </Point>
                <Point id="77780">
                    <coordinates>12.5726316628206,53.62957203304371,0.0</coordinates>
                </Point>
                <Point id="77782">
                    <coordinates>12.572576216185501,53.6294979497694,0.0</coordinates>
                </Point>
                <Point id="77784">
                    <coordinates>12.5723193881904,53.6289255280446,0.0</coordinates>
                </Point>
                <Point id="77786">
                    <coordinates>12.574020659981201,53.62876053318901,0.0</coordinates>
                </Point>
                <Point id="77788">
                    <coordinates>12.574459625108998,53.6285679162738,0.0</coordinates>
                </Point>
                <Point id="77790">
                    <coordinates>12.5762262844755,53.628800564279494,0.0</coordinates>
                </Point>
                <Point id="77792">
                    <coordinates>12.576697636668898,53.628382821088884,0.0</coordinates>
                </Point>
                <Point id="77794">
                    <coordinates>12.5767227029029,53.62814548005309,0.0</coordinates>
                </Point>
                <Point id="77796">
                    <coordinates>12.576228791494199,53.628450609793894,0.0</coordinates>
                </Point>
                <Point id="77798">
                    <coordinates>12.5767651095158,53.627832133347,0.0</coordinates>
                </Point>
                <Point id="77800">
                    <coordinates>12.5767552577226,53.6275549836356,0.0</coordinates>
                </Point>
                <Point id="77802">
                    <coordinates>12.580111202825199,53.63226657996899,0.0</coordinates>
                </Point>
                <Point id="77804">
                    <coordinates>12.600374496999999,53.612726003999995,0.0</coordinates>
                </Point>
                <Point id="77806">
                    <coordinates>12.580804815065,53.6322784692278,0.0</coordinates>
                </Point>
                <Point id="77808">
                    <coordinates>12.601373341999999,53.613276506999995,0.0</coordinates>
                </Point>
                <Point id="77810">
                    <coordinates>12.5733070343117,53.6314069379139,0.0</coordinates>
                </Point>
                <Point id="77812">
                    <coordinates>12.573875123999999,53.62879791899999,0.0</coordinates>
                </Point>
                <Point id="77814">
                    <coordinates>12.576583611999999,53.630624633999986,0.0</coordinates>
                </Point>
                <Point id="77816">
                    <coordinates>12.601531751943998,53.618010250102095,0.0</coordinates>
                </Point>
                <Point id="77818">
                    <coordinates>12.601047512776898,53.616400018077,0.0</coordinates>
                </Point>
                <Point id="77820">
                    <coordinates>12.6018484454536,53.61570203365871,0.0</coordinates>
                </Point>
                <Point id="77822">
                    <coordinates>12.6019698290448,53.61557520098489,0.0</coordinates>
                </Point>
                <Point id="77824">
                    <coordinates>12.6028587988246,53.61566138930439,0.0</coordinates>
                </Point>
                <Point id="77826">
                    <coordinates>12.6026509696183,53.6154947094932,0.0</coordinates>
                </Point>
                <Point id="77828">
                    <coordinates>12.6027907270783,53.6154970691363,0.0</coordinates>
                </Point>
                <Point id="77830">
                    <coordinates>12.6034126805394,53.6154413370339,0.0</coordinates>
                </Point>
                <Point id="77832">
                    <coordinates>12.6040427438528,53.614800335098906,0.0</coordinates>
                </Point>
                <Point id="77834">
                    <coordinates>12.6033385640859,53.614551335832495,0.0</coordinates>
                </Point>
                <Point id="77836">
                    <coordinates>12.604671281,53.614712649000005,0.0</coordinates>
                </Point>
                <Point id="77838">
                    <coordinates>12.6034375408106,53.61444186540599,0.0</coordinates>
                </Point>
                <Point id="77840">
                    <coordinates>12.602544910461802,53.61457041457331,0.0</coordinates>
                </Point>
                <Point id="77842">
                    <coordinates>12.60247597,53.614616467,0.0</coordinates>
                </Point>
                <Point id="77844">
                    <coordinates>12.601651227978598,53.61465148261989,0.0</coordinates>
                </Point>
                <Point id="77846">
                    <coordinates>12.601437743295,53.61444617193529,0.0</coordinates>
                </Point>
                <Point id="77848">
                    <coordinates>12.600884578509998,53.6136805599328,0.0</coordinates>
                </Point>
                <Point id="77850">
                    <coordinates>12.602369564,53.613459288999984,0.0</coordinates>
                </Point>
                <Point id="77852">
                    <coordinates>12.602824212029102,53.61326922075549,0.0</coordinates>
                </Point>
                <Point id="77854">
                    <coordinates>12.6020114961567,53.612812640369,0.0</coordinates>
                </Point>
                <Point id="77856">
                    <coordinates>12.6008587338424,53.6113204673599,0.0</coordinates>
                </Point>
                <Point id="77858">
                    <coordinates>12.601119408919898,53.61170584004419,0.0</coordinates>
                </Point>
                <Point id="77860">
                    <coordinates>12.570675606485,53.6314860951645,0.0</coordinates>
                </Point>
                <Point id="77862">
                    <coordinates>12.5777081630464,53.6289297483337,0.0</coordinates>
                </Point>
                <Point id="77864">
                    <coordinates>12.6011860379807,53.61628087211439,0.0</coordinates>
                </Point>
                <Point id="77866">
                    <coordinates>12.5762058212271,53.6279584491817,0.0</coordinates>
                </Point>
                <Point id="77868">
                    <coordinates>12.6019493937333,53.6149822252341,0.0</coordinates>
                </Point>
                <Point id="77870">
                    <coordinates>12.601695096664498,53.614852422268775,0.0</coordinates>
                </Point>
                <Point id="77872">
                    <coordinates>12.602300277,53.614703836,0.0</coordinates>
                </Point>
                <Point id="77874">
                    <coordinates>12.569266618000002,53.630787909,0.0</coordinates>
                </Point>
                <Point id="77876">
                    <coordinates>12.5766650005789,53.6300197748322,0.0</coordinates>
                </Point>
                <Point id="77878">
                    <coordinates>12.602934936840597,53.61480487663928,0.0</coordinates>
                </Point>
                <Point id="77880">
                    <coordinates>12.6009938728901,53.614147737394305,0.0</coordinates>
                </Point>
                <Point id="77882">
                    <coordinates>12.571656909999998,53.63178150099999,0.0</coordinates>
                </Point>
                <Point id="77884">
                    <coordinates>12.600812943,53.611829996,0.0</coordinates>
                </Point>
                <Point id="77886">
                    <coordinates>12.573172741000002,53.632594608,0.0</coordinates>
                </Point>
                <Point id="77888">
                    <coordinates>12.5223935045784,53.6097619488522,0.0</coordinates>
                </Point>
                <Point id="77890">
                    <coordinates>12.520583552,53.61638607700001,0.0</coordinates>
                </Point>
                <Point id="77892">
                    <coordinates>12.518456225999998,53.61528569400001,0.0</coordinates>
                </Point>
                <Point id="77894">
                    <coordinates>12.517708008000001,53.614672402,0.0</coordinates>
                </Point>
                <Point id="77896">
                    <coordinates>12.517785493,53.614776354,0.0</coordinates>
                </Point>
                <Point id="77898">
                    <coordinates>12.516503683,53.61518274699999,0.0</coordinates>
                </Point>
                <Point id="77900">
                    <coordinates>12.516440784,53.61511137200001,0.0</coordinates>
                </Point>
                <Point id="77902">
                    <coordinates>12.516475472999998,53.615150724,0.0</coordinates>
                </Point>
                <Point id="77904">
                    <coordinates>12.516692599,53.61540766699999,0.0</coordinates>
                </Point>
                <Point id="77906">
                    <coordinates>12.515493406999997,53.615183826999996,0.0</coordinates>
                </Point>
                <Point id="77908">
                    <coordinates>12.51728649,53.615274680999995,0.0</coordinates>
                </Point>
                <Point id="77910">
                    <coordinates>12.517097149,53.615330957999994,0.0</coordinates>
                </Point>
                <Point id="77912">
                    <coordinates>12.517153792,53.61531295899999,0.0</coordinates>
                </Point>
                <Point id="77914">
                    <coordinates>12.519529836,53.616874471,0.0</coordinates>
                </Point>
                <Point id="77916">
                    <coordinates>12.519240279,53.616760494,0.0</coordinates>
                </Point>
                <Point id="77918">
                    <coordinates>12.519883205,53.61670579799999,0.0</coordinates>
                </Point>
                <Point id="77920">
                    <coordinates>12.518800913999998,53.61689260099999,0.0</coordinates>
                </Point>
                <Point id="77922">
                    <coordinates>12.517968794999998,53.61726350499999,0.0</coordinates>
                </Point>
                <Point id="77924">
                    <coordinates>12.53921316,53.63716743599999,0.0</coordinates>
                </Point>
                <Point id="77926">
                    <coordinates>12.53892769,53.63718728999999,0.0</coordinates>
                </Point>
                <Point id="77928">
                    <coordinates>12.541552169,53.63345409200001,0.0</coordinates>
                </Point>
                <Point id="77930">
                    <coordinates>12.538371639999998,53.63233130399998,0.0</coordinates>
                </Point>
                <Point id="77932">
                    <coordinates>12.541609167,53.634381061999996,0.0</coordinates>
                </Point>
                <Point id="77934">
                    <coordinates>12.541148317999996,53.63475100099998,0.0</coordinates>
                </Point>
                <Point id="77936">
                    <coordinates>12.541413998999998,53.635754080999995,0.0</coordinates>
                </Point>
                <Point id="77938">
                    <coordinates>12.564159856,53.63476213100001,0.0</coordinates>
                </Point>
                <Point id="77940">
                    <coordinates>12.562806249,53.63559537999999,0.0</coordinates>
                </Point>
                <Point id="77942">
                    <coordinates>12.542485173,53.637179515,0.0</coordinates>
                </Point>
                <Point id="77944">
                    <coordinates>12.560824926,53.637823692,0.0</coordinates>
                </Point>
                <Point id="77946">
                    <coordinates>12.5592556386494,53.6392003135522,0.0</coordinates>
                </Point>
                <Point id="77948">
                    <coordinates>12.522658239999998,53.608746608,0.0</coordinates>
                </Point>
                <Point id="77950">
                    <coordinates>12.521131762999998,53.60865178899999,0.0</coordinates>
                </Point>
                <Point id="77952">
                    <coordinates>12.521387302999997,53.60863050099999,0.0</coordinates>
                </Point>
                <Point id="77954">
                    <coordinates>12.522654377000002,53.610017293,0.0</coordinates>
                </Point>
                <Point id="77956">
                    <coordinates>12.522714561,53.610013955,0.0</coordinates>
                </Point>
                <Point id="77958">
                    <coordinates>12.52054127,53.610505534999994,0.0</coordinates>
                </Point>
                <Point id="77960">
                    <coordinates>12.520457886,53.61084918799999,0.0</coordinates>
                </Point>
                <Point id="77962">
                    <coordinates>12.520438336000002,53.610928781,0.0</coordinates>
                </Point>
                <Point id="77964">
                    <coordinates>12.522175189938,53.6086499774059,0.0</coordinates>
                </Point>
                <Point id="77966">
                    <coordinates>12.574372418065199,53.63990985604469,0.0</coordinates>
                </Point>
                <Point id="77968">
                    <coordinates>12.5647569392169,53.635024913179386,0.0</coordinates>
                </Point>
                <Point id="77970">
                    <coordinates>12.5648219457266,53.63505034559249,0.0</coordinates>
                </Point>
                <Point id="77972">
                    <coordinates>12.5640865358096,53.634698769391,0.0</coordinates>
                </Point>
                <Point id="77974">
                    <coordinates>12.5594326443105,53.63888287440269,0.0</coordinates>
                </Point>
                <Point id="77976">
                    <coordinates>12.558429477844399,53.6386854301225,0.0</coordinates>
                </Point>
                <Point id="77978">
                    <coordinates>12.5608777373625,53.63785897677819,0.0</coordinates>
                </Point>
                <Point id="77980">
                    <coordinates>12.558779655976902,53.63724781826189,0.0</coordinates>
                </Point>
                <Point id="77982">
                    <coordinates>12.561437761008099,53.636568328078496,0.0</coordinates>
                </Point>
                <Point id="77984">
                    <coordinates>12.562801350528998,53.6356002236495,0.0</coordinates>
                </Point>
                <Point id="77986">
                    <coordinates>12.563499077369398,53.635931009687994,0.0</coordinates>
                </Point>
                <Point id="77988">
                    <coordinates>12.5635785637687,53.634797893914694,0.0</coordinates>
                </Point>
                <Point id="77990">
                    <coordinates>12.5573640136927,53.6373727989709,0.0</coordinates>
                </Point>
                <Point id="77992">
                    <coordinates>12.557394752724901,53.637334477349604,0.0</coordinates>
                </Point>
                <Point id="77994">
                    <coordinates>12.5545142234904,53.6375816514634,0.0</coordinates>
                </Point>
                <Point id="77996">
                    <coordinates>12.552986240610302,53.638154877696685,0.0</coordinates>
                </Point>
                <Point id="77998">
                    <coordinates>12.539123322,53.63438155099999,0.0</coordinates>
                </Point>
                <Point id="78000">
                    <coordinates>12.538533257,53.63439103,0.0</coordinates>
                </Point>
                <Point id="78002">
                    <coordinates>12.538719347,53.634077466,0.0</coordinates>
                </Point>
                <Point id="78004">
                    <coordinates>12.538660979,53.634918131000006,0.0</coordinates>
                </Point>
                <Point id="78006">
                    <coordinates>12.539043687,53.634911984,0.0</coordinates>
                </Point>
                <Point id="78008">
                    <coordinates>12.539168415999999,53.63500256199999,0.0</coordinates>
                </Point>
                <Point id="78010">
                    <coordinates>12.539391790000002,53.63396565600001,0.0</coordinates>
                </Point>
                <Point id="78012">
                    <coordinates>12.539286497,53.634294952,0.0</coordinates>
                </Point>
                <Point id="78014">
                    <coordinates>12.539511289999998,53.634827335999994,0.0</coordinates>
                </Point>
                <Point id="78016">
                    <coordinates>12.538909491999998,53.634085382,0.0</coordinates>
                </Point>
                <Point id="78018">
                    <coordinates>12.518362862999998,53.61701836299999,0.0</coordinates>
                </Point>
                <Point id="78020">
                    <coordinates>12.537950645949,53.634557618901695,0.0</coordinates>
                </Point>
                <Point id="78022">
                    <coordinates>12.5378572999819,53.634823321388595,0.0</coordinates>
                </Point>
                <Point id="78024">
                    <coordinates>12.540192993,53.633651910999994,0.0</coordinates>
                </Point>
                <Point id="78026">
                    <coordinates>12.541778185000002,53.63325949400001,0.0</coordinates>
                </Point>
                <Point id="78028">
                    <coordinates>12.521045231,53.609805303,0.0</coordinates>
                </Point>
                <Point id="78030">
                    <coordinates>12.5616682277819,53.6183630461572,0.0</coordinates>
                </Point>
                <Point id="78032">
                    <coordinates>12.5415900075138,53.6370979978807,0.0</coordinates>
                </Point>
                <Point id="78034">
                    <coordinates>12.541808328472998,53.637088721140096,0.0</coordinates>
                </Point>
                <Point id="78036">
                    <coordinates>12.542292351729401,53.6370890819732,0.0</coordinates>
                </Point>
                <Point id="78038">
                    <coordinates>12.542488753573602,53.636715486859,0.0</coordinates>
                </Point>
                <Point id="78040">
                    <coordinates>12.5416407414861,53.6367132355246,0.0</coordinates>
                </Point>
                <Point id="78042">
                    <coordinates>12.5406927575444,53.63670765182268,0.0</coordinates>
                </Point>
                <Point id="78044">
                    <coordinates>12.5212928478167,53.60433297402621,0.0</coordinates>
                </Point>
                <Point id="78046">
                    <coordinates>12.521451447345598,53.60425536506689,0.0</coordinates>
                </Point>
                <Point id="78048">
                    <coordinates>12.5197591771855,53.6046334105329,0.0</coordinates>
                </Point>
                <Point id="78050">
                    <coordinates>12.5208548872382,53.6088537700127,0.0</coordinates>
                </Point>
                <Point id="78052">
                    <coordinates>12.5211339100934,53.6085977022917,0.0</coordinates>
                </Point>
                <Point id="78054">
                    <coordinates>12.5213772213245,53.608836656183584,0.0</coordinates>
                </Point>
                <Point id="78056">
                    <coordinates>12.5214026277763,53.60862599432359,0.0</coordinates>
                </Point>
                <Point id="78058">
                    <coordinates>12.5219565009067,53.60866128063619,0.0</coordinates>
                </Point>
                <Point id="78060">
                    <coordinates>12.522183110564901,53.609014472619,0.0</coordinates>
                </Point>
                <Point id="78062">
                    <coordinates>12.522694411327299,53.608700276262596,0.0</coordinates>
                </Point>
                <Point id="78064">
                    <coordinates>12.520820457036102,53.60919430721629,0.0</coordinates>
                </Point>
                <Point id="78066">
                    <coordinates>12.520892815232301,53.609582606727095,0.0</coordinates>
                </Point>
                <Point id="78068">
                    <coordinates>12.522743341242398,53.610022354953195,0.0</coordinates>
                </Point>
                <Point id="78070">
                    <coordinates>12.5205377356893,53.61047732757681,0.0</coordinates>
                </Point>
                <Point id="78072">
                    <coordinates>12.5380121349393,53.6340799070446,0.0</coordinates>
                </Point>
                <Point id="78074">
                    <coordinates>12.538004721030601,53.63429423121521,0.0</coordinates>
                </Point>
                <Point id="78076">
                    <coordinates>12.558477231,53.63874589299999,0.0</coordinates>
                </Point>
                <Point id="78078">
                    <coordinates>12.5197098699206,53.61660093537469,0.0</coordinates>
                </Point>
                <Point id="78080">
                    <coordinates>12.519029561332898,53.617229380848286,0.0</coordinates>
                </Point>
                <Point id="78082">
                    <coordinates>12.517899008102498,53.61739113394659,0.0</coordinates>
                </Point>
                <Point id="78084">
                    <coordinates>12.5178463200861,53.617171536547495,0.0</coordinates>
                </Point>
                <Point id="78086">
                    <coordinates>12.516890155149998,53.61725262319099,0.0</coordinates>
                </Point>
                <Point id="78088">
                    <coordinates>12.5202689877074,53.6166522099996,0.0</coordinates>
                </Point>
                <Point id="78090">
                    <coordinates>12.521702703056198,53.6166043735353,0.0</coordinates>
                </Point>
                <Point id="78092">
                    <coordinates>12.5217405374967,53.6162054825126,0.0</coordinates>
                </Point>
                <Point id="78094">
                    <coordinates>12.5192858092259,53.6162143023262,0.0</coordinates>
                </Point>
                <Point id="78096">
                    <coordinates>12.5184959773532,53.6162633563288,0.0</coordinates>
                </Point>
                <Point id="78098">
                    <coordinates>12.5188223639743,53.61559241055279,0.0</coordinates>
                </Point>
                <Point id="78100">
                    <coordinates>12.5185093416342,53.6153112591535,0.0</coordinates>
                </Point>
                <Point id="78102">
                    <coordinates>12.5170531429702,53.61537450875189,0.0</coordinates>
                </Point>
                <Point id="78104">
                    <coordinates>12.5166614555948,53.6143209380149,0.0</coordinates>
                </Point>
                <Point id="78106">
                    <coordinates>12.515482641172797,53.6151934469858,0.0</coordinates>
                </Point>
                <Point id="78108">
                    <coordinates>12.5163782359523,53.61514244765569,0.0</coordinates>
                </Point>
                <Point id="78110">
                    <coordinates>12.5405180581419,53.63671011677339,0.0</coordinates>
                </Point>
                <Point id="78112">
                    <coordinates>12.5400434311291,53.63670285260489,0.0</coordinates>
                </Point>
                <Point id="78114">
                    <coordinates>12.539764900083302,53.6367003684722,0.0</coordinates>
                </Point>
                <Point id="78116">
                    <coordinates>12.53997091399,53.63707121146559,0.0</coordinates>
                </Point>
                <Point id="78118">
                    <coordinates>12.5389885985881,53.636687241766296,0.0</coordinates>
                </Point>
                <Point id="78120">
                    <coordinates>12.538984505567498,53.63711162025209,0.0</coordinates>
                </Point>
                <Point id="78122">
                    <coordinates>12.5386632492843,53.637108219828995,0.0</coordinates>
                </Point>
                <Point id="78124">
                    <coordinates>12.5377917222312,53.636749461047,0.0</coordinates>
                </Point>
                <Point id="78126">
                    <coordinates>12.538291995950502,53.63675892960071,0.0</coordinates>
                </Point>
                <Point id="78128">
                    <coordinates>12.5369906292647,53.637513782140104,0.0</coordinates>
                </Point>
                <Point id="78130">
                    <coordinates>12.5382192564067,53.6370710910879,0.0</coordinates>
                </Point>
                <Point id="78132">
                    <coordinates>12.540787906693,53.63712607664489,0.0</coordinates>
                </Point>
                <Point id="78134">
                    <coordinates>12.5410595931671,53.63738790578359,0.0</coordinates>
                </Point>
                <Point id="78136">
                    <coordinates>12.541073171101198,53.63743477739809,0.0</coordinates>
                </Point>
                <Point id="78138">
                    <coordinates>12.541766451699297,53.6373206852495,0.0</coordinates>
                </Point>
                <Point id="78140">
                    <coordinates>12.5418081135625,53.63886726534711,0.0</coordinates>
                </Point>
                <Point id="78142">
                    <coordinates>12.5417559322785,53.6387019130478,0.0</coordinates>
                </Point>
                <Point id="78144">
                    <coordinates>12.541776328907998,53.63850569830409,0.0</coordinates>
                </Point>
                <Point id="78146">
                    <coordinates>12.541824810185698,53.63836700614749,0.0</coordinates>
                </Point>
                <Point id="78148">
                    <coordinates>12.541835600208,53.63818521820819,0.0</coordinates>
                </Point>
                <Point id="78150">
                    <coordinates>12.541166483993102,53.63829955793679,0.0</coordinates>
                </Point>
                <Point id="78152">
                    <coordinates>12.5411632734285,53.63826939275279,0.0</coordinates>
                </Point>
                <Point id="78154">
                    <coordinates>12.541078932046899,53.63782854539799,0.0</coordinates>
                </Point>
                <Point id="78156">
                    <coordinates>12.541801083368401,53.6378049094302,0.0</coordinates>
                </Point>
                <Point id="78158">
                    <coordinates>12.5417417079932,53.6375959261998,0.0</coordinates>
                </Point>
                <Point id="78160">
                    <coordinates>12.540885671352202,53.63646749990569,0.0</coordinates>
                </Point>
                <Point id="78162">
                    <coordinates>12.540885732647498,53.636367215133795,0.0</coordinates>
                </Point>
                <Point id="78164">
                    <coordinates>12.5414993436011,53.6364408047848,0.0</coordinates>
                </Point>
                <Point id="78166">
                    <coordinates>12.5414940505787,53.6363752200038,0.0</coordinates>
                </Point>
                <Point id="78168">
                    <coordinates>12.5407631997733,53.636040957688294,0.0</coordinates>
                </Point>
                <Point id="78170">
                    <coordinates>12.5407832580327,53.63609526870259,0.0</coordinates>
                </Point>
                <Point id="78172">
                    <coordinates>12.5414235115918,53.636061829740804,0.0</coordinates>
                </Point>
                <Point id="78174">
                    <coordinates>12.541442451838801,53.636070652701285,0.0</coordinates>
                </Point>
                <Point id="78176">
                    <coordinates>12.541359308429199,53.6357051909294,0.0</coordinates>
                </Point>
                <Point id="78178">
                    <coordinates>12.540697356048,53.635677248990795,0.0</coordinates>
                </Point>
                <Point id="78180">
                    <coordinates>12.5407027334542,53.63564139818819,0.0</coordinates>
                </Point>
                <Point id="78182">
                    <coordinates>12.541707634615697,53.635469651389094,0.0</coordinates>
                </Point>
                <Point id="78184">
                    <coordinates>12.5405688776727,53.634998698125,0.0</coordinates>
                </Point>
                <Point id="78186">
                    <coordinates>12.540558396028702,53.63496846481661,0.0</coordinates>
                </Point>
                <Point id="78188">
                    <coordinates>12.5412906306677,53.63498813607019,0.0</coordinates>
                </Point>
                <Point id="78190">
                    <coordinates>12.540400615486902,53.63458291209109,0.0</coordinates>
                </Point>
                <Point id="78192">
                    <coordinates>12.5404164899229,53.63451040801809,0.0</coordinates>
                </Point>
                <Point id="78194">
                    <coordinates>12.541573455936398,53.6343752471915,0.0</coordinates>
                </Point>
                <Point id="78196">
                    <coordinates>12.541649852,53.634132875,0.0</coordinates>
                </Point>
                <Point id="78198">
                    <coordinates>12.541654910020798,53.63414066978879,0.0</coordinates>
                </Point>
                <Point id="78200">
                    <coordinates>12.541705156398598,53.6336817382333,0.0</coordinates>
                </Point>
                <Point id="78202">
                    <coordinates>12.5417137230023,53.63331162545649,0.0</coordinates>
                </Point>
                <Point id="78204">
                    <coordinates>12.5400501654871,53.63337797604469,0.0</coordinates>
                </Point>
                <Point id="78206">
                    <coordinates>12.539473048616498,53.6329868076541,0.0</coordinates>
                </Point>
                <Point id="78208">
                    <coordinates>12.539393592880602,53.63288442823679,0.0</coordinates>
                </Point>
                <Point id="78210">
                    <coordinates>12.541508860317998,53.6325476438709,0.0</coordinates>
                </Point>
                <Point id="78212">
                    <coordinates>12.538698441715699,53.63249765147259,0.0</coordinates>
                </Point>
                <Point id="78214">
                    <coordinates>12.5388528368194,53.63248557532079,0.0</coordinates>
                </Point>
                <Point id="78216">
                    <coordinates>12.5388894653178,53.6322977777904,0.0</coordinates>
                </Point>
                <Point id="78218">
                    <coordinates>12.540495700735,53.63155362247999,0.0</coordinates>
                </Point>
                <Point id="78220">
                    <coordinates>12.542297673065,53.6310678445978,0.0</coordinates>
                </Point>
                <Point id="78222">
                    <coordinates>12.5410748939683,53.6377777486207,0.0</coordinates>
                </Point>
                <Point id="78224">
                    <coordinates>12.541716045748299,53.64093453910969,0.0</coordinates>
                </Point>
                <Point id="78226">
                    <coordinates>12.538068644,53.636856127,0.0</coordinates>
                </Point>
                <Point id="78228">
                    <coordinates>12.538069366999999,53.63671862999999,0.0</coordinates>
                </Point>
                <Point id="78230">
                    <coordinates>12.5382223337234,53.6350542352562,0.0</coordinates>
                </Point>
                <Point id="78232">
                    <coordinates>12.5390243795279,53.6346100763703,0.0</coordinates>
                </Point>
                <Point id="78234">
                    <coordinates>12.5415461374352,53.63305099716669,0.0</coordinates>
                </Point>
                <Point id="78236">
                    <coordinates>12.520690296,53.610101698,0.0</coordinates>
                </Point>
                <Point id="78238">
                    <coordinates>12.574699097,53.639733301,0.0</coordinates>
                </Point>
                <Point id="78240">
                    <coordinates>12.542372956559296,53.63671979649429,0.0</coordinates>
                </Point>
                <Point id="78242">
                    <coordinates>12.538528991116,53.634644058791,0.0</coordinates>
                </Point>
                <Point id="78244">
                    <coordinates>12.539555476614899,53.6322856160427,0.0</coordinates>
                </Point>
                <Point id="78246">
                    <coordinates>12.5379638924461,53.6351568536208,0.0</coordinates>
                </Point>
                <Point id="78248">
                    <coordinates>12.5393512623153,53.6345974290955,0.0</coordinates>
                </Point>
                <Point id="78250">
                    <coordinates>12.540250644000002,53.63153882000001,0.0</coordinates>
                </Point>
                <Point id="78252">
                    <coordinates>12.541395482999999,53.635555098,0.0</coordinates>
                </Point>
                <Point id="78254">
                    <coordinates>12.522565245000001,53.61002224,0.0</coordinates>
                </Point>
                <Point id="78256">
                    <coordinates>12.538034873,53.63660222199999,0.0</coordinates>
                </Point>
            </MultiGeometry>
        </Placemark>
    </Document>
</kml>
