<?xml version="1.0" encoding="UTF-8"?>
<kml xmlns="http://www.opengis.net/kml/2.2" xmlns:gx="http://www.google.com/kml/ext/2.2">
    <Document id="88463">
        <Style id="90010">
            <IconStyle id="90011">
                <color>ff0000ff</color>
                <colorMode>normal</colorMode>
                <scale>1</scale>
                <heading>0</heading>
                <Icon id="90012">
                    <href>http://maps.google.com/mapfiles/kml/pushpin/ylw-pushpin.png</href>
                </Icon>
            </IconStyle>
            <LineStyle id="90013">
                <color>ff0000ff</color>
                <colorMode>normal</colorMode>
                <width>5</width>
            </LineStyle>
        </Style>
        <Style id="90326">
            <IconStyle id="90328">
                <colorMode>normal</colorMode>
                <scale>1</scale>
                <heading>0</heading>
                <Icon id="90329">
                    <href>http://maps.google.com/mapfiles/kml/shapes/placemark_circle.png</href>
                </Icon>
            </IconStyle>
            <LabelStyle id="90327">
                <colorMode>normal</colorMode>
                <scale>0.0</scale>
            </LabelStyle>
        </Style>
        <open>1</open>
        <Placemark id="88465">
            <name>MultiLine</name>
            <styleUrl>#90010</styleUrl>
            <MultiGeometry id="88464">
                <LineString id="88466">
                    <coordinates>12.38252691,53.455430859999986,0.0 12.382469279999999,53.45548029999999,0.0</coordinates>
                </LineString>
                <LineString id="88468">
                    <coordinates>12.52079038,53.47968981999999,0.0 12.520813829999998,53.47969912999999,0.0</coordinates>
                </LineString>
                <LineString id="88470">
                    <coordinates>12.50790327,53.48012467,0.0 12.508020379999998,53.480067459999994,0.0</coordinates>
                </LineString>
                <LineString id="88472">
                    <coordinates>12.425737869999999,53.44376102999998,0.0 12.425930150000001,53.44384879999999,0.0</coordinates>
                </LineString>
                <LineString id="88474">
                    <coordinates>12.378329019999999,53.45842691000001,0.0 12.378343529999999,53.45842825,0.0</coordinates>
                </LineString>
                <LineString id="88476">
                    <coordinates>12.378343529999999,53.45842825,0.0 12.37870509,53.458453950000006,0.0 12.37888028,53.45846361000001,0.0 12.37899521,53.45846378,0.0 12.379080529999998,53.45845715,0.0 12.37918915,53.45843721999999,0.0 12.379256009999999,53.45842262000001,0.0 12.379369050000001,53.458387390000006,0.0 12.37949275,53.45833335,0.0 12.379662029999999,53.45823717999999,0.0 12.379800049999998,53.45814652,0.0 12.380044340000001,53.45794831999999,0.0 12.380151899999998,53.45786247,0.0 12.38020907,53.45781792999999,0.0 12.38030226,53.45775758999999,0.0 12.38044214,53.45768582,0.0 12.38054672,53.45764836,0.0</coordinates>
                </LineString>
                <LineString id="88478">
                    <coordinates>12.3808431,53.45833571999999,0.0 12.38091909,53.45820339,0.0</coordinates>
                </LineString>
                <LineString id="88480">
                    <coordinates>12.38091909,53.45820339,0.0 12.38110193,53.45791433,0.0 12.381213050000001,53.457745870000004,0.0 12.381225849999998,53.45772591999999,0.0 12.38125524,53.45769529,0.0 12.38132372,53.457675579999986,0.0</coordinates>
                </LineString>
                <LineString id="88482">
                    <coordinates>12.38132372,53.457675579999986,0.0 12.38113382,53.457639570000005,0.0</coordinates>
                </LineString>
                <LineString id="88484">
                    <coordinates>12.38132372,53.457675579999986,0.0 12.381345149999998,53.45763719,0.0</coordinates>
                </LineString>
                <LineString id="88486">
                    <coordinates>12.38113382,53.457639570000005,0.0 12.38097798,53.45761201999999,0.0 12.38086578,53.45760713999999,0.0 12.3807462,53.45761089,0.0 12.380632369999999,53.457628619999994,0.0 12.38054672,53.45764836,0.0</coordinates>
                </LineString>
                <LineString id="88488">
                    <coordinates>12.43101874,53.4461185,0.0 12.431045409999998,53.446121729999994,0.0</coordinates>
                </LineString>
                <LineString id="88490">
                    <coordinates>12.381345149999998,53.45763719,0.0 12.38135437,53.45762247999999,0.0 12.381335519999999,53.45761000999999,0.0 12.38131615,53.45758952999999,0.0 12.38132842,53.45756343,0.0 12.38146631,53.45732468999999,0.0</coordinates>
                </LineString>
                <LineString id="88492">
                    <coordinates>12.38146631,53.45732468999999,0.0 12.3815831,53.45711303999999,0.0 12.381636559999999,53.457022540000004,0.0</coordinates>
                </LineString>
                <LineString id="88494">
                    <coordinates>12.381636559999999,53.457022540000004,0.0 12.381717369999999,53.45687302,0.0</coordinates>
                </LineString>
                <LineString id="88496">
                    <coordinates>12.381717369999999,53.45687302,0.0 12.38182938,53.456687349999996,0.0</coordinates>
                </LineString>
                <LineString id="88498">
                    <coordinates>12.38184176,53.45666638999999,0.0 12.381880240000001,53.45660122,0.0</coordinates>
                </LineString>
                <LineString id="88500">
                    <coordinates>12.381880240000001,53.45660122,0.0 12.381912509999998,53.45654991,0.0</coordinates>
                </LineString>
                <LineString id="88502">
                    <coordinates>12.381912509999998,53.45654991,0.0 12.38199922,53.45640054999999,0.0 12.382013239999997,53.456371569999995,0.0</coordinates>
                </LineString>
                <LineString id="88504">
                    <coordinates>12.382040659999998,53.45631638999999,0.0 12.382135799999999,53.45614325,0.0</coordinates>
                </LineString>
                <LineString id="88506">
                    <coordinates>12.382013239999997,53.456371569999995,0.0 12.382040659999998,53.45631638999999,0.0</coordinates>
                </LineString>
                <LineString id="88508">
                    <coordinates>12.423154830000001,53.43830200000001,0.0 12.42312016,53.43799298,0.0 12.423072869999999,53.437661379999994,0.0 12.423042299999999,53.43736019,0.0</coordinates>
                </LineString>
                <LineString id="88510">
                    <coordinates>12.423042299999999,53.43736019,0.0 12.423013269999998,53.43704826999999,0.0 12.422996969999998,53.436885069999995,0.0 12.422980830000002,53.43673406,0.0 12.422938209999998,53.436405109999995,0.0</coordinates>
                </LineString>
                <LineString id="88512">
                    <coordinates>12.422938209999998,53.436405109999995,0.0 12.42289213,53.436021200000006,0.0 12.422854679999999,53.4356921,0.0 12.42279737,53.435431739999984,0.0</coordinates>
                </LineString>
                <LineString id="88514">
                    <coordinates>12.42279737,53.435431739999984,0.0 12.422757779999998,53.43521546000001,0.0 12.422688149999999,53.43461373999999,0.0</coordinates>
                </LineString>
                <LineString id="88516">
                    <coordinates>12.423403,53.44044842000001,0.0 12.423378879999998,53.44021548999999,0.0 12.423336089999998,53.439938709999986,0.0</coordinates>
                </LineString>
                <LineString id="88518">
                    <coordinates>12.423336089999998,53.439938709999986,0.0 12.42330525,53.439650760000006,0.0 12.423285339999998,53.43942127,0.0</coordinates>
                </LineString>
                <LineString id="88520">
                    <coordinates>12.423285339999998,53.43942127,0.0 12.423249939999998,53.43910441,0.0 12.42321547,53.43880622,0.0</coordinates>
                </LineString>
                <LineString id="88522">
                    <coordinates>12.42321547,53.43880622,0.0 12.423154830000001,53.43830200000001,0.0</coordinates>
                </LineString>
                <LineString id="88524">
                    <coordinates>12.422688149999999,53.43461373999999,0.0 12.42266627,53.434423009999996,0.0</coordinates>
                </LineString>
                <LineString id="88526">
                    <coordinates>12.422610389999996,53.433905589999995,0.0 12.422588759999998,53.433725790000004,0.0</coordinates>
                </LineString>
                <LineString id="88528">
                    <coordinates>12.42266627,53.434423009999996,0.0 12.42261754,53.43397835,0.0</coordinates>
                </LineString>
                <LineString id="88530">
                    <coordinates>12.42261754,53.43397835,0.0 12.422610389999996,53.433905589999995,0.0</coordinates>
                </LineString>
                <LineString id="88532">
                    <coordinates>12.42256535,53.433545079999995,0.0 12.422331919999998,53.433559329999994,0.0</coordinates>
                </LineString>
                <LineString id="88534">
                    <coordinates>12.422588759999998,53.433725790000004,0.0 12.42256591,53.43355884999999,0.0</coordinates>
                </LineString>
                <LineString id="88536">
                    <coordinates>12.422331919999998,53.433559329999994,0.0 12.42193026,53.43357719,0.0</coordinates>
                </LineString>
                <LineString id="88538">
                    <coordinates>12.42256591,53.43355884999999,0.0 12.42256535,53.433545079999995,0.0</coordinates>
                </LineString>
                <LineString id="88540">
                    <coordinates>12.42814568,53.44486582999999,0.0 12.428194320000001,53.44488801999999,0.0</coordinates>
                </LineString>
                <LineString id="88542">
                    <coordinates>12.428061409999998,53.44489329999999,0.0 12.42811701,53.44492166,0.0</coordinates>
                </LineString>
                <LineString id="88544">
                    <coordinates>12.42752171,53.44457734,0.0 12.427659699999998,53.44463845,0.0</coordinates>
                </LineString>
                <LineString id="88546">
                    <coordinates>12.42811701,53.44492166,0.0 12.428403190000001,53.445059660000005,0.0</coordinates>
                </LineString>
                <LineString id="88548">
                    <coordinates>12.427659699999998,53.44463845,0.0 12.42814568,53.44486582999999,0.0</coordinates>
                </LineString>
                <LineString id="88550">
                    <coordinates>12.428339849999999,53.44495818999999,0.0 12.428351289999998,53.44496374999999,0.0</coordinates>
                </LineString>
                <LineString id="88552">
                    <coordinates>12.428403190000001,53.445059660000005,0.0 12.42849451,53.44510654,0.0</coordinates>
                </LineString>
                <LineString id="88554">
                    <coordinates>12.428061409999998,53.44489329999999,0.0 12.42814568,53.44486582999999,0.0</coordinates>
                </LineString>
                <LineString id="88556">
                    <coordinates>12.42849451,53.44510654,0.0 12.428519449999998,53.44511573,0.0</coordinates>
                </LineString>
                <LineString id="88558">
                    <coordinates>12.428519449999998,53.44511573,0.0 12.428777809999998,53.4452486,0.0 12.42888582,53.44530653,0.0</coordinates>
                </LineString>
                <LineString id="88560">
                    <coordinates>12.42888582,53.44530653,0.0 12.428903400000001,53.44531255999999,0.0</coordinates>
                </LineString>
                <LineString id="88562">
                    <coordinates>12.42912785,53.44542256,0.0 12.429091269999999,53.445450599999994,0.0</coordinates>
                </LineString>
                <LineString id="88564">
                    <coordinates>12.428903400000001,53.44531255999999,0.0 12.42912785,53.44542256,0.0</coordinates>
                </LineString>
                <LineString id="88566">
                    <coordinates>12.42962905,53.44565896999999,0.0 12.42965449,53.44567135999999,0.0</coordinates>
                </LineString>
                <LineString id="88568">
                    <coordinates>12.42965449,53.44567135999999,0.0 12.429702899999999,53.44569469999998,0.0</coordinates>
                </LineString>
                <LineString id="88570">
                    <coordinates>12.42912785,53.44542256,0.0 12.42926565,53.44548778000001,0.0</coordinates>
                </LineString>
                <LineString id="88572">
                    <coordinates>12.429702899999999,53.44569469999998,0.0 12.429732159999999,53.44570792999998,0.0</coordinates>
                </LineString>
                <LineString id="88574">
                    <coordinates>12.429732159999999,53.44570792999998,0.0 12.430005519999998,53.445838959999996,0.0</coordinates>
                </LineString>
                <LineString id="88576">
                    <coordinates>12.430005519999998,53.445838959999996,0.0 12.430090539999998,53.44588513000001,0.0</coordinates>
                </LineString>
                <LineString id="88578">
                    <coordinates>12.430090539999998,53.44588513000001,0.0 12.430136679999999,53.44590519,0.0 12.43019281,53.44592727,0.0</coordinates>
                </LineString>
                <LineString id="88580">
                    <coordinates>12.43019281,53.44592727,0.0 12.4302774,53.44596481,0.0</coordinates>
                </LineString>
                <LineString id="88582">
                    <coordinates>12.4302774,53.44596481,0.0 12.43035986,53.445991129999996,0.0 12.43050639,53.44602789999999,0.0</coordinates>
                </LineString>
                <LineString id="88584">
                    <coordinates>12.43050639,53.44602789999999,0.0 12.43055236,53.44603728999999,0.0</coordinates>
                </LineString>
                <LineString id="88586">
                    <coordinates>12.43055236,53.44603728999999,0.0 12.430931439999998,53.446106579999984,0.0</coordinates>
                </LineString>
                <LineString id="88588">
                    <coordinates>12.430931439999998,53.446106579999984,0.0 12.430961229999998,53.44611095,0.0</coordinates>
                </LineString>
                <LineString id="88590">
                    <coordinates>12.431045409999998,53.446121729999994,0.0 12.43140623,53.44618331,0.0 12.431496890000002,53.44620416,0.0</coordinates>
                </LineString>
                <LineString id="88592">
                    <coordinates>12.430961229999998,53.44611095,0.0 12.43101874,53.4461185,0.0</coordinates>
                </LineString>
                <LineString id="88594">
                    <coordinates>12.431496890000002,53.44620416,0.0 12.431539640000002,53.44621824000001,0.0 12.43156365,53.44623448,0.0 12.431574379999999,53.44624528999999,0.0</coordinates>
                </LineString>
                <LineString id="88596">
                    <coordinates>12.43157127,53.446273569999995,0.0 12.43154949,53.44630023,0.0</coordinates>
                </LineString>
                <LineString id="88598">
                    <coordinates>12.427310519999999,53.44448212999998,0.0 12.42716323,53.444414390000006,0.0</coordinates>
                </LineString>
                <LineString id="88600">
                    <coordinates>12.42752171,53.44457734,0.0 12.427489419999999,53.44456194,0.0</coordinates>
                </LineString>
                <LineString id="88602">
                    <coordinates>12.42413969,53.44234255,0.0 12.42409054,53.44237046999999,0.0</coordinates>
                </LineString>
                <LineString id="88604">
                    <coordinates>12.424128339999998,53.44240566,0.0 12.423897960000001,53.44255957,0.0</coordinates>
                </LineString>
                <LineString id="88606">
                    <coordinates>12.42409054,53.44237046999999,0.0 12.424128339999998,53.44240566,0.0</coordinates>
                </LineString>
                <LineString id="88608">
                    <coordinates>12.423780849999998,53.44286057,0.0 12.423832510000002,53.442897529999996,0.0 12.424023950000002,53.442990220000006,0.0 12.42432673,53.44314248999999,0.0 12.42461325,53.44327368999999,0.0 12.424905160000002,53.44339224000001,0.0 12.42506764,53.44346747,0.0</coordinates>
                </LineString>
                <LineString id="88610">
                    <coordinates>12.425108559999998,53.44348510999999,0.0 12.42529164,53.443565359999994,0.0 12.425593229999999,53.44369313999999,0.0 12.425737869999999,53.44376102999998,0.0</coordinates>
                </LineString>
                <LineString id="88612">
                    <coordinates>12.425930150000001,53.44384879999999,0.0 12.42615561,53.443948969999994,0.0</coordinates>
                </LineString>
                <LineString id="88614">
                    <coordinates>12.42615561,53.443948969999994,0.0 12.42627787,53.44400517999999,0.0</coordinates>
                </LineString>
                <LineString id="88616">
                    <coordinates>12.426940470000002,53.44431246,0.0 12.42716323,53.444414390000006,0.0</coordinates>
                </LineString>
                <LineString id="88618">
                    <coordinates>12.426343119999999,53.44403698,0.0 12.426349009999997,53.44403983,0.0</coordinates>
                </LineString>
                <LineString id="88620">
                    <coordinates>12.423403,53.44044842000001,0.0 12.423440259999998,53.44079505999999,0.0</coordinates>
                </LineString>
                <LineString id="88622">
                    <coordinates>12.42408124,53.441365919999996,0.0 12.424328339999999,53.441506219999994,0.0 12.424580969999997,53.44165091,0.0</coordinates>
                </LineString>
                <LineString id="88624">
                    <coordinates>12.423440259999998,53.44079505999999,0.0 12.42345682,53.44085862999999,0.0 12.423473279999998,53.440910970000004,0.0 12.423505000000002,53.44096938,0.0 12.4235731,53.441044180000006,0.0 12.42368561,53.441128309999996,0.0 12.42394916,53.44128417,0.0 12.42408124,53.441365919999996,0.0</coordinates>
                </LineString>
                <LineString id="88626">
                    <coordinates>12.424725369999999,53.441913839999984,0.0 12.42469888,53.441961369999994,0.0 12.424676730000002,53.44200457,0.0 12.42461822,53.44205284,0.0 12.42454346,53.44210466,0.0 12.42413969,53.44234255,0.0</coordinates>
                </LineString>
                <LineString id="88628">
                    <coordinates>12.42627787,53.44400517999999,0.0 12.426343119999999,53.44403698,0.0</coordinates>
                </LineString>
                <LineString id="88630">
                    <coordinates>12.424580969999997,53.44165091,0.0 12.4246616,53.4417105,0.0 12.42470317,53.441773350000005,0.0 12.42472867,53.44181791999999,0.0 12.4247328,53.441861859999996,0.0 12.424725369999999,53.441913839999984,0.0</coordinates>
                </LineString>
                <LineString id="88632">
                    <coordinates>12.42506764,53.44346747,0.0 12.425108559999998,53.44348510999999,0.0</coordinates>
                </LineString>
                <LineString id="88634">
                    <coordinates>12.428351289999998,53.44496374999999,0.0 12.42870807,53.44513614,0.0</coordinates>
                </LineString>
                <LineString id="88636">
                    <coordinates>12.427489419999999,53.44456194,0.0 12.427310519999999,53.44448212999998,0.0</coordinates>
                </LineString>
                <LineString id="88638">
                    <coordinates>12.426349009999997,53.44403983,0.0 12.42655186,53.444136719999996,0.0 12.42681531,53.44425432,0.0 12.426940470000002,53.44431246,0.0</coordinates>
                </LineString>
                <LineString id="88640">
                    <coordinates>12.431574379999999,53.44624528999999,0.0 12.43158389,53.446258149999984,0.0 12.43157127,53.446273569999995,0.0</coordinates>
                </LineString>
                <LineString id="88642">
                    <coordinates>12.431270260000002,53.44687943,0.0 12.431285839999997,53.44678783999999,0.0</coordinates>
                </LineString>
                <LineString id="88644">
                    <coordinates>12.431268180000002,53.44692554000001,0.0 12.431270260000002,53.44687943,0.0</coordinates>
                </LineString>
                <LineString id="88646">
                    <coordinates>12.431256480000002,53.44697092999999,0.0 12.431268180000002,53.44692554000001,0.0</coordinates>
                </LineString>
                <LineString id="88648">
                    <coordinates>12.43123015,53.44711098,0.0 12.431256480000002,53.44697092999999,0.0</coordinates>
                </LineString>
                <LineString id="88650">
                    <coordinates>12.431204719999998,53.44723421,0.0 12.43121756,53.447174280000006,0.0 12.43123015,53.44711098,0.0</coordinates>
                </LineString>
                <LineString id="88652">
                    <coordinates>12.431198469999998,53.44726261,0.0 12.431204719999998,53.44723421,0.0</coordinates>
                </LineString>
                <LineString id="88654">
                    <coordinates>12.4311209,53.447577989999985,0.0 12.43112738,53.44754592999998,0.0 12.431198469999998,53.44726261,0.0</coordinates>
                </LineString>
                <LineString id="88656">
                    <coordinates>12.431285839999997,53.44678783999999,0.0 12.43129119,53.44671902999999,0.0 12.431297099999998,53.44664818,0.0 12.43132253,53.44655205,0.0</coordinates>
                </LineString>
                <LineString id="88658">
                    <coordinates>12.43132253,53.44655205,0.0 12.43136337,53.44646128,0.0</coordinates>
                </LineString>
                <LineString id="88660">
                    <coordinates>12.43136337,53.44646128,0.0 12.43147038,53.446387800000004,0.0</coordinates>
                </LineString>
                <LineString id="88662">
                    <coordinates>12.43147038,53.446387800000004,0.0 12.4315099,53.44635971,0.0</coordinates>
                </LineString>
                <LineString id="88664">
                    <coordinates>12.43154949,53.44630023,0.0 12.4315099,53.44635971,0.0</coordinates>
                </LineString>
                <LineString id="88666">
                    <coordinates>12.38182938,53.456687349999996,0.0 12.38184176,53.45666638999999,0.0</coordinates>
                </LineString>
                <LineString id="88668">
                    <coordinates>12.428194320000001,53.44488801999999,0.0 12.428339849999999,53.44495818999999,0.0</coordinates>
                </LineString>
                <LineString id="88670">
                    <coordinates>12.42926565,53.44548778000001,0.0 12.42962905,53.44565896999999,0.0</coordinates>
                </LineString>
                <LineString id="88672">
                    <coordinates>12.423897960000001,53.44255957,0.0 12.42379294,53.44264055000001,0.0 12.4237678,53.44266688,0.0 12.42374302,53.44270922999999,0.0 12.42373628,53.44275529000001,0.0 12.423738559999999,53.44279165999999,0.0 12.42375049,53.44282778000001,0.0 12.42377748,53.44285819999999,0.0 12.423780849999998,53.44286057,0.0</coordinates>
                </LineString>
                <LineString id="88674">
                    <coordinates>12.426013269999999,53.462653419999995,0.0 12.426031170000002,53.46256355,0.0 12.42607232,53.46235708,0.0</coordinates>
                </LineString>
                <LineString id="88676">
                    <coordinates>12.420048949999998,53.461607089999994,0.0 12.420158809999998,53.46149323,0.0</coordinates>
                </LineString>
                <LineString id="88678">
                    <coordinates>12.44551424,53.47020694,0.0 12.44559529,53.47022885999999,0.0</coordinates>
                </LineString>
                <LineString id="88680">
                    <coordinates>12.42589039,53.464142859999995,0.0 12.425890329999998,53.4641262,0.0 12.42588262,53.46409214999999,0.0</coordinates>
                </LineString>
                <LineString id="88682">
                    <coordinates>12.42588262,53.46409214999999,0.0 12.425872550000001,53.4640311,0.0 12.42587128,53.46399147999999,0.0 12.42587319,53.463950649999994,0.0</coordinates>
                </LineString>
                <LineString id="88684">
                    <coordinates>12.42587319,53.463950649999994,0.0 12.42592145,53.46376387,0.0</coordinates>
                </LineString>
                <LineString id="88686">
                    <coordinates>12.425847099999999,53.46428336999998,0.0 12.42589604,53.46430502,0.0 12.4259224,53.46432008,0.0 12.425947120000002,53.46432489,0.0 12.425985150000002,53.464335459999994,0.0 12.426026959999998,53.46435038999999,0.0 12.426156710000003,53.46442030000001,0.0</coordinates>
                </LineString>
                <LineString id="88688">
                    <coordinates>12.42593445,53.46348864,0.0 12.42597557,53.46343778000001,0.0 12.426003380000001,53.46336904999999,0.0</coordinates>
                </LineString>
                <LineString id="88690">
                    <coordinates>12.426003380000001,53.46336904999999,0.0 12.42601015,53.46332596999999,0.0</coordinates>
                </LineString>
                <LineString id="88692">
                    <coordinates>12.42601015,53.46332596999999,0.0 12.42602015,53.46327776,0.0</coordinates>
                </LineString>
                <LineString id="88694">
                    <coordinates>12.42602015,53.46327776,0.0 12.426026899999998,53.463259029999996,0.0</coordinates>
                </LineString>
                <LineString id="88696">
                    <coordinates>12.426026899999998,53.463259029999996,0.0 12.426032679999999,53.46322376,0.0</coordinates>
                </LineString>
                <LineString id="88698">
                    <coordinates>12.426032679999999,53.46322376,0.0 12.42604277,53.463160179999996,0.0</coordinates>
                </LineString>
                <LineString id="88700">
                    <coordinates>12.42604277,53.463160179999996,0.0 12.42604691,53.46312612,0.0</coordinates>
                </LineString>
                <LineString id="88702">
                    <coordinates>12.42604691,53.46312612,0.0 12.426051269999999,53.463103849999996,0.0 12.426052649999999,53.46307878999999,0.0</coordinates>
                </LineString>
                <LineString id="88704">
                    <coordinates>12.426052649999999,53.46307878999999,0.0 12.42605194,53.463044239999995,0.0</coordinates>
                </LineString>
                <LineString id="88706">
                    <coordinates>12.42605194,53.463044239999995,0.0 12.426060259999998,53.46295401999999,0.0</coordinates>
                </LineString>
                <LineString id="88708">
                    <coordinates>12.426060259999998,53.46295401999999,0.0 12.425966060000002,53.462912689999996,0.0</coordinates>
                </LineString>
                <LineString id="88710">
                    <coordinates>12.4259763,53.46284979,0.0 12.42598743,53.46279130999999,0.0</coordinates>
                </LineString>
                <LineString id="88712">
                    <coordinates>12.42598743,53.46279130999999,0.0 12.426013269999999,53.462653419999995,0.0</coordinates>
                </LineString>
                <LineString id="88714">
                    <coordinates>12.42607232,53.46235708,0.0 12.42608947,53.4622613,0.0</coordinates>
                </LineString>
                <LineString id="88716">
                    <coordinates>12.42608947,53.4622613,0.0 12.42609806,53.46220828,0.0</coordinates>
                </LineString>
                <LineString id="88718">
                    <coordinates>12.42609806,53.46220828,0.0 12.426173409999999,53.462082339999995,0.0</coordinates>
                </LineString>
                <LineString id="88720">
                    <coordinates>12.426173409999999,53.462082339999995,0.0 12.426199200000001,53.46199192,0.0 12.42623998,53.46190714,0.0 12.4262586,53.46186717999999,0.0</coordinates>
                </LineString>
                <LineString id="88722">
                    <coordinates>12.4262586,53.46186717999999,0.0 12.426394779999999,53.46184366,0.0</coordinates>
                </LineString>
                <LineString id="88724">
                    <coordinates>12.426156710000003,53.46442030000001,0.0 12.426286679999999,53.46448675,0.0 12.426299229999996,53.46449917999998,0.0 12.42630602,53.464510829999995,0.0 12.42636924,53.46466561,0.0 12.42638329,53.46468188000001,0.0 12.42641137,53.46471007999999,0.0 12.42644145,53.46473183,0.0 12.42646837,53.46474906,0.0 12.426488889999998,53.46476044999999,0.0 12.42650506,53.46476445,0.0</coordinates>
                </LineString>
                <LineString id="88726">
                    <coordinates>12.42650506,53.46476445,0.0 12.426564479999998,53.46477933,0.0 12.42662798,53.46479374,0.0 12.42670146,53.46480954999999,0.0 12.42677313,53.464825129999994,0.0 12.426852850000001,53.46484259999999,0.0 12.426916650000003,53.46485782999999,0.0 12.42696651,53.46487422999999,0.0 12.427003529999999,53.46488336,0.0</coordinates>
                </LineString>
                <LineString id="88728">
                    <coordinates>12.427003529999999,53.46488336,0.0 12.42703856,53.46489600999999,0.0</coordinates>
                </LineString>
                <LineString id="88730">
                    <coordinates>12.42703856,53.46489600999999,0.0 12.427102569999999,53.46491816999999,0.0</coordinates>
                </LineString>
                <LineString id="88732">
                    <coordinates>12.427102569999999,53.46491816999999,0.0 12.427169160000002,53.46494391,0.0</coordinates>
                </LineString>
                <LineString id="88734">
                    <coordinates>12.427359379999999,53.46503753999999,0.0 12.42747335,53.46510337,0.0</coordinates>
                </LineString>
                <LineString id="88736">
                    <coordinates>12.42747335,53.46510337,0.0 12.42757816,53.465165369999994,0.0 12.427680520000001,53.46523058999999,0.0 12.42790665,53.465353379999996,0.0</coordinates>
                </LineString>
                <LineString id="88738">
                    <coordinates>12.426394779999999,53.46184366,0.0 12.42640617,53.46182037,0.0</coordinates>
                </LineString>
                <LineString id="88740">
                    <coordinates>12.42640617,53.46182037,0.0 12.426427619999998,53.46178471000001,0.0</coordinates>
                </LineString>
                <LineString id="88742">
                    <coordinates>12.426427619999998,53.46178471000001,0.0 12.426478449999998,53.46167789999999,0.0</coordinates>
                </LineString>
                <LineString id="88744">
                    <coordinates>12.426478449999998,53.46167789999999,0.0 12.42649813,53.461623120000006,0.0</coordinates>
                </LineString>
                <LineString id="88746">
                    <coordinates>12.42649813,53.461623120000006,0.0 12.4265049,53.46159463,0.0 12.426591379999998,53.46147967999999,0.0</coordinates>
                </LineString>
                <LineString id="88748">
                    <coordinates>12.426591379999998,53.46147967999999,0.0 12.426658679999997,53.46137165999998,0.0</coordinates>
                </LineString>
                <LineString id="88750">
                    <coordinates>12.426658679999997,53.46137165999998,0.0 12.42670565,53.46129585,0.0</coordinates>
                </LineString>
                <LineString id="88752">
                    <coordinates>12.42670565,53.46129585,0.0 12.426725379999999,53.461257559999986,0.0</coordinates>
                </LineString>
                <LineString id="88754">
                    <coordinates>12.426725379999999,53.461257559999986,0.0 12.426760349999999,53.461191409999984,0.0</coordinates>
                </LineString>
                <LineString id="88756">
                    <coordinates>12.433573159999998,53.472472199999984,0.0 12.433644300000001,53.47248534999999,0.0 12.433763089999998,53.47251402999999,0.0</coordinates>
                </LineString>
                <LineString id="88758">
                    <coordinates>12.433763089999998,53.47251402999999,0.0 12.433819060000001,53.47252588,0.0</coordinates>
                </LineString>
                <LineString id="88760">
                    <coordinates>12.433819060000001,53.47252588,0.0 12.43387274,53.47253808999999,0.0</coordinates>
                </LineString>
                <LineString id="88762">
                    <coordinates>12.43387274,53.47253808999999,0.0 12.43397018,53.472559509999996,0.0 12.434146479999999,53.472599519999996,0.0 12.434176780000001,53.472606459999994,0.0</coordinates>
                </LineString>
                <LineString id="88764">
                    <coordinates>12.434176780000001,53.472606459999994,0.0 12.43426028,53.47262393,0.0</coordinates>
                </LineString>
                <LineString id="88766">
                    <coordinates>12.43426028,53.47262393,0.0 12.43432756,53.47263838999999,0.0</coordinates>
                </LineString>
                <LineString id="88768">
                    <coordinates>12.43432756,53.47263838999999,0.0 12.434444169999999,53.47266462999998,0.0</coordinates>
                </LineString>
                <LineString id="88770">
                    <coordinates>12.434444169999999,53.47266462999998,0.0 12.43447929,53.47267341,0.0</coordinates>
                </LineString>
                <LineString id="88772">
                    <coordinates>12.43447929,53.47267341,0.0 12.43460799,53.47270232,0.0 12.434658149999999,53.47271134,0.0 12.434748039999999,53.47273188,0.0 12.43488906,53.47276278,0.0</coordinates>
                </LineString>
                <LineString id="88774">
                    <coordinates>12.43488906,53.47276278,0.0 12.43504393,53.47279695,0.0 12.435109570000002,53.472811840000006,0.0 12.43517902,53.47282941999999,0.0 12.435208709999998,53.472841609999996,0.0 12.435256870000002,53.47284731,0.0 12.43529346,53.47286130999999,0.0 12.43530954,53.47288222,0.0 12.435311759999998,53.47290347999998,0.0 12.435304489999998,53.47292605999999,0.0</coordinates>
                </LineString>
                <LineString id="88776">
                    <coordinates>12.435293820000002,53.472934159999994,0.0 12.43527798,53.47294606,0.0</coordinates>
                </LineString>
                <LineString id="88778">
                    <coordinates>12.43527798,53.47294606,0.0 12.435255190000001,53.47296623,0.0</coordinates>
                </LineString>
                <LineString id="88780">
                    <coordinates>12.435255190000001,53.47296623,0.0 12.435183879999999,53.473028840000005,0.0</coordinates>
                </LineString>
                <LineString id="88782">
                    <coordinates>12.435183879999999,53.473028840000005,0.0 12.435136819999999,53.47307073,0.0</coordinates>
                </LineString>
                <LineString id="88784">
                    <coordinates>12.435136819999999,53.47307073,0.0 12.435125529999999,53.47307846,0.0 12.435120539999998,53.47308725,0.0</coordinates>
                </LineString>
                <LineString id="88786">
                    <coordinates>12.4348826,53.47330933,0.0 12.43482371,53.47336488,0.0</coordinates>
                </LineString>
                <LineString id="88788">
                    <coordinates>12.43482371,53.47336488,0.0 12.43472481,53.47345675999999,0.0 12.43464832,53.473524499999996,0.0</coordinates>
                </LineString>
                <LineString id="88790">
                    <coordinates>12.43464832,53.473524499999996,0.0 12.43455168,53.47360865,0.0 12.4344361,53.47371275,0.0</coordinates>
                </LineString>
                <LineString id="88792">
                    <coordinates>12.4344361,53.47371275,0.0 12.43429913,53.47382634999999,0.0 12.434210739999997,53.473901219999995,0.0</coordinates>
                </LineString>
                <LineString id="88794">
                    <coordinates>12.43527798,53.47294606,0.0 12.43540844,53.47300436999999,0.0</coordinates>
                </LineString>
                <LineString id="88796">
                    <coordinates>12.43540844,53.47300436999999,0.0 12.43542576,53.47299043,0.0</coordinates>
                </LineString>
                <LineString id="88798">
                    <coordinates>12.43542576,53.47299043,0.0 12.435449219999999,53.47297343999999,0.0 12.43547942,53.47295109,0.0 12.43550792,53.47293704,0.0 12.43554274,53.47292690999999,0.0 12.435595420000002,53.47292338,0.0 12.435622649999997,53.472927209999995,0.0 12.43566215,53.472935839999984,0.0</coordinates>
                </LineString>
                <LineString id="88800">
                    <coordinates>12.435706189999998,53.472656699999995,0.0 12.435717849999998,53.472649579999995,0.0</coordinates>
                </LineString>
                <LineString id="88802">
                    <coordinates>12.433573159999998,53.472472199999984,0.0 12.433528739999998,53.47246061999999,0.0</coordinates>
                </LineString>
                <LineString id="88804">
                    <coordinates>12.433528739999998,53.47246061999999,0.0 12.433447550000002,53.47244178999999,0.0</coordinates>
                </LineString>
                <LineString id="88806">
                    <coordinates>12.433447550000002,53.47244178999999,0.0 12.43334346,53.47241886,0.0</coordinates>
                </LineString>
                <LineString id="88808">
                    <coordinates>12.43334346,53.47241886,0.0 12.43332901,53.472415610000006,0.0</coordinates>
                </LineString>
                <LineString id="88810">
                    <coordinates>12.43332901,53.472415610000006,0.0 12.433285629999999,53.47240494,0.0 12.43322589,53.47239102000001,0.0</coordinates>
                </LineString>
                <LineString id="88812">
                    <coordinates>12.43322589,53.47239102000001,0.0 12.43314509,53.472372619999994,0.0 12.43309725,53.47236042999998,0.0 12.43305563,53.47234793999999,0.0 12.43299613,53.47232921,0.0</coordinates>
                </LineString>
                <LineString id="88814">
                    <coordinates>12.43299613,53.47232921,0.0 12.43297072,53.47232104,0.0 12.432954439999998,53.472314609999984,0.0</coordinates>
                </LineString>
                <LineString id="88816">
                    <coordinates>12.432954439999998,53.472314609999984,0.0 12.432909919999997,53.47229579999999,0.0 12.432875189999999,53.47227946999999,0.0 12.43285032,53.47226437999999,0.0</coordinates>
                </LineString>
                <LineString id="88818">
                    <coordinates>12.43285032,53.47226437999999,0.0 12.43278882,53.47222983,0.0</coordinates>
                </LineString>
                <LineString id="88820">
                    <coordinates>12.43278882,53.47222983,0.0 12.43275896,53.4722087,0.0 12.432735479999998,53.47218967,0.0 12.43270109,53.47215608999999,0.0 12.43266741,53.47211816,0.0 12.432650969999997,53.47209890999999,0.0</coordinates>
                </LineString>
                <LineString id="88822">
                    <coordinates>12.432650969999997,53.47209890999999,0.0 12.432612310000001,53.472042480000006,0.0 12.432596319999998,53.472015369999994,0.0 12.43254815,53.471909759999996,0.0 12.432510459999998,53.47183446999999,0.0</coordinates>
                </LineString>
                <LineString id="88824">
                    <coordinates>12.432510459999998,53.47183446999999,0.0 12.432441879999997,53.47169123,0.0 12.432386479999998,53.471594489999994,0.0 12.4323675,53.471540770000004,0.0</coordinates>
                </LineString>
                <LineString id="88826">
                    <coordinates>12.4323675,53.471540770000004,0.0 12.432350849999999,53.471500559999996,0.0</coordinates>
                </LineString>
                <LineString id="88828">
                    <coordinates>12.432350849999999,53.471500559999996,0.0 12.43233754,53.471469680000006,0.0 12.43230796,53.471415709999995,0.0 12.43227795,53.471368110000014,0.0 12.43224378,53.471318749999995,0.0</coordinates>
                </LineString>
                <LineString id="88830">
                    <coordinates>12.43224378,53.471318749999995,0.0 12.432236739999999,53.47130806,0.0</coordinates>
                </LineString>
                <LineString id="88832">
                    <coordinates>12.432236739999999,53.47130806,0.0 12.432175909999998,53.471224279999994,0.0</coordinates>
                </LineString>
                <LineString id="88834">
                    <coordinates>12.432175909999998,53.471224279999994,0.0 12.432101259999998,53.47111982999999,0.0 12.432053429999998,53.47105528,0.0</coordinates>
                </LineString>
                <LineString id="88836">
                    <coordinates>12.431189029999999,53.47022643,0.0 12.431415069999998,53.47043943999999,0.0 12.43149009,53.470509039999996,0.0</coordinates>
                </LineString>
                <LineString id="88838">
                    <coordinates>12.43149009,53.470509039999996,0.0 12.43171954,53.47072224,0.0 12.43190821,53.470898500000004,0.0 12.43196608,53.47094987999999,0.0</coordinates>
                </LineString>
                <LineString id="88840">
                    <coordinates>12.43196608,53.47094987999999,0.0 12.43199539,53.47097889999999,0.0</coordinates>
                </LineString>
                <LineString id="88842">
                    <coordinates>12.43199539,53.47097889999999,0.0 12.432053429999998,53.47105528,0.0</coordinates>
                </LineString>
                <LineString id="88844">
                    <coordinates>12.431189029999999,53.47022643,0.0 12.431141229999998,53.4701846,0.0 12.431074809999998,53.4701234,0.0 12.43103126,53.47007961,0.0 12.430992060000001,53.470030019999996,0.0 12.430956950000002,53.46997363999999,0.0</coordinates>
                </LineString>
                <LineString id="88846">
                    <coordinates>12.430956950000002,53.46997363999999,0.0 12.43097104,53.46996881,0.0</coordinates>
                </LineString>
                <LineString id="88848">
                    <coordinates>12.43097104,53.46996881,0.0 12.431071629999998,53.46993286999998,0.0</coordinates>
                </LineString>
                <LineString id="88850">
                    <coordinates>12.431071629999998,53.46993286999998,0.0 12.430992,53.46981400000001,0.0 12.43098777,53.46980245,0.0 12.430985130000002,53.46978114,0.0 12.430989239999999,53.46975552,0.0 12.430994179999999,53.469729769999994,0.0 12.430994279999998,53.46971213,0.0</coordinates>
                </LineString>
                <LineString id="88852">
                    <coordinates>12.430994279999998,53.46971213,0.0 12.43099149,53.46968766999999,0.0 12.430982939999998,53.469647429999995,0.0 12.43097982,53.46963647,0.0</coordinates>
                </LineString>
                <LineString id="88854">
                    <coordinates>12.43097982,53.46963647,0.0 12.43096251,53.46958596999999,0.0 12.430947139999999,53.46955048999999,0.0 12.43092061,53.46949935,0.0 12.430878,53.46941249000001,0.0 12.430859409999998,53.46937284999999,0.0</coordinates>
                </LineString>
                <LineString id="88856">
                    <coordinates>12.430859409999998,53.46937284999999,0.0 12.43085269,53.469352099999995,0.0 12.430838669999998,53.46931563999999,0.0</coordinates>
                </LineString>
                <LineString id="88858">
                    <coordinates>12.430838669999998,53.46931563999999,0.0 12.430833449999998,53.469294319999996,0.0</coordinates>
                </LineString>
                <LineString id="88860">
                    <coordinates>12.430833449999998,53.469294319999996,0.0 12.43079508,53.46920436999999,0.0</coordinates>
                </LineString>
                <LineString id="88862">
                    <coordinates>12.43079508,53.46920436999999,0.0 12.430723549999998,53.469032679999984,0.0 12.43061123,53.468764799999995,0.0 12.430572889999999,53.46868143999999,0.0</coordinates>
                </LineString>
                <LineString id="88864">
                    <coordinates>12.430572889999999,53.46868143999999,0.0 12.43054706,53.46861194,0.0</coordinates>
                </LineString>
                <LineString id="88866">
                    <coordinates>12.43044398,53.468461549999994,0.0 12.430390180000002,53.46834998,0.0 12.43032471,53.46819458,0.0</coordinates>
                </LineString>
                <LineString id="88868">
                    <coordinates>12.43032471,53.46819458,0.0 12.4303026,53.468147329999994,0.0</coordinates>
                </LineString>
                <LineString id="88870">
                    <coordinates>12.4303026,53.468147329999994,0.0 12.430258779999999,53.46803987,0.0</coordinates>
                </LineString>
                <LineString id="88872">
                    <coordinates>12.430258779999999,53.46803987,0.0 12.43016341,53.46779797999999,0.0</coordinates>
                </LineString>
                <LineString id="88874">
                    <coordinates>12.43015981,53.467787339999994,0.0 12.43010326,53.467629949999996,0.0 12.430073439999997,53.46755481999999,0.0 12.430070059999998,53.467523009999994,0.0</coordinates>
                </LineString>
                <LineString id="88876">
                    <coordinates>12.430070059999998,53.467523009999994,0.0 12.43004588,53.46746299000001,0.0</coordinates>
                </LineString>
                <LineString id="88878">
                    <coordinates>12.43004588,53.46746299000001,0.0 12.429969729999998,53.46724208999999,0.0 12.42991048,53.467100079999994,0.0</coordinates>
                </LineString>
                <LineString id="88880">
                    <coordinates>12.42991048,53.467100079999994,0.0 12.42988078,53.46694142999999,0.0 12.429864589999998,53.46692294,0.0</coordinates>
                </LineString>
                <LineString id="88882">
                    <coordinates>12.429864589999998,53.46692294,0.0 12.429822239999998,53.46687393,0.0</coordinates>
                </LineString>
                <LineString id="88884">
                    <coordinates>12.429822239999998,53.46687393,0.0 12.42979504,53.46682909,0.0</coordinates>
                </LineString>
                <LineString id="88886">
                    <coordinates>12.42979504,53.46682909,0.0 12.429696790000001,53.46665685,0.0</coordinates>
                </LineString>
                <LineString id="88888">
                    <coordinates>12.429696790000001,53.46665685,0.0 12.42964207,53.46656215,0.0</coordinates>
                </LineString>
                <LineString id="88890">
                    <coordinates>12.42964207,53.46656215,0.0 12.42956483,53.466470529999995,0.0 12.429459789999997,53.46649240999999,0.0 12.42938425,53.466401819999994,0.0 12.429308839999997,53.46632121,0.0 12.42922144,53.466233779999996,0.0</coordinates>
                </LineString>
                <LineString id="88892">
                    <coordinates>12.42922144,53.466233779999996,0.0 12.42915152,53.46616594,0.0 12.42897897,53.46602328,0.0 12.428930269999999,53.46598419999999,0.0 12.428756159999999,53.46587171999999,0.0 12.42854989,53.46574266,0.0 12.4283338,53.46560993,0.0 12.428126169999999,53.46548531999999,0.0 12.42790665,53.465353379999996,0.0</coordinates>
                </LineString>
                <LineString id="88894">
                    <coordinates>12.38232698,53.45594726,0.0 12.382301959999998,53.4559406,0.0 12.382135799999999,53.45614325,0.0</coordinates>
                </LineString>
                <LineString id="88896">
                    <coordinates>12.38241154,53.455803800000005,0.0 12.38235211,53.455953859999994,0.0 12.38232698,53.45594726,0.0</coordinates>
                </LineString>
                <LineString id="88898">
                    <coordinates>12.382469279999999,53.45548029999999,0.0 12.382428539999998,53.45551943999999,0.0 12.382401329999999,53.45555857,0.0 12.38237157,53.45562484,0.0 12.38231904,53.455776140000005,0.0 12.38241154,53.455803800000005,0.0</coordinates>
                </LineString>
                <LineString id="88900">
                    <coordinates>12.382592769999999,53.45586161999999,0.0 12.38247098,53.45581961,0.0 12.38241154,53.455803800000005,0.0</coordinates>
                </LineString>
                <LineString id="88902">
                    <coordinates>12.382427249999997,53.4553808,0.0 12.38246427,53.45540118,0.0</coordinates>
                </LineString>
                <LineString id="88904">
                    <coordinates>12.382592769999999,53.45586161999999,0.0 12.382961190000001,53.45597989,0.0 12.38314093,53.45577281,0.0 12.38319134,53.45578737000001,0.0</coordinates>
                </LineString>
                <LineString id="88906">
                    <coordinates>12.38246427,53.45540118,0.0 12.38252691,53.455430859999986,0.0</coordinates>
                </LineString>
                <LineString id="88908">
                    <coordinates>12.38728019,53.45398741000002,0.0 12.38740174,53.453990039999994,0.0 12.387514939999999,53.45401188000001,0.0</coordinates>
                </LineString>
                <LineString id="88910">
                    <coordinates>12.38755616,53.45403045999999,0.0 12.387514939999999,53.45401188000001,0.0</coordinates>
                </LineString>
                <LineString id="88912">
                    <coordinates>12.382040659999998,53.45631638999999,0.0 12.382135799999999,53.45614325,0.0</coordinates>
                </LineString>
                <LineString id="88914">
                    <coordinates>12.42018105,53.46270849999999,0.0 12.420176339999998,53.46267699,0.0 12.42019712,53.46264915,0.0 12.420226050000002,53.462626410000006,0.0 12.420299230000001,53.462543880000005,0.0 12.420403280000002,53.462414589999995,0.0</coordinates>
                </LineString>
                <LineString id="88916">
                    <coordinates>12.42018105,53.46270849999999,0.0 12.420278740000002,53.4627401,0.0</coordinates>
                </LineString>
                <LineString id="88918">
                    <coordinates>12.420278740000002,53.4627401,0.0 12.42056053,53.4628148,0.0</coordinates>
                </LineString>
                <LineString id="88920">
                    <coordinates>12.420463850000003,53.46294343000001,0.0 12.42053364,53.46285950999999,0.0 12.42056053,53.4628148,0.0</coordinates>
                </LineString>
                <LineString id="88922">
                    <coordinates>12.42056053,53.4628148,0.0 12.42062045,53.46283327999999,0.0</coordinates>
                </LineString>
                <LineString id="88924">
                    <coordinates>12.42062045,53.46283327999999,0.0 12.420640509999998,53.462837289999996,0.0</coordinates>
                </LineString>
                <LineString id="88926">
                    <coordinates>12.420640509999998,53.462837289999996,0.0 12.4209746,53.4629264,0.0</coordinates>
                </LineString>
                <LineString id="88928">
                    <coordinates>12.4209746,53.4629264,0.0 12.42114671,53.462967639999995,0.0 12.421487189999999,53.463051099999994,0.0</coordinates>
                </LineString>
                <LineString id="88930">
                    <coordinates>12.420631219999999,53.461977879999985,0.0 12.42062518,53.46195555,0.0 12.42061355,53.461916839999994,0.0</coordinates>
                </LineString>
                <LineString id="88932">
                    <coordinates>12.42061355,53.461916839999994,0.0 12.42060259,53.461885849999994,0.0 12.42059112,53.461868829999986,0.0 12.42055296,53.46184929,0.0</coordinates>
                </LineString>
                <LineString id="88934">
                    <coordinates>12.42055296,53.46184929,0.0 12.420646639999998,53.46174407999999,0.0 12.42066296,53.46171634,0.0</coordinates>
                </LineString>
                <LineString id="88936">
                    <coordinates>12.41712512,53.46158412,0.0 12.417344379999998,53.461568189999994,0.0</coordinates>
                </LineString>
                <LineString id="88938">
                    <coordinates>12.416126639999998,53.461974659999996,0.0 12.416138319999998,53.46195151,0.0 12.41617522,53.46194089,0.0 12.41647801,53.46146,0.0</coordinates>
                </LineString>
                <LineString id="88940">
                    <coordinates>12.417344379999998,53.461568189999994,0.0 12.41824608,53.461447019999994,0.0 12.418649819999999,53.461394469999995,0.0 12.4187838,53.461395859999996,0.0 12.41900097,53.46140155,0.0 12.41916368,53.46141770999999,0.0 12.419389719999998,53.461445469999994,0.0 12.419569989999998,53.461482899999986,0.0 12.41998107,53.4616762,0.0</coordinates>
                </LineString>
                <LineString id="88942">
                    <coordinates>12.41998107,53.4616762,0.0 12.420048949999998,53.461607089999994,0.0</coordinates>
                </LineString>
                <LineString id="88944">
                    <coordinates>12.42066296,53.46171634,0.0 12.4203339,53.46156702,0.0 12.420274009999998,53.46153550999998,0.0 12.420158809999998,53.46149323,0.0</coordinates>
                </LineString>
                <LineString id="88946">
                    <coordinates>12.421487189999999,53.463051099999994,0.0 12.421548079999999,53.46306507,0.0 12.42182281,53.463131499999996,0.0</coordinates>
                </LineString>
                <LineString id="88948">
                    <coordinates>12.42182281,53.463131499999996,0.0 12.42227083,53.463235139999995,0.0 12.42230377,53.463248599999986,0.0 12.422357139999999,53.463267419999994,0.0</coordinates>
                </LineString>
                <LineString id="88950">
                    <coordinates>12.422357139999999,53.463267419999994,0.0 12.42266818,53.46334373,0.0</coordinates>
                </LineString>
                <LineString id="88952">
                    <coordinates>12.42266818,53.46334373,0.0 12.4226996,53.46335215,0.0 12.422927960000003,53.46340106999999,0.0 12.423185989999999,53.46345553999999,0.0 12.42343172,53.46351395,0.0</coordinates>
                </LineString>
                <LineString id="88954">
                    <coordinates>12.42343172,53.46351395,0.0 12.42349168,53.46351916999999,0.0 12.423579109999999,53.463523759999994,0.0 12.4236202,53.46352642000001,0.0 12.423810710000001,53.46353968999998,0.0</coordinates>
                </LineString>
                <LineString id="88956">
                    <coordinates>12.42375203,53.46357205000001,0.0 12.42367337,53.46361574000001,0.0 12.42365684,53.46381969,0.0</coordinates>
                </LineString>
                <LineString id="88958">
                    <coordinates>12.42365454,53.46384217999999,0.0 12.42365684,53.46381969,0.0</coordinates>
                </LineString>
                <LineString id="88960">
                    <coordinates>12.42390868,53.46439864999999,0.0 12.423924030000002,53.46431479,0.0 12.42395341,53.464165689999994,0.0 12.42397706,53.46404523999999,0.0 12.424003509999999,53.46391655,0.0 12.42403641,53.46379382,0.0 12.42405128,53.46372543,0.0</coordinates>
                </LineString>
                <LineString id="88962">
                    <coordinates>12.423367050000001,53.46475258,0.0 12.42339345,53.464749399999995,0.0 12.42336636,53.464662309999994,0.0 12.423523039999997,53.46461319000001,0.0 12.423588809999998,53.464552999999995,0.0 12.42359731,53.46453999999999,0.0 12.42361462,53.46442397999999,0.0</coordinates>
                </LineString>
                <LineString id="88964">
                    <coordinates>12.42405128,53.46372543,0.0 12.424071880000001,53.46365999,0.0 12.42413004,53.46361432999999,0.0</coordinates>
                </LineString>
                <LineString id="88966">
                    <coordinates>12.423810710000001,53.46353968999998,0.0 12.42386778,53.46354548999999,0.0 12.42392239,53.46355139999999,0.0 12.423977869999998,53.46356174999999,0.0 12.424043549999999,53.46357896,0.0 12.424100769999999,53.46359878999999,0.0 12.42413004,53.46361432999999,0.0</coordinates>
                </LineString>
                <LineString id="88968">
                    <coordinates>12.42413004,53.46361432999999,0.0 12.42443552,53.46361572,0.0</coordinates>
                </LineString>
                <LineString id="88970">
                    <coordinates>12.42443552,53.46361572,0.0 12.424689379999998,53.46373522,0.0</coordinates>
                </LineString>
                <LineString id="88972">
                    <coordinates>12.424689379999998,53.46373522,0.0 12.424943399999998,53.46385279999999,0.0 12.42532202,53.46402612999999,0.0</coordinates>
                </LineString>
                <LineString id="88974">
                    <coordinates>12.42532202,53.46402612999999,0.0 12.425418829999998,53.46407271999998,0.0</coordinates>
                </LineString>
                <LineString id="88976">
                    <coordinates>12.425418829999998,53.46407271999998,0.0 12.425570080000002,53.46413258,0.0 12.42567076,53.46417597,0.0 12.425773100000002,53.46422801,0.0 12.42581519,53.46425950999999,0.0 12.425847099999999,53.46428336999998,0.0</coordinates>
                </LineString>
                <LineString id="88978">
                    <coordinates>12.425847099999999,53.46428336999998,0.0 12.42584876,53.46426475,0.0 12.42586975,53.46424481,0.0 12.42587809,53.46414978,0.0 12.42589039,53.464142859999995,0.0</coordinates>
                </LineString>
                <LineString id="88980">
                    <coordinates>12.444807570000002,53.464840390000006,0.0 12.444905099999998,53.46474832,0.0 12.44484406,53.464628080000004,0.0</coordinates>
                </LineString>
                <LineString id="88982">
                    <coordinates>12.44484406,53.464628080000004,0.0 12.444842279999998,53.46461244999998,0.0 12.444843200000001,53.46459861999999,0.0 12.444845589999998,53.46458722999999,0.0 12.444850109999999,53.464575020000005,0.0 12.44485864,53.46456337000001,0.0 12.444870129999998,53.46455225999999,0.0 12.444959899999999,53.46445023,0.0</coordinates>
                </LineString>
                <LineString id="88984">
                    <coordinates>12.444959899999999,53.46445023,0.0 12.44516827,53.46420221999999,0.0 12.445564649999998,53.463722199999985,0.0 12.44597427,53.46323916,0.0 12.446808,53.46225498999999,0.0</coordinates>
                </LineString>
                <LineString id="88986">
                    <coordinates>12.446808,53.46225498999999,0.0 12.447225939999997,53.46173993,0.0 12.44755864,53.46137621,0.0 12.447979130000002,53.46088940999999,0.0</coordinates>
                </LineString>
                <LineString id="88988">
                    <coordinates>12.447979130000002,53.46088940999999,0.0 12.448159239999999,53.46067682,0.0 12.448345060000001,53.460455350000004,0.0 12.44868686,53.46022041,0.0 12.44890349,53.459910789999995,0.0 12.449008149999997,53.45977467,0.0 12.449227590000001,53.459481200000006,0.0 12.44940071,53.459246829999984,0.0 12.4496673,53.45889601999999,0.0 12.44988669,53.45862311,0.0 12.450079589999998,53.45837426,0.0 12.450315430000002,53.45808874,0.0 12.45040611,53.45798922000001,0.0</coordinates>
                </LineString>
                <LineString id="88990">
                    <coordinates>12.435823229999999,53.47296484999998,0.0 12.435909949999997,53.47298386,0.0 12.436060289999999,53.473057770000004,0.0</coordinates>
                </LineString>
                <LineString id="88992">
                    <coordinates>12.43569376,53.472941639999995,0.0 12.435823229999999,53.47296484999998,0.0</coordinates>
                </LineString>
                <LineString id="88994">
                    <coordinates>12.43566215,53.472935839999984,0.0 12.43569376,53.472941639999995,0.0</coordinates>
                </LineString>
                <LineString id="88996">
                    <coordinates>12.436060289999999,53.473057770000004,0.0 12.436117670000002,53.47309632999999,0.0 12.436210169999999,53.47315918,0.0</coordinates>
                </LineString>
                <LineString id="88998">
                    <coordinates>12.436210169999999,53.47315918,0.0 12.43633174,53.47324264,0.0</coordinates>
                </LineString>
                <LineString id="89000">
                    <coordinates>12.43667885,53.47220840999999,0.0 12.43693752,53.47213034999999,0.0 12.437169380000002,53.47208074,0.0 12.437460759999999,53.47201561999999,0.0 12.438281860000002,53.471828190000004,0.0 12.43870207,53.47172294999999,0.0 12.439148239999998,53.471610209999994,0.0 12.439589409999998,53.47151259,0.0 12.439792640000002,53.47146255999999,0.0 12.439863470000002,53.471442389999986,0.0 12.439966880000002,53.47141384999999,0.0 12.440094750000002,53.471359320000005,0.0 12.44021949,53.471300480000004,0.0</coordinates>
                </LineString>
                <LineString id="89002">
                    <coordinates>12.44021949,53.471300480000004,0.0 12.440306319999996,53.471248169999996,0.0 12.44037588,53.471200259999996,0.0 12.440454029999998,53.471144989999985,0.0 12.44051443,53.47108822999999,0.0 12.44055244,53.47105178999999,0.0 12.440610619999998,53.47099548999999,0.0 12.440663279999999,53.47094084999999,0.0 12.440728910000002,53.470860269999996,0.0 12.4407687,53.47080668000001,0.0 12.44080489,53.47075151,0.0 12.44082776,53.47070619,0.0</coordinates>
                </LineString>
                <LineString id="89004">
                    <coordinates>12.441262179999999,53.47039665,0.0 12.441320379999999,53.47030293999999,0.0</coordinates>
                </LineString>
                <LineString id="89006">
                    <coordinates>12.44082776,53.47070619,0.0 12.44078645,53.47064823000001,0.0</coordinates>
                </LineString>
                <LineString id="89008">
                    <coordinates>12.435998199999998,53.47249888999998,0.0 12.435961179999998,53.47251564,0.0 12.435917699999997,53.47253772999999,0.0</coordinates>
                </LineString>
                <LineString id="89010">
                    <coordinates>12.435717849999998,53.472649579999995,0.0 12.43579575,53.47260311,0.0 12.435844419999999,53.472575389999996,0.0 12.435917699999997,53.47253772999999,0.0</coordinates>
                </LineString>
                <LineString id="89012">
                    <coordinates>12.441320379999999,53.47030293999999,0.0 12.441509110000002,53.46990489000001,0.0 12.441648910000001,53.46961559999999,0.0 12.44172764,53.469436349999995,0.0 12.44169134,53.46924053,0.0</coordinates>
                </LineString>
                <LineString id="89014">
                    <coordinates>12.441241719999999,53.47043038999999,0.0 12.441262179999999,53.47039665,0.0</coordinates>
                </LineString>
                <LineString id="89016">
                    <coordinates>12.44169134,53.46924053,0.0 12.441901729999998,53.46864445999999,0.0 12.442021559999999,53.46834392,0.0 12.44206428,53.468240560000005,0.0 12.4421875,53.46795491999999,0.0 12.44223716,53.4678712,0.0 12.442336559999998,53.46768637,0.0 12.44263065,53.46727099999999,0.0</coordinates>
                </LineString>
                <LineString id="89018">
                    <coordinates>12.44263065,53.46727099999999,0.0 12.44298256,53.46689739,0.0 12.44330457,53.46653179999999,0.0 12.443679489999997,53.46610305,0.0</coordinates>
                </LineString>
                <LineString id="89020">
                    <coordinates>12.443679489999997,53.46610305,0.0 12.444807570000002,53.464840390000006,0.0</coordinates>
                </LineString>
                <LineString id="89022">
                    <coordinates>12.45371864,53.454719039999986,0.0 12.453860689999999,53.454600219999996,0.0 12.45401211,53.454479029999995,0.0 12.4542249,53.45431086999999,0.0</coordinates>
                </LineString>
                <LineString id="89024">
                    <coordinates>12.45175211,53.45645462,0.0 12.4520029,53.456200339999995,0.0 12.45212883,53.45600137999999,0.0 12.452363529999998,53.455781139999985,0.0 12.4526261,53.4555443,0.0 12.452909629999999,53.45534254999999,0.0 12.453399350000002,53.45498248,0.0 12.453644909999998,53.45478043,0.0 12.45371864,53.454719039999986,0.0</coordinates>
                </LineString>
                <LineString id="89026">
                    <coordinates>12.45040611,53.45798922000001,0.0 12.450927399999998,53.45738701,0.0 12.451244789999999,53.45703905999999,0.0 12.45175211,53.45645462,0.0</coordinates>
                </LineString>
                <LineString id="89028">
                    <coordinates>12.465853799999998,53.47957487999999,0.0 12.465844809999998,53.47953782999999,0.0</coordinates>
                </LineString>
                <LineString id="89030">
                    <coordinates>12.46587911,53.47965763,0.0 12.465853799999998,53.47957487999999,0.0</coordinates>
                </LineString>
                <LineString id="89032">
                    <coordinates>12.466004759999999,53.48013098999999,0.0 12.46597635,53.47999664999998,0.0 12.46593186,53.47985416,0.0 12.46590933,53.479750980000006,0.0 12.46589343,53.47969985999998,0.0</coordinates>
                </LineString>
                <LineString id="89034">
                    <coordinates>12.46589343,53.47969985999998,0.0 12.46587911,53.47965763,0.0</coordinates>
                </LineString>
                <LineString id="89036">
                    <coordinates>12.46576517,53.47916121999999,0.0 12.46573752,53.47904641,0.0 12.4657107,53.47894508,0.0</coordinates>
                </LineString>
                <LineString id="89038">
                    <coordinates>12.465844809999998,53.47953782999999,0.0 12.46581071,53.47940350999999,0.0 12.46579423,53.479328349999996,0.0 12.465788999999997,53.479303189999996,0.0 12.465776949999999,53.47923149999999,0.0 12.46576517,53.47916121999999,0.0</coordinates>
                </LineString>
                <LineString id="89040">
                    <coordinates>12.46547052,53.47804695,0.0 12.465465000000002,53.478026770000014,0.0 12.46538251,53.47774341000001,0.0 12.46537384,53.4776651,0.0</coordinates>
                </LineString>
                <LineString id="89042">
                    <coordinates>12.4657107,53.47894508,0.0 12.46565746,53.47879145999999,0.0 12.46561488,53.47864583999999,0.0 12.4655396,53.47832851,0.0 12.465503099999996,53.47819071999999,0.0</coordinates>
                </LineString>
                <LineString id="89044">
                    <coordinates>12.46537384,53.4776651,0.0 12.465369540000001,53.47764338,0.0</coordinates>
                </LineString>
                <LineString id="89046">
                    <coordinates>12.465369540000001,53.47764338,0.0 12.465359260000001,53.47761179,0.0</coordinates>
                </LineString>
                <LineString id="89048">
                    <coordinates>12.46534612,53.47757581999999,0.0 12.465341280000002,53.477562209999995,0.0</coordinates>
                </LineString>
                <LineString id="89050">
                    <coordinates>12.46527029,53.47742048,0.0 12.465215219999997,53.47733511,0.0</coordinates>
                </LineString>
                <LineString id="89052">
                    <coordinates>12.465341280000002,53.477562209999995,0.0 12.465335420000002,53.477548799999994,0.0 12.465300089999998,53.477472189999986,0.0 12.46527029,53.47742048,0.0</coordinates>
                </LineString>
                <LineString id="89054">
                    <coordinates>12.46482112,53.477076969999985,0.0 12.46481077,53.477074759999994,0.0</coordinates>
                </LineString>
                <LineString id="89056">
                    <coordinates>12.465215219999997,53.47733511,0.0 12.465200489999999,53.47731472,0.0 12.46518835,53.47729997,0.0</coordinates>
                </LineString>
                <LineString id="89058">
                    <coordinates>12.46709105,53.48058651,0.0 12.46729241,53.48058175999999,0.0</coordinates>
                </LineString>
                <LineString id="89060">
                    <coordinates>12.466169789999999,53.48057158,0.0 12.466166559999998,53.48054498999999,0.0</coordinates>
                </LineString>
                <LineString id="89062">
                    <coordinates>12.466166559999998,53.48054498999999,0.0 12.466125249999997,53.48050403999997,0.0 12.46611388,53.480477799999996,0.0 12.46606561,53.48031736,0.0</coordinates>
                </LineString>
                <LineString id="89064">
                    <coordinates>12.46603914,53.480239569999995,0.0 12.466004759999999,53.48013098999999,0.0</coordinates>
                </LineString>
                <LineString id="89066">
                    <coordinates>12.46606561,53.48031736,0.0 12.46603914,53.480239569999995,0.0</coordinates>
                </LineString>
                <LineString id="89068">
                    <coordinates>12.46729241,53.48058175999999,0.0 12.467395310000002,53.48057854999999,0.0</coordinates>
                </LineString>
                <LineString id="89070">
                    <coordinates>12.46927527,53.481393569999994,0.0 12.46948281,53.481500979999986,0.0</coordinates>
                </LineString>
                <LineString id="89072">
                    <coordinates>12.46948281,53.481500979999986,0.0 12.46975659,53.48164618,0.0 12.46986487,53.481699500000005,0.0 12.46998983,53.481754949999996,0.0 12.47010604,53.48181568,0.0</coordinates>
                </LineString>
                <LineString id="89074">
                    <coordinates>12.468372050000001,53.48064571,0.0 12.468422539999999,53.48073876999999,0.0 12.46850997,53.48089574,0.0 12.46855859,53.4809599,0.0 12.46861701,53.481025130000006,0.0 12.46868544,53.4810756,0.0 12.46882365,53.48115438999999,0.0 12.46895385,53.48122604,0.0 12.46908509,53.48129526999999,0.0 12.469100260000001,53.481303069999996,0.0</coordinates>
                </LineString>
                <LineString id="89076">
                    <coordinates>12.44078645,53.47064823000001,0.0 12.44076713,53.47062106999999,0.0 12.440745030000002,53.47045704,0.0 12.44115077,53.47046479,0.0 12.4412235,53.47046269999999,0.0 12.441241719999999,53.47043038999999,0.0</coordinates>
                </LineString>
                <LineString id="89078">
                    <coordinates>12.427169160000002,53.46494391,0.0 12.427247709999998,53.46497226999999,0.0 12.427359379999999,53.46503753999999,0.0</coordinates>
                </LineString>
                <LineString id="89080">
                    <coordinates>12.38758445,53.454713809999994,0.0 12.387565709999999,53.454735879999994,0.0 12.387314529999998,53.45503776000001,0.0 12.38713942,53.45529379,0.0 12.386967409999999,53.45554359,0.0 12.386885800000002,53.455665110000005,0.0 12.38684801,53.455750949999995,0.0 12.38682964,53.45583560000001,0.0 12.386822229999998,53.45591855999999,0.0 12.38679799,53.45601331000001,0.0 12.386779879999999,53.45622401999999,0.0 12.386736519999996,53.45635004,0.0 12.38666784,53.456468220000005,0.0</coordinates>
                </LineString>
                <LineString id="89082">
                    <coordinates>12.435304489999998,53.47292605999999,0.0 12.435293820000002,53.472934159999994,0.0</coordinates>
                </LineString>
                <LineString id="89084">
                    <coordinates>12.426760349999999,53.461191409999984,0.0 12.42678793,53.461126719999996,0.0 12.42684019,53.46099542999999,0.0</coordinates>
                </LineString>
                <LineString id="89086">
                    <coordinates>12.425966060000002,53.462912689999996,0.0 12.4259763,53.46284979,0.0</coordinates>
                </LineString>
                <LineString id="89088">
                    <coordinates>12.43032729,53.46776114,0.0 12.43125899,53.46767112,0.0 12.43136847,53.46765385,0.0 12.431372979999999,53.46766353999999,0.0 12.431387139999998,53.467693829999995,0.0 12.43137896,53.46769496,0.0</coordinates>
                </LineString>
                <LineString id="89090">
                    <coordinates>12.43016341,53.46779797999999,0.0 12.43015981,53.467787339999994,0.0</coordinates>
                </LineString>
                <LineString id="89092">
                    <coordinates>12.43015981,53.467787339999994,0.0 12.43020456,53.46778061,0.0 12.43032729,53.46776114,0.0</coordinates>
                </LineString>
                <LineString id="89094">
                    <coordinates>12.435120539999998,53.47308725,0.0 12.435107479999997,53.47310004,0.0 12.43501034,53.47318942999999,0.0</coordinates>
                </LineString>
                <LineString id="89096">
                    <coordinates>12.42592145,53.46376387,0.0 12.425937129999998,53.463615749999995,0.0 12.42593445,53.46348864,0.0</coordinates>
                </LineString>
                <LineString id="89098">
                    <coordinates>12.42593445,53.46348864,0.0 12.42580586,53.463491319999996,0.0</coordinates>
                </LineString>
                <LineString id="89100">
                    <coordinates>12.42580586,53.463491319999996,0.0 12.4254837,53.46351121,0.0 12.42547157,53.46356649,0.0 12.425320139999998,53.46366464999999,0.0 12.425296909999998,53.46365237999999,0.0</coordinates>
                </LineString>
                <LineString id="89102">
                    <coordinates>12.435304489999998,53.47292605999999,0.0 12.435343839999998,53.47289961,0.0</coordinates>
                </LineString>
                <LineString id="89104">
                    <coordinates>12.38797452,53.45421906999999,0.0 12.388002989999999,53.45422767,0.0</coordinates>
                </LineString>
                <LineString id="89106">
                    <coordinates>12.387653660000002,53.45463275000001,0.0 12.38758445,53.454713809999994,0.0</coordinates>
                </LineString>
                <LineString id="89108">
                    <coordinates>12.47010604,53.48181568,0.0 12.470159270000002,53.48180949999999,0.0</coordinates>
                </LineString>
                <LineString id="89110">
                    <coordinates>12.472142479999999,53.48181939,0.0 12.47241839,53.481816990000006,0.0 12.47280588,53.48181323999999,0.0 12.47317761,53.48181550000001,0.0 12.473542100000001,53.48182246,0.0 12.47389344,53.48182862,0.0 12.474581739999998,53.48183243999999,0.0</coordinates>
                </LineString>
                <LineString id="89112">
                    <coordinates>12.42376257,53.463566209999996,0.0 12.42375203,53.46357205000001,0.0</coordinates>
                </LineString>
                <LineString id="89114">
                    <coordinates>12.423810710000001,53.46353968999998,0.0 12.42376257,53.463566209999996,0.0</coordinates>
                </LineString>
                <LineString id="89116">
                    <coordinates>12.42040575,53.46303170000001,0.0 12.420463850000003,53.46294343000001,0.0</coordinates>
                </LineString>
                <LineString id="89118">
                    <coordinates>12.42361462,53.46442397999999,0.0 12.423643059999998,53.46422687,0.0 12.42365272,53.46414702999999,0.0 12.42364918,53.46402891,0.0 12.42364624,53.46395221,0.0</coordinates>
                </LineString>
                <LineString id="89120">
                    <coordinates>12.41675003,53.46215537,0.0 12.41676696,53.462172269999996,0.0 12.41676891,53.462179029999994,0.0 12.416823169999997,53.46218218999999,0.0 12.417074010000002,53.46218806000001,0.0 12.417072709999998,53.46218125,0.0 12.417094919999998,53.461856159999996,0.0 12.41712512,53.46158412,0.0</coordinates>
                </LineString>
                <LineString id="89122">
                    <coordinates>12.41647801,53.46146,0.0 12.41678448,53.46153154,0.0 12.41691673,53.46156163,0.0 12.417075129999999,53.46158771999999,0.0 12.41712512,53.46158412,0.0</coordinates>
                </LineString>
                <LineString id="89124">
                    <coordinates>12.42364624,53.46395221,0.0 12.42364574,53.46393592999999,0.0 12.42365454,53.46384217999999,0.0</coordinates>
                </LineString>
                <LineString id="89126">
                    <coordinates>12.464795179999998,53.477048079999996,0.0 12.464793959999998,53.47706126000001,0.0</coordinates>
                </LineString>
                <LineString id="89128">
                    <coordinates>12.4529738,53.47249794999999,0.0 12.453008319999999,53.47250885999999,0.0 12.45338847,53.472629409999996,0.0 12.45379399,53.47275298,0.0 12.45402212,53.47282562,0.0 12.454529489999999,53.472987199999984,0.0 12.454576099999999,53.47300805,0.0 12.455094379999998,53.473197930000005,0.0 12.455716869999998,53.47346360000001,0.0 12.456342,53.47370915,0.0 12.45696685,53.473952170000004,0.0 12.45755378,53.47420751,0.0 12.458717299999998,53.47467350999999,0.0 12.45929928,53.474911549999995,0.0 12.459436,53.47495444999999,0.0 12.45947548,53.474958109999996,0.0 12.459733449999998,53.47495523999998,0.0 12.46049856,53.47497006999999,0.0 12.46077221,53.47497542,0.0 12.460880699999999,53.474990819999995,0.0 12.460927279999998,53.47500097999999,0.0 12.4610123,53.47501654999999,0.0 12.46109997,53.47504495,0.0 12.461390259999998,53.475290519999994,0.0 12.461442010000003,53.4753346,0.0 12.46191371,53.475627069999994,0.0 12.46245778,53.47591099,0.0 12.46300462,53.47618943999999,0.0 12.463101879999998,53.476237440000006,0.0 12.46360741,53.47647298999999,0.0 12.46418423,53.47672789,0.0 12.46448375,53.4768456,0.0 12.464546269999998,53.47687,0.0 12.4645236,53.476900399999984,0.0 12.46480357,53.47703081000001,0.0 12.464795179999998,53.477048079999996,0.0</coordinates>
                </LineString>
                <LineString id="89130">
                    <coordinates>12.46617369,53.48059402,0.0 12.466182079999998,53.48059412,0.0</coordinates>
                </LineString>
                <LineString id="89132">
                    <coordinates>12.44559529,53.47022885999999,0.0 12.44577659,53.47027938,0.0 12.44640617,53.47046391,0.0 12.44708642,53.47066753,0.0 12.44776241,53.470884410000004,0.0 12.44841693,53.47109442,0.0 12.449263810000001,53.47135884999999,0.0 12.44936785,53.47139173,0.0 12.449585179999998,53.47145831,0.0 12.44989103,53.47154655,0.0 12.45044869,53.47171826,0.0 12.451089769999998,53.47190497999999,0.0 12.451778349999998,53.47211227999998,0.0 12.452229669999998,53.47225844,0.0</coordinates>
                </LineString>
                <LineString id="89134">
                    <coordinates>12.43492692,53.47326748,0.0 12.4348826,53.47330933,0.0</coordinates>
                </LineString>
                <LineString id="89136">
                    <coordinates>12.43501034,53.47318942999999,0.0 12.43492692,53.47326748,0.0</coordinates>
                </LineString>
                <LineString id="89138">
                    <coordinates>12.423914740000003,53.46439886,0.0 12.42390868,53.46439864999999,0.0</coordinates>
                </LineString>
                <LineString id="89140">
                    <coordinates>12.423977680000002,53.46440082,0.0 12.423914740000003,53.46439886,0.0</coordinates>
                </LineString>
                <LineString id="89142">
                    <coordinates>12.42396589,53.46459786999999,0.0 12.423980409999999,53.46440093,0.0</coordinates>
                </LineString>
                <LineString id="89144">
                    <coordinates>12.423980409999999,53.46440093,0.0 12.423977680000002,53.46440082,0.0</coordinates>
                </LineString>
                <LineString id="89146">
                    <coordinates>12.441262179999999,53.47039665,0.0 12.44125588,53.47042479,0.0</coordinates>
                </LineString>
                <LineString id="89148">
                    <coordinates>12.464793959999998,53.47706126000001,0.0 12.46481077,53.477074759999994,0.0</coordinates>
                </LineString>
                <LineString id="89150">
                    <coordinates>12.38797452,53.45421906999999,0.0 12.38755616,53.45403045999999,0.0</coordinates>
                </LineString>
                <LineString id="89152">
                    <coordinates>12.44551424,53.47020694,0.0 12.44486225,53.47014292000001,0.0</coordinates>
                </LineString>
                <LineString id="89154">
                    <coordinates>12.4448552,53.47014454999999,0.0 12.44486225,53.47014292000001,0.0</coordinates>
                </LineString>
                <LineString id="89156">
                    <coordinates>12.44125588,53.47042479,0.0 12.44174303,53.47043301,0.0 12.44214548,53.470457810000006,0.0 12.44252642,53.47047632,0.0 12.442942239999999,53.47046355,0.0 12.44305422,53.47045792,0.0 12.443172759999998,53.47044997999999,0.0 12.443292609999999,53.47043436999999,0.0 12.443545360000002,53.47040432,0.0 12.443611879999999,53.470396459999996,0.0 12.443800690000002,53.47036809000001,0.0 12.44387696,53.47035376,0.0 12.44402429,53.470324350000006,0.0 12.444394389999998,53.47025353999999,0.0 12.444755509999997,53.47016797999999,0.0 12.4448552,53.47014454999999,0.0</coordinates>
                </LineString>
                <LineString id="89158">
                    <coordinates>12.46518835,53.47729997,0.0 12.465178539999998,53.47728803999998,0.0 12.46514618,53.47725659999999,0.0 12.46511928,53.47723184,0.0 12.465079449999998,53.47720313999999,0.0 12.465048949999998,53.47718565,0.0 12.46500731,53.47716033,0.0 12.46493726,53.47712204999999,0.0 12.464919720000001,53.47711391,0.0 12.464882230000002,53.47709685,0.0 12.46485307,53.477083879999995,0.0 12.46482112,53.477076969999985,0.0</coordinates>
                </LineString>
                <LineString id="89160">
                    <coordinates>12.46547296,53.47805658,0.0 12.46547052,53.47804695,0.0</coordinates>
                </LineString>
                <LineString id="89162">
                    <coordinates>12.46617369,53.48059402,0.0 12.466169789999999,53.48057158,0.0</coordinates>
                </LineString>
                <LineString id="89164">
                    <coordinates>12.468372050000001,53.48064571,0.0 12.46823386,53.48062442,0.0 12.46813829,53.48060353,0.0 12.468028889999998,53.480573400000004,0.0 12.467670609999999,53.48057206,0.0 12.467670380000001,53.48057083,0.0</coordinates>
                </LineString>
                <LineString id="89166">
                    <coordinates>12.467395310000002,53.48057854999999,0.0 12.46751675,53.48057527999999,0.0 12.467670380000001,53.48057083,0.0</coordinates>
                </LineString>
                <LineString id="89168">
                    <coordinates>12.465503099999996,53.47819071999999,0.0 12.465474319999998,53.478062169999994,0.0</coordinates>
                </LineString>
                <LineString id="89170">
                    <coordinates>12.465474319999998,53.478062169999994,0.0 12.46547296,53.47805658,0.0</coordinates>
                </LineString>
                <LineString id="89172">
                    <coordinates>12.42684019,53.46099542999999,0.0 12.42684258,53.46098926,0.0</coordinates>
                </LineString>
                <LineString id="89174">
                    <coordinates>12.382472939999998,53.45529264999999,0.0 12.38243322,53.45536119,0.0</coordinates>
                </LineString>
                <LineString id="89176">
                    <coordinates>12.382472939999998,53.45529264999999,0.0 12.38277565,53.45520415000001,0.0</coordinates>
                </LineString>
                <LineString id="89178">
                    <coordinates>12.38277565,53.45520415000001,0.0 12.38321957,53.45496992,0.0</coordinates>
                </LineString>
                <LineString id="89180">
                    <coordinates>12.38321957,53.45496992,0.0 12.383565849999998,53.45481947,0.0</coordinates>
                </LineString>
                <LineString id="89182">
                    <coordinates>12.383565849999998,53.45481947,0.0 12.384207110000002,53.45476659,0.0</coordinates>
                </LineString>
                <LineString id="89184">
                    <coordinates>12.384207110000002,53.45476659,0.0 12.384982499999998,53.454606429999984,0.0</coordinates>
                </LineString>
                <LineString id="89186">
                    <coordinates>12.38565396,53.45441164,0.0 12.384982499999998,53.454606429999984,0.0</coordinates>
                </LineString>
                <LineString id="89188">
                    <coordinates>12.38565396,53.45441164,0.0 12.38626898,53.45426958000001,0.0 12.38694181,53.45410201,0.0 12.38714538,53.45399892999999,0.0 12.38720507,53.453969650000005,0.0</coordinates>
                </LineString>
                <LineString id="89190">
                    <coordinates>12.42066296,53.46171634,0.0 12.420680539999998,53.46168872,0.0</coordinates>
                </LineString>
                <LineString id="89192">
                    <coordinates>12.420680539999998,53.46168872,0.0 12.42067505,53.46168204,0.0 12.420245629999998,53.46153273,0.0</coordinates>
                </LineString>
                <LineString id="89194">
                    <coordinates>12.41897777,53.46102185,0.0 12.420245629999998,53.46153273,0.0</coordinates>
                </LineString>
                <LineString id="89196">
                    <coordinates>12.41821943,53.460802419999986,0.0 12.41897777,53.46102185,0.0</coordinates>
                </LineString>
                <LineString id="89198">
                    <coordinates>12.417583139999998,53.46066044999999,0.0 12.41821943,53.460802419999986,0.0</coordinates>
                </LineString>
                <LineString id="89200">
                    <coordinates>12.417583139999998,53.46066044999999,0.0 12.41658756,53.460527819999996,0.0 12.416270469999999,53.46049551999999,0.0 12.415746120000001,53.46045987,0.0</coordinates>
                </LineString>
                <LineString id="89202">
                    <coordinates>12.38666784,53.456468220000005,0.0 12.386592779999999,53.45658636999999,0.0 12.3865466,53.456647700000005,0.0</coordinates>
                </LineString>
                <LineString id="89204">
                    <coordinates>12.387653660000002,53.45463275000001,0.0 12.388022550000002,53.45423409000001,0.0 12.388002989999999,53.45422767,0.0</coordinates>
                </LineString>
                <LineString id="89206">
                    <coordinates>12.415746120000001,53.46045987,0.0 12.41544834,53.46045433,0.0 12.41486639,53.46044637,0.0</coordinates>
                </LineString>
                <LineString id="89208">
                    <coordinates>12.41227452,53.460434119999995,0.0 12.41327208,53.46045893,0.0 12.41354859,53.46046523,0.0 12.41414364,53.46046552,0.0 12.41486639,53.46044637,0.0</coordinates>
                </LineString>
                <LineString id="89210">
                    <coordinates>12.41227452,53.460434119999995,0.0 12.411432469999998,53.46043226,0.0 12.410564189999999,53.46039904999999,0.0 12.40989689,53.46038497,0.0 12.40917268,53.46035883,0.0 12.40897498,53.460354409999994,0.0 12.408837759999999,53.4603503,0.0 12.40845038,53.46033179,0.0 12.408397929999998,53.460327109999994,0.0 12.40815692,53.46030412999999,0.0 12.40765866,53.46025876,0.0 12.40690158,53.46016822000001,0.0 12.40615243,53.46007555,0.0 12.405416179999998,53.45998895999999,0.0 12.4040159,53.45988427999999,0.0 12.403215159999998,53.45984116,0.0 12.40247851,53.459819969999984,0.0 12.402014779999998,53.459799799999985,0.0 12.401859579999998,53.45979676999999,0.0</coordinates>
                </LineString>
                <LineString id="89212">
                    <coordinates>12.392439109999998,53.45825809,0.0 12.39193455,53.45818657000001,0.0</coordinates>
                </LineString>
                <LineString id="89214">
                    <coordinates>12.430913179999997,53.45350605999999,0.0 12.430977959999998,53.45337505,0.0 12.431050019999999,53.45316071999999,0.0 12.431088109999997,53.45300191999999,0.0 12.43113945,53.45271507999999,0.0 12.43113995,53.45245815,0.0</coordinates>
                </LineString>
                <LineString id="89216">
                    <coordinates>12.3918443,53.458174019999994,0.0 12.39045647,53.45801687,0.0 12.389459239999999,53.457811109999994,0.0 12.388705829999997,53.45763902999999,0.0 12.387986949999998,53.457459239999984,0.0 12.38744578,53.45730569,0.0 12.387191999999999,53.45721312999999,0.0 12.38694849,53.4571049,0.0 12.3868476,53.45702131,0.0 12.38669837,53.45690164999999,0.0 12.386578309999999,53.456716730000004,0.0 12.3865466,53.456647700000005,0.0</coordinates>
                </LineString>
                <LineString id="89218">
                    <coordinates>12.38728019,53.45398741000002,0.0 12.38720507,53.453969650000005,0.0</coordinates>
                </LineString>
                <LineString id="89220">
                    <coordinates>12.401859579999998,53.45979676999999,0.0 12.400417020000003,53.45970909999999,0.0 12.399727380000002,53.45960861,0.0 12.39905807,53.45948129,0.0 12.397734399999997,53.45912656999999,0.0 12.396327010000002,53.458771889999994,0.0 12.394877919999997,53.458534539999995,0.0 12.39340736,53.45835795,0.0 12.392439109999998,53.45825809,0.0</coordinates>
                </LineString>
                <LineString id="89222">
                    <coordinates>12.39193455,53.45818657000001,0.0 12.3918443,53.458174019999994,0.0</coordinates>
                </LineString>
                <LineString id="89224">
                    <coordinates>12.38242676,53.45538049999999,0.0 12.382427249999997,53.4553808,0.0</coordinates>
                </LineString>
                <LineString id="89226">
                    <coordinates>12.38243322,53.45536119,0.0 12.382431279999999,53.45536468,0.0</coordinates>
                </LineString>
                <LineString id="89228">
                    <coordinates>12.4311209,53.447577989999985,0.0 12.43112738,53.44754592999998,0.0 12.431198469999998,53.44726261,0.0</coordinates>
                </LineString>
                <LineString id="89230">
                    <coordinates>12.43104322,53.447963069999986,0.0 12.4311209,53.447577989999985,0.0</coordinates>
                </LineString>
                <LineString id="89232">
                    <coordinates>12.431046969999999,53.44813547999999,0.0 12.431050569999998,53.44802266,0.0</coordinates>
                </LineString>
                <LineString id="89234">
                    <coordinates>12.431050569999998,53.44802266,0.0 12.43104322,53.447963069999986,0.0</coordinates>
                </LineString>
                <LineString id="89236">
                    <coordinates>12.43085049,53.44962532000001,0.0 12.430859829999998,53.4495746,0.0 12.43090174,53.449338239999996,0.0</coordinates>
                </LineString>
                <LineString id="89238">
                    <coordinates>12.431018099999998,53.44835836999999,0.0 12.431046969999999,53.44813547999999,0.0</coordinates>
                </LineString>
                <LineString id="89240">
                    <coordinates>12.43095188,53.44884862000001,0.0 12.430975969999999,53.44864542999999,0.0 12.431015909999998,53.44837262,0.0 12.431018099999998,53.44835836999999,0.0</coordinates>
                </LineString>
                <LineString id="89242">
                    <coordinates>12.430926729999998,53.44908680999999,0.0 12.43095188,53.44884862000001,0.0</coordinates>
                </LineString>
                <LineString id="89244">
                    <coordinates>12.43090174,53.449338239999996,0.0 12.430926729999998,53.44908680999999,0.0</coordinates>
                </LineString>
                <LineString id="89246">
                    <coordinates>12.43090209,53.450378369999996,0.0 12.430881909999998,53.45022603999998,0.0 12.430857990000002,53.45004485999999,0.0 12.43084922,53.44977590999999,0.0 12.43085049,53.44962532000001,0.0</coordinates>
                </LineString>
                <LineString id="89248">
                    <coordinates>12.430912060000002,53.45042285,0.0 12.43090209,53.450378369999996,0.0</coordinates>
                </LineString>
                <LineString id="89250">
                    <coordinates>12.430923599999998,53.45058475999999,0.0 12.430912060000002,53.45042285,0.0</coordinates>
                </LineString>
                <LineString id="89252">
                    <coordinates>12.43093399,53.450728809999994,0.0 12.43092695,53.45063301999999,0.0 12.430923599999998,53.45058475999999,0.0</coordinates>
                </LineString>
                <LineString id="89254">
                    <coordinates>12.43093563,53.45079135,0.0 12.43093399,53.450728809999994,0.0</coordinates>
                </LineString>
                <LineString id="89256">
                    <coordinates>12.430953139999998,53.450853359999996,0.0 12.43093563,53.45079135,0.0</coordinates>
                </LineString>
                <LineString id="89258">
                    <coordinates>12.43099337,53.45116618000001,0.0 12.430987609999999,53.4511214,0.0 12.430953139999998,53.450853359999996,0.0</coordinates>
                </LineString>
                <LineString id="89260">
                    <coordinates>12.43113995,53.45245815,0.0 12.431127349999999,53.452266499999986,0.0 12.43107256,53.451819979999996,0.0 12.431017730000002,53.45137239,0.0</coordinates>
                </LineString>
                <LineString id="89262">
                    <coordinates>12.43100205,53.45123797999999,0.0 12.4310026,53.45121085,0.0</coordinates>
                </LineString>
                <LineString id="89264">
                    <coordinates>12.4310026,53.45121085,0.0 12.43099337,53.45116618000001,0.0</coordinates>
                </LineString>
                <LineString id="89266">
                    <coordinates>12.431017730000002,53.45137239,0.0 12.43100205,53.45123797999999,0.0</coordinates>
                </LineString>
                <LineString id="89268">
                    <coordinates>12.43032519,53.45458217,0.0 12.43040326,53.45444620999999,0.0 12.43064223,53.4540206,0.0 12.43087086,53.4535939,0.0</coordinates>
                </LineString>
                <LineString id="89270">
                    <coordinates>12.43087086,53.4535939,0.0 12.43087952,53.453575779999994,0.0</coordinates>
                </LineString>
                <LineString id="89272">
                    <coordinates>12.43087952,53.453575779999994,0.0 12.43089288,53.4535481,0.0</coordinates>
                </LineString>
                <LineString id="89274">
                    <coordinates>12.43089288,53.4535481,0.0 12.430913179999997,53.45350605999999,0.0</coordinates>
                </LineString>
                <LineString id="89276">
                    <coordinates>12.42994046,53.45518706,0.0 12.429954989999999,53.45516221999999,0.0 12.430112439999998,53.454890189999986,0.0 12.43024419,53.454651269999985,0.0 12.43032519,53.45458217,0.0</coordinates>
                </LineString>
                <LineString id="89278">
                    <coordinates>12.42994693,53.45525492,0.0 12.42994046,53.45518706,0.0</coordinates>
                </LineString>
                <LineString id="89280">
                    <coordinates>12.429897479999996,53.45533968,0.0 12.42994693,53.45525492,0.0</coordinates>
                </LineString>
                <LineString id="89282">
                    <coordinates>12.429831680000001,53.45545934,0.0 12.429897479999996,53.45533968,0.0</coordinates>
                </LineString>
                <LineString id="89284">
                    <coordinates>12.429822849999999,53.455486029999996,0.0 12.429831680000001,53.45545934,0.0</coordinates>
                </LineString>
                <LineString id="89286">
                    <coordinates>12.42980254,53.45551043999998,0.0 12.429822849999999,53.455486029999996,0.0</coordinates>
                </LineString>
                <LineString id="89288">
                    <coordinates>12.42964383,53.455800860000004,0.0 12.429652649999998,53.45577423,0.0 12.42980254,53.45551043999998,0.0</coordinates>
                </LineString>
                <LineString id="89290">
                    <coordinates>12.429628439999997,53.455816739999996,0.0 12.42964383,53.455800860000004,0.0</coordinates>
                </LineString>
                <LineString id="89292">
                    <coordinates>12.42956571,53.45592755999999,0.0 12.429628439999997,53.455816739999996,0.0</coordinates>
                </LineString>
                <LineString id="89294">
                    <coordinates>12.429557089999998,53.45595431,0.0 12.42956571,53.45592755999999,0.0</coordinates>
                </LineString>
                <LineString id="89296">
                    <coordinates>12.42953684,53.45597868,0.0 12.429557089999998,53.45595431,0.0</coordinates>
                </LineString>
                <LineString id="89298">
                    <coordinates>12.42944051,53.456148969999994,0.0 12.42953684,53.45597868,0.0</coordinates>
                </LineString>
                <LineString id="89300">
                    <coordinates>12.42933637,53.45631799,0.0 12.42939021,53.45623401999999,0.0 12.42944051,53.456148969999994,0.0</coordinates>
                </LineString>
                <LineString id="89302">
                    <coordinates>12.42928794,53.45640304999999,0.0 12.42933637,53.45631799,0.0</coordinates>
                </LineString>
                <LineString id="89304">
                    <coordinates>12.429242539999999,53.456488670000006,0.0 12.42928794,53.45640304999999,0.0</coordinates>
                </LineString>
                <LineString id="89306">
                    <coordinates>12.42904932,53.456828279999996,0.0 12.42919565,53.45657358,0.0 12.429242539999999,53.456488670000006,0.0</coordinates>
                </LineString>
                <LineString id="89308">
                    <coordinates>12.4289019,53.457082099999994,0.0 12.42904932,53.456828279999996,0.0</coordinates>
                </LineString>
                <LineString id="89310">
                    <coordinates>12.42875341,53.45733650999999,0.0 12.4289019,53.457082099999994,0.0</coordinates>
                </LineString>
                <LineString id="89312">
                    <coordinates>12.428676489999999,53.45741558999998,0.0 12.42875341,53.45733650999999,0.0</coordinates>
                </LineString>
                <LineString id="89314">
                    <coordinates>12.42857401,53.45758446999999,0.0 12.428643209999999,53.457470259999994,0.0 12.428676489999999,53.45741558999998,0.0</coordinates>
                </LineString>
                <LineString id="89316">
                    <coordinates>12.42841849,53.45783734999999,0.0 12.42857401,53.45758446999999,0.0</coordinates>
                </LineString>
                <LineString id="89318">
                    <coordinates>12.42832831,53.45796176,0.0 12.42841849,53.45783734999999,0.0</coordinates>
                </LineString>
                <LineString id="89320">
                    <coordinates>12.428186319999998,53.45822110999999,0.0 12.42832831,53.45796176,0.0</coordinates>
                </LineString>
                <LineString id="89322">
                    <coordinates>12.42808264,53.458392339999996,0.0 12.42813114,53.45831242,0.0 12.428186319999998,53.45822110999999,0.0</coordinates>
                </LineString>
                <LineString id="89324">
                    <coordinates>12.42803218,53.458439309999996,0.0 12.42808264,53.458392339999996,0.0</coordinates>
                </LineString>
                <LineString id="89326">
                    <coordinates>12.42795428,53.458621959999995,0.0 12.42803218,53.458439309999996,0.0</coordinates>
                </LineString>
                <LineString id="89328">
                    <coordinates>12.42792635,53.45870953,0.0 12.42795428,53.458621959999995,0.0</coordinates>
                </LineString>
                <LineString id="89330">
                    <coordinates>12.42780088,53.45894995999999,0.0 12.4278553,53.45884418999999,0.0 12.42792635,53.45870953,0.0</coordinates>
                </LineString>
                <LineString id="89332">
                    <coordinates>12.42761421,53.45929319,0.0 12.42780088,53.45894995999999,0.0</coordinates>
                </LineString>
                <LineString id="89334">
                    <coordinates>12.42747485,53.4595496,0.0 12.42761421,53.45929319,0.0</coordinates>
                </LineString>
                <LineString id="89336">
                    <coordinates>12.42737002,53.45972409999999,0.0 12.42747485,53.4595496,0.0</coordinates>
                </LineString>
                <LineString id="89338">
                    <coordinates>12.427222810000002,53.45999184999999,0.0 12.427302260000001,53.45984386999999,0.0 12.42737002,53.45972409999999,0.0</coordinates>
                </LineString>
                <LineString id="89340">
                    <coordinates>12.427174890000002,53.46008105,0.0 12.427222810000002,53.45999184999999,0.0</coordinates>
                </LineString>
                <LineString id="89342">
                    <coordinates>12.427136039999999,53.460163779999995,0.0 12.427174890000002,53.46008105,0.0</coordinates>
                </LineString>
                <LineString id="89344">
                    <coordinates>12.427085539999998,53.460273750000006,0.0 12.42711386,53.46021361999999,0.0 12.427136039999999,53.460163779999995,0.0</coordinates>
                </LineString>
                <LineString id="89346">
                    <coordinates>12.427038389999998,53.46035971999999,0.0 12.427085539999998,53.460273750000006,0.0</coordinates>
                </LineString>
                <LineString id="89348">
                    <coordinates>12.427012669999998,53.46042167,0.0 12.427038389999998,53.46035971999999,0.0</coordinates>
                </LineString>
                <LineString id="89350">
                    <coordinates>12.426947300000002,53.46055762000001,0.0 12.42699952,53.46046544000001,0.0 12.427012669999998,53.46042167,0.0</coordinates>
                </LineString>
                <LineString id="89352">
                    <coordinates>12.426784719999999,53.46082708,0.0 12.426947300000002,53.46055762000001,0.0</coordinates>
                </LineString>
                <LineString id="89354">
                    <coordinates>12.42673401,53.46090719999999,0.0 12.426759149999997,53.46086694999999,0.0 12.426784719999999,53.46082708,0.0</coordinates>
                </LineString>
                <LineString id="89356">
                    <coordinates>12.426703519999998,53.460957300000004,0.0 12.42673401,53.46090719999999,0.0</coordinates>
                </LineString>
                <LineString id="89358">
                    <coordinates>12.426843619999996,53.460980799999994,0.0 12.426786519999999,53.46097083,0.0 12.42673043,53.46096079,0.0 12.426703519999998,53.460957300000004,0.0</coordinates>
                </LineString>
                <LineString id="89360">
                    <coordinates>12.42684258,53.46098926,0.0 12.42684459,53.46098425999999,0.0 12.426843619999996,53.460980799999994,0.0</coordinates>
                </LineString>
                <LineString id="89362">
                    <coordinates>12.38242676,53.45538049999999,0.0 12.382439,53.45538289999998,0.0 12.382447129999997,53.455376669999985,0.0 12.38244502,53.455374750000004,0.0</coordinates>
                </LineString>
                <LineString id="89364">
                    <coordinates>12.382431279999999,53.45536468,0.0 12.38244224,53.45537272,0.0 12.38244502,53.455374750000004,0.0</coordinates>
                </LineString>
                <LineString id="89366">
                    <coordinates>12.43048531,53.468548899999995,0.0 12.43044398,53.468461549999994,0.0</coordinates>
                </LineString>
                <LineString id="89368">
                    <coordinates>12.43054706,53.46861194,0.0 12.4305361,53.468599,0.0 12.43048892,53.4685565,0.0 12.43048531,53.468548899999995,0.0</coordinates>
                </LineString>
                <LineString id="89370">
                    <coordinates>12.470159270000002,53.48180949999999,0.0 12.470606750000002,53.48176426999999,0.0</coordinates>
                </LineString>
                <LineString id="89372">
                    <coordinates>12.47091573,53.48176578,0.0 12.47118095,53.481806000000006,0.0</coordinates>
                </LineString>
                <LineString id="89374">
                    <coordinates>12.47118095,53.481806000000006,0.0 12.4713152,53.48182064000001,0.0 12.47167898,53.481821159999996,0.0 12.471723879999999,53.48182103999999,0.0</coordinates>
                </LineString>
                <LineString id="89376">
                    <coordinates>12.469100260000001,53.481303069999996,0.0 12.46927527,53.481393569999994,0.0</coordinates>
                </LineString>
                <LineString id="89378">
                    <coordinates>12.471723879999999,53.48182103999999,0.0 12.472142479999999,53.48181939,0.0</coordinates>
                </LineString>
                <LineString id="89380">
                    <coordinates>12.465359260000001,53.47761179,0.0 12.46534612,53.47757581999999,0.0</coordinates>
                </LineString>
                <LineString id="89382">
                    <coordinates>12.452229669999998,53.47225844,0.0 12.4524521,53.472332779999995,0.0 12.45272409,53.47241881,0.0 12.4529738,53.47249794999999,0.0</coordinates>
                </LineString>
                <LineString id="89384">
                    <coordinates>12.435343839999998,53.47289961,0.0 12.43549422,53.47280022,0.0 12.43561485,53.47271667,0.0 12.43566797,53.47267994,0.0 12.435706189999998,53.472656699999995,0.0</coordinates>
                </LineString>
                <LineString id="89386">
                    <coordinates>12.420403280000002,53.462414589999995,0.0 12.420470650000002,53.46233484,0.0 12.42054862,53.462243550000004,0.0 12.42061467,53.462171780000006,0.0 12.42064052,53.462128639999996,0.0 12.42064974,53.46209615,0.0 12.42065713,53.46205978,0.0 12.420643540000002,53.46201018000001,0.0 12.420631219999999,53.461977879999985,0.0</coordinates>
                </LineString>
                <LineString id="89388">
                    <coordinates>12.466182079999998,53.48059412,0.0 12.46624436,53.480595239999985,0.0 12.466570890000002,53.480593160000005,0.0 12.46695947,53.48058954,0.0 12.46709046,53.480586509999995,0.0</coordinates>
                </LineString>
                <LineString id="89390">
                    <coordinates>12.46709046,53.480586509999995,0.0 12.46709105,53.48058651,0.0</coordinates>
                </LineString>
                <LineString id="89392">
                    <coordinates>12.470606750000002,53.48176426999999,0.0 12.47091573,53.48176578,0.0</coordinates>
                </LineString>
                <LineString id="89394">
                    <coordinates>12.43667885,53.47220840999999,0.0 12.43659282,53.47223718000001,0.0 12.43631718,53.47235573999998,0.0 12.4360923,53.47245545999999,0.0 12.435998199999998,53.47249888999998,0.0</coordinates>
                </LineString>
                <LineString id="89396">
                    <coordinates>12.50757433,53.47494831,0.0 12.507541979999997,53.474927849999986,0.0</coordinates>
                </LineString>
                <LineString id="89398">
                    <coordinates>12.51217707,53.478075019999984,0.0 12.512244059999999,53.47803930999999,0.0</coordinates>
                </LineString>
                <LineString id="89400">
                    <coordinates>12.50553442,53.481321599999994,0.0 12.505468570000001,53.48126906,0.0</coordinates>
                </LineString>
                <LineString id="89402">
                    <coordinates>12.511168169999998,53.47853131,0.0 12.511085879999998,53.47857604,0.0</coordinates>
                </LineString>
                <LineString id="89404">
                    <coordinates>12.50483127,53.473093219999996,0.0 12.505017390000003,53.473208389999996,0.0</coordinates>
                </LineString>
                <LineString id="89406">
                    <coordinates>12.50469276,53.473007560000006,0.0 12.50470266,53.47301368,0.0</coordinates>
                </LineString>
                <LineString id="89408">
                    <coordinates>12.505017390000003,53.473208389999996,0.0 12.50587727,53.47375037999999,0.0 12.506631040000002,53.47422806,0.0 12.506943389999998,53.474412009999995,0.0</coordinates>
                </LineString>
                <LineString id="89410">
                    <coordinates>12.507353629999999,53.47468999,0.0 12.50739646,53.47471689,0.0 12.507488619999998,53.47477726999999,0.0</coordinates>
                </LineString>
                <LineString id="89412">
                    <coordinates>12.50768551,53.48023374,0.0 12.507683259999999,53.48022023,0.0</coordinates>
                </LineString>
                <LineString id="89414">
                    <coordinates>12.50971569,53.479230799999996,0.0 12.509923850000002,53.47913705,0.0</coordinates>
                </LineString>
                <LineString id="89416">
                    <coordinates>12.510806639999998,53.47873411,0.0 12.51093656,53.47866230999999,0.0</coordinates>
                </LineString>
                <LineString id="89418">
                    <coordinates>12.51012254,53.47904235999999,0.0 12.51014737,53.479030140000006,0.0 12.510291840000002,53.478953909999994,0.0</coordinates>
                </LineString>
                <LineString id="89420">
                    <coordinates>12.51052913,53.478872,0.0 12.51076511,53.478756159999996,0.0 12.510806639999998,53.47873411,0.0</coordinates>
                </LineString>
                <LineString id="89422">
                    <coordinates>12.51093656,53.47866230999999,0.0 12.511052739999998,53.47859676,0.0</coordinates>
                </LineString>
                <LineString id="89424">
                    <coordinates>12.511085879999998,53.47857604,0.0 12.511075600000002,53.47858182,0.0</coordinates>
                </LineString>
                <LineString id="89426">
                    <coordinates>12.51106417,53.47858932999999,0.0 12.511075600000002,53.47858182,0.0</coordinates>
                </LineString>
                <LineString id="89428">
                    <coordinates>12.5104529,53.47676935999999,0.0 12.51043743,53.476770370000004,0.0</coordinates>
                </LineString>
                <LineString id="89430">
                    <coordinates>12.508390319999998,53.47551349999999,0.0 12.508376699999998,53.475504619999995,0.0 12.5081413,53.47535688,0.0 12.50806843,53.47528124000001,0.0</coordinates>
                </LineString>
                <LineString id="89432">
                    <coordinates>12.510698079999997,53.47674948,0.0 12.510498969999999,53.476766709999985,0.0</coordinates>
                </LineString>
                <LineString id="89434">
                    <coordinates>12.51039315,53.47674025999999,0.0 12.510289590000001,53.47667106000001,0.0</coordinates>
                </LineString>
                <LineString id="89436">
                    <coordinates>12.510289590000001,53.47667106000001,0.0 12.51026759,53.47665667,0.0</coordinates>
                </LineString>
                <LineString id="89438">
                    <coordinates>12.51026759,53.47665667,0.0 12.510210800000001,53.47661994,0.0 12.510169199999998,53.476595129999986,0.0</coordinates>
                </LineString>
                <LineString id="89440">
                    <coordinates>12.50972484,53.476330680000004,0.0 12.509252479999999,53.47605365999999,0.0 12.50912793,53.47598122,0.0</coordinates>
                </LineString>
                <LineString id="89442">
                    <coordinates>12.50806843,53.47528124000001,0.0 12.50795072,53.47520011000002,0.0</coordinates>
                </LineString>
                <LineString id="89444">
                    <coordinates>12.50795072,53.47520011000002,0.0 12.507948820000001,53.475193399999995,0.0 12.507854450000002,53.47513739,0.0</coordinates>
                </LineString>
                <LineString id="89446">
                    <coordinates>12.5075433,53.474824569999996,0.0 12.507562240000002,53.47483022,0.0 12.50758985,53.47484786999999,0.0</coordinates>
                </LineString>
                <LineString id="89448">
                    <coordinates>12.50758985,53.47484786999999,0.0 12.507544450000001,53.47492098,0.0</coordinates>
                </LineString>
                <LineString id="89450">
                    <coordinates>12.507854450000002,53.47513739,0.0 12.507835469999998,53.47512604,0.0 12.507646449999998,53.474994249999995,0.0</coordinates>
                </LineString>
                <LineString id="89452">
                    <coordinates>12.507541979999997,53.474927849999986,0.0 12.507544450000001,53.47492098,0.0</coordinates>
                </LineString>
                <LineString id="89454">
                    <coordinates>12.507646449999998,53.474994249999995,0.0 12.507632679999999,53.474985419999996,0.0</coordinates>
                </LineString>
                <LineString id="89456">
                    <coordinates>12.50752309,53.474818429999985,0.0 12.5075433,53.474824569999996,0.0</coordinates>
                </LineString>
                <LineString id="89458">
                    <coordinates>12.507488619999998,53.47477726999999,0.0 12.50750114,53.47479908999999,0.0 12.50752309,53.474818429999985,0.0</coordinates>
                </LineString>
                <LineString id="89460">
                    <coordinates>12.511168169999998,53.47853131,0.0 12.51144725,53.47840507,0.0</coordinates>
                </LineString>
                <LineString id="89462">
                    <coordinates>12.511774169999999,53.47826324999999,0.0 12.511909419999999,53.47820621000001,0.0 12.51217707,53.478075019999984,0.0</coordinates>
                </LineString>
                <LineString id="89464">
                    <coordinates>12.511741130000003,53.47827871,0.0 12.511774169999999,53.47826324999999,0.0</coordinates>
                </LineString>
                <LineString id="89466">
                    <coordinates>12.51190012,53.47763749,0.0 12.511820729999998,53.477586759999994,0.0</coordinates>
                </LineString>
                <LineString id="89468">
                    <coordinates>12.51144725,53.47840507,0.0 12.511741130000003,53.47827871,0.0</coordinates>
                </LineString>
                <LineString id="89470">
                    <coordinates>12.51089697,53.47685031,0.0 12.5107233,53.47674738999999,0.0</coordinates>
                </LineString>
                <LineString id="89472">
                    <coordinates>12.510698079999997,53.47674948,0.0 12.5107233,53.47674738999999,0.0</coordinates>
                </LineString>
                <LineString id="89474">
                    <coordinates>12.51137785,53.47714445,0.0 12.51116737,53.47701301,0.0</coordinates>
                </LineString>
                <LineString id="89476">
                    <coordinates>12.51138373,53.47714813,0.0 12.51137785,53.47714445,0.0</coordinates>
                </LineString>
                <LineString id="89478">
                    <coordinates>12.51116737,53.47701301,0.0 12.51089697,53.47685031,0.0</coordinates>
                </LineString>
                <LineString id="89480">
                    <coordinates>12.51190457,53.47753526999999,0.0 12.511820729999998,53.477586759999994,0.0</coordinates>
                </LineString>
                <LineString id="89482">
                    <coordinates>12.51190457,53.47753526999999,0.0 12.511931219999997,53.4775204,0.0</coordinates>
                </LineString>
                <LineString id="89484">
                    <coordinates>12.508190709999997,53.479920099999994,0.0 12.508205390000002,53.47991377,0.0</coordinates>
                </LineString>
                <LineString id="89486">
                    <coordinates>12.508396299999998,53.47983132999999,0.0 12.50849893,53.47978683,0.0 12.5085989,53.47974282,0.0 12.50877522,53.479662879999985,0.0</coordinates>
                </LineString>
                <LineString id="89488">
                    <coordinates>12.508205390000002,53.47991377,0.0 12.508396299999998,53.47983132999999,0.0</coordinates>
                </LineString>
                <LineString id="89490">
                    <coordinates>12.50884194,53.47963032,0.0 12.508990230000002,53.479561159999996,0.0</coordinates>
                </LineString>
                <LineString id="89492">
                    <coordinates>12.50877522,53.479662879999985,0.0 12.50884194,53.47963032,0.0</coordinates>
                </LineString>
                <LineString id="89494">
                    <coordinates>12.50971569,53.479230799999996,0.0 12.50953426,53.47931584,0.0 12.509291440000002,53.47943247999999,0.0 12.508990230000002,53.479561159999996,0.0</coordinates>
                </LineString>
                <LineString id="89496">
                    <coordinates>12.510291840000002,53.478953909999994,0.0 12.51044876,53.47887064,0.0 12.51052913,53.478872,0.0</coordinates>
                </LineString>
                <LineString id="89498">
                    <coordinates>12.511931219999997,53.4775204,0.0 12.511915099999998,53.47751056,0.0</coordinates>
                </LineString>
                <LineString id="89500">
                    <coordinates>12.50500537,53.48042034000001,0.0 12.50502209,53.48038843,0.0</coordinates>
                </LineString>
                <LineString id="89502">
                    <coordinates>12.50742458,53.480029519999995,0.0 12.507653419999999,53.480194779999984,0.0</coordinates>
                </LineString>
                <LineString id="89504">
                    <coordinates>12.507683259999999,53.48022023,0.0 12.507653419999999,53.480194779999984,0.0</coordinates>
                </LineString>
                <LineString id="89506">
                    <coordinates>12.50667177,53.479643919999994,0.0 12.506744179999998,53.47960103999999,0.0 12.50677337,53.47959903999999,0.0 12.506792249999998,53.479602009999994,0.0 12.507120259999999,53.479821380000004,0.0 12.50742458,53.480029519999995,0.0</coordinates>
                </LineString>
                <LineString id="89508">
                    <coordinates>12.50654695,53.47963853,0.0 12.506371459999997,53.47972034999999,0.0</coordinates>
                </LineString>
                <LineString id="89510">
                    <coordinates>12.50768551,53.48023374,0.0 12.50780545,53.48022967,0.0</coordinates>
                </LineString>
                <LineString id="89512">
                    <coordinates>12.50780545,53.48022967,0.0 12.50781412,53.48019156,0.0 12.5078353,53.48016439999999,0.0 12.50786215,53.48014261,0.0 12.50790327,53.48012467,0.0</coordinates>
                </LineString>
                <LineString id="89514">
                    <coordinates>12.507632679999999,53.474985419999996,0.0 12.50757433,53.47494831,0.0</coordinates>
                </LineString>
                <LineString id="89516">
                    <coordinates>12.505468570000001,53.48126906,0.0 12.505429549999999,53.481237439999994,0.0</coordinates>
                </LineString>
                <LineString id="89518">
                    <coordinates>12.50571764,53.48141016,0.0 12.505689879999998,53.4814008,0.0 12.505568349999999,53.481347689999986,0.0 12.50553442,53.481321599999994,0.0</coordinates>
                </LineString>
                <LineString id="89520">
                    <coordinates>12.50654695,53.47963853,0.0 12.50661666,53.47959901,0.0</coordinates>
                </LineString>
                <LineString id="89522">
                    <coordinates>12.50661666,53.47959901,0.0 12.50667177,53.479643919999994,0.0</coordinates>
                </LineString>
                <LineString id="89524">
                    <coordinates>12.511560979999999,53.477267119999986,0.0 12.511425579999997,53.47718247999999,0.0 12.511412090000002,53.47716606,0.0 12.51138373,53.47714813,0.0</coordinates>
                </LineString>
                <LineString id="89526">
                    <coordinates>12.51013269,53.476573560000006,0.0 12.51003792,53.476517879999996,0.0</coordinates>
                </LineString>
                <LineString id="89528">
                    <coordinates>12.494843070000002,53.46689686,0.0 12.49556106,53.46732742999999,0.0 12.49688666,53.46815231,0.0 12.49819602,53.46897508000001,0.0 12.499349909999998,53.46969483,0.0 12.50024768,53.47023819,0.0 12.50132074,53.470908169999994,0.0 12.50236306,53.471554360000006,0.0 12.503037480000001,53.47197689000001,0.0 12.503160019999997,53.472051879999995,0.0</coordinates>
                </LineString>
                <LineString id="89530">
                    <coordinates>12.51141184,53.47715124,0.0 12.511423080000002,53.47714581000001,0.0</coordinates>
                </LineString>
                <LineString id="89532">
                    <coordinates>12.507353629999999,53.47468999,0.0 12.507457200000001,53.474642159999995,0.0</coordinates>
                </LineString>
                <LineString id="89534">
                    <coordinates>12.506943389999998,53.474412009999995,0.0 12.50696559,53.474424629999994,0.0 12.50697595,53.47445009999999,0.0 12.506998789999999,53.47447284999999,0.0 12.507168629999999,53.47457509,0.0 12.507353629999999,53.47468999,0.0</coordinates>
                </LineString>
                <LineString id="89536">
                    <coordinates>12.507457200000001,53.474642159999995,0.0 12.50758783,53.47463008,0.0 12.50772828,53.47461633,0.0</coordinates>
                </LineString>
                <LineString id="89538">
                    <coordinates>12.510169199999998,53.476595129999986,0.0 12.51013269,53.476573560000006,0.0</coordinates>
                </LineString>
                <LineString id="89540">
                    <coordinates>12.51002343,53.476509419999985,0.0 12.509854809999998,53.47640959999999,0.0 12.50972484,53.476330680000004,0.0</coordinates>
                </LineString>
                <LineString id="89542">
                    <coordinates>12.513222069999998,53.47586701,0.0 12.513249929999999,53.47586617999998,0.0</coordinates>
                </LineString>
                <LineString id="89544">
                    <coordinates>12.513249929999999,53.47586617999998,0.0 12.513499460000002,53.47585433999999,0.0</coordinates>
                </LineString>
                <LineString id="89546">
                    <coordinates>12.51354236,53.47572182999999,0.0 12.51357576,53.47570046999999,0.0</coordinates>
                </LineString>
                <LineString id="89548">
                    <coordinates>12.51357576,53.47570046999999,0.0 12.51360199,53.4756836,0.0</coordinates>
                </LineString>
                <LineString id="89550">
                    <coordinates>12.515536229999999,53.47443133999999,0.0 12.515667319999999,53.47433700999999,0.0 12.51568476,53.47433474999999,0.0</coordinates>
                </LineString>
                <LineString id="89552">
                    <coordinates>12.51360199,53.4756836,0.0 12.51364811,53.47565403,0.0</coordinates>
                </LineString>
                <LineString id="89554">
                    <coordinates>12.5143768,53.47519164999999,0.0 12.515380629999997,53.47456772,0.0</coordinates>
                </LineString>
                <LineString id="89556">
                    <coordinates>12.513784469999997,53.47556801999999,0.0 12.5143768,53.47519164999999,0.0</coordinates>
                </LineString>
                <LineString id="89558">
                    <coordinates>12.515195769999998,53.47616315,0.0 12.515234729999998,53.47614973999998,0.0 12.515504179999999,53.47605758,0.0 12.51561105,53.47602593999999,0.0 12.51577035,53.47598257999999,0.0 12.515837929999998,53.475961449999986,0.0 12.515902189999998,53.47592613999999,0.0 12.51594447,53.475822259999994,0.0</coordinates>
                </LineString>
                <LineString id="89560">
                    <coordinates>12.51594447,53.475822259999994,0.0 12.516059179999997,53.475837829999996,0.0</coordinates>
                </LineString>
                <LineString id="89562">
                    <coordinates>12.52029895,53.47838275,0.0 12.520333269999998,53.47843173999999,0.0</coordinates>
                </LineString>
                <LineString id="89564">
                    <coordinates>12.52071254,53.47905364999999,0.0 12.520735090000002,53.47905677,0.0 12.520783329999999,53.47907349999999,0.0 12.520815299999999,53.47910198999998,0.0 12.52082389,53.47913128,0.0</coordinates>
                </LineString>
                <LineString id="89566">
                    <coordinates>12.52039356,53.47953468,0.0 12.52029723,53.47950351,0.0</coordinates>
                </LineString>
                <LineString id="89568">
                    <coordinates>12.52027042,53.47949272999998,0.0 12.52029723,53.47950351,0.0</coordinates>
                </LineString>
                <LineString id="89570">
                    <coordinates>12.52120075,53.479833899999996,0.0 12.52181364,53.4800528,0.0</coordinates>
                </LineString>
                <LineString id="89572">
                    <coordinates>12.51952305,53.47832757999999,0.0 12.5196327,53.478368129999986,0.0 12.51975376,53.47840122,0.0 12.519813540000001,53.47840904,0.0</coordinates>
                </LineString>
                <LineString id="89574">
                    <coordinates>12.51904762,53.47875057,0.0 12.518924289999998,53.47879606000001,0.0</coordinates>
                </LineString>
                <LineString id="89576">
                    <coordinates>12.518924289999998,53.47879606000001,0.0 12.518846120000001,53.47886481999999,0.0</coordinates>
                </LineString>
                <LineString id="89578">
                    <coordinates>12.51969335,53.47927235,0.0 12.519793869999999,53.47930981,0.0 12.52005932,53.47941292000001,0.0 12.52027042,53.47949272999998,0.0</coordinates>
                </LineString>
                <LineString id="89580">
                    <coordinates>12.520725639999998,53.479663569999985,0.0 12.52079038,53.47968981999999,0.0</coordinates>
                </LineString>
                <LineString id="89582">
                    <coordinates>12.520969280000001,53.479754,0.0 12.521159749999999,53.479819109999994,0.0</coordinates>
                </LineString>
                <LineString id="89584">
                    <coordinates>12.50511466,53.48101052,0.0 12.505258500000002,53.48111467,0.0 12.505429549999999,53.481237439999994,0.0</coordinates>
                </LineString>
                <LineString id="89586">
                    <coordinates>12.52181364,53.4800528,0.0 12.52299373,53.480415150000006,0.0</coordinates>
                </LineString>
                <LineString id="89588">
                    <coordinates>12.523895390000002,53.47996354000001,0.0 12.52395641,53.47989325999999,0.0 12.52375583,53.47982655,0.0 12.523696280000001,53.479893239999996,0.0 12.52352682,53.48006473,0.0 12.52299373,53.480415150000006,0.0</coordinates>
                </LineString>
                <LineString id="89590">
                    <coordinates>12.511052739999998,53.47859676,0.0 12.51106417,53.47858932999999,0.0</coordinates>
                </LineString>
                <LineString id="89592">
                    <coordinates>12.51168625,53.47736936999999,0.0 12.511657149999998,53.477351299999995,0.0 12.51164486,53.47734247999999,0.0 12.511631210000001,53.47731059,0.0 12.511560979999999,53.477267119999986,0.0</coordinates>
                </LineString>
                <LineString id="89594">
                    <coordinates>12.50593714,53.479895309999996,0.0 12.506292029999997,53.479755499999996,0.0 12.506371459999997,53.47972034999999,0.0</coordinates>
                </LineString>
                <LineString id="89596">
                    <coordinates>12.51488054,53.47628107999998,0.0 12.51515448,53.47617728999999,0.0</coordinates>
                </LineString>
                <LineString id="89598">
                    <coordinates>12.51485676,53.47629013000001,0.0 12.51488054,53.47628107999998,0.0</coordinates>
                </LineString>
                <LineString id="89600">
                    <coordinates>12.514840459999999,53.47629648,0.0 12.51485676,53.47629013000001,0.0</coordinates>
                </LineString>
                <LineString id="89602">
                    <coordinates>12.514734359999999,53.47624570000001,0.0 12.51483552,53.47629834999999,0.0 12.514840459999999,53.47629648,0.0</coordinates>
                </LineString>
                <LineString id="89604">
                    <coordinates>12.513499460000002,53.47585433999999,0.0 12.513724169999998,53.47586896,0.0 12.514258539999998,53.47593059999999,0.0 12.514734359999999,53.47624570000001,0.0</coordinates>
                </LineString>
                <LineString id="89606">
                    <coordinates>12.50506209,53.48034315999999,0.0 12.50509771,53.480303879999994,0.0 12.50515758,53.48025109999999,0.0 12.505228500000001,53.48019941,0.0 12.50529053,53.480159300000004,0.0</coordinates>
                </LineString>
                <LineString id="89608">
                    <coordinates>12.51515448,53.47617728999999,0.0 12.515190780000001,53.47616481,0.0</coordinates>
                </LineString>
                <LineString id="89610">
                    <coordinates>12.515190780000001,53.47616481,0.0 12.515195769999998,53.47616315,0.0</coordinates>
                </LineString>
                <LineString id="89612">
                    <coordinates>12.505680109999998,53.4799828,0.0 12.50571382,53.47996988,0.0 12.505800339999999,53.47994427999999,0.0 12.505878989999998,53.47991834999999,0.0 12.50593714,53.479895309999996,0.0</coordinates>
                </LineString>
                <LineString id="89614">
                    <coordinates>12.504949229999998,53.480529119999986,0.0 12.50496161,53.48051218,0.0</coordinates>
                </LineString>
                <LineString id="89616">
                    <coordinates>12.50912793,53.47598122,0.0 12.508987969999998,53.47591024999999,0.0 12.50864785,53.47567997,0.0 12.508390319999998,53.47551349999999,0.0</coordinates>
                </LineString>
                <LineString id="89618">
                    <coordinates>12.50529053,53.480159300000004,0.0 12.5053306,53.48013757,0.0 12.50540289,53.48010237,0.0 12.505485619999996,53.480059659999995,0.0 12.505551019999999,53.48003337,0.0 12.50563922,53.47999855999999,0.0 12.505680109999998,53.4799828,0.0</coordinates>
                </LineString>
                <LineString id="89620">
                    <coordinates>12.50570932,53.48141670999999,0.0 12.50570443,53.481420719999996,0.0</coordinates>
                </LineString>
                <LineString id="89622">
                    <coordinates>12.50571764,53.48141016,0.0 12.50570932,53.48141670999999,0.0</coordinates>
                </LineString>
                <LineString id="89624">
                    <coordinates>12.50416385,53.48032382000001,0.0 12.504335590000002,53.48045202,0.0 12.50434286,53.48047636,0.0 12.50459876,53.48051624,0.0 12.50487268,53.480550279999996,0.0 12.504949229999998,53.480529119999986,0.0</coordinates>
                </LineString>
                <LineString id="89626">
                    <coordinates>12.504941569999998,53.48062533999999,0.0 12.50494559,53.48053962,0.0 12.504949229999998,53.480529119999986,0.0</coordinates>
                </LineString>
                <LineString id="89628">
                    <coordinates>12.509923850000002,53.47913705,0.0 12.509992609999996,53.479104899999996,0.0 12.51008998,53.47905828,0.0</coordinates>
                </LineString>
                <LineString id="89630">
                    <coordinates>12.520813829999998,53.47969912999999,0.0 12.520969280000001,53.479754,0.0</coordinates>
                </LineString>
                <LineString id="89632">
                    <coordinates>12.518981970000002,53.47895189,0.0 12.519023229999997,53.47898199999999,0.0</coordinates>
                </LineString>
                <LineString id="89634">
                    <coordinates>12.50502209,53.48038843,0.0 12.505057479999998,53.48034828999999,0.0 12.50506209,53.48034315999999,0.0</coordinates>
                </LineString>
                <LineString id="89636">
                    <coordinates>12.50496161,53.48051218,0.0 12.50500537,53.48042034000001,0.0</coordinates>
                </LineString>
                <LineString id="89638">
                    <coordinates>12.52059389,53.479609880000005,0.0 12.520637379999998,53.47962721999999,0.0 12.520725639999998,53.479663569999985,0.0</coordinates>
                </LineString>
                <LineString id="89640">
                    <coordinates>12.519023229999997,53.47898199999999,0.0 12.51935399,53.47922087999999,0.0</coordinates>
                </LineString>
                <LineString id="89642">
                    <coordinates>12.51935399,53.47922087999999,0.0 12.519411499999999,53.479254629999986,0.0</coordinates>
                </LineString>
                <LineString id="89644">
                    <coordinates>12.518846120000001,53.47886481999999,0.0 12.518937690000001,53.47892049000001,0.0 12.518981970000002,53.47895189,0.0</coordinates>
                </LineString>
                <LineString id="89646">
                    <coordinates>12.51157522,53.47701318,0.0 12.51181097,53.476842809999994,0.0</coordinates>
                </LineString>
                <LineString id="89648">
                    <coordinates>12.52082163,53.47914719999999,0.0 12.520821589999999,53.47914752999999,0.0</coordinates>
                </LineString>
                <LineString id="89650">
                    <coordinates>12.520439730000001,53.47934764,0.0 12.520499979999999,53.47928777999999,0.0</coordinates>
                </LineString>
                <LineString id="89652">
                    <coordinates>12.51915814,53.47895634000001,0.0 12.51917689,53.47896994,0.0</coordinates>
                </LineString>
                <LineString id="89654">
                    <coordinates>12.518924289999998,53.47879606000001,0.0 12.51915814,53.47895634000001,0.0</coordinates>
                </LineString>
                <LineString id="89656">
                    <coordinates>12.51917689,53.47896994,0.0 12.519420020000002,53.47914135,0.0</coordinates>
                </LineString>
                <LineString id="89658">
                    <coordinates>12.519420020000002,53.47914135,0.0 12.519440679999999,53.47915327,0.0</coordinates>
                </LineString>
                <LineString id="89660">
                    <coordinates>12.516059179999997,53.475837829999996,0.0 12.516160339999999,53.47591078999999,0.0 12.516228179999999,53.475958410000004,0.0</coordinates>
                </LineString>
                <LineString id="89662">
                    <coordinates>12.51640703,53.47613897,0.0 12.516420379999998,53.47615464999999,0.0</coordinates>
                </LineString>
                <LineString id="89664">
                    <coordinates>12.5082471,53.47996156999999,0.0 12.508248269999998,53.47996246999999,0.0</coordinates>
                </LineString>
                <LineString id="89666">
                    <coordinates>12.508020379999998,53.480067459999994,0.0 12.508155579999999,53.48000451999999,0.0 12.508248269999998,53.47996246999999,0.0</coordinates>
                </LineString>
                <LineString id="89668">
                    <coordinates>12.508191720000001,53.47992091,0.0 12.5082471,53.47996156999999,0.0</coordinates>
                </LineString>
                <LineString id="89670">
                    <coordinates>12.508190709999997,53.479920099999994,0.0 12.508191720000001,53.47992091,0.0</coordinates>
                </LineString>
                <LineString id="89672">
                    <coordinates>12.511915099999998,53.47751056,0.0 12.51179473,53.47743613,0.0 12.51168625,53.47736936999999,0.0</coordinates>
                </LineString>
                <LineString id="89674">
                    <coordinates>12.520883039999998,53.47869570999999,0.0 12.520853099999998,53.47869590999999,0.0 12.520770279999999,53.47870282,0.0 12.52068146,53.47870987999999,0.0 12.52054278,53.47874191000001,0.0</coordinates>
                </LineString>
                <LineString id="89676">
                    <coordinates>12.52127965,53.478823089999985,0.0 12.52124806,53.47878832,0.0 12.521207299999999,53.478762339999996,0.0 12.521155199999999,53.47874,0.0 12.52113042,53.47872196,0.0 12.521060379999998,53.47870826999999,0.0 12.520982810000001,53.47869795,0.0 12.520933260000001,53.4786951,0.0 12.520883039999998,53.47869570999999,0.0</coordinates>
                </LineString>
                <LineString id="89678">
                    <coordinates>12.52129553,53.4789944,0.0 12.521297729999999,53.478833359999996,0.0 12.52127965,53.478823089999985,0.0</coordinates>
                </LineString>
                <LineString id="89680">
                    <coordinates>12.521353439999999,53.47933756,0.0 12.521367849999999,53.479294199999984,0.0 12.52137787,53.47927094999999,0.0 12.521317390000002,53.47911143,0.0 12.52131022,53.47908035,0.0 12.52129553,53.4789944,0.0</coordinates>
                </LineString>
                <LineString id="89682">
                    <coordinates>12.520883039999998,53.47869570999999,0.0 12.5208754,53.478480590000004,0.0</coordinates>
                </LineString>
                <LineString id="89684">
                    <coordinates>12.520674389999998,53.478351579999995,0.0 12.52076174,53.47833200000001,0.0</coordinates>
                </LineString>
                <LineString id="89686">
                    <coordinates>12.5204458,53.478761,0.0 12.52054278,53.47874191000001,0.0</coordinates>
                </LineString>
                <LineString id="89688">
                    <coordinates>12.5201795,53.47883701,0.0 12.520288789999999,53.47880069000001,0.0 12.5203519,53.478780269999994,0.0 12.52037647,53.47877523999998,0.0</coordinates>
                </LineString>
                <LineString id="89690">
                    <coordinates>12.52037647,53.47877523999998,0.0 12.5204458,53.478761,0.0</coordinates>
                </LineString>
                <LineString id="89692">
                    <coordinates>12.52082389,53.47913128,0.0 12.52082163,53.47914719999999,0.0</coordinates>
                </LineString>
                <LineString id="89694">
                    <coordinates>12.52069815,53.47905153999999,0.0 12.52071254,53.47905364999999,0.0</coordinates>
                </LineString>
                <LineString id="89696">
                    <coordinates>12.503160019999997,53.472051879999995,0.0 12.50365484,53.472352269999995,0.0 12.504156579999998,53.47267056,0.0 12.50457841,53.47293677,0.0 12.50469276,53.473007560000006,0.0</coordinates>
                </LineString>
                <LineString id="89698">
                    <coordinates>12.50470266,53.47301368,0.0 12.50483127,53.473093219999996,0.0</coordinates>
                </LineString>
                <LineString id="89700">
                    <coordinates>12.504978259999998,53.48082099,0.0 12.504975929999999,53.48081516,0.0</coordinates>
                </LineString>
                <LineString id="89702">
                    <coordinates>12.50511466,53.48101052,0.0 12.50510207,53.48100043,0.0 12.50506822,53.480969900000005,0.0 12.505027609999997,53.48092415,0.0 12.504998019999999,53.48087027,0.0 12.504978259999998,53.48082099,0.0</coordinates>
                </LineString>
                <LineString id="89704">
                    <coordinates>12.520652779999999,53.47905763999999,0.0 12.520681600000001,53.479048979999995,0.0 12.52069815,53.47905153999999,0.0</coordinates>
                </LineString>
                <LineString id="89706">
                    <coordinates>12.52055098,53.47922054,0.0 12.52055257,53.47921196,0.0 12.52053417,53.47915674000001,0.0 12.52053242,53.47912365999999,0.0 12.52056549,53.47908377,0.0 12.52062154,53.479063109999984,0.0 12.520652779999999,53.47905763999999,0.0</coordinates>
                </LineString>
                <LineString id="89708">
                    <coordinates>12.520892039999998,53.47849718,0.0 12.52092853,53.47852765999999,0.0 12.52096728,53.47855339,0.0 12.52103411,53.47857606999999,0.0 12.521054549999999,53.47859337999999,0.0 12.52113257,53.47857466,0.0 12.521154570000002,53.47856671,0.0</coordinates>
                </LineString>
                <LineString id="89710">
                    <coordinates>12.520594559999996,53.47836992999999,0.0 12.520647709999999,53.47835765999999,0.0 12.520674389999998,53.478351579999995,0.0</coordinates>
                </LineString>
                <LineString id="89712">
                    <coordinates>12.520333269999998,53.47843173999999,0.0 12.520594559999996,53.47836992999999,0.0</coordinates>
                </LineString>
                <LineString id="89714">
                    <coordinates>12.521163929999998,53.478230030000006,0.0 12.52116138,53.478225480000006,0.0</coordinates>
                </LineString>
                <LineString id="89716">
                    <coordinates>12.521163929999998,53.478230030000006,0.0 12.52076174,53.47833200000001,0.0</coordinates>
                </LineString>
                <LineString id="89718">
                    <coordinates>12.52029723,53.47950351,0.0 12.520439730000001,53.47934764,0.0</coordinates>
                </LineString>
                <LineString id="89720">
                    <coordinates>12.516636209999998,53.47639920999999,0.0 12.51669099,53.476460079999995,0.0 12.516755930000002,53.476576679999994,0.0 12.516798119999999,53.476623339999996,0.0</coordinates>
                </LineString>
                <LineString id="89722">
                    <coordinates>12.516228179999999,53.475958410000004,0.0 12.51636612,53.47608998,0.0 12.51640703,53.47613897,0.0</coordinates>
                </LineString>
                <LineString id="89724">
                    <coordinates>12.51862264,53.47795749,0.0 12.51881884,53.477995209999996,0.0 12.51886666,53.4780082,0.0</coordinates>
                </LineString>
                <LineString id="89726">
                    <coordinates>12.52029247,53.47837402,0.0 12.52025813,53.47838181000001,0.0</coordinates>
                </LineString>
                <LineString id="89728">
                    <coordinates>12.5208754,53.478480590000004,0.0 12.520892039999998,53.47849718,0.0</coordinates>
                </LineString>
                <LineString id="89730">
                    <coordinates>12.52076174,53.47833200000001,0.0 12.52082219,53.478443,0.0</coordinates>
                </LineString>
                <LineString id="89732">
                    <coordinates>12.51374688,53.47559180999999,0.0 12.513784469999997,53.47556801999999,0.0</coordinates>
                </LineString>
                <LineString id="89734">
                    <coordinates>12.51364811,53.47565403,0.0 12.51374688,53.47559180999999,0.0</coordinates>
                </LineString>
                <LineString id="89736">
                    <coordinates>12.51327716,53.47583592999999,0.0 12.51352324,53.47573403,0.0</coordinates>
                </LineString>
                <LineString id="89738">
                    <coordinates>12.51352324,53.47573403,0.0 12.51354236,53.47572182999999,0.0</coordinates>
                </LineString>
                <LineString id="89740">
                    <coordinates>12.511423080000002,53.47714581000001,0.0 12.51157522,53.47701318,0.0</coordinates>
                </LineString>
                <LineString id="89742">
                    <coordinates>12.51981112,53.47945583999999,0.0 12.519873409999999,53.479489109999996,0.0</coordinates>
                </LineString>
                <LineString id="89744">
                    <coordinates>12.521159749999999,53.479819109999994,0.0 12.52120075,53.479833899999996,0.0</coordinates>
                </LineString>
                <LineString id="89746">
                    <coordinates>12.51782705,53.47791613,0.0 12.51795649,53.47792952000001,0.0 12.51797105,53.47792985,0.0</coordinates>
                </LineString>
                <LineString id="89748">
                    <coordinates>12.51797105,53.47792985,0.0 12.51804437,53.47793123,0.0</coordinates>
                </LineString>
                <LineString id="89750">
                    <coordinates>12.51804437,53.47793123,0.0 12.518051809999998,53.47793157999999,0.0</coordinates>
                </LineString>
                <LineString id="89752">
                    <coordinates>12.52082219,53.478443,0.0 12.52087175,53.47847676,0.0 12.5208754,53.478480590000004,0.0</coordinates>
                </LineString>
                <LineString id="89754">
                    <coordinates>12.50570443,53.481420719999996,0.0 12.50556049,53.481539530000006,0.0</coordinates>
                </LineString>
                <LineString id="89756">
                    <coordinates>12.519639259999998,53.47927550999998,0.0 12.51958764,53.47925083999999,0.0 12.51960557,53.47923622,0.0</coordinates>
                </LineString>
                <LineString id="89758">
                    <coordinates>12.519440679999999,53.47915327,0.0 12.519519559999999,53.479196079999994,0.0 12.51960557,53.47923622,0.0</coordinates>
                </LineString>
                <LineString id="89760">
                    <coordinates>12.51969335,53.47927235,0.0 12.519671069999998,53.47929062,0.0 12.519639259999998,53.47927550999998,0.0</coordinates>
                </LineString>
                <LineString id="89762">
                    <coordinates>12.51859944,53.47795505,0.0 12.51861493,53.477956019999986,0.0 12.51862264,53.47795749,0.0</coordinates>
                </LineString>
                <LineString id="89764">
                    <coordinates>12.518322940000001,53.47793709,0.0 12.518327509999999,53.477937159999996,0.0 12.51859944,53.47795505,0.0</coordinates>
                </LineString>
                <LineString id="89766">
                    <coordinates>12.517511450000002,53.47787733,0.0 12.517552949999999,53.47788755,0.0 12.517638369999998,53.4778965,0.0</coordinates>
                </LineString>
                <LineString id="89768">
                    <coordinates>12.517638369999998,53.4778965,0.0 12.517815079999998,53.47791489,0.0</coordinates>
                </LineString>
                <LineString id="89770">
                    <coordinates>12.517815079999998,53.47791489,0.0 12.51782705,53.47791613,0.0</coordinates>
                </LineString>
                <LineString id="89772">
                    <coordinates>12.520423289999998,53.4783426,0.0 12.520464480000001,53.47833218000001,0.0 12.52046097,53.478326939999995,0.0 12.52062355,53.47828410999999,0.0 12.520734199999998,53.47824951999999,0.0</coordinates>
                </LineString>
                <LineString id="89774">
                    <coordinates>12.52029895,53.47838275,0.0 12.52029247,53.47837402,0.0</coordinates>
                </LineString>
                <LineString id="89776">
                    <coordinates>12.52025813,53.47838181000001,0.0 12.52016227,53.47840129,0.0 12.520056179999996,53.47841570999999,0.0 12.51995587,53.4784197,0.0 12.51987256,53.47841714,0.0</coordinates>
                </LineString>
                <LineString id="89778">
                    <coordinates>12.519813540000001,53.47840904,0.0 12.51987256,53.47841714,0.0</coordinates>
                </LineString>
                <LineString id="89780">
                    <coordinates>12.51827726,53.4779362,0.0 12.518322940000001,53.47793709,0.0</coordinates>
                </LineString>
                <LineString id="89782">
                    <coordinates>12.518051809999998,53.47793157999999,0.0 12.51827726,53.4779362,0.0</coordinates>
                </LineString>
                <LineString id="89784">
                    <coordinates>12.51210442,53.47659545999999,0.0 12.51213442,53.47657433999999,0.0</coordinates>
                </LineString>
                <LineString id="89786">
                    <coordinates>12.51213442,53.47657433999999,0.0 12.51214826,53.476565009999995,0.0</coordinates>
                </LineString>
                <LineString id="89788">
                    <coordinates>12.51214826,53.476565009999995,0.0 12.51215929,53.47655686,0.0</coordinates>
                </LineString>
                <LineString id="89790">
                    <coordinates>12.516978209999998,53.476803239999995,0.0 12.517013449999999,53.4768437,0.0 12.517067319999999,53.47690908999999,0.0 12.51719522,53.47706392,0.0 12.51724946,53.47713981,0.0 12.51723942,53.47718973,0.0 12.51677561,53.477347300000005,0.0 12.51673396,53.47736128999998,0.0 12.516731959999998,53.47736288999999,0.0</coordinates>
                </LineString>
                <LineString id="89792">
                    <coordinates>12.51138373,53.47714813,0.0 12.51139742,53.47715187000001,0.0</coordinates>
                </LineString>
                <LineString id="89794">
                    <coordinates>12.51139742,53.47715187000001,0.0 12.51141184,53.47715124,0.0</coordinates>
                </LineString>
                <LineString id="89796">
                    <coordinates>12.51181097,53.476842809999994,0.0 12.51178724,53.47680129,0.0 12.511987379999999,53.47667169999999,0.0 12.51209601,53.47660009,0.0 12.51210442,53.47659545999999,0.0</coordinates>
                </LineString>
                <LineString id="89798">
                    <coordinates>12.51230574,53.47646039,0.0 12.51215929,53.47655686,0.0</coordinates>
                </LineString>
                <LineString id="89800">
                    <coordinates>12.51322236,53.47586681999999,0.0 12.51327716,53.47583592999999,0.0</coordinates>
                </LineString>
                <LineString id="89802">
                    <coordinates>12.51913538,53.47811496,0.0 12.519239209999999,53.47817062,0.0</coordinates>
                </LineString>
                <LineString id="89804">
                    <coordinates>12.51886666,53.4780082,0.0 12.51896045,53.4780335,0.0 12.51907099,53.47807954999999,0.0 12.51913538,53.47811496,0.0</coordinates>
                </LineString>
                <LineString id="89806">
                    <coordinates>12.520499979999999,53.47928777999999,0.0 12.520539599999998,53.479251649999995,0.0</coordinates>
                </LineString>
                <LineString id="89808">
                    <coordinates>12.52055075,53.479221579999994,0.0 12.52055098,53.47922054,0.0</coordinates>
                </LineString>
                <LineString id="89810">
                    <coordinates>12.520539599999998,53.479251649999995,0.0 12.52054632,53.479245710000015,0.0 12.52055075,53.479221579999994,0.0</coordinates>
                </LineString>
                <LineString id="89812">
                    <coordinates>12.51684439,53.47743932999999,0.0 12.516919009999999,53.47749016,0.0</coordinates>
                </LineString>
                <LineString id="89814">
                    <coordinates>12.516731959999998,53.47736288999999,0.0 12.51684439,53.47743932999999,0.0</coordinates>
                </LineString>
                <LineString id="89816">
                    <coordinates>12.52039356,53.47953468,0.0 12.520576649999999,53.47960303999999,0.0</coordinates>
                </LineString>
                <LineString id="89818">
                    <coordinates>12.52058586,53.47960668000001,0.0 12.52059389,53.479609880000005,0.0</coordinates>
                </LineString>
                <LineString id="89820">
                    <coordinates>12.520576649999999,53.47960303999999,0.0 12.52058586,53.47960668000001,0.0</coordinates>
                </LineString>
                <LineString id="89822">
                    <coordinates>12.51976511,53.47854696999999,0.0 12.51973175,53.478569330000006,0.0 12.51967092,53.478585710000004,0.0 12.51954907,53.47861601999999,0.0 12.519503119999998,53.47863334,0.0 12.519208819999998,53.478731939999996,0.0 12.519104180000001,53.47876987,0.0 12.51904762,53.47875057,0.0</coordinates>
                </LineString>
                <LineString id="89824">
                    <coordinates>12.519979109999998,53.47849193999999,0.0 12.51976511,53.47854696999999,0.0</coordinates>
                </LineString>
                <LineString id="89826">
                    <coordinates>12.520037189999998,53.478482039999996,0.0 12.519979109999998,53.47849193999999,0.0</coordinates>
                </LineString>
                <LineString id="89828">
                    <coordinates>12.520333269999998,53.47843173999999,0.0 12.52021097,53.47845451,0.0 12.520037189999998,53.478482039999996,0.0</coordinates>
                </LineString>
                <LineString id="89830">
                    <coordinates>12.52029247,53.47837402,0.0 12.520402369999998,53.47834787,0.0 12.520423289999998,53.4783426,0.0</coordinates>
                </LineString>
                <LineString id="89832">
                    <coordinates>12.517093469999999,53.47760421,0.0 12.517313719999999,53.47774751999999,0.0</coordinates>
                </LineString>
                <LineString id="89834">
                    <coordinates>12.517348629999999,53.47778003999999,0.0 12.517387119999999,53.47781204999999,0.0 12.517450959999996,53.477853939999996,0.0</coordinates>
                </LineString>
                <LineString id="89836">
                    <coordinates>12.51732002,53.47775627000001,0.0 12.517348629999999,53.47778003999999,0.0</coordinates>
                </LineString>
                <LineString id="89838">
                    <coordinates>12.517450959999996,53.477853939999996,0.0 12.517488979999998,53.47787186,0.0 12.517511450000002,53.47787733,0.0</coordinates>
                </LineString>
                <LineString id="89840">
                    <coordinates>12.517313719999999,53.47774751999999,0.0 12.51732002,53.47775627000001,0.0</coordinates>
                </LineString>
                <LineString id="89842">
                    <coordinates>12.504975929999999,53.48081516,0.0 12.504962940000002,53.48078346,0.0 12.504948929999998,53.48073563999999,0.0 12.504944979999998,53.48066230999999,0.0 12.504941569999998,53.48062533999999,0.0</coordinates>
                </LineString>
                <LineString id="89844">
                    <coordinates>12.504941569999998,53.48062533999999,0.0 12.50491922,53.48061361999999,0.0 12.504892419999997,53.480602239999996,0.0 12.50486031,53.48059378,0.0 12.504814300000001,53.480587209999996,0.0 12.504766309999999,53.480580429999996,0.0 12.504704169999998,53.480571499999996,0.0 12.504646739999997,53.480563229999994,0.0 12.504584029999998,53.48055423999999,0.0 12.504522910000002,53.48054524,0.0 12.50446727,53.48053888,0.0 12.504398170000002,53.480530429999995,0.0 12.50431333,53.48051548999999,0.0 12.504286549999998,53.48054215999999,0.0 12.504270399999998,53.48056177000001,0.0 12.504261800000002,53.48057370999999,0.0 12.50424517,53.48059652999999,0.0 12.504005059999999,53.4806026,0.0</coordinates>
                </LineString>
                <LineString id="89846">
                    <coordinates>12.516919009999999,53.47749016,0.0 12.517093469999999,53.47760421,0.0</coordinates>
                </LineString>
                <LineString id="89848">
                    <coordinates>12.516798119999999,53.476623339999996,0.0 12.516805359999998,53.47662441,0.0 12.516820059999999,53.476641089999994,0.0 12.516842899999997,53.47663433999998,0.0 12.51684767,53.476639639999995,0.0 12.516846549999999,53.47665262999999,0.0 12.516919539999998,53.476735819999995,0.0 12.516956469999998,53.47677836,0.0</coordinates>
                </LineString>
                <LineString id="89850">
                    <coordinates>12.516971829999997,53.47679599000001,0.0 12.516978209999998,53.476803239999995,0.0</coordinates>
                </LineString>
                <LineString id="89852">
                    <coordinates>12.516956469999998,53.47677836,0.0 12.516964969999998,53.476788219999996,0.0 12.516971829999997,53.47679599000001,0.0</coordinates>
                </LineString>
                <LineString id="89854">
                    <coordinates>12.519239209999999,53.47817062,0.0 12.51925159,53.47817837,0.0</coordinates>
                </LineString>
                <LineString id="89856">
                    <coordinates>12.51925159,53.47817837,0.0 12.51926853,53.47818886,0.0</coordinates>
                </LineString>
                <LineString id="89858">
                    <coordinates>12.51926853,53.47818886,0.0 12.519380109999997,53.47825579999999,0.0</coordinates>
                </LineString>
                <LineString id="89860">
                    <coordinates>12.519380109999997,53.47825579999999,0.0 12.51938628,53.47825948,0.0 12.51951578,53.47832494,0.0 12.51952305,53.47832757999999,0.0</coordinates>
                </LineString>
                <LineString id="89862">
                    <coordinates>12.51008998,53.47905828,0.0 12.51012254,53.47904235999999,0.0</coordinates>
                </LineString>
                <LineString id="89864">
                    <coordinates>12.51043743,53.476770370000004,0.0 12.51039315,53.47674025999999,0.0</coordinates>
                </LineString>
                <LineString id="89866">
                    <coordinates>12.510498969999999,53.476766709999985,0.0 12.5104529,53.47676935999999,0.0</coordinates>
                </LineString>
                <LineString id="89868">
                    <coordinates>12.519810839999998,53.47945569,0.0 12.51981112,53.47945583999999,0.0</coordinates>
                </LineString>
                <LineString id="89870">
                    <coordinates>12.519802619999998,53.479451429999976,0.0 12.519810839999998,53.47945569,0.0</coordinates>
                </LineString>
                <LineString id="89872">
                    <coordinates>12.51951061,53.479357609999994,0.0 12.519696269999999,53.47945267,0.0 12.51973759,53.47941831,0.0 12.519802619999998,53.479451429999976,0.0</coordinates>
                </LineString>
                <LineString id="89874">
                    <coordinates>12.519411499999999,53.479254629999986,0.0 12.51953187,53.47932073,0.0 12.51949213,53.479348439999995,0.0</coordinates>
                </LineString>
                <LineString id="89876">
                    <coordinates>12.51949213,53.479348439999995,0.0 12.51951061,53.479357609999994,0.0</coordinates>
                </LineString>
                <LineString id="89878">
                    <coordinates>12.515989660000002,53.47418304,0.0 12.51599358,53.47418221,0.0</coordinates>
                </LineString>
                <LineString id="89880">
                    <coordinates>12.51568476,53.47433474999999,0.0 12.51587961,53.47421522,0.0 12.51589811,53.47420180999999,0.0</coordinates>
                </LineString>
                <LineString id="89882">
                    <coordinates>12.51589811,53.47420180999999,0.0 12.515900519999999,53.47420134,0.0</coordinates>
                </LineString>
                <LineString id="89884">
                    <coordinates>12.515900519999999,53.47420134,0.0 12.515989660000002,53.47418304,0.0</coordinates>
                </LineString>
                <LineString id="89886">
                    <coordinates>12.51599358,53.47418221,0.0 12.51603371,53.47428418999999,0.0</coordinates>
                </LineString>
                <LineString id="89888">
                    <coordinates>12.51580456,53.47391343000001,0.0 12.51571005,53.47367078,0.0</coordinates>
                </LineString>
                <LineString id="89890">
                    <coordinates>12.515664649999998,53.47354945,0.0 12.515625810000001,53.47344374,0.0</coordinates>
                </LineString>
                <LineString id="89892">
                    <coordinates>12.515496600000002,53.47319521000001,0.0 12.51548601,53.47317552,0.0</coordinates>
                </LineString>
                <LineString id="89894">
                    <coordinates>12.51620824,53.47465239999999,0.0 12.516189379999998,53.47460254000001,0.0 12.51613686,53.4744594,0.0</coordinates>
                </LineString>
                <LineString id="89896">
                    <coordinates>12.51603371,53.47428418999999,0.0 12.51613686,53.4744594,0.0</coordinates>
                </LineString>
                <LineString id="89898">
                    <coordinates>12.51620824,53.47465239999999,0.0 12.51627852,53.47484763,0.0</coordinates>
                </LineString>
                <LineString id="89900">
                    <coordinates>12.51190012,53.47763749,0.0 12.51192249,53.47765187000001,0.0 12.51217012,53.477818369999994,0.0 12.51236125,53.47796348999999,0.0 12.512244059999999,53.47803930999999,0.0</coordinates>
                </LineString>
                <LineString id="89902">
                    <coordinates>12.513222069999998,53.47586701,0.0 12.51322236,53.47586681999999,0.0</coordinates>
                </LineString>
                <LineString id="89904">
                    <coordinates>12.51003792,53.476517879999996,0.0 12.51002343,53.476509419999985,0.0</coordinates>
                </LineString>
                <LineString id="89906">
                    <coordinates>12.515625810000001,53.47344374,0.0 12.515614610000002,53.47342139,0.0</coordinates>
                </LineString>
                <LineString id="89908">
                    <coordinates>12.51589811,53.47420180999999,0.0 12.515891249999997,53.47413572,0.0</coordinates>
                </LineString>
                <LineString id="89910">
                    <coordinates>12.515480749999998,53.473168019999996,0.0 12.51548601,53.47317552,0.0</coordinates>
                </LineString>
                <LineString id="89912">
                    <coordinates>12.515378599999998,53.47302867999999,0.0 12.515388230000001,53.47305835,0.0</coordinates>
                </LineString>
                <LineString id="89914">
                    <coordinates>12.51543552,53.47310238000001,0.0 12.515458899999999,53.47313685999999,0.0 12.515480749999998,53.473168019999996,0.0</coordinates>
                </LineString>
                <LineString id="89916">
                    <coordinates>12.515388230000001,53.47305835,0.0 12.51543552,53.47310238000001,0.0</coordinates>
                </LineString>
                <LineString id="89918">
                    <coordinates>12.51552385,53.47324527000001,0.0 12.51549903,53.47319979,0.0</coordinates>
                </LineString>
                <LineString id="89920">
                    <coordinates>12.51549903,53.47319979,0.0 12.515496600000002,53.47319521000001,0.0</coordinates>
                </LineString>
                <LineString id="89922">
                    <coordinates>12.513222069999998,53.47586701,0.0 12.51292756,53.47602856,0.0 12.51239254,53.47640322000001,0.0 12.512305889999999,53.47646021,0.0</coordinates>
                </LineString>
                <LineString id="89924">
                    <coordinates>12.512305889999999,53.47646021,0.0 12.51230574,53.47646039,0.0</coordinates>
                </LineString>
                <LineString id="89926">
                    <coordinates>12.51571005,53.47367078,0.0 12.515668860000002,53.47356091,0.0</coordinates>
                </LineString>
                <LineString id="89928">
                    <coordinates>12.515668860000002,53.47356091,0.0 12.515664649999998,53.47354945,0.0</coordinates>
                </LineString>
                <LineString id="89930">
                    <coordinates>12.51571005,53.47367078,0.0 12.51566107,53.47368033,0.0</coordinates>
                </LineString>
                <LineString id="89932">
                    <coordinates>12.51566107,53.47368033,0.0 12.515569789999999,53.473768709999995,0.0 12.51551057,53.47377876,0.0 12.515474039999999,53.47378492,0.0</coordinates>
                </LineString>
                <LineString id="89934">
                    <coordinates>12.515614610000002,53.47342139,0.0 12.51552385,53.47324527000001,0.0</coordinates>
                </LineString>
                <LineString id="89936">
                    <coordinates>12.516420379999998,53.47615464999999,0.0 12.516557089999997,53.47631103999999,0.0 12.516636209999998,53.47639920999999,0.0</coordinates>
                </LineString>
                <LineString id="89938">
                    <coordinates>12.51627852,53.47484763,0.0 12.51628788,53.47487106999999,0.0</coordinates>
                </LineString>
                <LineString id="89940">
                    <coordinates>12.515380629999997,53.47456772,0.0 12.515536229999999,53.47443133999999,0.0</coordinates>
                </LineString>
                <LineString id="89942">
                    <coordinates>12.515891249999997,53.47413572,0.0 12.515890509999998,53.47412939000001,0.0 12.51581481,53.47393835,0.0</coordinates>
                </LineString>
                <LineString id="89944">
                    <coordinates>12.51581481,53.47393835,0.0 12.51580456,53.47391343000001,0.0</coordinates>
                </LineString>
                <LineString id="89946">
                    <coordinates>12.48376134,53.46017528,0.0 12.483741399999998,53.46016751999999,0.0</coordinates>
                </LineString>
                <LineString id="89948">
                    <coordinates>12.45371864,53.454719039999986,0.0 12.453860689999999,53.454600219999996,0.0 12.45401211,53.454479029999995,0.0 12.4542249,53.45431086999999,0.0</coordinates>
                </LineString>
                <LineString id="89950">
                    <coordinates>12.4542249,53.45431086999999,0.0 12.455065799999998,53.45364061999999,0.0 12.455487420000003,53.4534221,0.0</coordinates>
                </LineString>
                <LineString id="89952">
                    <coordinates>12.455487420000003,53.4534221,0.0 12.45559939,53.45334534,0.0 12.455864650000002,53.453156789999994,0.0 12.45623087,53.45295333,0.0 12.45658954,53.452821799999995,0.0 12.45698239,53.45267587,0.0</coordinates>
                </LineString>
                <LineString id="89954">
                    <coordinates>12.45698239,53.45267587,0.0 12.45736564,53.45251553,0.0 12.45765746,53.45235390999999,0.0 12.457802899999999,53.45227583,0.0 12.457718109999998,53.452219019999994,0.0 12.45819287,53.4518579,0.0</coordinates>
                </LineString>
                <LineString id="89956">
                    <coordinates>12.45819287,53.4518579,0.0 12.45858501,53.45155981999999,0.0 12.459306659999998,53.451037889999995,0.0</coordinates>
                </LineString>
                <LineString id="89958">
                    <coordinates>12.459306659999998,53.451037889999995,0.0 12.45967849,53.45075802,0.0 12.4601571,53.45041110999999,0.0 12.46079657,53.44993039,0.0</coordinates>
                </LineString>
                <LineString id="89960">
                    <coordinates>12.46079657,53.44993039,0.0 12.46108277,53.44970040999999,0.0 12.46133202,53.44954546,0.0 12.46166866,53.44940462,0.0 12.462036770000001,53.449249480000006,0.0 12.46245946,53.44906783999999,0.0 12.4625615,53.44909031,0.0</coordinates>
                </LineString>
                <LineString id="89962">
                    <coordinates>12.48303834,53.45978644,0.0 12.483384379999999,53.459950769999985,0.0 12.4834696,53.459997179999995,0.0 12.483476280000001,53.46002466,0.0 12.483475230000002,53.46003927,0.0 12.483498410000001,53.46005832000001,0.0</coordinates>
                </LineString>
                <LineString id="89964">
                    <coordinates>12.48720244,53.462138509999996,0.0 12.487715129999998,53.46245563,0.0 12.48815234,53.46273578,0.0 12.48852574,53.46296505,0.0 12.488979289999998,53.46324396999999,0.0 12.489417389999998,53.463516199999994,0.0 12.489890509999999,53.463808569999976,0.0 12.491278380000002,53.4646695,0.0</coordinates>
                </LineString>
                <LineString id="89966">
                    <coordinates>12.494409220000001,53.46661416,0.0 12.494843070000002,53.46689686,0.0</coordinates>
                </LineString>
                <LineString id="89968">
                    <coordinates>12.491278380000002,53.4646695,0.0 12.492318889999996,53.46532121999999,0.0 12.493250939999998,53.46590318999999,0.0 12.49399448,53.466361,0.0 12.49417406,53.46647056,0.0</coordinates>
                </LineString>
                <LineString id="89970">
                    <coordinates>12.484961719999998,53.46072544999999,0.0 12.48513009,53.46083413,0.0 12.4852597,53.4609081,0.0 12.48556513,53.46112120999999,0.0 12.486149359999999,53.461492259999986,0.0 12.48666519,53.46181652,0.0 12.48720244,53.462138509999996,0.0</coordinates>
                </LineString>
                <LineString id="89972">
                    <coordinates>12.484154249999998,53.460411509999986,0.0 12.484197549999996,53.46043322,0.0 12.48433916,53.460517440000004,0.0 12.484472229999998,53.46059648999999,0.0</coordinates>
                </LineString>
                <LineString id="89974">
                    <coordinates>12.484472229999998,53.46059648999999,0.0 12.484617199999999,53.460689439999996,0.0</coordinates>
                </LineString>
                <LineString id="89976">
                    <coordinates>12.494843070000002,53.46689686,0.0 12.49556106,53.46732742999999,0.0 12.49688666,53.46815231,0.0 12.49819602,53.46897508000001,0.0 12.499349909999998,53.46969483,0.0 12.50024768,53.47023819,0.0 12.50132074,53.470908169999994,0.0 12.50236306,53.471554360000006,0.0 12.503037480000001,53.47197689000001,0.0 12.503160019999997,53.472051879999995,0.0</coordinates>
                </LineString>
                <LineString id="89978">
                    <coordinates>12.48358481,53.460138439999994,0.0 12.48362136,53.46014032,0.0 12.48364403,53.46014139999999,0.0 12.483671019999997,53.460145399999995,0.0 12.483680940000001,53.46014785999999,0.0 12.483703800000002,53.460153469999995,0.0 12.483722509999996,53.46016084000001,0.0 12.483741399999998,53.46016751999999,0.0</coordinates>
                </LineString>
                <LineString id="89980">
                    <coordinates>12.483418259999999,53.46016853999999,0.0 12.483377239999998,53.46009875000001,0.0</coordinates>
                </LineString>
                <LineString id="89982">
                    <coordinates>12.48347888,53.46015756999999,0.0 12.483418259999999,53.46016853999999,0.0</coordinates>
                </LineString>
                <LineString id="89984">
                    <coordinates>12.483498410000001,53.46005832000001,0.0 12.48345836,53.460079669999985,0.0 12.48341339,53.460091559999995,0.0 12.483377239999998,53.46009875000001,0.0</coordinates>
                </LineString>
                <LineString id="89986">
                    <coordinates>12.463618480000001,53.44865486999999,0.0 12.463639999999998,53.44865281,0.0 12.46370414,53.44866738,0.0 12.46374387,53.448681640000004,0.0 12.46381941,53.448728939999995,0.0 12.463913440000002,53.44879389999999,0.0 12.46398649,53.44887559,0.0 12.464008859999998,53.44894102,0.0 12.464056869999999,53.44905718,0.0 12.46414322,53.449162390000005,0.0 12.464198209999998,53.449208379999995,0.0 12.464310469999997,53.44928705,0.0 12.46451725,53.44942944000001,0.0 12.46495481,53.44971799,0.0 12.465842040000002,53.45028099000001,0.0 12.467319510000001,53.451242130000004,0.0 12.46742399,53.45130875,0.0 12.46833851,53.451905,0.0 12.46981978,53.45284025,0.0 12.470789619999998,53.45347189999999,0.0 12.4709625,53.45358446,0.0 12.472044420000001,53.45426753000001,0.0 12.472622809999999,53.45461799000001,0.0</coordinates>
                </LineString>
                <LineString id="89988">
                    <coordinates>12.46338007,53.448755649999995,0.0 12.46338667,53.44875307,0.0 12.463592120000001,53.44866682000001,0.0 12.463618480000001,53.44865486999999,0.0</coordinates>
                </LineString>
                <LineString id="89990">
                    <coordinates>12.472622809999999,53.45461799000001,0.0 12.4726709,53.45464815,0.0 12.47321816,53.45500680999999,0.0 12.47359603,53.45525709999999,0.0 12.47419904,53.4556505,0.0 12.47431474,53.455711,0.0 12.474644680000003,53.455926729999995,0.0 12.47507338,53.45619335,0.0 12.47524171,53.45630857999999,0.0 12.475571530000002,53.45651094,0.0 12.475784549999998,53.45661817999999,0.0 12.475966159999999,53.45670761000001,0.0 12.476167590000001,53.45680173000001,0.0</coordinates>
                </LineString>
                <LineString id="89992">
                    <coordinates>12.476167590000001,53.45680173000001,0.0 12.47637303,53.45689307999999,0.0 12.4766386,53.45700821999999,0.0 12.47688069,53.45711358999999,0.0 12.477663419999999,53.457435069999995,0.0 12.47823182,53.45768309,0.0 12.478600099999998,53.457836239999985,0.0 12.47887469,53.457955309999996,0.0 12.479381960000001,53.45816964,0.0 12.480018249999999,53.45844311,0.0 12.480691079999998,53.45874022999999,0.0</coordinates>
                </LineString>
                <LineString id="89994">
                    <coordinates>12.4625615,53.44909031,0.0 12.46293566,53.44893954999999,0.0 12.46338007,53.448755649999995,0.0</coordinates>
                </LineString>
                <LineString id="89996">
                    <coordinates>12.481060349999998,53.45890409,0.0 12.48121154,53.45897448,0.0 12.481663439999998,53.45917297,0.0 12.4821336,53.45939782999999,0.0 12.48262681,53.45959969,0.0 12.48303834,53.45978644,0.0</coordinates>
                </LineString>
                <LineString id="89998">
                    <coordinates>12.48376134,53.46017528,0.0 12.48386589,53.460247040000006,0.0 12.483980449999999,53.46031844,0.0 12.484154249999998,53.460411509999986,0.0</coordinates>
                </LineString>
                <LineString id="90000">
                    <coordinates>12.484961719999998,53.46072544999999,0.0 12.48463541,53.46070043000001,0.0</coordinates>
                </LineString>
                <LineString id="90002">
                    <coordinates>12.484617199999999,53.460689439999996,0.0 12.48463541,53.46070043000001,0.0</coordinates>
                </LineString>
                <LineString id="90004">
                    <coordinates>12.480691079999998,53.45874022999999,0.0 12.4809683,53.45886015,0.0 12.481060349999998,53.45890409,0.0</coordinates>
                </LineString>
                <LineString id="90006">
                    <coordinates>12.49417406,53.46647056,0.0 12.494409220000001,53.46661416,0.0</coordinates>
                </LineString>
                <LineString id="90008">
                    <coordinates>12.48358481,53.460138439999994,0.0 12.48347888,53.46015756999999,0.0</coordinates>
                </LineString>
            </MultiGeometry>
        </Placemark>
        <Placemark id="90015">
            <name>MultiPoint</name>
            <styleUrl>#90326</styleUrl>
            <MultiGeometry id="90014">
                <Point id="90016">
                    <coordinates>12.4271714030822,53.4441478919916,0.0</coordinates>
                </Point>
                <Point id="90018">
                    <coordinates>12.429191223326,53.44516141156279,0.0</coordinates>
                </Point>
                <Point id="90020">
                    <coordinates>12.427413612534698,53.44429953909109,0.0</coordinates>
                </Point>
                <Point id="90022">
                    <coordinates>12.381021267999998,53.45811819599999,0.0</coordinates>
                </Point>
                <Point id="90024">
                    <coordinates>12.381113822,53.457960412,0.0</coordinates>
                </Point>
                <Point id="90026">
                    <coordinates>12.4294742545686,53.44540656859279,0.0</coordinates>
                </Point>
                <Point id="90028">
                    <coordinates>12.4295755893181,53.445719270266196,0.0</coordinates>
                </Point>
                <Point id="90030">
                    <coordinates>12.429633356817202,53.445741687041895,0.0</coordinates>
                </Point>
                <Point id="90032">
                    <coordinates>12.4296649329226,53.4457555361161,0.0</coordinates>
                </Point>
                <Point id="90034">
                    <coordinates>12.429189796729098,53.4455012201106,0.0</coordinates>
                </Point>
                <Point id="90036">
                    <coordinates>12.428845530574002,53.44535219191009,0.0</coordinates>
                </Point>
                <Point id="90038">
                    <coordinates>12.428943711387799,53.44505712807529,0.0</coordinates>
                </Point>
                <Point id="90040">
                    <coordinates>12.428446081831298,53.4451655627198,0.0</coordinates>
                </Point>
                <Point id="90042">
                    <coordinates>12.428602261967898,53.44485194211469,0.0</coordinates>
                </Point>
                <Point id="90044">
                    <coordinates>12.428331817313198,53.4451144209894,0.0</coordinates>
                </Point>
                <Point id="90046">
                    <coordinates>12.427995970915598,53.4449441267736,0.0</coordinates>
                </Point>
                <Point id="90048">
                    <coordinates>12.4280561074839,53.444972595550595,0.0</coordinates>
                </Point>
                <Point id="90050">
                    <coordinates>12.4283655807727,53.44474963013861,0.0</coordinates>
                </Point>
                <Point id="90052">
                    <coordinates>12.4278230425699,53.44450267023209,0.0</coordinates>
                </Point>
                <Point id="90054">
                    <coordinates>12.4276258502492,53.44439532769519,0.0</coordinates>
                </Point>
                <Point id="90056">
                    <coordinates>12.4266908241103,53.4439044641993,0.0</coordinates>
                </Point>
                <Point id="90058">
                    <coordinates>12.426449986122297,53.44382643682889,0.0</coordinates>
                </Point>
                <Point id="90060">
                    <coordinates>12.4260378843236,53.44365105895789,0.0</coordinates>
                </Point>
                <Point id="90062">
                    <coordinates>12.425211112301799,53.443346172986,0.0</coordinates>
                </Point>
                <Point id="90064">
                    <coordinates>12.3820594885714,53.45658442363139,0.0</coordinates>
                </Point>
                <Point id="90066">
                    <coordinates>12.381596446734498,53.45735066563479,0.0</coordinates>
                </Point>
                <Point id="90068">
                    <coordinates>12.381872452734498,53.4569069826113,0.0</coordinates>
                </Point>
                <Point id="90070">
                    <coordinates>12.381972048119698,53.456718974995795,0.0</coordinates>
                </Point>
                <Point id="90072">
                    <coordinates>12.3816333635745,53.456284001373,0.0</coordinates>
                </Point>
                <Point id="90074">
                    <coordinates>12.380913158108198,53.4583297428948,0.0</coordinates>
                </Point>
                <Point id="90076">
                    <coordinates>12.423867980179402,53.4427974837201,0.0</coordinates>
                </Point>
                <Point id="90078">
                    <coordinates>12.378480028885598,53.458051154471896,0.0</coordinates>
                </Point>
                <Point id="90080">
                    <coordinates>12.5171476105838,53.4767603535285,0.0</coordinates>
                </Point>
                <Point id="90082">
                    <coordinates>12.5050493660034,53.481246020108685,0.0</coordinates>
                </Point>
                <Point id="90084">
                    <coordinates>12.5053195240117,53.4806457176725,0.0</coordinates>
                </Point>
                <Point id="90086">
                    <coordinates>12.506493028968897,53.47990623785899,0.0</coordinates>
                </Point>
                <Point id="90088">
                    <coordinates>12.523884871788,53.4799955755869,0.0</coordinates>
                </Point>
                <Point id="90090">
                    <coordinates>12.5200352599239,53.4796694389766,0.0</coordinates>
                </Point>
                <Point id="90092">
                    <coordinates>12.505417091,53.480237966,0.0</coordinates>
                </Point>
                <Point id="90094">
                    <coordinates>12.5050494935662,53.48003995216209,0.0</coordinates>
                </Point>
                <Point id="90096">
                    <coordinates>12.5151180764964,53.4760909122878,0.0</coordinates>
                </Point>
                <Point id="90098">
                    <coordinates>12.5057519908016,53.4797425858288,0.0</coordinates>
                </Point>
                <Point id="90100">
                    <coordinates>12.50480362831,53.481106400693285,0.0</coordinates>
                </Point>
                <Point id="90102">
                    <coordinates>12.5054099336182,53.47985725460939,0.0</coordinates>
                </Point>
                <Point id="90104">
                    <coordinates>12.505328749219,53.48156350083359,0.0</coordinates>
                </Point>
                <Point id="90106">
                    <coordinates>12.504143844639799,53.4802909453981,0.0</coordinates>
                </Point>
                <Point id="90108">
                    <coordinates>12.5060882331845,53.4796035320993,0.0</coordinates>
                </Point>
                <Point id="90110">
                    <coordinates>12.5209965250353,53.479705955762704,0.0</coordinates>
                </Point>
                <Point id="90112">
                    <coordinates>12.5210307972437,53.479706152182,0.0</coordinates>
                </Point>
                <Point id="90114">
                    <coordinates>12.5188222671483,53.47912958435289,0.0</coordinates>
                </Point>
                <Point id="90116">
                    <coordinates>12.5047805319493,53.4801913221039,0.0</coordinates>
                </Point>
                <Point id="90118">
                    <coordinates>12.504952713,53.48045395799999,0.0</coordinates>
                </Point>
                <Point id="90120">
                    <coordinates>12.520716767999998,53.47960041599999,0.0</coordinates>
                </Point>
                <Point id="90122">
                    <coordinates>12.520837821,53.47963936699998,0.0</coordinates>
                </Point>
                <Point id="90124">
                    <coordinates>12.520465435198,53.47985871211969,0.0</coordinates>
                </Point>
                <Point id="90126">
                    <coordinates>12.520642721529,53.4793291443183,0.0</coordinates>
                </Point>
                <Point id="90128">
                    <coordinates>12.518405104655399,53.478733930658585,0.0</coordinates>
                </Point>
                <Point id="90130">
                    <coordinates>12.5192201158708,53.478916997369694,0.0</coordinates>
                </Point>
                <Point id="90132">
                    <coordinates>12.519473121570599,53.4791101153728,0.0</coordinates>
                </Point>
                <Point id="90134">
                    <coordinates>12.519496453389399,53.479123741736494,0.0</coordinates>
                </Point>
                <Point id="90136">
                    <coordinates>12.52116703277,53.4785502469446,0.0</coordinates>
                </Point>
                <Point id="90138">
                    <coordinates>12.5200679924856,53.479031842927505,0.0</coordinates>
                </Point>
                <Point id="90140">
                    <coordinates>12.5208912118338,53.478840681794495,0.0</coordinates>
                </Point>
                <Point id="90142">
                    <coordinates>12.521342612999998,53.479490912,0.0</coordinates>
                </Point>
                <Point id="90144">
                    <coordinates>12.520033390999998,53.478634928999995,0.0</coordinates>
                </Point>
                <Point id="90146">
                    <coordinates>12.520073074999999,53.479064321,0.0</coordinates>
                </Point>
                <Point id="90148">
                    <coordinates>12.520102233,53.478618598999994,0.0</coordinates>
                </Point>
                <Point id="90150">
                    <coordinates>12.5209900896565,53.47902971834839,0.0</coordinates>
                </Point>
                <Point id="90152">
                    <coordinates>12.5206634646589,53.4789194029924,0.0</coordinates>
                </Point>
                <Point id="90154">
                    <coordinates>12.520963125776499,53.4791945135738,0.0</coordinates>
                </Point>
                <Point id="90156">
                    <coordinates>12.521115983609102,53.479382755102705,0.0</coordinates>
                </Point>
                <Point id="90158">
                    <coordinates>12.504501665133999,53.48087999527069,0.0</coordinates>
                </Point>
                <Point id="90160">
                    <coordinates>12.5211637045805,53.4790027026855,0.0</coordinates>
                </Point>
                <Point id="90162">
                    <coordinates>12.520416735,53.479035119,0.0</coordinates>
                </Point>
                <Point id="90164">
                    <coordinates>12.520257720821201,53.478668044715405,0.0</coordinates>
                </Point>
                <Point id="90166">
                    <coordinates>12.521068768,53.479403685,0.0</coordinates>
                </Point>
                <Point id="90168">
                    <coordinates>12.5212010896074,53.479266248689996,0.0</coordinates>
                </Point>
                <Point id="90170">
                    <coordinates>12.5199842965217,53.478730395271604,0.0</coordinates>
                </Point>
                <Point id="90172">
                    <coordinates>12.521760135,53.478089721,0.0</coordinates>
                </Point>
                <Point id="90174">
                    <coordinates>12.520608629999998,53.47848381399999,0.0</coordinates>
                </Point>
                <Point id="90176">
                    <coordinates>12.5208450766641,53.47851053344781,0.0</coordinates>
                </Point>
                <Point id="90178">
                    <coordinates>12.5205472140958,53.478563587489695,0.0</coordinates>
                </Point>
                <Point id="90180">
                    <coordinates>12.5202469618191,53.4793425094634,0.0</coordinates>
                </Point>
                <Point id="90182">
                    <coordinates>12.516574373549801,53.476102147885584,0.0</coordinates>
                </Point>
                <Point id="90184">
                    <coordinates>12.5169978848325,53.47656105151681,0.0</coordinates>
                </Point>
                <Point id="90186">
                    <coordinates>12.520158975896,53.478249227244895,0.0</coordinates>
                </Point>
                <Point id="90188">
                    <coordinates>12.5209724448875,53.4783755504247,0.0</coordinates>
                </Point>
                <Point id="90190">
                    <coordinates>12.520677281,53.478467542999994,0.0</coordinates>
                </Point>
                <Point id="90192">
                    <coordinates>12.5208915704257,53.478068127732804,0.0</coordinates>
                </Point>
                <Point id="90194">
                    <coordinates>12.5189046501073,53.47781519242601,0.0</coordinates>
                </Point>
                <Point id="90196">
                    <coordinates>12.519739817672098,53.4791865725221,0.0</coordinates>
                </Point>
                <Point id="90198">
                    <coordinates>12.5206747849315,53.4781635311219,0.0</coordinates>
                </Point>
                <Point id="90200">
                    <coordinates>12.520242850999999,53.47822731099998,0.0</coordinates>
                </Point>
                <Point id="90202">
                    <coordinates>12.519303154767902,53.4779514313581,0.0</coordinates>
                </Point>
                <Point id="90204">
                    <coordinates>12.520678482999998,53.47931040299998,0.0</coordinates>
                </Point>
                <Point id="90206">
                    <coordinates>12.5204246033809,53.479208050434096,0.0</coordinates>
                </Point>
                <Point id="90208">
                    <coordinates>12.504890800999998,53.48066966199999,0.0</coordinates>
                </Point>
                <Point id="90210">
                    <coordinates>12.5040050615699,53.480602598877596,0.0</coordinates>
                </Point>
                <Point id="90212">
                    <coordinates>12.5194217814183,53.478022571671694,0.0</coordinates>
                </Point>
                <Point id="90214">
                    <coordinates>12.519545056,53.478211895,0.0</coordinates>
                </Point>
                <Point id="90216">
                    <coordinates>12.5195863318198,53.47819538027329,0.0</coordinates>
                </Point>
                <Point id="90218">
                    <coordinates>12.5164879327008,53.474618886152484,0.0</coordinates>
                </Point>
                <Point id="90220">
                    <coordinates>12.51993599,53.47933164399999,0.0</coordinates>
                </Point>
                <Point id="90222">
                    <coordinates>12.515339096999998,53.47295572999999,0.0</coordinates>
                </Point>
                <Point id="90224">
                    <coordinates>12.515243139351798,53.472791547416186,0.0</coordinates>
                </Point>
                <Point id="90226">
                    <coordinates>12.515763444997999,53.4728928822384,0.0</coordinates>
                </Point>
                <Point id="90228">
                    <coordinates>12.515689109847399,53.4727046567966,0.0</coordinates>
                </Point>
                <Point id="90230">
                    <coordinates>12.516252670999998,53.474607340999995,0.0</coordinates>
                </Point>
                <Point id="90232">
                    <coordinates>12.515665119999998,53.473068827999995,0.0</coordinates>
                </Point>
                <Point id="90234">
                    <coordinates>12.5159210752256,53.4735622662282,0.0</coordinates>
                </Point>
                <Point id="90236">
                    <coordinates>12.5160725429062,53.4736568411066,0.0</coordinates>
                </Point>
                <Point id="90238">
                    <coordinates>12.516049564057798,53.473392214730694,0.0</coordinates>
                </Point>
                <Point id="90240">
                    <coordinates>12.515739402798598,53.474144489131284,0.0</coordinates>
                </Point>
                <Point id="90242">
                    <coordinates>12.512870975452103,53.4766219955372,0.0</coordinates>
                </Point>
                <Point id="90244">
                    <coordinates>12.5158563805108,53.47315954436961,0.0</coordinates>
                </Point>
                <Point id="90246">
                    <coordinates>12.5154117594462,53.473547437049305,0.0</coordinates>
                </Point>
                <Point id="90248">
                    <coordinates>12.515429497731102,53.4737535051843,0.0</coordinates>
                </Point>
                <Point id="90250">
                    <coordinates>12.515265738078202,53.4732919846347,0.0</coordinates>
                </Point>
                <Point id="90252">
                    <coordinates>12.516635367999998,53.47632385399999,0.0</coordinates>
                </Point>
                <Point id="90254">
                    <coordinates>12.5165665948943,53.474873143549786,0.0</coordinates>
                </Point>
                <Point id="90256">
                    <coordinates>12.516393544747901,53.4742301149749,0.0</coordinates>
                </Point>
                <Point id="90258">
                    <coordinates>12.5152006163092,53.4730535803268,0.0</coordinates>
                </Point>
                <Point id="90260">
                    <coordinates>12.515429106453498,53.4742558913921,0.0</coordinates>
                </Point>
                <Point id="90262">
                    <coordinates>12.515995272,53.473933374,0.0</coordinates>
                </Point>
                <Point id="90264">
                    <coordinates>12.5155806352436,53.473919748808406,0.0</coordinates>
                </Point>
                <Point id="90266">
                    <coordinates>12.515315594677798,53.4737711536496,0.0</coordinates>
                </Point>
                <Point id="90268">
                    <coordinates>12.5165135051278,53.47443993136388,0.0</coordinates>
                </Point>
                <Point id="90270">
                    <coordinates>12.434794003,53.472865596,0.0</coordinates>
                </Point>
                <Point id="90272">
                    <coordinates>12.432718142,53.472324175000004,0.0</coordinates>
                </Point>
                <Point id="90274">
                    <coordinates>12.382494708,53.455533122999995,0.0</coordinates>
                </Point>
                <Point id="90276">
                    <coordinates>12.420163839,53.462446167,0.0</coordinates>
                </Point>
                <Point id="90278">
                    <coordinates>12.421319426,53.46292656899999,0.0</coordinates>
                </Point>
                <Point id="90280">
                    <coordinates>12.422044651,53.463218567999995,0.0</coordinates>
                </Point>
                <Point id="90282">
                    <coordinates>12.422227097,53.463263358000006,0.0</coordinates>
                </Point>
                <Point id="90284">
                    <coordinates>12.436689693999998,53.473362300999995,0.0</coordinates>
                </Point>
                <Point id="90286">
                    <coordinates>12.431861477999998,53.46790884699998,0.0</coordinates>
                </Point>
                <Point id="90288">
                    <coordinates>12.425397508,53.46352359399999,0.0</coordinates>
                </Point>
                <Point id="90290">
                    <coordinates>12.425361937,53.46357963599999,0.0</coordinates>
                </Point>
                <Point id="90292">
                    <coordinates>12.473969772999999,53.48163402099999,0.0</coordinates>
                </Point>
                <Point id="90294">
                    <coordinates>12.470270447,53.481731440000004,0.0</coordinates>
                </Point>
                <Point id="90296">
                    <coordinates>12.423111189594902,53.4647765855234,0.0</coordinates>
                </Point>
                <Point id="90298">
                    <coordinates>12.423766781535,53.464754272931195,0.0</coordinates>
                </Point>
                <Point id="90300">
                    <coordinates>12.4252474260168,53.46363087159489,0.0</coordinates>
                </Point>
                <Point id="90302">
                    <coordinates>12.4202350691155,53.4632040180539,0.0</coordinates>
                </Point>
                <Point id="90304">
                    <coordinates>12.4264242388217,53.46282897654189,0.0</coordinates>
                </Point>
                <Point id="90306">
                    <coordinates>12.416078731854201,53.462019605615694,0.0</coordinates>
                </Point>
                <Point id="90308">
                    <coordinates>12.3821934336018,53.4563464835763,0.0</coordinates>
                </Point>
                <Point id="90310">
                    <coordinates>12.3822945569789,53.4561730363125,0.0</coordinates>
                </Point>
                <Point id="90312">
                    <coordinates>12.3832210648896,53.4557965102024,0.0</coordinates>
                </Point>
                <Point id="90314">
                    <coordinates>12.416750031372102,53.46215537393909,0.0</coordinates>
                </Point>
                <Point id="90316">
                    <coordinates>12.41676706,53.461831235,0.0</coordinates>
                </Point>
                <Point id="90318">
                    <coordinates>12.4234778102005,53.46386270070369,0.0</coordinates>
                </Point>
                <Point id="90320">
                    <coordinates>12.424196994652203,53.46476376926449,0.0</coordinates>
                </Point>
                <Point id="90322">
                    <coordinates>12.471060801,53.48178395299998,0.0</coordinates>
                </Point>
                <Point id="90324">
                    <coordinates>12.473105205,53.48161225900001,0.0</coordinates>
                </Point>
            </MultiGeometry>
        </Placemark>
    </Document>
</kml>
