<?xml version="1.0" encoding="UTF-8"?>
<kml xmlns="http://www.opengis.net/kml/2.2" xmlns:gx="http://www.google.com/kml/ext/2.2">
    <Document id="13055">
        <Style id="14882">
            <IconStyle id="14883">
                <color>ff0000ff</color>
                <colorMode>normal</colorMode>
                <scale>1</scale>
                <heading>0</heading>
                <Icon id="14884">
                    <href>http://maps.google.com/mapfiles/kml/pushpin/ylw-pushpin.png</href>
                </Icon>
            </IconStyle>
            <LineStyle id="14885">
                <color>ff0000ff</color>
                <colorMode>normal</colorMode>
                <width>5</width>
            </LineStyle>
        </Style>
        <Style id="15348">
            <IconStyle id="15350">
                <colorMode>normal</colorMode>
                <scale>1</scale>
                <heading>0</heading>
                <Icon id="15351">
                    <href>http://maps.google.com/mapfiles/kml/shapes/placemark_circle.png</href>
                </Icon>
            </IconStyle>
            <LabelStyle id="15349">
                <colorMode>normal</colorMode>
                <scale>0.0</scale>
            </LabelStyle>
        </Style>
        <open>1</open>
        <Placemark id="13057">
            <name>MultiLine</name>
            <styleUrl>#14882</styleUrl>
            <MultiGeometry id="13056">
                <LineString id="13058">
                    <coordinates>13.28244606,53.70202242,0.0 13.28224449,53.701910409999996,0.0 13.28184049,53.70168866,0.0 13.28153716,53.70152325,0.0</coordinates>
                </LineString>
                <LineString id="13060">
                    <coordinates>13.252369330000002,53.69331614,0.0 13.25235781,53.693307479999994,0.0</coordinates>
                </LineString>
                <LineString id="13062">
                    <coordinates>13.33854948,53.699670590000004,0.0 13.33854623,53.699705619999996,0.0</coordinates>
                </LineString>
                <LineString id="13064">
                    <coordinates>13.3600165,53.715957970000005,0.0 13.35996184,53.71593318,0.0</coordinates>
                </LineString>
                <LineString id="13066">
                    <coordinates>13.25251772,53.69341600999999,0.0 13.252442050000003,53.69336627999999,0.0 13.252369330000002,53.69331614,0.0</coordinates>
                </LineString>
                <LineString id="13068">
                    <coordinates>13.252130050000002,53.69310752,0.0 13.252102700000002,53.69307863,0.0</coordinates>
                </LineString>
                <LineString id="13070">
                    <coordinates>13.252278679999996,53.69324543999999,0.0 13.25221568,53.69319514,0.0 13.25221013,53.69319141999999,0.0</coordinates>
                </LineString>
                <LineString id="13072">
                    <coordinates>13.25221013,53.69319141999999,0.0 13.25218425,53.693165289999996,0.0 13.25216791,53.693148889999996,0.0</coordinates>
                </LineString>
                <LineString id="13074">
                    <coordinates>13.25215492,53.693134399999984,0.0 13.252130050000002,53.69310752,0.0</coordinates>
                </LineString>
                <LineString id="13076">
                    <coordinates>13.25216791,53.693148889999996,0.0 13.25215492,53.693134399999984,0.0</coordinates>
                </LineString>
                <LineString id="13078">
                    <coordinates>13.251830829999998,53.69269344999999,0.0 13.251802060000001,53.69264083,0.0 13.2517588,53.69257077999999,0.0</coordinates>
                </LineString>
                <LineString id="13080">
                    <coordinates>13.252102700000002,53.69307863,0.0 13.252069600000002,53.69304385,0.0</coordinates>
                </LineString>
                <LineString id="13082">
                    <coordinates>13.252069600000002,53.69304385,0.0 13.252018619999998,53.692980379999995,0.0 13.252003190000002,53.69296005999999,0.0</coordinates>
                </LineString>
                <LineString id="13084">
                    <coordinates>13.251967880000002,53.69291823999999,0.0 13.25195118,53.69289611999999,0.0</coordinates>
                </LineString>
                <LineString id="13086">
                    <coordinates>13.252003190000002,53.69296005999999,0.0 13.251967880000002,53.69291823999999,0.0</coordinates>
                </LineString>
                <LineString id="13088">
                    <coordinates>13.25195118,53.69289611999999,0.0 13.251937039999998,53.69287700999998,0.0 13.251887240000002,53.69279307,0.0 13.251875850000001,53.69277305000001,0.0</coordinates>
                </LineString>
                <LineString id="13090">
                    <coordinates>13.251875850000001,53.69277305000001,0.0 13.25183908,53.6927082,0.0 13.251830829999998,53.69269344999999,0.0</coordinates>
                </LineString>
                <LineString id="13092">
                    <coordinates>13.2517588,53.69257077999999,0.0 13.251755950000002,53.69256286,0.0 13.251747619999998,53.69253934,0.0 13.251740740000002,53.69251754,0.0 13.25173414,53.692498019999995,0.0 13.25172986,53.69248692,0.0</coordinates>
                </LineString>
                <LineString id="13094">
                    <coordinates>13.260710219999998,53.69454361999999,0.0 13.26062659,53.69456463999999,0.0 13.260534159999999,53.69459335,0.0 13.260413,53.69462974999999,0.0 13.26034735,53.69465016000001,0.0 13.26028081,53.69466905,0.0 13.26021994,53.69468838,0.0 13.26020627,53.69469617,0.0 13.26019917,53.69470664,0.0 13.260190389999998,53.694715729999984,0.0 13.260187250000001,53.69472656000001,0.0 13.260189649999997,53.69474284999998,0.0 13.260186520000001,53.69475368,0.0 13.260180279999998,53.69477676999999,0.0 13.26017328,53.69479803000001,0.0 13.26015659,53.69482699999998,0.0 13.260142429999998,53.69484613,0.0</coordinates>
                </LineString>
                <LineString id="13096">
                    <coordinates>13.25138583,53.69255155,0.0 13.251445479999997,53.69253977,0.0</coordinates>
                </LineString>
                <LineString id="13098">
                    <coordinates>13.25170797,53.69248444,0.0 13.251715399999998,53.69248760999999,0.0 13.25172011,53.692491589999996,0.0 13.25172986,53.69248692,0.0</coordinates>
                </LineString>
                <LineString id="13100">
                    <coordinates>13.25000456,53.69284269999999,0.0 13.25012375,53.69281931,0.0 13.25030138,53.69278499999999,0.0 13.25032561,53.69279451,0.0 13.25034359,53.69279900999999,0.0 13.250359500000002,53.6927962,0.0 13.25045254,53.69277456,0.0 13.25076561,53.69270108999999,0.0 13.250818709999999,53.692689019999996,0.0</coordinates>
                </LineString>
                <LineString id="13102">
                    <coordinates>13.25753147,53.69572522000001,0.0 13.25770082,53.69575078,0.0 13.257736439999999,53.69576475,0.0 13.257808740000002,53.695790249999995,0.0 13.25786626,53.69581262,0.0 13.257877929999998,53.695819279999995,0.0 13.257878830000001,53.69582804,0.0</coordinates>
                </LineString>
                <LineString id="13104">
                    <coordinates>13.25764058,53.69603024999999,0.0 13.25759028,53.69608688,0.0 13.257520669999998,53.696177539999994,0.0 13.257472889999999,53.69623708999999,0.0 13.257517749999998,53.69636456999999,0.0</coordinates>
                </LineString>
                <LineString id="13106">
                    <coordinates>13.257517749999998,53.69636456999999,0.0 13.257529859999998,53.69639484999999,0.0 13.257561939999999,53.69641028,0.0 13.25760348,53.69642701,0.0 13.257618539999998,53.69642681,0.0 13.257761199999997,53.69642028,0.0 13.25796399,53.69643952999999,0.0 13.25808702,53.696472359999994,0.0 13.258208349999999,53.69649268,0.0</coordinates>
                </LineString>
                <LineString id="13108">
                    <coordinates>13.258208349999999,53.69649268,0.0 13.25836713,53.69652003999999,0.0 13.25846172,53.69651592,0.0</coordinates>
                </LineString>
                <LineString id="13110">
                    <coordinates>13.25846172,53.69651592,0.0 13.258627049999998,53.69648689,0.0 13.258767999999998,53.69642898,0.0 13.258883789999999,53.69637334999999,0.0 13.25891372,53.69635718999999,0.0 13.258956199999998,53.69635519,0.0</coordinates>
                </LineString>
                <LineString id="13112">
                    <coordinates>13.258956199999998,53.69635519,0.0 13.259022620000001,53.69635629,0.0 13.259066030000001,53.69635409999999,0.0 13.259115390000002,53.69635048999999,0.0 13.25916363,53.69631848,0.0 13.25924923,53.696254829999994,0.0</coordinates>
                </LineString>
                <LineString id="13114">
                    <coordinates>13.25936337,53.696159439999995,0.0 13.259411090000002,53.69610339,0.0 13.259491360000002,53.69598128999999,0.0</coordinates>
                </LineString>
                <LineString id="13116">
                    <coordinates>13.25978847,53.69550438,0.0 13.259839359999999,53.695402929999986,0.0 13.25995275,53.695207589999995,0.0 13.260052190000001,53.69501538,0.0 13.260142429999998,53.69484613,0.0</coordinates>
                </LineString>
                <LineString id="13118">
                    <coordinates>13.255066880000001,53.69459485,0.0 13.255160829999998,53.69461563000001,0.0 13.255233519999999,53.69462906,0.0 13.255327619999996,53.69463621999999,0.0 13.255413059999999,53.69463859999999,0.0 13.25556767,53.694632129999995,0.0 13.255666869999999,53.694623580000005,0.0 13.255800120000002,53.69461954,0.0 13.255863319999998,53.69462443999999,0.0 13.255928219999996,53.694637789999994,0.0 13.25596682,53.694655069999996,0.0 13.25597703,53.69465979,0.0 13.255999129999998,53.694668679999985,0.0 13.256044109999998,53.69468447,0.0 13.25618062,53.69473607000001,0.0 13.25630278,53.694840619999994,0.0 13.256348800000001,53.69489745,0.0</coordinates>
                </LineString>
                <LineString id="13120">
                    <coordinates>13.265409439999999,53.69439262,0.0 13.265896199999997,53.69441719999999,0.0 13.266255869999998,53.694436059999994,0.0 13.266317939999999,53.69444548999999,0.0 13.26642081,53.69446818000001,0.0 13.266514229999999,53.69449663000001,0.0 13.266570629999999,53.694515509999995,0.0</coordinates>
                </LineString>
                <LineString id="13122">
                    <coordinates>13.26756834,53.69480032,0.0 13.267836840000001,53.69489293,0.0 13.26794874,53.69492161,0.0</coordinates>
                </LineString>
                <LineString id="13124">
                    <coordinates>13.268380689999999,53.69503977999999,0.0 13.268400399999999,53.695045189999995,0.0</coordinates>
                </LineString>
                <LineString id="13126">
                    <coordinates>13.267458360000001,53.69476265000001,0.0 13.267539200000002,53.694790180000005,0.0</coordinates>
                </LineString>
                <LineString id="13128">
                    <coordinates>13.267539200000002,53.694790180000005,0.0 13.26756834,53.69480032,0.0</coordinates>
                </LineString>
                <LineString id="13130">
                    <coordinates>13.26922243,53.69528467,0.0 13.26960421,53.69540345,0.0 13.269932910000001,53.69552040999999,0.0 13.27039435,53.69573812000001,0.0</coordinates>
                </LineString>
                <LineString id="13132">
                    <coordinates>13.285626999999998,53.70354447999999,0.0 13.28537723,53.70344116999999,0.0 13.285044889999998,53.70328304,0.0 13.284667,53.70310435,0.0</coordinates>
                </LineString>
                <LineString id="13134">
                    <coordinates>13.284667,53.70310435,0.0 13.284444539999999,53.70299908999999,0.0 13.28384241,53.702713200000005,0.0 13.283521990000002,53.70255911999999,0.0</coordinates>
                </LineString>
                <LineString id="13136">
                    <coordinates>13.283521990000002,53.70255911999999,0.0 13.283245690000001,53.70242699,0.0 13.282844899999999,53.702234,0.0 13.282650470000002,53.70213977,0.0 13.28244606,53.70202242,0.0</coordinates>
                </LineString>
                <LineString id="13138">
                    <coordinates>13.28153716,53.70152325,0.0 13.28108654,53.701277549999986,0.0 13.280830569999997,53.70113867,0.0 13.28060673,53.70101498999999,0.0</coordinates>
                </LineString>
                <LineString id="13140">
                    <coordinates>13.28060673,53.70101498999999,0.0 13.28051835,53.70096604,0.0 13.280428619999999,53.70091799000001,0.0</coordinates>
                </LineString>
                <LineString id="13142">
                    <coordinates>13.280428619999999,53.70091799000001,0.0 13.280254489999999,53.700824020000006,0.0 13.27995587,53.70065893999999,0.0 13.27964274,53.700487719999984,0.0</coordinates>
                </LineString>
                <LineString id="13144">
                    <coordinates>13.27964274,53.700487719999984,0.0 13.27929906,53.700296619999996,0.0 13.27905429,53.70016347000001,0.0</coordinates>
                </LineString>
                <LineString id="13146">
                    <coordinates>13.27905429,53.70016347000001,0.0 13.27872812,53.69998649,0.0 13.27839397,53.699802949999984,0.0</coordinates>
                </LineString>
                <LineString id="13148">
                    <coordinates>13.27839397,53.699802949999984,0.0 13.278170979999999,53.69968135,0.0 13.278021229999998,53.69959354,0.0 13.277798420000002,53.69947241,0.0 13.277645750000001,53.69938637,0.0</coordinates>
                </LineString>
                <LineString id="13150">
                    <coordinates>13.277645750000001,53.69938637,0.0 13.277504509999998,53.69931329999999,0.0 13.277383779999997,53.69925360999999,0.0 13.27721331,53.69916998000001,0.0</coordinates>
                </LineString>
                <LineString id="13152">
                    <coordinates>13.27721331,53.69916998000001,0.0 13.276967789999997,53.69904827999999,0.0 13.27663617,53.69888437000001,0.0</coordinates>
                </LineString>
                <LineString id="13154">
                    <coordinates>13.27663617,53.69888437000001,0.0 13.276372840000002,53.69875729999998,0.0 13.276031580000001,53.698591459999996,0.0 13.275781520000002,53.69846837,0.0</coordinates>
                </LineString>
                <LineString id="13156">
                    <coordinates>13.275781520000002,53.69846837,0.0 13.27546694,53.69831293999999,0.0 13.27518475,53.69817325,0.0</coordinates>
                </LineString>
                <LineString id="13158">
                    <coordinates>13.27518475,53.69817325,0.0 13.27488681,53.69802766000001,0.0 13.27459483,53.697881309999985,0.0</coordinates>
                </LineString>
                <LineString id="13160">
                    <coordinates>13.27459483,53.697881309999985,0.0 13.2742638,53.69772024,0.0 13.274197149999997,53.697687349999995,0.0 13.27397217,53.69757618,0.0</coordinates>
                </LineString>
                <LineString id="13162">
                    <coordinates>13.27397217,53.69757618,0.0 13.273518139999998,53.69735382,0.0 13.273409880000003,53.69730203,0.0 13.273073389999999,53.69712601999999,0.0</coordinates>
                </LineString>
                <LineString id="13164">
                    <coordinates>13.273073389999999,53.69712601999999,0.0 13.272927119999999,53.697052729999996,0.0 13.27287373,53.69702808,0.0</coordinates>
                </LineString>
                <LineString id="13166">
                    <coordinates>13.27287373,53.69702808,0.0 13.27259949,53.696885640000005,0.0 13.272301299999997,53.69672988999999,0.0</coordinates>
                </LineString>
                <LineString id="13168">
                    <coordinates>13.272301299999997,53.69672988999999,0.0 13.27197067,53.696558379999985,0.0 13.27162868,53.69638009,0.0 13.27139363,53.696254509999996,0.0</coordinates>
                </LineString>
                <LineString id="13170">
                    <coordinates>13.27139363,53.696254509999996,0.0 13.271054199999998,53.69607759,0.0 13.27073451,53.695914419999994,0.0</coordinates>
                </LineString>
                <LineString id="13172">
                    <coordinates>13.266570629999999,53.694515509999995,0.0 13.26687926,53.69460004999999,0.0 13.267209099999999,53.694689249999996,0.0 13.267327140000003,53.694721900000005,0.0 13.267458360000001,53.69476265000001,0.0</coordinates>
                </LineString>
                <LineString id="13174">
                    <coordinates>13.248528759999997,53.692142360000005,0.0 13.248441109999998,53.692138599999986,0.0</coordinates>
                </LineString>
                <LineString id="13176">
                    <coordinates>13.26794874,53.69492161,0.0 13.26820803,53.69499276,0.0</coordinates>
                </LineString>
                <LineString id="13178">
                    <coordinates>13.252794119999999,53.693582479999996,0.0 13.25278417,53.69357627999999,0.0</coordinates>
                </LineString>
                <LineString id="13180">
                    <coordinates>13.26820803,53.69499276,0.0 13.268380689999999,53.69503977999999,0.0</coordinates>
                </LineString>
                <LineString id="13182">
                    <coordinates>13.2611989,53.694359909999996,0.0 13.26119155,53.6943636,0.0</coordinates>
                </LineString>
                <LineString id="13184">
                    <coordinates>13.251445479999997,53.69253977,0.0 13.251558040000003,53.69251785,0.0 13.251627779999996,53.69250402000001,0.0 13.25167138,53.692496629999994,0.0 13.251676549999999,53.69248684,0.0 13.251688609999999,53.692483399999986,0.0 13.25170281,53.692482229999996,0.0 13.25170797,53.69248444,0.0</coordinates>
                </LineString>
                <LineString id="13186">
                    <coordinates>13.25362442,53.69420737000001,0.0 13.253688839999999,53.69420573999999,0.0</coordinates>
                </LineString>
                <LineString id="13188">
                    <coordinates>13.253426519999998,53.69410099000001,0.0 13.25341382,53.6940747,0.0 13.25339197,53.69404048,0.0</coordinates>
                </LineString>
                <LineString id="13190">
                    <coordinates>13.24941399,53.69291250999999,0.0 13.249434429999999,53.6929105,0.0</coordinates>
                </LineString>
                <LineString id="13192">
                    <coordinates>13.2491362,53.69292082,0.0 13.24915224,53.69292161,0.0 13.249215510000003,53.692923210000004,0.0 13.249217759999999,53.69292308999999,0.0</coordinates>
                </LineString>
                <LineString id="13194">
                    <coordinates>13.25276172,53.69356259,0.0 13.25268067,53.69351696999999,0.0</coordinates>
                </LineString>
                <LineString id="13196">
                    <coordinates>13.259491360000002,53.69598128999999,0.0 13.25951486,53.69594958999999,0.0 13.2595774,53.69588442,0.0 13.25967573,53.69573171999999,0.0 13.259740190000002,53.6956013,0.0 13.25978847,53.69550438,0.0</coordinates>
                </LineString>
                <LineString id="13198">
                    <coordinates>13.25924923,53.696254829999994,0.0 13.25934345,53.69618285999999,0.0 13.25936337,53.696159439999995,0.0</coordinates>
                </LineString>
                <LineString id="13200">
                    <coordinates>13.29145489,53.70610098,0.0 13.29154679,53.706141020000004,0.0 13.29159524,53.70616265,0.0 13.291725669999998,53.70621145999999,0.0 13.291806520000002,53.706243380000004,0.0 13.29189494,53.70625094999999,0.0 13.291952980000001,53.706251470000005,0.0 13.29207255,53.70624982,0.0 13.29214396,53.706251589999994,0.0 13.292193189999999,53.70625357,0.0 13.2922815,53.70626994,0.0 13.292738829999998,53.706342629999995,0.0 13.29313477,53.706405639999986,0.0 13.293533419999997,53.70646768,0.0</coordinates>
                </LineString>
                <LineString id="13202">
                    <coordinates>13.29122494,53.70594131,0.0 13.291326120000003,53.70599877,0.0 13.291380389999999,53.70603385,0.0 13.291423569999997,53.70606906999999,0.0 13.29145489,53.70610098,0.0</coordinates>
                </LineString>
                <LineString id="13204">
                    <coordinates>13.30842784,53.70578677,0.0 13.30856238,53.70575347999999,0.0 13.308759579999997,53.70570199,0.0 13.308821049999999,53.7056846,0.0</coordinates>
                </LineString>
                <LineString id="13206">
                    <coordinates>13.286086669999998,53.703739999999996,0.0 13.286216319999998,53.70379911999999,0.0 13.28631224,53.70384413,0.0 13.28642969,53.70389226999998,0.0 13.28662785,53.70397023,0.0</coordinates>
                </LineString>
                <LineString id="13208">
                    <coordinates>13.28662785,53.70397023,0.0 13.28696377,53.70410787,0.0 13.28719949,53.70420401,0.0 13.287348649999998,53.704262759999985,0.0</coordinates>
                </LineString>
                <LineString id="13210">
                    <coordinates>13.287348649999998,53.704262759999985,0.0 13.287764769999999,53.70443316999999,0.0 13.287967330000003,53.704518590000006,0.0</coordinates>
                </LineString>
                <LineString id="13212">
                    <coordinates>13.287967330000003,53.704518590000006,0.0 13.288316029999999,53.70466274,0.0 13.288630249999997,53.704791269999994,0.0 13.288879069999997,53.70489159,0.0</coordinates>
                </LineString>
                <LineString id="13214">
                    <coordinates>13.288879069999997,53.70489159,0.0 13.28917104,53.705012479999986,0.0 13.289436560000002,53.70512347,0.0</coordinates>
                </LineString>
                <LineString id="13216">
                    <coordinates>13.289436560000002,53.70512347,0.0 13.28969083,53.70523077,0.0 13.289891149999999,53.70531474,0.0 13.289980039999998,53.70535175,0.0 13.290256739999997,53.705464649999996,0.0</coordinates>
                </LineString>
                <LineString id="13218">
                    <coordinates>13.290256739999997,53.705464649999996,0.0 13.290535599999998,53.705580379999994,0.0 13.291025030000002,53.70578309,0.0 13.29109199,53.70581331999999,0.0 13.291129329999999,53.70586772000001,0.0 13.29115277,53.705894889999996,0.0 13.29122494,53.70594131,0.0</coordinates>
                </LineString>
                <LineString id="13220">
                    <coordinates>13.285626999999998,53.70354447999999,0.0 13.28537723,53.70344116999999,0.0 13.285044889999998,53.70328304,0.0 13.284667,53.70310435,0.0</coordinates>
                </LineString>
                <LineString id="13222">
                    <coordinates>13.29456873,53.70659041,0.0 13.294657029999998,53.706600949999995,0.0</coordinates>
                </LineString>
                <LineString id="13224">
                    <coordinates>13.294657029999998,53.706600949999995,0.0 13.29536978,53.706688319999984,0.0 13.295966399999998,53.70675867,0.0</coordinates>
                </LineString>
                <LineString id="13226">
                    <coordinates>13.295966399999998,53.70675867,0.0 13.29611093,53.706776010000006,0.0 13.29616725,53.706783699999995,0.0 13.29626706,53.706793909999995,0.0 13.296774489999999,53.70685473,0.0 13.296998889999998,53.70688256999999,0.0 13.29740602,53.70693090999998,0.0</coordinates>
                </LineString>
                <LineString id="13228">
                    <coordinates>13.29740602,53.70693090999998,0.0 13.297720960000001,53.70696984,0.0 13.298201279999999,53.707027419999996,0.0 13.298447449999998,53.70705646999999,0.0 13.29891068,53.70711199,0.0</coordinates>
                </LineString>
                <LineString id="13230">
                    <coordinates>13.29891068,53.70711199,0.0 13.299175439999999,53.70714175,0.0 13.299474189999998,53.70717868,0.0 13.30020684,53.70726884,0.0 13.300458429999999,53.70729802999999,0.0</coordinates>
                </LineString>
                <LineString id="13232">
                    <coordinates>13.300458429999999,53.70729802999999,0.0 13.30073715,53.70733002,0.0 13.30095126,53.70735598000001,0.0 13.30114474,53.70737749999999,0.0 13.301301730000002,53.707387170000004,0.0 13.30135102,53.70738656999999,0.0</coordinates>
                </LineString>
                <LineString id="13234">
                    <coordinates>13.301368389999999,53.70738591,0.0 13.301382170000002,53.707385380000005,0.0 13.30142097,53.70737332,0.0 13.30146608,53.707351999999986,0.0 13.30156659,53.7073044,0.0 13.30176251,53.70722023,0.0</coordinates>
                </LineString>
                <LineString id="13236">
                    <coordinates>13.30176251,53.70722023,0.0 13.301946990000001,53.70714306,0.0 13.30207444,53.707167019999986,0.0 13.302095269999999,53.70716596999999,0.0 13.302123649999999,53.707158660000005,0.0 13.30214812,53.70715068999999,0.0 13.30220776,53.70713837,0.0 13.302265979999998,53.70713071,0.0 13.30235538,53.707122659999996,0.0 13.3024696,53.70711896,0.0</coordinates>
                </LineString>
                <LineString id="13238">
                    <coordinates>13.3024696,53.70711896,0.0 13.302685009999998,53.707110209999996,0.0 13.302862689999998,53.70710424,0.0 13.30299901,53.70709948999999,0.0 13.30304577,53.70709588999999,0.0 13.3030729,53.70709396,0.0 13.303137709999998,53.70708319,0.0 13.303225820000002,53.70706507999999,0.0 13.303361689999997,53.70703105,0.0 13.303461240000003,53.70700513,0.0</coordinates>
                </LineString>
                <LineString id="13240">
                    <coordinates>13.303461240000003,53.70700513,0.0 13.30374713,53.70692831,0.0 13.303943749999998,53.706880319999996,0.0 13.30425956,53.706803120000004,0.0</coordinates>
                </LineString>
                <LineString id="13242">
                    <coordinates>13.305340399999999,53.70653733999999,0.0 13.305789580000003,53.70642595999999,0.0</coordinates>
                </LineString>
                <LineString id="13244">
                    <coordinates>13.305789580000003,53.70642595999999,0.0 13.30604092,53.70636565,0.0 13.306538099999997,53.70624518,0.0 13.306880009999999,53.70616292999999,0.0 13.307110589999999,53.70610678,0.0 13.307228359999998,53.70607827,0.0 13.307325509999997,53.70605617999998,0.0</coordinates>
                </LineString>
                <LineString id="13246">
                    <coordinates>13.307325509999997,53.70605617999998,0.0 13.30764683,53.70597962000001,0.0 13.30793697,53.70590726,0.0 13.30842784,53.70578677,0.0</coordinates>
                </LineString>
                <LineString id="13248">
                    <coordinates>13.308821049999999,53.7056846,0.0 13.30898596,53.70564289,0.0 13.30930865,53.705563489999996,0.0 13.309764909999998,53.70545283999999,0.0 13.31006727,53.70537786999999,0.0 13.31056729,53.70525719,0.0 13.3108261,53.7051923,0.0 13.31146127,53.70503513,0.0 13.3121212,53.704872439999995,0.0 13.31243511,53.70479297999999,0.0 13.312977399999996,53.70465953,0.0 13.313287019999999,53.704582699999996,0.0 13.313449879999999,53.704540689999995,0.0 13.31351222,53.70452085,0.0 13.313634469999997,53.70449411999999,0.0 13.313737679999997,53.704470309999984,0.0 13.31411432,53.704380489999984,0.0 13.31425102,53.7043464,0.0</coordinates>
                </LineString>
                <LineString id="13250">
                    <coordinates>13.31425102,53.7043464,0.0 13.31430475,53.70433203999998,0.0 13.31447052,53.70429179,0.0 13.31485869,53.70419841,0.0 13.31522511,53.70410868999999,0.0 13.31562509,53.704010759999996,0.0</coordinates>
                </LineString>
                <LineString id="13252">
                    <coordinates>13.31562509,53.704010759999996,0.0 13.31570596,53.70399132,0.0 13.316038490000002,53.70390718,0.0 13.31637894,53.70382079000001,0.0 13.316545269999999,53.70377799999999,0.0</coordinates>
                </LineString>
                <LineString id="13254">
                    <coordinates>13.31919806,53.70219444,0.0 13.31914504,53.70246195,0.0 13.319078839999998,53.70282716999999,0.0 13.31906439,53.702878059999996,0.0 13.31904933,53.702908739999984,0.0 13.31900187,53.70294864000001,0.0 13.31894853,53.70297332,0.0 13.31883951,53.70300097,0.0 13.31824965,53.70313714,0.0 13.31748889,53.70331598,0.0 13.31677832,53.70372266999998,0.0 13.316545269999999,53.70377799999999,0.0</coordinates>
                </LineString>
                <LineString id="13256">
                    <coordinates>13.30425956,53.706803120000004,0.0 13.304649159999999,53.70670949,0.0 13.305340399999999,53.70653733999999,0.0</coordinates>
                </LineString>
                <LineString id="13258">
                    <coordinates>13.285626999999998,53.70354447999999,0.0 13.28573299,53.70358767999999,0.0 13.285850780000002,53.70363509,0.0 13.28595537,53.703679169999994,0.0 13.28598206,53.703694229999996,0.0 13.286086669999998,53.703739999999996,0.0</coordinates>
                </LineString>
                <LineString id="13260">
                    <coordinates>13.293533419999997,53.70646768,0.0 13.29365801,53.70648208,0.0 13.293949289999999,53.70651662999999,0.0 13.29456873,53.70659041,0.0</coordinates>
                </LineString>
                <LineString id="13262">
                    <coordinates>13.30135102,53.70738656999999,0.0 13.301368389999999,53.70738591,0.0</coordinates>
                </LineString>
                <LineString id="13264">
                    <coordinates>13.33989149,53.695074649999995,0.0 13.339890339999998,53.69510137,0.0 13.33989231,53.695116670000004,0.0 13.33989622,53.69513706000001,0.0</coordinates>
                </LineString>
                <LineString id="13266">
                    <coordinates>13.339130740000002,53.69752591,0.0 13.33921764,53.69753376,0.0</coordinates>
                </LineString>
                <LineString id="13268">
                    <coordinates>13.340940179999999,53.69621036,0.0 13.340934380000002,53.69617828999999,0.0</coordinates>
                </LineString>
                <LineString id="13270">
                    <coordinates>13.339937709999997,53.69818405999999,0.0 13.339927819999998,53.698248490000005,0.0 13.340039930000001,53.698305190000006,0.0 13.34003776,53.69836832000001,0.0</coordinates>
                </LineString>
                <LineString id="13272">
                    <coordinates>13.334364349999998,53.69726703999999,0.0 13.334354939999997,53.69726632999999,0.0</coordinates>
                </LineString>
                <LineString id="13274">
                    <coordinates>13.335538549999999,53.69953937999999,0.0 13.335539939999999,53.69954984999999,0.0 13.33552186,53.69955365999999,0.0</coordinates>
                </LineString>
                <LineString id="13276">
                    <coordinates>13.335802459999998,53.69859759999999,0.0 13.335791909999996,53.698596869999996,0.0</coordinates>
                </LineString>
                <LineString id="13278">
                    <coordinates>13.336787859999998,53.685148989999995,0.0 13.33687111,53.685096179999995,0.0 13.33702739,53.685000729999985,0.0 13.33715738,53.68492284999999,0.0 13.337210649999998,53.684891549999996,0.0 13.33729163,53.68483506999999,0.0 13.337316869999999,53.68482369,0.0 13.337335769999996,53.68482452999999,0.0 13.337427879999998,53.68486464999999,0.0 13.33741194,53.6848765,0.0</coordinates>
                </LineString>
                <LineString id="13280">
                    <coordinates>13.3425765,53.68816930999999,0.0 13.342585669999998,53.68823806999999,0.0</coordinates>
                </LineString>
                <LineString id="13282">
                    <coordinates>13.34137174,53.688208949999996,0.0 13.34149863,53.68819774000001,0.0 13.34155038,53.68819321,0.0 13.34164682,53.68818698,0.0 13.34169058,53.68818482999999,0.0 13.34181164,53.6881827,0.0 13.341962259999999,53.68818265,0.0 13.34201721,53.68818345,0.0 13.342134339999998,53.68818304,0.0 13.34228991,53.68818177,0.0 13.34251458,53.6881734,0.0 13.3425765,53.68816930999999,0.0</coordinates>
                </LineString>
                <LineString id="13284">
                    <coordinates>13.34067915,53.688306579999995,0.0 13.34059015,53.688319529999994,0.0 13.34062473,53.68850776,0.0 13.340646500000002,53.68867155,0.0 13.34065809,53.688811789999995,0.0</coordinates>
                </LineString>
                <LineString id="13286">
                    <coordinates>13.34067613,53.6882785,0.0 13.34067915,53.688306579999995,0.0</coordinates>
                </LineString>
                <LineString id="13288">
                    <coordinates>13.34065809,53.688811789999995,0.0 13.340664149999999,53.688926379999984,0.0 13.34065827,53.68906333999999,0.0 13.3406465,53.68915380999999,0.0 13.34063841,53.689225359999995,0.0 13.340638210000002,53.68926241,0.0 13.340620339999997,53.68934772,0.0 13.34059846,53.68944604,0.0 13.34058506,53.68948488000001,0.0 13.340554199999998,53.68957378,0.0 13.34052631,53.68966524,0.0 13.34046066,53.6898637,0.0 13.340400919999997,53.69006127999999,0.0 13.34035279,53.69020707000001,0.0 13.340251460000001,53.69053135000001,0.0</coordinates>
                </LineString>
                <LineString id="13290">
                    <coordinates>13.340251460000001,53.69053135000001,0.0 13.340214529999999,53.690645709999984,0.0 13.34014798,53.690845919999994,0.0 13.34008138,53.69104519999999,0.0 13.34002099,53.69122848999999,0.0</coordinates>
                </LineString>
                <LineString id="13292">
                    <coordinates>13.34061029,53.69457983000001,0.0 13.3406576,53.69453738,0.0 13.34068218,53.69454488,0.0</coordinates>
                </LineString>
                <LineString id="13294">
                    <coordinates>13.34061029,53.69457983000001,0.0 13.34056703,53.69462466,0.0 13.34071458,53.69468400000001,0.0 13.340626480000001,53.69477471,0.0 13.34060987,53.6947765,0.0</coordinates>
                </LineString>
                <LineString id="13296">
                    <coordinates>13.34002099,53.69122848999999,0.0 13.339981039999998,53.69134968,0.0 13.339931920000001,53.69152300999999,0.0 13.339902449999999,53.69163300999999,0.0 13.339865299999998,53.691755820000004,0.0 13.33985364,53.6917735,0.0 13.339809539999997,53.69193714,0.0 13.339789909999999,53.69201094,0.0 13.33977257,53.692108729999994,0.0 13.339756810000003,53.69221773,0.0 13.33975272,53.69225693999999,0.0 13.339754439999997,53.69231055,0.0 13.339751870000002,53.69240176000001,0.0 13.33975215,53.692496129999995,0.0 13.339758289999999,53.69260166999999,0.0 13.339765589999999,53.692700749999986,0.0 13.33977424,53.69280372,0.0 13.33978326,53.69291394,0.0 13.33979094,53.69302564000001,0.0 13.339802739999998,53.693138039999994,0.0 13.33981702,53.69324323,0.0 13.33983073,53.69333635,0.0 13.339837000000001,53.693361790000004,0.0 13.33983153,53.69340721999999,0.0 13.33984366,53.693491519999995,0.0 13.3398622,53.69356291,0.0 13.3398985,53.693641930000005,0.0 13.339940290000001,53.69372723000001,0.0</coordinates>
                </LineString>
                <LineString id="13298">
                    <coordinates>13.34009309,53.693940729999994,0.0 13.34015187,53.69392773999999,0.0</coordinates>
                </LineString>
                <LineString id="13300">
                    <coordinates>13.340300729999997,53.69447614999999,0.0 13.34055644,53.69456194999999,0.0 13.34061029,53.69457983000001,0.0</coordinates>
                </LineString>
                <LineString id="13302">
                    <coordinates>13.339940290000001,53.69372723000001,0.0 13.33996429,53.693764189999996,0.0 13.340006629999998,53.69382940999999,0.0 13.34006822,53.69391336,0.0 13.34009309,53.693940729999994,0.0</coordinates>
                </LineString>
                <LineString id="13304">
                    <coordinates>13.34015187,53.69392773999999,0.0 13.34020405,53.69395953000001,0.0</coordinates>
                </LineString>
                <LineString id="13306">
                    <coordinates>13.34031122,53.6941061,0.0 13.340424739999998,53.69415289999999,0.0 13.34070211,53.694262599999995,0.0 13.340734349999998,53.694230449999985,0.0</coordinates>
                </LineString>
                <LineString id="13308">
                    <coordinates>13.339476619999997,53.69411606,0.0 13.33946326,53.694179569999996,0.0 13.33945742,53.69423123999999,0.0 13.339456900000002,53.69427356,0.0</coordinates>
                </LineString>
                <LineString id="13310">
                    <coordinates>13.339456900000002,53.69427356,0.0 13.33945158,53.69436703,0.0</coordinates>
                </LineString>
                <LineString id="13312">
                    <coordinates>13.33930249,53.69432866,0.0 13.33936717,53.69433262,0.0 13.339426809999999,53.69435742999999,0.0 13.33945158,53.69436703,0.0</coordinates>
                </LineString>
                <LineString id="13314">
                    <coordinates>13.33959769,53.69448339,0.0 13.339643249999998,53.69454748999999,0.0 13.339674069999997,53.694602399999994,0.0</coordinates>
                </LineString>
                <LineString id="13316">
                    <coordinates>13.339674069999997,53.694602399999994,0.0 13.339682,53.694613479999994,0.0 13.33969209,53.69463511000001,0.0 13.339702679999998,53.69466999,0.0 13.339730169999997,53.69477642,0.0 13.339749719999999,53.69484262999999,0.0</coordinates>
                </LineString>
                <LineString id="13318">
                    <coordinates>13.339749719999999,53.69484262999999,0.0 13.33973435,53.694938500000006,0.0 13.339658039999998,53.694932709999996,0.0</coordinates>
                </LineString>
                <LineString id="13320">
                    <coordinates>13.339749719999999,53.69484262999999,0.0 13.339848969999998,53.69483081999999,0.0 13.340010780000002,53.69481076,0.0 13.3400378,53.69480851,0.0</coordinates>
                </LineString>
                <LineString id="13322">
                    <coordinates>13.34003861,53.69482263,0.0 13.33997356,53.694932570000006,0.0 13.33991135,53.69503483999999,0.0</coordinates>
                </LineString>
                <LineString id="13324">
                    <coordinates>13.340299210000001,53.694487949999996,0.0 13.340300729999997,53.69447614999999,0.0</coordinates>
                </LineString>
                <LineString id="13326">
                    <coordinates>13.340306799999999,53.694452749999996,0.0 13.340300729999997,53.69447614999999,0.0</coordinates>
                </LineString>
                <LineString id="13328">
                    <coordinates>13.33990043,53.695050389999984,0.0 13.33989149,53.695074649999995,0.0</coordinates>
                </LineString>
                <LineString id="13330">
                    <coordinates>13.33989622,53.69513706000001,0.0 13.339914580000002,53.69515014,0.0 13.340014460000003,53.6951497,0.0 13.34018539,53.69514898999999,0.0 13.34028201,53.69517040000001,0.0 13.34029937,53.695147150000004,0.0</coordinates>
                </LineString>
                <LineString id="13332">
                    <coordinates>13.33989622,53.69513706000001,0.0 13.33990564,53.69518037000001,0.0 13.339943409999998,53.69534071,0.0 13.339954339999997,53.69541998999999,0.0 13.339955969999998,53.69545223,0.0</coordinates>
                </LineString>
                <LineString id="13334">
                    <coordinates>13.339955969999998,53.69545223,0.0 13.340071469999998,53.69547175,0.0</coordinates>
                </LineString>
                <LineString id="13336">
                    <coordinates>13.33998215,53.69571404999999,0.0 13.34006494,53.695729879999995,0.0</coordinates>
                </LineString>
                <LineString id="13338">
                    <coordinates>13.33998215,53.69571404999999,0.0 13.339955910000004,53.69577039,0.0</coordinates>
                </LineString>
                <LineString id="13340">
                    <coordinates>13.340050219999998,53.69561160999999,0.0 13.3400105,53.69565576,0.0 13.33998215,53.69571404999999,0.0</coordinates>
                </LineString>
                <LineString id="13342">
                    <coordinates>13.33994817,53.69578942999999,0.0 13.340030779999998,53.69580427999999,0.0</coordinates>
                </LineString>
                <LineString id="13344">
                    <coordinates>13.33987644,53.6959268,0.0 13.339968699999998,53.695944199999985,0.0</coordinates>
                </LineString>
                <LineString id="13346">
                    <coordinates>13.339955910000004,53.69577039,0.0 13.33994817,53.69578942999999,0.0</coordinates>
                </LineString>
                <LineString id="13348">
                    <coordinates>13.33987644,53.6959268,0.0 13.33984625,53.695980599999984,0.0</coordinates>
                </LineString>
                <LineString id="13350">
                    <coordinates>13.339884039999998,53.69591296,0.0 13.33987644,53.6959268,0.0</coordinates>
                </LineString>
                <LineString id="13352">
                    <coordinates>13.33984625,53.695980599999984,0.0 13.339708589999999,53.69607451000001,0.0</coordinates>
                </LineString>
                <LineString id="13354">
                    <coordinates>13.33957319,53.69609930999999,0.0 13.33956404,53.69609580000001,0.0</coordinates>
                </LineString>
                <LineString id="13356">
                    <coordinates>13.33967188,53.69611536,0.0 13.339771779999998,53.696127559999994,0.0</coordinates>
                </LineString>
                <LineString id="13358">
                    <coordinates>13.33967188,53.69611536,0.0 13.339661439999999,53.69613243999999,0.0</coordinates>
                </LineString>
                <LineString id="13360">
                    <coordinates>13.339708589999999,53.69607451000001,0.0 13.33967188,53.69611536,0.0</coordinates>
                </LineString>
                <LineString id="13362">
                    <coordinates>13.3395921,53.69623329,0.0 13.33966746,53.69623307999999,0.0 13.339738989999997,53.69623811999998,0.0</coordinates>
                </LineString>
                <LineString id="13364">
                    <coordinates>13.339479549999998,53.696379959999994,0.0 13.339603639999996,53.69638954,0.0</coordinates>
                </LineString>
                <LineString id="13366">
                    <coordinates>13.339661439999999,53.69613243999999,0.0 13.339610160000001,53.69620476,0.0 13.3395921,53.69623329,0.0</coordinates>
                </LineString>
                <LineString id="13368">
                    <coordinates>13.33956404,53.69609580000001,0.0 13.33960365,53.69603693,0.0 13.33963874,53.69599169,0.0</coordinates>
                </LineString>
                <LineString id="13370">
                    <coordinates>13.33909521,53.69593102,0.0 13.33903972,53.69591625999999,0.0</coordinates>
                </LineString>
                <LineString id="13372">
                    <coordinates>13.33894152,53.6960547,0.0 13.339007630000001,53.69607451000001,0.0 13.33915226,53.69611999,0.0 13.339316899999998,53.69617139000001,0.0 13.3393945,53.69619578999998,0.0 13.339457230000002,53.69621659,0.0 13.339330729999999,53.696392440000004,0.0</coordinates>
                </LineString>
                <LineString id="13374">
                    <coordinates>13.33924596,53.69639441,0.0 13.33910537,53.696400270000005,0.0 13.338790339999997,53.69641392000001,0.0 13.338741679999998,53.69639516,0.0</coordinates>
                </LineString>
                <LineString id="13376">
                    <coordinates>13.339479549999998,53.696379959999994,0.0 13.339442749999998,53.69643753999999,0.0</coordinates>
                </LineString>
                <LineString id="13378">
                    <coordinates>13.34043069,53.69739497,0.0 13.34050021,53.69739773999999,0.0</coordinates>
                </LineString>
                <LineString id="13380">
                    <coordinates>13.3395921,53.69623329,0.0 13.339570419999998,53.69623894,0.0 13.33952925,53.6963043,0.0 13.339479549999998,53.696379959999994,0.0</coordinates>
                </LineString>
                <LineString id="13382">
                    <coordinates>13.339435749999998,53.69642209999999,0.0 13.339442749999998,53.69643753999999,0.0</coordinates>
                </LineString>
                <LineString id="13384">
                    <coordinates>13.338944680000003,53.69720768,0.0 13.33893065,53.69723077999999,0.0 13.338872969999999,53.69731985,0.0 13.338835199999998,53.697383589999994,0.0</coordinates>
                </LineString>
                <LineString id="13386">
                    <coordinates>13.338667280000001,53.69749452,0.0 13.33865894,53.697494,0.0</coordinates>
                </LineString>
                <LineString id="13388">
                    <coordinates>13.33877008,53.69748812000001,0.0 13.33876255,53.69749975999999,0.0</coordinates>
                </LineString>
                <LineString id="13390">
                    <coordinates>13.33854833,53.69756451999999,0.0 13.33860313,53.697575369999996,0.0 13.33863521,53.69753050999999,0.0 13.33865894,53.697494,0.0</coordinates>
                </LineString>
                <LineString id="13392">
                    <coordinates>13.338732550000001,53.69736496,0.0 13.33867173,53.697351479999995,0.0</coordinates>
                </LineString>
                <LineString id="13394">
                    <coordinates>13.338732550000001,53.69736496,0.0 13.338755170000002,53.69732471999999,0.0</coordinates>
                </LineString>
                <LineString id="13396">
                    <coordinates>13.33865894,53.697494,0.0 13.33869374,53.69742833,0.0 13.338732550000001,53.69736496,0.0</coordinates>
                </LineString>
                <LineString id="13398">
                    <coordinates>13.338755170000002,53.69732471999999,0.0 13.338787219999999,53.69727062,0.0</coordinates>
                </LineString>
                <LineString id="13400">
                    <coordinates>13.33818191,53.69716334000001,0.0 13.338079069999997,53.69714818,0.0 13.337825139999996,53.69711200999999,0.0 13.33774882,53.697154890000014,0.0 13.337709869999996,53.69714803,0.0</coordinates>
                </LineString>
                <LineString id="13402">
                    <coordinates>13.33881535,53.69722526999998,0.0 13.338852019999997,53.69716415,0.0 13.338911979999999,53.69706005,0.0 13.33895368,53.69698993000001,0.0</coordinates>
                </LineString>
                <LineString id="13404">
                    <coordinates>13.338787219999999,53.69727062,0.0 13.338807649999998,53.69723815999998,0.0</coordinates>
                </LineString>
                <LineString id="13406">
                    <coordinates>13.33876255,53.69749975999999,0.0 13.338723380000001,53.697571710000005,0.0 13.33870453,53.69760808,0.0 13.33868878,53.69764135,0.0 13.338670539999999,53.69767053999999,0.0 13.33867353,53.6976814,0.0 13.338679909999998,53.697690220000005,0.0</coordinates>
                </LineString>
                <LineString id="13408">
                    <coordinates>13.339046809999997,53.697519979999996,0.0 13.339130740000002,53.69752591,0.0</coordinates>
                </LineString>
                <LineString id="13410">
                    <coordinates>13.33876255,53.69749975999999,0.0 13.33882983,53.69750584999999,0.0 13.339046809999997,53.697519979999996,0.0</coordinates>
                </LineString>
                <LineString id="13412">
                    <coordinates>13.338483779999999,53.69764725999999,0.0 13.338371549999998,53.69762889,0.0 13.338349529999997,53.69762239999999,0.0 13.338203140000001,53.69759798,0.0 13.33786652,53.69754367,0.0 13.33778947,53.69753338,0.0 13.337623169999999,53.69751298,0.0 13.337476479999998,53.69749660999999,0.0</coordinates>
                </LineString>
                <LineString id="13414">
                    <coordinates>13.337476479999998,53.69749660999999,0.0 13.33750982,53.69741556,0.0</coordinates>
                </LineString>
                <LineString id="13416">
                    <coordinates>13.337476479999998,53.69749660999999,0.0 13.337424239999999,53.69749044,0.0 13.33731456,53.697481069999995,0.0 13.337139110000003,53.69746822,0.0 13.336989619999999,53.69745666,0.0</coordinates>
                </LineString>
                <LineString id="13418">
                    <coordinates>13.336989619999999,53.69745666,0.0 13.3370421,53.69734328,0.0</coordinates>
                </LineString>
                <LineString id="13420">
                    <coordinates>13.336776569999998,53.69743572999999,0.0 13.336832950000002,53.69731175,0.0</coordinates>
                </LineString>
                <LineString id="13422">
                    <coordinates>13.33688804,53.697450169999996,0.0 13.33680687,53.69744489,0.0 13.336790979999998,53.69744059,0.0</coordinates>
                </LineString>
                <LineString id="13424">
                    <coordinates>13.336463409999999,53.69741873,0.0 13.336374189999997,53.69741290999998,0.0 13.336294230000002,53.69740468999999,0.0</coordinates>
                </LineString>
                <LineString id="13426">
                    <coordinates>13.336790979999998,53.69744059,0.0 13.336776569999998,53.69743572999999,0.0</coordinates>
                </LineString>
                <LineString id="13428">
                    <coordinates>13.336294230000002,53.69740468999999,0.0 13.336219149999998,53.69740082,0.0</coordinates>
                </LineString>
                <LineString id="13430">
                    <coordinates>13.338937019999998,53.69775117999999,0.0 13.33887861,53.69773786999999,0.0 13.338679909999998,53.697690220000005,0.0</coordinates>
                </LineString>
                <LineString id="13432">
                    <coordinates>13.338937019999998,53.69775117999999,0.0 13.33896842,53.69776044,0.0 13.3391965,53.697813419999996,0.0 13.339481110000001,53.697884509999994,0.0 13.339632729999996,53.697922049999995,0.0 13.339724339999998,53.697943149999986,0.0 13.339789729999998,53.69795665,0.0</coordinates>
                </LineString>
                <LineString id="13434">
                    <coordinates>13.338677749999999,53.69769571999999,0.0 13.3386481,53.6977729,0.0</coordinates>
                </LineString>
                <LineString id="13436">
                    <coordinates>13.338459879999997,53.69855902,0.0 13.338469850000001,53.69859364,0.0</coordinates>
                </LineString>
                <LineString id="13438">
                    <coordinates>13.33907282,53.69870234,0.0 13.33908471,53.69876277,0.0</coordinates>
                </LineString>
                <LineString id="13440">
                    <coordinates>13.338469850000001,53.69859364,0.0 13.33840786,53.69860772999999,0.0</coordinates>
                </LineString>
                <LineString id="13442">
                    <coordinates>13.338479979999999,53.69926912999999,0.0 13.33871768,53.69928080999999,0.0 13.33871674,53.69930364999998,0.0</coordinates>
                </LineString>
                <LineString id="13444">
                    <coordinates>13.33848076,53.69926093000001,0.0 13.338479979999999,53.69926912999999,0.0</coordinates>
                </LineString>
                <LineString id="13446">
                    <coordinates>13.338479979999999,53.69926912999999,0.0 13.33847545,53.699368070000006,0.0</coordinates>
                </LineString>
                <LineString id="13448">
                    <coordinates>13.33846178,53.69970344,0.0 13.33854623,53.699705619999996,0.0</coordinates>
                </LineString>
                <LineString id="13450">
                    <coordinates>13.33847545,53.699368070000006,0.0 13.33847138,53.699459479999994,0.0 13.338463039999999,53.69962911999998,0.0 13.33846178,53.69970344,0.0</coordinates>
                </LineString>
                <LineString id="13452">
                    <coordinates>13.33854623,53.699705619999996,0.0 13.338545249999997,53.699746329999996,0.0 13.338553769999999,53.69979179,0.0 13.338559529999998,53.69981667999999,0.0 13.338577100000002,53.69987727,0.0 13.338590289999999,53.69990222999999,0.0 13.338619359999996,53.699950329999986,0.0 13.33864272,53.699974639999986,0.0 13.338667089999996,53.699997319999994,0.0 13.338683159999999,53.70000431999999,0.0 13.338836959999997,53.70000391999999,0.0 13.339145899999997,53.699997859999996,0.0 13.33915157,53.70014385,0.0 13.339182160000002,53.70014695999999,0.0 13.339182969999998,53.70018711,0.0</coordinates>
                </LineString>
                <LineString id="13454">
                    <coordinates>13.33997093,53.6977202,0.0 13.339891999999999,53.697828699999995,0.0 13.339789729999998,53.69795665,0.0</coordinates>
                </LineString>
                <LineString id="13456">
                    <coordinates>13.340002459999997,53.697674619999994,0.0 13.33997093,53.6977202,0.0</coordinates>
                </LineString>
                <LineString id="13458">
                    <coordinates>13.340002459999997,53.697674619999994,0.0 13.34004498,53.697622200000005,0.0</coordinates>
                </LineString>
                <LineString id="13460">
                    <coordinates>13.34004498,53.697622200000005,0.0 13.340053399999999,53.697615879999994,0.0 13.340157140000002,53.69762340999999,0.0 13.3402099,53.697581889999995,0.0 13.340238299999998,53.697555429999994,0.0</coordinates>
                </LineString>
                <LineString id="13462">
                    <coordinates>13.340238299999998,53.697555429999994,0.0 13.340327099999998,53.69757238,0.0 13.340337270000001,53.697580050000006,0.0</coordinates>
                </LineString>
                <LineString id="13464">
                    <coordinates>13.34050021,53.69739773999999,0.0 13.34065069,53.69740404000001,0.0 13.34077751,53.697409199999996,0.0 13.340927949999998,53.69741628,0.0 13.34099902,53.69742016000001,0.0</coordinates>
                </LineString>
                <LineString id="13466">
                    <coordinates>13.34036203,53.69753277,0.0 13.34036535,53.69752651,0.0</coordinates>
                </LineString>
                <LineString id="13468">
                    <coordinates>13.34044469,53.697362070000004,0.0 13.34046313,53.69731824,0.0 13.340502589999998,53.697208629999984,0.0 13.340533189999999,53.69712374,0.0</coordinates>
                </LineString>
                <LineString id="13470">
                    <coordinates>13.34036535,53.69752651,0.0 13.340405169999999,53.697448739999984,0.0 13.34043069,53.69739497,0.0</coordinates>
                </LineString>
                <LineString id="13472">
                    <coordinates>13.340533189999999,53.69712374,0.0 13.340546,53.697111969999995,0.0 13.34061923,53.69712118999999,0.0 13.341274389999999,53.69721545999999,0.0</coordinates>
                </LineString>
                <LineString id="13474">
                    <coordinates>13.340649389999998,53.69682508999999,0.0 13.340853809999999,53.69684257999999,0.0 13.340988940000003,53.696886819999996,0.0 13.341054800000002,53.696892029999994,0.0</coordinates>
                </LineString>
                <LineString id="13476">
                    <coordinates>13.340649389999998,53.69682508999999,0.0 13.34067014,53.69676658,0.0</coordinates>
                </LineString>
                <LineString id="13478">
                    <coordinates>13.340533189999999,53.69712374,0.0 13.34053932,53.697098770000004,0.0 13.340563239999998,53.69704005,0.0 13.34061813,53.69690417000001,0.0 13.340649389999998,53.69682508999999,0.0</coordinates>
                </LineString>
                <LineString id="13480">
                    <coordinates>13.340687519999998,53.696711869999994,0.0 13.341085209999997,53.69673957999999,0.0 13.341317689999999,53.69675792999999,0.0 13.34133082,53.69669698,0.0 13.341287679999999,53.696690530000005,0.0</coordinates>
                </LineString>
                <LineString id="13482">
                    <coordinates>13.340765379999999,53.69636143999999,0.0 13.341220179999999,53.69639385999999,0.0 13.3413838,53.69640657,0.0 13.34149457,53.69640676999999,0.0</coordinates>
                </LineString>
                <LineString id="13484">
                    <coordinates>13.34067014,53.69676658,0.0 13.340687519999998,53.696711869999994,0.0</coordinates>
                </LineString>
                <LineString id="13486">
                    <coordinates>13.340765379999999,53.69636143999999,0.0 13.34077015,53.696321039999994,0.0 13.340770239999998,53.69627986,0.0 13.340783089999999,53.696234430000004,0.0</coordinates>
                </LineString>
                <LineString id="13488">
                    <coordinates>13.340687519999998,53.696711869999994,0.0 13.34071576,53.696630160000005,0.0 13.34074247,53.69652854999999,0.0 13.340756429999999,53.6964693,0.0 13.340762619999996,53.696423679999995,0.0 13.340765379999999,53.69636143999999,0.0</coordinates>
                </LineString>
                <LineString id="13490">
                    <coordinates>13.34076065,53.69621032,0.0 13.34075135,53.69618939,0.0 13.340729850000002,53.696132590000005,0.0 13.340715349999998,53.69609755999999,0.0 13.34070003,53.696065399999995,0.0</coordinates>
                </LineString>
                <LineString id="13492">
                    <coordinates>13.340783089999999,53.696234430000004,0.0 13.34076151,53.69622291,0.0</coordinates>
                </LineString>
                <LineString id="13494">
                    <coordinates>13.34060727,53.69588723999999,0.0 13.341087939999996,53.69587478999998,0.0</coordinates>
                </LineString>
                <LineString id="13496">
                    <coordinates>13.34114402,53.69587146999999,0.0 13.341165819999999,53.69595129999999,0.0 13.3411692,53.69599355,0.0 13.34115595,53.69599311,0.0</coordinates>
                </LineString>
                <LineString id="13498">
                    <coordinates>13.341087939999996,53.69587478999998,0.0 13.341119949999996,53.69587234,0.0</coordinates>
                </LineString>
                <LineString id="13500">
                    <coordinates>13.340576730000002,53.69582536000001,0.0 13.34055432,53.69577976,0.0</coordinates>
                </LineString>
                <LineString id="13502">
                    <coordinates>13.34070003,53.696065399999995,0.0 13.34068333,53.69603683999999,0.0 13.34066779,53.69600300999999,0.0 13.340619029999997,53.69591048,0.0 13.34060727,53.69588723999999,0.0</coordinates>
                </LineString>
                <LineString id="13504">
                    <coordinates>13.34055432,53.69577976,0.0 13.340536059999998,53.695764139999994,0.0 13.34051144,53.695742079999995,0.0 13.340494009999999,53.69572687,0.0 13.340311179999999,53.695641139999985,0.0 13.340275729999998,53.69562393,0.0 13.340361559999998,53.69554164,0.0 13.34042318,53.69548103,0.0 13.34054345,53.69542444,0.0 13.340560559999998,53.695432669999995,0.0</coordinates>
                </LineString>
                <LineString id="13506">
                    <coordinates>13.340763929999998,53.69817081,0.0 13.340728849999998,53.69816453999999,0.0</coordinates>
                </LineString>
                <LineString id="13508">
                    <coordinates>13.340728849999998,53.69816453999999,0.0 13.340694049999998,53.69815792000001,0.0 13.340413910000002,53.69809511999999,0.0 13.340155209999999,53.69804159,0.0</coordinates>
                </LineString>
                <LineString id="13510">
                    <coordinates>13.341592879999999,53.698370019999984,0.0 13.341603350000002,53.698391449999995,0.0 13.341621750000002,53.698413569999985,0.0 13.341649830000001,53.698437719999994,0.0 13.341687959999998,53.698462369999994,0.0 13.341708,53.69847126,0.0 13.34178253,53.69853242,0.0 13.34184085,53.69858561,0.0 13.341895429999997,53.69865031,0.0</coordinates>
                </LineString>
                <LineString id="13512">
                    <coordinates>13.341895429999997,53.69865031,0.0 13.341932489999998,53.69869850999999,0.0 13.341994289999999,53.69879877,0.0 13.342032359999997,53.698869639999984,0.0 13.34207829,53.698957219999976,0.0 13.34209152,53.698991039999996,0.0 13.34212765,53.69911854,0.0 13.342139829999999,53.69921454999999,0.0 13.342146429999998,53.69929857,0.0 13.3421476,53.69944018,0.0 13.342146339999998,53.69947791999999,0.0 13.34213793,53.69963642,0.0 13.34212663,53.6997838,0.0 13.342122410000002,53.69982113,0.0 13.34211483,53.699936779999994,0.0 13.34210852,53.69999475,0.0 13.34209992,53.70010686,0.0 13.34209008,53.70026362,0.0 13.34208348,53.70037346999999,0.0 13.34207877,53.70044207000001,0.0 13.34207749,53.70048544,0.0 13.34207715,53.70053382999999,0.0 13.3420815,53.70057408,0.0 13.342097309999998,53.70069306999999,0.0 13.3421096,53.70073152,0.0 13.342130809999999,53.70086457000001,0.0 13.34214772,53.7009324,0.0 13.342174409999998,53.70103873,0.0 13.34219403,53.70110317999999,0.0 13.342212709999998,53.70116716999999,0.0 13.34222813,53.701215749999996,0.0 13.342249579999999,53.701277179999984,0.0 13.342268599999999,53.70132525999999,0.0 13.342303350000002,53.7014139,0.0 13.34232081,53.70146582999999,0.0 13.3423727,53.70157006,0.0 13.342413019999999,53.701635929999995,0.0 13.34247999,53.70173909999998,0.0 13.34253064,53.70181166999999,0.0</coordinates>
                </LineString>
                <LineString id="13514">
                    <coordinates>13.34253064,53.70181166999999,0.0 13.342610179999996,53.70192579,0.0 13.34267159,53.70199949999999,0.0 13.342728749999997,53.70206857,0.0 13.342760069999999,53.70210114999999,0.0 13.34290511,53.70223981999999,0.0 13.342963840000001,53.702292199999995,0.0 13.343061639999998,53.70237459,0.0 13.343161560000002,53.70245774,0.0 13.343275359999998,53.70254496999999,0.0 13.343389219999999,53.70263521999999,0.0 13.34353921,53.70274991,0.0 13.34361959,53.70281056,0.0 13.34377695,53.70293104999999,0.0 13.343810539999998,53.70294613,0.0 13.344022719999996,53.703101059999995,0.0 13.344235069999998,53.703259339999995,0.0 13.344404030000002,53.703389830000006,0.0 13.34446608,53.70344341999999,0.0 13.34461297,53.70356558999999,0.0 13.344672240000001,53.703617859999994,0.0 13.34473646,53.70367437,0.0 13.344763239999999,53.703701379999984,0.0 13.34485057,53.70378403,0.0 13.344998129999999,53.70392786,0.0 13.345104150000001,53.70403677,0.0 13.34517998,53.704115220000006,0.0 13.345245469999998,53.704192160000005,0.0 13.34529158,53.704241129999986,0.0 13.34533253,53.704289259999996,0.0 13.345454569999998,53.70443283,0.0 13.34548232,53.704468840000004,0.0 13.34561714,53.70463354999999,0.0 13.34573876,53.704786139999996,0.0 13.34579327,53.704856279999994,0.0 13.345874869999998,53.70496664,0.0 13.34598558,53.70512013,0.0 13.346029100000003,53.70518143999999,0.0 13.34607021,53.705237679999996,0.0 13.346115829999999,53.705304149999996,0.0 13.346186689999998,53.70541585999999,0.0 13.34620907,53.70548892,0.0 13.346262170000001,53.70556971,0.0 13.346514609999998,53.7059306,0.0 13.3467352,53.70624965,0.0 13.346872850000002,53.70644504999999,0.0 13.34698754,53.70661253,0.0 13.34714809,53.70684687,0.0 13.34723799,53.70697447999999,0.0 13.347495530000002,53.70734954,0.0 13.34752351,53.70738036,0.0 13.3477753,53.70772833,0.0 13.34783855,53.70781404999999,0.0 13.348114609999998,53.70818490999999,0.0 13.348329160000002,53.7084731,0.0</coordinates>
                </LineString>
                <LineString id="13516">
                    <coordinates>13.339789729999998,53.69795665,0.0 13.33992435,53.69798799,0.0</coordinates>
                </LineString>
                <LineString id="13518">
                    <coordinates>13.33992435,53.69798799,0.0 13.340155209999999,53.69804159,0.0</coordinates>
                </LineString>
                <LineString id="13520">
                    <coordinates>13.33992435,53.69798799,0.0 13.339973120000002,53.69791114,0.0 13.339989569999998,53.69791445999999,0.0</coordinates>
                </LineString>
                <LineString id="13522">
                    <coordinates>13.340155209999999,53.69804159,0.0 13.340163859999999,53.69802589,0.0</coordinates>
                </LineString>
                <LineString id="13524">
                    <coordinates>13.339742159999998,53.698022480000006,0.0 13.339737589999999,53.69802841,0.0 13.33975342,53.69803862,0.0</coordinates>
                </LineString>
                <LineString id="13526">
                    <coordinates>13.33975342,53.69803862,0.0 13.339799069999998,53.69804967999998,0.0 13.339857719999998,53.698063979999986,0.0</coordinates>
                </LineString>
                <LineString id="13528">
                    <coordinates>13.339857719999998,53.698063979999986,0.0 13.339953409999998,53.69808647999999,0.0 13.339937709999997,53.69818405999999,0.0</coordinates>
                </LineString>
                <LineString id="13530">
                    <coordinates>13.339937709999997,53.69818405999999,0.0 13.339952469999997,53.69817875999999,0.0 13.34007569,53.698193859999996,0.0</coordinates>
                </LineString>
                <LineString id="13532">
                    <coordinates>13.336219149999998,53.69740082,0.0 13.33608039,53.69739113999999,0.0</coordinates>
                </LineString>
                <LineString id="13534">
                    <coordinates>13.33608039,53.69739113999999,0.0 13.335990519999998,53.69738588999999,0.0 13.33591481,53.69738126,0.0</coordinates>
                </LineString>
                <LineString id="13536">
                    <coordinates>13.33591481,53.69738126,0.0 13.335804219999998,53.69736910999999,0.0</coordinates>
                </LineString>
                <LineString id="13538">
                    <coordinates>13.335804219999998,53.69736910999999,0.0 13.33575099,53.69736602,0.0</coordinates>
                </LineString>
                <LineString id="13540">
                    <coordinates>13.3355579,53.69734413,0.0 13.33540778,53.697326999999994,0.0</coordinates>
                </LineString>
                <LineString id="13542">
                    <coordinates>13.3362292,53.6974154,0.0 13.33628587,53.69749795999999,0.0</coordinates>
                </LineString>
                <LineString id="13544">
                    <coordinates>13.336294230000002,53.69740468999999,0.0 13.336304969999999,53.697384469999996,0.0 13.33631534,53.69736315000001,0.0 13.336329790000002,53.69733126,0.0</coordinates>
                </LineString>
                <LineString id="13546">
                    <coordinates>13.33641084,53.697112219999994,0.0 13.336411660000001,53.69711030999999,0.0 13.33642195,53.69708456,0.0 13.33646341,53.69700662000001,0.0</coordinates>
                </LineString>
                <LineString id="13548">
                    <coordinates>13.336329790000002,53.69733126,0.0 13.336333670000002,53.69731816,0.0</coordinates>
                </LineString>
                <LineString id="13550">
                    <coordinates>13.336482389999999,53.69696441999999,0.0 13.336293979999997,53.69693349,0.0</coordinates>
                </LineString>
                <LineString id="13552">
                    <coordinates>13.336726310000001,53.69648986,0.0 13.33661505,53.69646804999999,0.0</coordinates>
                </LineString>
                <LineString id="13554">
                    <coordinates>13.33647165,53.69698857000001,0.0 13.336482389999999,53.69696441999999,0.0</coordinates>
                </LineString>
                <LineString id="13556">
                    <coordinates>13.336733990000003,53.69647878,0.0 13.336751500000002,53.696453850000005,0.0</coordinates>
                </LineString>
                <LineString id="13558">
                    <coordinates>13.336591499999999,53.69673059,0.0 13.33660077,53.69671025,0.0 13.336610349999999,53.69668268,0.0 13.336627589999999,53.69665282,0.0 13.336695689999997,53.69653035999999,0.0 13.336726310000001,53.69648986,0.0</coordinates>
                </LineString>
                <LineString id="13560">
                    <coordinates>13.33663612,53.69631400000001,0.0 13.33663382,53.696304160000004,0.0</coordinates>
                </LineString>
                <LineString id="13562">
                    <coordinates>13.336938230000001,53.69618634,0.0 13.336763109999998,53.69614914999998,0.0 13.33676222,53.69614057,0.0</coordinates>
                </LineString>
                <LineString id="13564">
                    <coordinates>13.33677005,53.69642438000001,0.0 13.336777019999996,53.69641331999999,0.0 13.33682109,53.69635130999999,0.0</coordinates>
                </LineString>
                <LineString id="13566">
                    <coordinates>13.336938230000001,53.69618634,0.0 13.336995429999998,53.696081969999994,0.0 13.33703505,53.69601265000001,0.0</coordinates>
                </LineString>
                <LineString id="13568">
                    <coordinates>13.336893000000002,53.69625485,0.0 13.33690622,53.69624192,0.0 13.336930629999998,53.69620099,0.0 13.336938230000001,53.69618634,0.0</coordinates>
                </LineString>
                <LineString id="13570">
                    <coordinates>13.3368365,53.695954339999986,0.0 13.336831259999999,53.695945300000005,0.0</coordinates>
                </LineString>
                <LineString id="13572">
                    <coordinates>13.337044159999998,53.69599459999999,0.0 13.33706911,53.695951749999985,0.0 13.3371103,53.69587839,0.0 13.337139030000001,53.695812280000006,0.0 13.33715829,53.69578596,0.0 13.337207379999999,53.69571886,0.0 13.337240859999998,53.695672069999986,0.0</coordinates>
                </LineString>
                <LineString id="13574">
                    <coordinates>13.33703505,53.69601265000001,0.0 13.337043069999998,53.69599649999999,0.0</coordinates>
                </LineString>
                <LineString id="13576">
                    <coordinates>13.337447000000001,53.69537059,0.0 13.33735524,53.69535941,0.0 13.337278969999998,53.69535001999998,0.0 13.337258439999998,53.69535287,0.0</coordinates>
                </LineString>
                <LineString id="13578">
                    <coordinates>13.33736249,53.695491219999994,0.0 13.337395240000001,53.69544199999999,0.0 13.33741616,53.695413609999996,0.0 13.337447000000001,53.69537059,0.0</coordinates>
                </LineString>
                <LineString id="13580">
                    <coordinates>13.33591481,53.69738126,0.0 13.335913500000002,53.697338620000004,0.0 13.335934459999999,53.69732782,0.0 13.335938020000002,53.69731005,0.0 13.335939159999999,53.69728926999999,0.0 13.335931189999998,53.69728268,0.0</coordinates>
                </LineString>
                <LineString id="13582">
                    <coordinates>13.33540778,53.697326999999994,0.0 13.335368019999997,53.69732055999999,0.0</coordinates>
                </LineString>
                <LineString id="13584">
                    <coordinates>13.335261290000002,53.69731621,0.0 13.33524151,53.69737162999999,0.0</coordinates>
                </LineString>
                <LineString id="13586">
                    <coordinates>13.33526382,53.697308969999995,0.0 13.335062320000002,53.69728611,0.0 13.33492953,53.69726856999999,0.0 13.334676090000002,53.69723587000001,0.0</coordinates>
                </LineString>
                <LineString id="13588">
                    <coordinates>13.335368019999997,53.69732055999999,0.0 13.33526382,53.697308969999995,0.0</coordinates>
                </LineString>
                <LineString id="13590">
                    <coordinates>13.335368019999997,53.69732055999999,0.0 13.335388559999998,53.69727376,0.0</coordinates>
                </LineString>
                <LineString id="13592">
                    <coordinates>13.335388559999998,53.69727376,0.0 13.335429690000002,53.69717676,0.0</coordinates>
                </LineString>
                <LineString id="13594">
                    <coordinates>13.335429690000002,53.69717676,0.0 13.335449579999999,53.69713148999999,0.0 13.335490950000002,53.69702890999999,0.0</coordinates>
                </LineString>
                <LineString id="13596">
                    <coordinates>13.3344876,53.69721352,0.0 13.33448142,53.69721281,0.0</coordinates>
                </LineString>
                <LineString id="13598">
                    <coordinates>13.3344144,53.69726849,0.0 13.33439058,53.69726915999999,0.0</coordinates>
                </LineString>
                <LineString id="13600">
                    <coordinates>13.33444367,53.697208190000005,0.0 13.33423764,53.69718082999999,0.0 13.33413208,53.697163669999995,0.0 13.33411027,53.69716021,0.0 13.334061429999998,53.69714986999999,0.0 13.334026239999998,53.69713896999999,0.0 13.334001009999998,53.69712454,0.0 13.333975560000003,53.69710901999999,0.0 13.33394424,53.69709576999999,0.0 13.333894330000001,53.697081950000005,0.0 13.33381586,53.69707002,0.0</coordinates>
                </LineString>
                <LineString id="13602">
                    <coordinates>13.3344579,53.69720997,0.0 13.33444367,53.697208190000005,0.0</coordinates>
                </LineString>
                <LineString id="13604">
                    <coordinates>13.33467006,53.69723145999999,0.0 13.334659099999998,53.697223539999996,0.0 13.33467754,53.69716600000001,0.0 13.33469593,53.69715729,0.0</coordinates>
                </LineString>
                <LineString id="13606">
                    <coordinates>13.334145319999996,53.69729526999999,0.0 13.334143659999999,53.69730022,0.0</coordinates>
                </LineString>
                <LineString id="13608">
                    <coordinates>13.334143659999999,53.69730022,0.0 13.334125729999998,53.69735341999999,0.0</coordinates>
                </LineString>
                <LineString id="13610">
                    <coordinates>13.334125729999998,53.69735341999999,0.0 13.33412239,53.69736841999999,0.0 13.334106619999998,53.697369609999996,0.0</coordinates>
                </LineString>
                <LineString id="13612">
                    <coordinates>13.33381586,53.69707002,0.0 13.33338726,53.69701557,0.0 13.332634800000001,53.69692166999999,0.0 13.3322952,53.69687934,0.0</coordinates>
                </LineString>
                <LineString id="13614">
                    <coordinates>13.3322952,53.69687934,0.0 13.332215170000001,53.69687068999999,0.0 13.3318573,53.6968247,0.0 13.3313331,53.69676183,0.0</coordinates>
                </LineString>
                <LineString id="13616">
                    <coordinates>13.321172419999998,53.695496719999994,0.0 13.321057480000002,53.69549356999999,0.0</coordinates>
                </LineString>
                <LineString id="13618">
                    <coordinates>13.320784150000003,53.69566987,0.0 13.3207844,53.69567623,0.0 13.32079274,53.69571976,0.0 13.320791409999998,53.69575155999999,0.0 13.320777389999998,53.69580720999999,0.0 13.320766609999996,53.69583749,0.0</coordinates>
                </LineString>
                <LineString id="13620">
                    <coordinates>13.320819649999999,53.69553568,0.0 13.32077886,53.69553337,0.0</coordinates>
                </LineString>
                <LineString id="13622">
                    <coordinates>13.3151634,53.69326773000001,0.0 13.315269369999998,53.693266279999996,0.0 13.31536155,53.69319926,0.0 13.315451200000004,53.69320234999999,0.0 13.31558919,53.69320821000001,0.0 13.3158667,53.693220539999984,0.0 13.315911609999999,53.693293409999995,0.0 13.316024949999997,53.6933208,0.0</coordinates>
                </LineString>
                <LineString id="13624">
                    <coordinates>13.31622822,53.69296296999999,0.0 13.31633585,53.69297466999999,0.0</coordinates>
                </LineString>
                <LineString id="13626">
                    <coordinates>13.31633585,53.69297466999999,0.0 13.316355340000001,53.69291765999999,0.0 13.31636154,53.69289164999999,0.0 13.31637751,53.69282018,0.0 13.316385829999998,53.69279406,0.0 13.31639312,53.69268161,0.0 13.31639424,53.69262657,0.0 13.31639005,53.69259278,0.0 13.316379529999999,53.69252460999999,0.0 13.316362419999999,53.69247582,0.0 13.31633055,53.69240659999999,0.0 13.316265139999999,53.69231593999999,0.0 13.31624905,53.69229677,0.0 13.316259219999997,53.69223564999999,0.0</coordinates>
                </LineString>
                <LineString id="13628">
                    <coordinates>13.32065116,53.696123609999994,0.0 13.320549259999998,53.69637650000001,0.0</coordinates>
                </LineString>
                <LineString id="13630">
                    <coordinates>13.33628587,53.69749795999999,0.0 13.33621956,53.69765036,0.0</coordinates>
                </LineString>
                <LineString id="13632">
                    <coordinates>13.33604922,53.69762879999998,0.0 13.335899719999999,53.6975994,0.0</coordinates>
                </LineString>
                <LineString id="13634">
                    <coordinates>13.33620543,53.69764863999999,0.0 13.33621956,53.69765036,0.0</coordinates>
                </LineString>
                <LineString id="13636">
                    <coordinates>13.33621956,53.69765036,0.0 13.3361392,53.697834879999995,0.0 13.33609152,53.69793528,0.0</coordinates>
                </LineString>
                <LineString id="13638">
                    <coordinates>13.33597509,53.69792042,0.0 13.3359542,53.69791779,0.0</coordinates>
                </LineString>
                <LineString id="13640">
                    <coordinates>13.3359542,53.69791779,0.0 13.33563652,53.69787603999999,0.0 13.335298260000002,53.6978278,0.0</coordinates>
                </LineString>
                <LineString id="13642">
                    <coordinates>13.33609152,53.69793528,0.0 13.33604794,53.69802637999999,0.0 13.33598002,53.69817586,0.0</coordinates>
                </LineString>
                <LineString id="13644">
                    <coordinates>13.335890909999998,53.69816332,0.0 13.3358686,53.69816019999998,0.0</coordinates>
                </LineString>
                <LineString id="13646">
                    <coordinates>13.3358686,53.69816019999998,0.0 13.33552227,53.698108829999995,0.0 13.335516899999998,53.69811939,0.0</coordinates>
                </LineString>
                <LineString id="13648">
                    <coordinates>13.33597642,53.69818415,0.0 13.33596744,53.69820437,0.0</coordinates>
                </LineString>
                <LineString id="13650">
                    <coordinates>13.33596744,53.69820437,0.0 13.33589069,53.69836450999999,0.0 13.33585494,53.69844117,0.0</coordinates>
                </LineString>
                <LineString id="13652">
                    <coordinates>13.33846202,53.6993678,0.0 13.338373560000003,53.69936589,0.0 13.3383715,53.69937653,0.0</coordinates>
                </LineString>
                <LineString id="13654">
                    <coordinates>13.338342639999997,53.69972479999999,0.0 13.33834248,53.699728130000004,0.0</coordinates>
                </LineString>
                <LineString id="13656">
                    <coordinates>13.335818729999998,53.698550430000004,0.0 13.335802459999998,53.69859759999999,0.0</coordinates>
                </LineString>
                <LineString id="13658">
                    <coordinates>13.335696300000002,53.6985903,0.0 13.335682559999999,53.69858938,0.0</coordinates>
                </LineString>
                <LineString id="13660">
                    <coordinates>13.335682559999999,53.69858938,0.0 13.335709099999999,53.69850172000001,0.0 13.335379689999998,53.698472989999985,0.0 13.335392669999997,53.6984286,0.0</coordinates>
                </LineString>
                <LineString id="13662">
                    <coordinates>13.335682559999999,53.69858938,0.0 13.335453899999997,53.69857184999999,0.0</coordinates>
                </LineString>
                <LineString id="13664">
                    <coordinates>13.335802459999998,53.69859759999999,0.0 13.335800719999998,53.69861314999999,0.0</coordinates>
                </LineString>
                <LineString id="13666">
                    <coordinates>13.33575692,53.6987872,0.0 13.335754739999999,53.69879584,0.0</coordinates>
                </LineString>
                <LineString id="13668">
                    <coordinates>13.335744839999997,53.69879501999999,0.0 13.33565764,53.698787509999995,0.0</coordinates>
                </LineString>
                <LineString id="13670">
                    <coordinates>13.335713279999998,53.698979130000005,0.0 13.33571178,53.698986590000004,0.0</coordinates>
                </LineString>
                <LineString id="13672">
                    <coordinates>13.33570284,53.69898595999999,0.0 13.33571178,53.698986590000004,0.0</coordinates>
                </LineString>
                <LineString id="13674">
                    <coordinates>13.33571178,53.698986590000004,0.0 13.33571292,53.69901332999999,0.0 13.33571098,53.69904808999999,0.0</coordinates>
                </LineString>
                <LineString id="13676">
                    <coordinates>13.33572319,53.699146709999994,0.0 13.335842249999999,53.69914356999999,0.0</coordinates>
                </LineString>
                <LineString id="13678">
                    <coordinates>13.335753160000001,53.69934503,0.0 13.33584688,53.69934018000001,0.0 13.335869799999998,53.69933753000001,0.0</coordinates>
                </LineString>
                <LineString id="13680">
                    <coordinates>13.33571098,53.69904808999999,0.0 13.33571347,53.69908320999999,0.0 13.33572319,53.699146709999994,0.0</coordinates>
                </LineString>
                <LineString id="13682">
                    <coordinates>13.335753160000001,53.69934503,0.0 13.3357653,53.69940754,0.0</coordinates>
                </LineString>
                <LineString id="13684">
                    <coordinates>13.33572319,53.699146709999994,0.0 13.33573443,53.69922201,0.0 13.335746179999996,53.69929044999999,0.0 13.335753160000001,53.69934503,0.0</coordinates>
                </LineString>
                <LineString id="13686">
                    <coordinates>13.3357653,53.69940754,0.0 13.335781909999998,53.699515760000004,0.0</coordinates>
                </LineString>
                <LineString id="13688">
                    <coordinates>13.33577336,53.69951619,0.0 13.335682469999997,53.699520969999995,0.0</coordinates>
                </LineString>
                <LineString id="13690">
                    <coordinates>13.33579034,53.699579179999986,0.0 13.335907859999997,53.69957323,0.0</coordinates>
                </LineString>
                <LineString id="13692">
                    <coordinates>13.33579034,53.699579179999986,0.0 13.335795999999998,53.69960189999999,0.0</coordinates>
                </LineString>
                <LineString id="13694">
                    <coordinates>13.335781909999998,53.699515760000004,0.0 13.33579034,53.699579179999986,0.0</coordinates>
                </LineString>
                <LineString id="13696">
                    <coordinates>13.335829799999997,53.699792859999995,0.0 13.335949,53.69978412,0.0</coordinates>
                </LineString>
                <LineString id="13698">
                    <coordinates>13.335829799999997,53.699792859999995,0.0 13.335831699999998,53.699810109999994,0.0</coordinates>
                </LineString>
                <LineString id="13700">
                    <coordinates>13.335795999999998,53.69960189999999,0.0 13.335829799999997,53.699792859999995,0.0</coordinates>
                </LineString>
                <LineString id="13702">
                    <coordinates>13.335832310000002,53.69981377,0.0 13.335836929999997,53.69983889999998,0.0</coordinates>
                </LineString>
                <LineString id="13704">
                    <coordinates>13.33573529,53.69981537999998,0.0 13.335728859999996,53.699815689999994,0.0</coordinates>
                </LineString>
                <LineString id="13706">
                    <coordinates>13.335728859999996,53.699815689999994,0.0 13.335587710000002,53.69982405,0.0 13.33558836,53.699836379999994,0.0 13.335574319999997,53.69983898,0.0</coordinates>
                </LineString>
                <LineString id="13708">
                    <coordinates>13.33585905,53.70000654999998,0.0 13.335989179999999,53.699997499999995,0.0</coordinates>
                </LineString>
                <LineString id="13710">
                    <coordinates>13.336158889999998,53.70035387,0.0 13.336113680000002,53.70029901000001,0.0</coordinates>
                </LineString>
                <LineString id="13712">
                    <coordinates>13.335836929999997,53.69983889999998,0.0 13.33584747,53.69991538,0.0 13.335850769999999,53.69996251999999,0.0 13.33585905,53.70000654999998,0.0</coordinates>
                </LineString>
                <LineString id="13714">
                    <coordinates>13.336172809999999,53.700402589999996,0.0 13.33617383,53.700410219999995,0.0</coordinates>
                </LineString>
                <LineString id="13716">
                    <coordinates>13.33588551,53.70008071000001,0.0 13.335907649999998,53.700135889999984,0.0 13.33593344,53.700206019999996,0.0 13.335959739999996,53.70028117999999,0.0 13.33597887,53.70031508000001,0.0 13.335997419999998,53.700336619999995,0.0 13.33602616,53.700355599999995,0.0 13.33605214,53.70036105,0.0 13.336158889999998,53.70035387,0.0</coordinates>
                </LineString>
                <LineString id="13718">
                    <coordinates>13.336212780000002,53.70046041,0.0 13.33621748,53.7004666,0.0 13.336256369999997,53.70051438,0.0 13.336392439999997,53.700543589999995,0.0</coordinates>
                </LineString>
                <LineString id="13720">
                    <coordinates>13.31919806,53.70219444,0.0 13.31914504,53.70246195,0.0 13.319078839999998,53.70282716999999,0.0 13.31906439,53.702878059999996,0.0 13.31904933,53.702908739999984,0.0 13.31900187,53.70294864000001,0.0 13.31894853,53.70297332,0.0 13.31883951,53.70300097,0.0 13.31824965,53.70313714,0.0 13.31748889,53.70331598,0.0 13.31677832,53.70372266999998,0.0 13.316545269999999,53.70377799999999,0.0</coordinates>
                </LineString>
                <LineString id="13722">
                    <coordinates>13.320549259999998,53.69637650000001,0.0 13.320516279999996,53.69652271999999,0.0 13.32042657,53.696856700000005,0.0 13.320332099999998,53.69719589000001,0.0</coordinates>
                </LineString>
                <LineString id="13724">
                    <coordinates>13.320225569999998,53.69757019,0.0 13.320221319999998,53.69758510999999,0.0 13.320190909999999,53.69768083,0.0</coordinates>
                </LineString>
                <LineString id="13726">
                    <coordinates>13.338787219999999,53.69727062,0.0 13.33869688,53.69725187000001,0.0 13.33862586,53.69723677,0.0 13.338528420000001,53.69722225999998,0.0 13.338335030000001,53.697187979999995,0.0 13.338192929999998,53.69716496000001,0.0 13.33818191,53.69716334000001,0.0</coordinates>
                </LineString>
                <LineString id="13728">
                    <coordinates>13.336864299999998,53.685169099999996,0.0 13.336787859999998,53.685148989999995,0.0</coordinates>
                </LineString>
                <LineString id="13730">
                    <coordinates>13.34043069,53.69739497,0.0 13.34044469,53.697362070000004,0.0</coordinates>
                </LineString>
                <LineString id="13732">
                    <coordinates>13.310623889999999,53.69569891999999,0.0 13.3100198,53.69562054,0.0 13.3097423,53.69625714000001,0.0 13.309557280000002,53.69668054,0.0 13.30949866,53.69679523999999,0.0 13.30937705,53.69707665,0.0 13.30924343,53.697372509999994,0.0</coordinates>
                </LineString>
                <LineString id="13734">
                    <coordinates>13.33847545,53.699368070000006,0.0 13.33846202,53.6993678,0.0</coordinates>
                </LineString>
                <LineString id="13736">
                    <coordinates>13.336158889999998,53.70035387,0.0 13.33616829,53.70036955,0.0 13.336172809999999,53.700402589999996,0.0</coordinates>
                </LineString>
                <LineString id="13738">
                    <coordinates>13.336864299999998,53.685169099999996,0.0 13.33688535,53.6851701,0.0 13.336975419999998,53.68518777999999,0.0 13.33720881,53.685231310000006,0.0</coordinates>
                </LineString>
                <LineString id="13740">
                    <coordinates>13.33720881,53.685231310000006,0.0 13.33756407,53.68529639999999,0.0 13.33770759,53.68532377999998,0.0 13.337734739999998,53.685330189999995,0.0 13.337862789999999,53.68535975,0.0 13.33799395,53.685391429999996,0.0 13.338054839999996,53.68541576999999,0.0 13.33822941,53.685492679999996,0.0 13.33847722,53.685604049999995,0.0 13.338582570000002,53.68565319999999,0.0 13.338892939999997,53.685792819999996,0.0 13.339240089999997,53.68594979999999,0.0 13.339596400000001,53.68611242,0.0 13.33995101,53.68627379,0.0 13.34021651,53.6863951,0.0</coordinates>
                </LineString>
                <LineString id="13742">
                    <coordinates>13.340661699999997,53.68822650999999,0.0 13.340666369999997,53.68824903,0.0</coordinates>
                </LineString>
                <LineString id="13744">
                    <coordinates>13.320262220000002,53.69552068,0.0 13.319957650000001,53.69551563,0.0 13.31946389,53.69550429,0.0 13.319183370000001,53.69549903,0.0 13.31866293,53.69549039,0.0 13.318461549999999,53.695485930000004,0.0</coordinates>
                </LineString>
                <LineString id="13746">
                    <coordinates>13.318461549999999,53.695485930000004,0.0 13.31813101,53.69547839999999,0.0 13.31775384,53.69547436,0.0 13.317295239999998,53.69546501,0.0 13.317032469999997,53.695457579999996,0.0 13.31647865,53.695446839999995,0.0 13.31598679,53.69543867,0.0 13.315715060000002,53.695434389999996,0.0 13.315529539999998,53.69542936999999,0.0 13.31547566,53.69543293,0.0 13.31543215,53.69543864,0.0 13.315397590000002,53.69544505999999,0.0</coordinates>
                </LineString>
                <LineString id="13748">
                    <coordinates>13.315397590000002,53.69544505999999,0.0 13.315375270000002,53.69539808000001,0.0 13.315326039999997,53.69528578999999,0.0 13.31541852,53.694966429999994,0.0 13.315490499999997,53.69471742,0.0 13.31550213,53.69468382,0.0 13.315502370000003,53.694582549999986,0.0 13.315540079999998,53.69445039,0.0 13.31561825,53.69419456,0.0 13.31564488,53.69414855999999,0.0 13.315663689999997,53.69409967999999,0.0 13.315737410000002,53.69392843999999,0.0 13.315851729999999,53.69367375,0.0 13.315883819999998,53.69359808,0.0 13.31595741,53.693459540000006,0.0 13.315982649999999,53.69341213999999,0.0 13.31602245,53.69333559999999,0.0</coordinates>
                </LineString>
                <LineString id="13750">
                    <coordinates>13.316024949999997,53.6933208,0.0 13.31602245,53.69333559999999,0.0</coordinates>
                </LineString>
                <LineString id="13752">
                    <coordinates>13.316024949999997,53.6933208,0.0 13.31603839,53.69330304999999,0.0 13.31610366,53.6931808,0.0 13.316150679999996,53.69309829,0.0 13.316203129999998,53.693011079999984,0.0 13.316220210000001,53.69297629,0.0</coordinates>
                </LineString>
                <LineString id="13754">
                    <coordinates>13.316220210000001,53.69297629,0.0 13.31622822,53.69296296999999,0.0</coordinates>
                </LineString>
                <LineString id="13756">
                    <coordinates>13.315365869999999,53.69544670999999,0.0 13.315307199999996,53.69545578999999,0.0 13.315163510000001,53.69569373,0.0</coordinates>
                </LineString>
                <LineString id="13758">
                    <coordinates>13.315163510000001,53.69569373,0.0 13.31489103,53.69572785999999,0.0 13.31483015,53.69573758999999,0.0 13.314595669999997,53.695765599999994,0.0 13.314420249999998,53.695788580000006,0.0 13.314107609999999,53.69583077000001,0.0 13.31397977,53.69584652,0.0 13.313678960000003,53.69588624000001,0.0 13.31354862,53.69590346999999,0.0 13.313220269999999,53.695945409999986,0.0 13.31311522,53.69595901,0.0 13.31288391,53.69599034000001,0.0 13.312739539999999,53.69601009,0.0</coordinates>
                </LineString>
                <LineString id="13760">
                    <coordinates>13.312739539999999,53.69601009,0.0 13.31238758,53.695959560000006,0.0 13.31227866,53.69594225,0.0 13.31192984,53.69588968999999,0.0 13.31182186,53.695873819999996,0.0 13.311410340000002,53.695814860000006,0.0 13.31105526,53.69576191,0.0 13.310688189999999,53.695709089999994,0.0 13.310623889999999,53.69569891999999,0.0</coordinates>
                </LineString>
                <LineString id="13762">
                    <coordinates>13.34067613,53.6882785,0.0 13.340666369999997,53.68824903,0.0</coordinates>
                </LineString>
                <LineString id="13764">
                    <coordinates>13.315365869999999,53.69544670999999,0.0 13.315397590000002,53.69544505999999,0.0</coordinates>
                </LineString>
                <LineString id="13766">
                    <coordinates>13.340077439999998,53.69547238,0.0 13.340071469999998,53.69547175,0.0</coordinates>
                </LineString>
                <LineString id="13768">
                    <coordinates>13.336596679999998,53.69673156999998,0.0 13.336591499999999,53.69673059,0.0</coordinates>
                </LineString>
                <LineString id="13770">
                    <coordinates>13.336482389999999,53.69696441999999,0.0 13.336534929999997,53.69685101999999,0.0 13.336560859999999,53.69679621,0.0 13.336591499999999,53.69673059,0.0</coordinates>
                </LineString>
                <LineString id="13772">
                    <coordinates>13.33665041,53.69674095,0.0 13.336596679999998,53.69673156999998,0.0</coordinates>
                </LineString>
                <LineString id="13774">
                    <coordinates>13.33665422,53.69674166,0.0 13.33665041,53.69674095,0.0</coordinates>
                </LineString>
                <LineString id="13776">
                    <coordinates>13.32077886,53.69553337,0.0 13.32055472,53.69552675,0.0 13.320262220000002,53.69552068,0.0</coordinates>
                </LineString>
                <LineString id="13778">
                    <coordinates>13.32717891,53.69625406,0.0 13.3270208,53.69623413000001,0.0 13.326624299999999,53.69618419999999,0.0 13.326216999999998,53.69613197999999,0.0 13.325831589999998,53.696084459999994,0.0 13.325478499999997,53.69604223999999,0.0 13.32524538,53.69601727999999,0.0 13.325027269999996,53.69599293,0.0 13.324732280000001,53.69596056,0.0 13.32432665,53.695911710000004,0.0 13.32358663,53.69581195000001,0.0 13.32338495,53.695784999999994,0.0</coordinates>
                </LineString>
                <LineString id="13780">
                    <coordinates>13.3313331,53.69676183,0.0 13.330882809999999,53.69670312999999,0.0 13.3307313,53.69668511,0.0 13.33068137,53.696681399999996,0.0 13.330455659999998,53.696655119999996,0.0 13.330008209999999,53.69659867000001,0.0 13.329847519999998,53.69657829999999,0.0 13.329685309999999,53.69655723,0.0 13.32938565,53.696521319999995,0.0 13.329134429999998,53.69648975999999,0.0 13.328890149999998,53.69645988,0.0 13.328535190000002,53.696415730000005,0.0 13.328257430000003,53.69638295,0.0 13.327886269999997,53.69633587999999,0.0 13.327748719999997,53.69631951,0.0 13.32766541,53.69631462,0.0 13.32735786,53.69627661,0.0 13.32717891,53.69625406,0.0</coordinates>
                </LineString>
                <LineString id="13782">
                    <coordinates>13.334676090000002,53.69723587000001,0.0 13.33462964,53.697229979999996,0.0 13.3344876,53.69721352,0.0</coordinates>
                </LineString>
                <LineString id="13784">
                    <coordinates>13.320766609999996,53.69583749,0.0 13.32071544,53.6959645,0.0</coordinates>
                </LineString>
                <LineString id="13786">
                    <coordinates>13.3206986,53.69600602999999,0.0 13.32065116,53.696123609999994,0.0</coordinates>
                </LineString>
                <LineString id="13788">
                    <coordinates>13.33908471,53.69876277,0.0 13.33915887,53.69876118999999,0.0 13.339184269999997,53.69880833,0.0 13.339200400000003,53.698837250000004,0.0 13.33927397,53.698927010000006,0.0 13.33933569,53.69892217,0.0</coordinates>
                </LineString>
                <LineString id="13790">
                    <coordinates>13.33933569,53.69892217,0.0 13.339368519999999,53.69891954999999,0.0</coordinates>
                </LineString>
                <LineString id="13792">
                    <coordinates>13.33903972,53.69591625999999,0.0 13.339015889999997,53.695909429999986,0.0</coordinates>
                </LineString>
                <LineString id="13794">
                    <coordinates>13.33956404,53.69609580000001,0.0 13.339449,53.69605316,0.0 13.339340370000002,53.6960114,0.0 13.33926409,53.69598375,0.0 13.339168349999998,53.69595046,0.0 13.33909521,53.69593102,0.0</coordinates>
                </LineString>
                <LineString id="13796">
                    <coordinates>13.337043069999998,53.69599649999999,0.0 13.336938739999997,53.69597526999999,0.0</coordinates>
                </LineString>
                <LineString id="13798">
                    <coordinates>13.336938739999997,53.69597526999999,0.0 13.33689263,53.69596587000001,0.0</coordinates>
                </LineString>
                <LineString id="13800">
                    <coordinates>13.320190909999999,53.69768083,0.0 13.32018899,53.69770863,0.0 13.32020162,53.69772526999999,0.0 13.320242189999998,53.697770780000006,0.0 13.320225249999998,53.69792679999999,0.0 13.32018092,53.69808738,0.0 13.320081879999998,53.69839514999999,0.0 13.319969669999997,53.6987802,0.0 13.319920429999998,53.69897425999999,0.0 13.319820299999998,53.69939471999999,0.0 13.319773170000001,53.69957437,0.0 13.319723110000002,53.699787789999995,0.0 13.31965881,53.70004810999999,0.0 13.31956775,53.70042680000001,0.0 13.319501909999998,53.70068873999999,0.0 13.319414649999999,53.70109892999999,0.0 13.319340719999998,53.701472069999994,0.0 13.31927232,53.701809770000004,0.0 13.31920658,53.702151519999994,0.0 13.31919806,53.70219444,0.0</coordinates>
                </LineString>
                <LineString id="13802">
                    <coordinates>13.321057480000002,53.69549356999999,0.0 13.320998380000002,53.69549088000001,0.0 13.320928759999997,53.69549,0.0 13.32089259,53.69549347,0.0</coordinates>
                </LineString>
                <LineString id="13804">
                    <coordinates>13.32338495,53.695784999999994,0.0 13.323218569999996,53.69576284,0.0 13.323122909999997,53.69575018,0.0 13.32307664,53.695735549999995,0.0 13.322809819999998,53.695698269999994,0.0 13.3223783,53.69563465,0.0 13.322150339999999,53.69560026999999,0.0 13.32188599,53.69555977999999,0.0 13.32178206,53.69554407,0.0 13.3215841,53.69551812,0.0 13.32148447,53.69550792,0.0 13.321336689999997,53.69550049999999,0.0 13.321231929999998,53.69549831999999,0.0 13.321172419999998,53.695496719999994,0.0</coordinates>
                </LineString>
                <LineString id="13806">
                    <coordinates>13.339368519999999,53.69891954999999,0.0 13.339377739999998,53.698939159999995,0.0 13.33939565,53.69894982000001,0.0 13.33951756,53.69894203999999,0.0 13.339738760000001,53.69892446000001,0.0 13.339868449999999,53.69891776,0.0 13.339981320000001,53.69890588,0.0 13.339985750000002,53.69889524999999,0.0</coordinates>
                </LineString>
                <LineString id="13808">
                    <coordinates>13.33930077,53.69639207999999,0.0 13.33924596,53.69639441,0.0</coordinates>
                </LineString>
                <LineString id="13810">
                    <coordinates>13.339330729999999,53.696392440000004,0.0 13.339303679999997,53.696391979999994,0.0 13.33930077,53.69639207999999,0.0</coordinates>
                </LineString>
                <LineString id="13812">
                    <coordinates>13.338831139999998,53.69739049999999,0.0 13.338809699999999,53.69742715,0.0 13.33877008,53.69748812000001,0.0</coordinates>
                </LineString>
                <LineString id="13814">
                    <coordinates>13.338835199999998,53.697383589999994,0.0 13.338831139999998,53.69739049999999,0.0</coordinates>
                </LineString>
                <LineString id="13816">
                    <coordinates>13.338978769999999,53.69715153,0.0 13.338944680000003,53.69720768,0.0</coordinates>
                </LineString>
                <LineString id="13818">
                    <coordinates>13.33906216,53.69701454,0.0 13.33904676,53.69703896999999,0.0 13.338989379999996,53.697134059999996,0.0 13.338978769999999,53.69715153,0.0</coordinates>
                </LineString>
                <LineString id="13820">
                    <coordinates>13.339121089999999,53.69692107,0.0 13.339115750000001,53.696929510000004,0.0 13.33906216,53.69701454,0.0</coordinates>
                </LineString>
                <LineString id="13822">
                    <coordinates>13.339442749999998,53.69643753999999,0.0 13.33939809,53.69649875999998,0.0 13.339325759999998,53.6966023,0.0 13.339250679999997,53.69671904,0.0 13.339181779999999,53.69682340999999,0.0 13.339121089999999,53.69692107,0.0</coordinates>
                </LineString>
                <LineString id="13824">
                    <coordinates>13.33934172,53.69639617,0.0 13.33935411,53.696400430000004,0.0 13.339435749999998,53.69642209999999,0.0</coordinates>
                </LineString>
                <LineString id="13826">
                    <coordinates>13.339330729999999,53.696392440000004,0.0 13.33934172,53.69639617,0.0</coordinates>
                </LineString>
                <LineString id="13828">
                    <coordinates>13.339661439999999,53.69613243999999,0.0 13.339649100000003,53.69612776000001,0.0</coordinates>
                </LineString>
                <LineString id="13830">
                    <coordinates>13.339649100000003,53.69612776000001,0.0 13.33957319,53.69609930999999,0.0</coordinates>
                </LineString>
                <LineString id="13832">
                    <coordinates>13.34008827,53.69556997,0.0 13.340050219999998,53.69561160999999,0.0</coordinates>
                </LineString>
                <LineString id="13834">
                    <coordinates>13.339955969999998,53.69545223,0.0 13.339963969999998,53.69546425,0.0 13.339965329999998,53.69547746999999,0.0 13.34008827,53.69556997,0.0</coordinates>
                </LineString>
                <LineString id="13836">
                    <coordinates>13.3400378,53.69480851,0.0 13.34003861,53.69482263,0.0</coordinates>
                </LineString>
                <LineString id="13838">
                    <coordinates>13.33991135,53.69503483999999,0.0 13.33990043,53.695050389999984,0.0</coordinates>
                </LineString>
                <LineString id="13840">
                    <coordinates>13.336776569999998,53.69743572999999,0.0 13.33675409,53.697440039999975,0.0 13.336627589999999,53.69742936,0.0 13.336463409999999,53.69741873,0.0</coordinates>
                </LineString>
                <LineString id="13842">
                    <coordinates>13.336333670000002,53.69731816,0.0 13.33633549,53.69730705999999,0.0</coordinates>
                </LineString>
                <LineString id="13844">
                    <coordinates>13.33608039,53.69739113999999,0.0 13.336093699999997,53.69738529999999,0.0</coordinates>
                </LineString>
                <LineString id="13846">
                    <coordinates>13.33575099,53.69736602,0.0 13.3355579,53.69734413,0.0</coordinates>
                </LineString>
                <LineString id="13848">
                    <coordinates>13.33633549,53.69730705999999,0.0 13.33634111,53.6972715,0.0 13.336351220000003,53.69724788,0.0 13.33640053,53.69713535,0.0</coordinates>
                </LineString>
                <LineString id="13850">
                    <coordinates>13.336751500000002,53.696453850000005,0.0 13.33677005,53.69642438000001,0.0</coordinates>
                </LineString>
                <LineString id="13852">
                    <coordinates>13.33682109,53.69635130999999,0.0 13.33663612,53.69631400000001,0.0</coordinates>
                </LineString>
                <LineString id="13854">
                    <coordinates>13.337043069999998,53.69599649999999,0.0 13.337044159999998,53.69599459999999,0.0</coordinates>
                </LineString>
                <LineString id="13856">
                    <coordinates>13.33689263,53.69596587000001,0.0 13.3368365,53.695954339999986,0.0</coordinates>
                </LineString>
                <LineString id="13858">
                    <coordinates>13.33448142,53.69721281,0.0 13.3344579,53.69720997,0.0</coordinates>
                </LineString>
                <LineString id="13860">
                    <coordinates>13.33441329,53.69727165,0.0 13.3344144,53.69726849,0.0</coordinates>
                </LineString>
                <LineString id="13862">
                    <coordinates>13.33441497,53.697267319999995,0.0 13.3344144,53.69726849,0.0</coordinates>
                </LineString>
                <LineString id="13864">
                    <coordinates>13.334354939999997,53.69726632999999,0.0 13.3341641,53.69724056999999,0.0</coordinates>
                </LineString>
                <LineString id="13866">
                    <coordinates>13.3341641,53.69724056999999,0.0 13.334145319999996,53.69729526999999,0.0</coordinates>
                </LineString>
                <LineString id="13868">
                    <coordinates>13.33598002,53.69817586,0.0 13.33597642,53.69818415,0.0</coordinates>
                </LineString>
                <LineString id="13870">
                    <coordinates>13.335647139999999,53.69878661,0.0 13.3353681,53.69876177999999,0.0</coordinates>
                </LineString>
                <LineString id="13872">
                    <coordinates>13.335754739999999,53.69879584,0.0 13.335727469999998,53.69891024999998,0.0 13.335713279999998,53.698979130000005,0.0</coordinates>
                </LineString>
                <LineString id="13874">
                    <coordinates>13.335609600000002,53.69897899999999,0.0 13.33559644,53.69897791000001,0.0</coordinates>
                </LineString>
                <LineString id="13876">
                    <coordinates>13.335831699999998,53.699810109999994,0.0 13.335832310000002,53.69981377,0.0</coordinates>
                </LineString>
                <LineString id="13878">
                    <coordinates>13.33583486,53.70021266,0.0 13.33584137,53.700245409999994,0.0</coordinates>
                </LineString>
                <LineString id="13880">
                    <coordinates>13.33587349,53.70008168999999,0.0 13.33588551,53.70008071000001,0.0</coordinates>
                </LineString>
                <LineString id="13882">
                    <coordinates>13.33585905,53.70000654999998,0.0 13.33588043,53.70006771,0.0 13.33588551,53.70008071000001,0.0</coordinates>
                </LineString>
                <LineString id="13884">
                    <coordinates>13.33617383,53.700410219999995,0.0 13.336212780000002,53.70046041,0.0</coordinates>
                </LineString>
                <LineString id="13886">
                    <coordinates>13.336989619999999,53.69745666,0.0 13.33688804,53.697450169999996,0.0</coordinates>
                </LineString>
                <LineString id="13888">
                    <coordinates>13.33646341,53.69700662000001,0.0 13.33647165,53.69698857000001,0.0</coordinates>
                </LineString>
                <LineString id="13890">
                    <coordinates>13.33640053,53.69713535,0.0 13.33640245,53.6971308,0.0 13.33641084,53.697112219999994,0.0</coordinates>
                </LineString>
                <LineString id="13892">
                    <coordinates>13.320819649999999,53.69553568,0.0 13.32080135,53.69555939999999,0.0 13.320785279999999,53.69559365999999,0.0 13.32078243,53.69562539,0.0 13.320784150000003,53.69566987,0.0</coordinates>
                </LineString>
                <LineString id="13894">
                    <coordinates>13.33921764,53.69753376,0.0 13.33924405,53.69753672,0.0</coordinates>
                </LineString>
                <LineString id="13896">
                    <coordinates>13.32071544,53.6959645,0.0 13.3206986,53.69600602999999,0.0</coordinates>
                </LineString>
                <LineString id="13898">
                    <coordinates>13.34033956,53.69758862,0.0 13.340337270000001,53.697580050000006,0.0</coordinates>
                </LineString>
                <LineString id="13900">
                    <coordinates>13.336219149999998,53.69740082,0.0 13.3362292,53.6974154,0.0</coordinates>
                </LineString>
                <LineString id="13902">
                    <coordinates>13.33608026,53.69763412999999,0.0 13.336164100000001,53.69764373,0.0 13.33620543,53.69764863999999,0.0</coordinates>
                </LineString>
                <LineString id="13904">
                    <coordinates>13.33604922,53.69762879999998,0.0 13.33608026,53.69763412999999,0.0</coordinates>
                </LineString>
                <LineString id="13906">
                    <coordinates>13.33609152,53.69793528,0.0 13.336080489999997,53.69793383999999,0.0</coordinates>
                </LineString>
                <LineString id="13908">
                    <coordinates>13.336080489999997,53.69793383999999,0.0 13.33597509,53.69792042,0.0</coordinates>
                </LineString>
                <LineString id="13910">
                    <coordinates>13.33598002,53.69817586,0.0 13.335962859999999,53.69817343999999,0.0</coordinates>
                </LineString>
                <LineString id="13912">
                    <coordinates>13.335791909999996,53.698596869999996,0.0 13.335696300000002,53.6985903,0.0</coordinates>
                </LineString>
                <LineString id="13914">
                    <coordinates>13.335754739999999,53.69879584,0.0 13.335744839999997,53.69879501999999,0.0</coordinates>
                </LineString>
                <LineString id="13916">
                    <coordinates>13.33565764,53.698787509999995,0.0 13.335647139999999,53.69878661,0.0</coordinates>
                </LineString>
                <LineString id="13918">
                    <coordinates>13.335609600000002,53.69897899999999,0.0 13.33570284,53.69898595999999,0.0</coordinates>
                </LineString>
                <LineString id="13920">
                    <coordinates>13.335777779999999,53.69951598000001,0.0 13.33577336,53.69951619,0.0</coordinates>
                </LineString>
                <LineString id="13922">
                    <coordinates>13.335831699999998,53.699810109999994,0.0 13.335822469999998,53.69981060999999,0.0</coordinates>
                </LineString>
                <LineString id="13924">
                    <coordinates>13.335822469999998,53.69981060999999,0.0 13.33573529,53.69981537999998,0.0</coordinates>
                </LineString>
                <LineString id="13926">
                    <coordinates>13.33444367,53.697208190000005,0.0 13.33443928,53.69721721,0.0</coordinates>
                </LineString>
                <LineString id="13928">
                    <coordinates>13.33443928,53.69721721,0.0 13.33441497,53.697267319999995,0.0</coordinates>
                </LineString>
                <LineString id="13930">
                    <coordinates>13.33945158,53.69436703,0.0 13.339489619999998,53.69438772000001,0.0</coordinates>
                </LineString>
                <LineString id="13932">
                    <coordinates>13.34029642,53.69425614,0.0 13.34030436,53.69428624999999,0.0 13.340310439999998,53.694361229999984,0.0 13.340308529999998,53.69444593,0.0 13.340306799999999,53.694452749999996,0.0</coordinates>
                </LineString>
                <LineString id="13934">
                    <coordinates>13.3400378,53.69480851,0.0 13.34005868,53.69480373999999,0.0 13.340099,53.694772490000005,0.0 13.340151199999998,53.69472631,0.0 13.34017204,53.69470678999999,0.0 13.34020399,53.69467692999999,0.0 13.34022324,53.69465142,0.0 13.3402626,53.69460348,0.0 13.340279889999998,53.69456333000001,0.0 13.340292190000001,53.69452839,0.0 13.340296180000001,53.69451122,0.0 13.340299210000001,53.694487949999996,0.0</coordinates>
                </LineString>
                <LineString id="13936">
                    <coordinates>13.340374850000002,53.69424934,0.0 13.34038146,53.69424877999999,0.0 13.34031122,53.6941061,0.0</coordinates>
                </LineString>
                <LineString id="13938">
                    <coordinates>13.34020405,53.69395953000001,0.0 13.340226579999998,53.69398112999998,0.0 13.340294659999998,53.69405912999999,0.0 13.34031122,53.6941061,0.0</coordinates>
                </LineString>
                <LineString id="13940">
                    <coordinates>13.34029642,53.69425614,0.0 13.34030589,53.69425530000001,0.0</coordinates>
                </LineString>
                <LineString id="13942">
                    <coordinates>13.34030589,53.69425530000001,0.0 13.340374850000002,53.69424934,0.0</coordinates>
                </LineString>
                <LineString id="13944">
                    <coordinates>13.339265170000001,53.69748895,0.0 13.33930861,53.697494519999985,0.0 13.339333869999999,53.69749778999999,0.0 13.339491259999999,53.69743756,0.0 13.33953545,53.69737251999999,0.0 13.33958264,53.69733,0.0 13.33938339,53.697275690000005,0.0 13.339375180000001,53.69727347,0.0 13.339397559999997,53.697244669999996,0.0 13.339387380000002,53.69722147,0.0</coordinates>
                </LineString>
                <LineString id="13946">
                    <coordinates>13.33863351,53.697803500000006,0.0 13.338583390000002,53.69797124000001,0.0 13.33855297,53.69808055,0.0 13.33849076,53.69830544999999,0.0 13.338439479999998,53.69849055,0.0 13.33845392,53.69853811,0.0 13.338459879999997,53.69855902,0.0</coordinates>
                </LineString>
                <LineString id="13948">
                    <coordinates>13.338459879999997,53.69855902,0.0 13.33888396,53.69863314,0.0 13.339051449999998,53.69868259999999,0.0</coordinates>
                </LineString>
                <LineString id="13950">
                    <coordinates>13.33975342,53.69803862,0.0 13.339739599999998,53.69803546000001,0.0 13.33964645,53.69798457,0.0 13.339534169999999,53.697960779999995,0.0</coordinates>
                </LineString>
                <LineString id="13952">
                    <coordinates>13.33908471,53.69876277,0.0 13.33908383,53.69879626,0.0 13.338993729999999,53.69880251999999,0.0</coordinates>
                </LineString>
                <LineString id="13954">
                    <coordinates>13.33850034,53.69894016999999,0.0 13.33850004,53.69896487,0.0 13.338498939999997,53.69898769,0.0 13.33849523,53.69907067999999,0.0 13.33849037,53.69914375,0.0</coordinates>
                </LineString>
                <LineString id="13956">
                    <coordinates>13.33849037,53.69914375,0.0 13.33848857,53.69917121,0.0 13.33848076,53.69926093000001,0.0</coordinates>
                </LineString>
                <LineString id="13958">
                    <coordinates>13.33846178,53.69970344,0.0 13.338438419999997,53.69970984999999,0.0 13.33834351,53.699709119999994,0.0 13.338342639999997,53.69972479999999,0.0</coordinates>
                </LineString>
                <LineString id="13960">
                    <coordinates>13.33924405,53.69753672,0.0 13.33924736,53.69752916,0.0</coordinates>
                </LineString>
                <LineString id="13962">
                    <coordinates>13.33924736,53.69752916,0.0 13.339265170000001,53.69748895,0.0</coordinates>
                </LineString>
                <LineString id="13964">
                    <coordinates>13.339051449999998,53.69868259999999,0.0 13.33907282,53.69870234,0.0</coordinates>
                </LineString>
                <LineString id="13966">
                    <coordinates>13.340375079999996,53.68695679,0.0 13.34037901,53.68697036999999,0.0 13.340423070000002,53.6871422,0.0 13.34048225,53.68735849,0.0 13.34052955,53.68754559,0.0 13.34053285,53.68756347,0.0 13.34055941,53.68770605999999,0.0 13.34061093,53.68797841999999,0.0 13.340661699999997,53.68822650999999,0.0</coordinates>
                </LineString>
                <LineString id="13968">
                    <coordinates>13.34067915,53.688306579999995,0.0 13.34083537,53.688286209999994,0.0 13.34107667,53.68825085,0.0 13.34121047,53.688231169999995,0.0 13.34137174,53.688208949999996,0.0</coordinates>
                </LineString>
                <LineString id="13970">
                    <coordinates>13.334676090000002,53.69723587000001,0.0 13.33467006,53.69723145999999,0.0</coordinates>
                </LineString>
                <LineString id="13972">
                    <coordinates>13.33439058,53.69726915999999,0.0 13.334364349999998,53.69726703999999,0.0</coordinates>
                </LineString>
                <LineString id="13974">
                    <coordinates>13.33580555,53.70008724,0.0 13.33587349,53.70008168999999,0.0</coordinates>
                </LineString>
                <LineString id="13976">
                    <coordinates>13.33583486,53.70021266,0.0 13.33583413,53.7001893,0.0 13.33579501,53.70008812999999,0.0 13.33580555,53.70008724,0.0</coordinates>
                </LineString>
                <LineString id="13978">
                    <coordinates>13.340337270000001,53.697580050000006,0.0 13.34036203,53.69753277,0.0</coordinates>
                </LineString>
                <LineString id="13980">
                    <coordinates>13.34080721,53.69766184,0.0 13.34084219,53.69757846000001,0.0 13.340911170000002,53.69758573999999,0.0</coordinates>
                </LineString>
                <LineString id="13982">
                    <coordinates>13.340796800000001,53.697692720000006,0.0 13.34078492,53.697690579999986,0.0 13.340662019999998,53.697677219999996,0.0 13.340509599999999,53.69766354999999,0.0 13.34037936,53.69764502,0.0 13.34033956,53.69758862,0.0</coordinates>
                </LineString>
                <LineString id="13984">
                    <coordinates>13.34080721,53.69766184,0.0 13.340796800000001,53.697692720000006,0.0</coordinates>
                </LineString>
                <LineString id="13986">
                    <coordinates>13.340940179999999,53.69621036,0.0 13.340904740000001,53.69620961999999,0.0 13.34076065,53.69621032,0.0</coordinates>
                </LineString>
                <LineString id="13988">
                    <coordinates>13.34076151,53.69622291,0.0 13.34076065,53.69621032,0.0</coordinates>
                </LineString>
                <LineString id="13990">
                    <coordinates>13.341119949999996,53.69587234,0.0 13.34114402,53.69587146999999,0.0</coordinates>
                </LineString>
                <LineString id="13992">
                    <coordinates>13.34060727,53.69588723999999,0.0 13.340576730000002,53.69582536000001,0.0</coordinates>
                </LineString>
                <LineString id="13994">
                    <coordinates>13.340239440000001,53.68647103,0.0 13.340304559999998,53.68670797999999,0.0 13.340375079999996,53.68695679,0.0</coordinates>
                </LineString>
                <LineString id="13996">
                    <coordinates>13.34021651,53.6863951,0.0 13.340232729999999,53.68644628,0.0 13.340239440000001,53.68647103,0.0</coordinates>
                </LineString>
                <LineString id="13998">
                    <coordinates>13.33526382,53.697308969999995,0.0 13.335261290000002,53.69731621,0.0</coordinates>
                </LineString>
                <LineString id="14000">
                    <coordinates>13.339789729999998,53.69795665,0.0 13.339784009999999,53.697965739999994,0.0</coordinates>
                </LineString>
                <LineString id="14002">
                    <coordinates>13.339784009999999,53.697965739999994,0.0 13.339777019999998,53.69797711999998,0.0 13.339742159999998,53.698022480000006,0.0</coordinates>
                </LineString>
                <LineString id="14004">
                    <coordinates>13.314116359999996,53.692902079999996,0.0 13.31416539,53.69292276000001,0.0 13.314273659999998,53.692811619999986,0.0 13.31429601,53.69279304,0.0 13.314595259999999,53.692689389999984,0.0 13.314769179999999,53.69269329,0.0 13.31477721,53.69261517,0.0</coordinates>
                </LineString>
                <LineString id="14006">
                    <coordinates>13.31477721,53.69261517,0.0 13.315671680000001,53.69264604,0.0</coordinates>
                </LineString>
                <LineString id="14008">
                    <coordinates>13.316209720000002,53.692665780000006,0.0 13.31608079,53.692659109999994,0.0 13.315671680000001,53.69264604,0.0</coordinates>
                </LineString>
                <LineString id="14010">
                    <coordinates>13.31622822,53.69296296999999,0.0 13.316224519999999,53.69291772,0.0 13.316207819999999,53.69278973000001,0.0 13.3162021,53.69274263,0.0 13.316209720000002,53.692665780000006,0.0</coordinates>
                </LineString>
                <LineString id="14012">
                    <coordinates>13.32083931,53.695519919999995,0.0 13.320820509999999,53.6955346,0.0 13.320819649999999,53.69553568,0.0</coordinates>
                </LineString>
                <LineString id="14014">
                    <coordinates>13.320332099999998,53.69719589000001,0.0 13.320276979999997,53.69738968,0.0</coordinates>
                </LineString>
                <LineString id="14016">
                    <coordinates>13.320276979999997,53.69738968,0.0 13.320225569999998,53.69757019,0.0</coordinates>
                </LineString>
                <LineString id="14018">
                    <coordinates>13.338660799999996,53.69768694999999,0.0 13.338630340000002,53.697681649999986,0.0 13.33849533,53.69764911,0.0 13.33848408,53.69764735,0.0</coordinates>
                </LineString>
                <LineString id="14020">
                    <coordinates>13.33864589,53.69777730999999,0.0 13.33863512,53.69779803,0.0 13.33863351,53.697803500000006,0.0</coordinates>
                </LineString>
                <LineString id="14022">
                    <coordinates>13.33818191,53.69716334000001,0.0 13.33817001,53.69718564999999,0.0</coordinates>
                </LineString>
                <LineString id="14024">
                    <coordinates>13.3383702,53.69711369,0.0 13.3383485,53.697089719999994,0.0 13.33834004,53.697062339999995,0.0 13.338310729999998,53.69701197999999,0.0 13.338232789999998,53.696990789999994,0.0</coordinates>
                </LineString>
                <LineString id="14026">
                    <coordinates>13.338810930000001,53.69723277000001,0.0 13.33881535,53.69722526999998,0.0</coordinates>
                </LineString>
                <LineString id="14028">
                    <coordinates>13.338810930000001,53.69723277000001,0.0 13.338744029999999,53.69721684999998,0.0 13.3383702,53.69711369,0.0</coordinates>
                </LineString>
                <LineString id="14030">
                    <coordinates>13.338807649999998,53.69723815999998,0.0 13.338810930000001,53.69723277000001,0.0</coordinates>
                </LineString>
                <LineString id="14032">
                    <coordinates>13.33895368,53.69698993000001,0.0 13.33894403,53.69697866,0.0 13.338910609999997,53.69697272999999,0.0 13.338937259999998,53.69691939,0.0</coordinates>
                </LineString>
                <LineString id="14034">
                    <coordinates>13.33994817,53.69578942999999,0.0 13.339884039999998,53.69591296,0.0</coordinates>
                </LineString>
                <LineString id="14036">
                    <coordinates>13.33894152,53.6960547,0.0 13.33893546,53.69606137,0.0 13.338794300000002,53.69611156,0.0 13.3387744,53.696127829999995,0.0</coordinates>
                </LineString>
                <LineString id="14038">
                    <coordinates>13.339015889999997,53.695909429999986,0.0 13.33895579,53.69589213,0.0</coordinates>
                </LineString>
                <LineString id="14040">
                    <coordinates>13.339489619999998,53.69438772000001,0.0 13.33953641,53.69442157000001,0.0 13.33956637,53.69444943,0.0 13.339593029999998,53.69447692,0.0 13.33959769,53.69448339,0.0</coordinates>
                </LineString>
                <LineString id="14042">
                    <coordinates>13.33876255,53.69749975999999,0.0 13.338753740000001,53.697499480000005,0.0</coordinates>
                </LineString>
                <LineString id="14044">
                    <coordinates>13.338753740000001,53.697499480000005,0.0 13.33874002,53.69749908000001,0.0 13.338667280000001,53.69749452,0.0</coordinates>
                </LineString>
                <LineString id="14046">
                    <coordinates>13.338679909999998,53.697690220000005,0.0 13.338660799999996,53.69768694999999,0.0</coordinates>
                </LineString>
                <LineString id="14048">
                    <coordinates>13.33848408,53.69764735,0.0 13.338483779999999,53.69764725999999,0.0</coordinates>
                </LineString>
                <LineString id="14050">
                    <coordinates>13.338679909999998,53.697690220000005,0.0 13.338677749999999,53.69769571999999,0.0</coordinates>
                </LineString>
                <LineString id="14052">
                    <coordinates>13.3386481,53.6977729,0.0 13.33864589,53.69777730999999,0.0</coordinates>
                </LineString>
                <LineString id="14054">
                    <coordinates>13.335781909999998,53.699515760000004,0.0 13.335777779999999,53.69951598000001,0.0</coordinates>
                </LineString>
                <LineString id="14056">
                    <coordinates>13.335682469999997,53.699520969999995,0.0 13.335677610000001,53.699521280000006,0.0</coordinates>
                </LineString>
                <LineString id="14058">
                    <coordinates>13.336726310000001,53.69648986,0.0 13.336733990000003,53.69647878,0.0</coordinates>
                </LineString>
                <LineString id="14060">
                    <coordinates>13.335962859999999,53.69817343999999,0.0 13.335890909999998,53.69816332,0.0</coordinates>
                </LineString>
                <LineString id="14062">
                    <coordinates>13.335677610000001,53.699521280000006,0.0 13.33553747,53.69953086000001,0.0 13.335538549999999,53.69953937999999,0.0</coordinates>
                </LineString>
                <LineString id="14064">
                    <coordinates>13.335429690000002,53.69717676,0.0 13.335319860000002,53.697159070000005,0.0</coordinates>
                </LineString>
                <LineString id="14066">
                    <coordinates>13.33524151,53.69737162999999,0.0 13.33515907,53.697599530000005,0.0</coordinates>
                </LineString>
                <LineString id="14068">
                    <coordinates>13.340783089999999,53.696234430000004,0.0 13.34157228,53.69626025,0.0 13.341569,53.69621281,0.0 13.34149357,53.69621275000001,0.0</coordinates>
                </LineString>
                <LineString id="14070">
                    <coordinates>13.32089259,53.69549347,0.0 13.320855609999999,53.69550732999999,0.0 13.32083931,53.695519919999995,0.0</coordinates>
                </LineString>
                <LineString id="14072">
                    <coordinates>13.337240859999998,53.695672069999986,0.0 13.337301629999999,53.695579179999996,0.0 13.337358499999999,53.69549727999999,0.0 13.33736249,53.695491219999994,0.0</coordinates>
                </LineString>
                <LineString id="14074">
                    <coordinates>13.335800719999998,53.69861314999999,0.0 13.335782559999998,53.69868907999999,0.0 13.33575692,53.6987872,0.0</coordinates>
                </LineString>
                <LineString id="14076">
                    <coordinates>13.33682109,53.69635130999999,0.0 13.336845619999998,53.69631983,0.0 13.336886760000002,53.69626101000001,0.0 13.336893000000002,53.69625485,0.0</coordinates>
                </LineString>
                <LineString id="14078">
                    <coordinates>13.33840786,53.69860772999999,0.0 13.338428309999998,53.69865145000001,0.0 13.33845972,53.69872504000001,0.0 13.338485009999998,53.69880310999999,0.0 13.338501309999996,53.69888254,0.0 13.33850034,53.69894016999999,0.0</coordinates>
                </LineString>
                <LineString id="14080">
                    <coordinates>13.33585494,53.69844117,0.0 13.335831250000002,53.69851475000001,0.0 13.335818729999998,53.698550430000004,0.0</coordinates>
                </LineString>
                <LineString id="14082">
                    <coordinates>13.341592879999999,53.698370019999984,0.0 13.341547960000002,53.69834067,0.0 13.34150315,53.69831688,0.0 13.34146167,53.698299170000006,0.0 13.34142473,53.69828734,0.0 13.341371900000002,53.698277270000006,0.0 13.34121346,53.69824892,0.0 13.340834679999999,53.69818346999999,0.0 13.340763929999998,53.69817081,0.0</coordinates>
                </LineString>
                <LineString id="14084">
                    <coordinates>13.3575005,53.716813499999994,0.0 13.357506320000002,53.7168282,0.0</coordinates>
                </LineString>
                <LineString id="14086">
                    <coordinates>13.35810368,53.718175290000005,0.0 13.35811293,53.718189949999996,0.0 13.358156030000002,53.71825547,0.0 13.358220129999998,53.71834782999999,0.0 13.35823982,53.71837639000001,0.0 13.358230670000001,53.71841346,0.0</coordinates>
                </LineString>
                <LineString id="14088">
                    <coordinates>13.35738603,53.714382410000006,0.0 13.357388739999998,53.71438519,0.0</coordinates>
                </LineString>
                <LineString id="14090">
                    <coordinates>13.34253064,53.70181166999999,0.0 13.342610179999996,53.70192579,0.0 13.34267159,53.70199949999999,0.0 13.342728749999997,53.70206857,0.0 13.342760069999999,53.70210114999999,0.0 13.34290511,53.70223981999999,0.0 13.342963840000001,53.702292199999995,0.0 13.343061639999998,53.70237459,0.0 13.343161560000002,53.70245774,0.0 13.343275359999998,53.70254496999999,0.0 13.343389219999999,53.70263521999999,0.0 13.34353921,53.70274991,0.0 13.34361959,53.70281056,0.0 13.34377695,53.70293104999999,0.0 13.343810539999998,53.70294613,0.0 13.344022719999996,53.703101059999995,0.0 13.344235069999998,53.703259339999995,0.0 13.344404030000002,53.703389830000006,0.0 13.34446608,53.70344341999999,0.0 13.34461297,53.70356558999999,0.0 13.344672240000001,53.703617859999994,0.0 13.34473646,53.70367437,0.0 13.344763239999999,53.703701379999984,0.0 13.34485057,53.70378403,0.0 13.344998129999999,53.70392786,0.0 13.345104150000001,53.70403677,0.0 13.34517998,53.704115220000006,0.0 13.345245469999998,53.704192160000005,0.0 13.34529158,53.704241129999986,0.0 13.34533253,53.704289259999996,0.0 13.345454569999998,53.70443283,0.0 13.34548232,53.704468840000004,0.0 13.34561714,53.70463354999999,0.0 13.34573876,53.704786139999996,0.0 13.34579327,53.704856279999994,0.0 13.345874869999998,53.70496664,0.0 13.34598558,53.70512013,0.0 13.346029100000003,53.70518143999999,0.0 13.34607021,53.705237679999996,0.0 13.346115829999999,53.705304149999996,0.0 13.346186689999998,53.70541585999999,0.0 13.34620907,53.70548892,0.0 13.346262170000001,53.70556971,0.0 13.346514609999998,53.7059306,0.0 13.3467352,53.70624965,0.0 13.346872850000002,53.70644504999999,0.0 13.34698754,53.70661253,0.0 13.34714809,53.70684687,0.0 13.34723799,53.70697447999999,0.0 13.347495530000002,53.70734954,0.0 13.34752351,53.70738036,0.0 13.3477753,53.70772833,0.0 13.34783855,53.70781404999999,0.0 13.348114609999998,53.70818490999999,0.0 13.348329160000002,53.7084731,0.0</coordinates>
                </LineString>
                <LineString id="14092">
                    <coordinates>13.348329160000002,53.7084731,0.0 13.348555,53.70874409999999,0.0 13.348706949999999,53.70891534,0.0 13.34876999,53.708988039999994,0.0 13.349069819999997,53.70930250999999,0.0 13.34913438,53.709370199999995,0.0 13.34934978,53.70956898,0.0 13.349397909999999,53.70959860999999,0.0 13.34954538,53.709727789999995,0.0 13.349847679999998,53.71000615999999,0.0 13.349946889999998,53.71010063,0.0 13.35001791,53.71016217999999,0.0 13.35030642,53.71043077,0.0 13.35047346,53.710589940000006,0.0 13.350750319999996,53.71086479000001,0.0 13.3510564,53.71115347,0.0 13.351146779999999,53.71123710999999,0.0 13.3514164,53.71148594,0.0 13.35153296,53.71159355,0.0 13.35186571,53.71186195,0.0 13.352046150000001,53.712014209999985,0.0</coordinates>
                </LineString>
                <LineString id="14094">
                    <coordinates>13.354981939999998,53.71442989,0.0 13.354997250000002,53.714441490000006,0.0</coordinates>
                </LineString>
                <LineString id="14096">
                    <coordinates>13.354997250000002,53.714441490000006,0.0 13.35522076,53.71434296,0.0 13.3552083,53.7143291,0.0</coordinates>
                </LineString>
                <LineString id="14098">
                    <coordinates>13.3550645,53.71449372,0.0 13.35518829,53.71459042999998,0.0</coordinates>
                </LineString>
                <LineString id="14100">
                    <coordinates>13.35518829,53.71459042999998,0.0 13.35536477,53.714512249999984,0.0</coordinates>
                </LineString>
                <LineString id="14102">
                    <coordinates>13.35559505,53.714907319999995,0.0 13.35548163,53.71495473999999,0.0</coordinates>
                </LineString>
                <LineString id="14104">
                    <coordinates>13.35548163,53.71495473999999,0.0 13.355490939999997,53.71497595999999,0.0 13.35546825,53.714986849999995,0.0 13.35541158,53.715007130000004,0.0 13.355301619999999,53.71503864999999,0.0 13.355190540000002,53.71506797,0.0 13.355085409999997,53.71508883999999,0.0 13.354955139999998,53.71511913,0.0 13.354733129999998,53.71519302999999,0.0 13.354602129999998,53.71523707,0.0 13.354255890000001,53.71535642999999,0.0</coordinates>
                </LineString>
                <LineString id="14106">
                    <coordinates>13.353454509999999,53.71564542,0.0 13.353408529999998,53.71564416999999,0.0</coordinates>
                </LineString>
                <LineString id="14108">
                    <coordinates>13.353307919999999,53.71564347999999,0.0 13.353302660000002,53.715643449999995,0.0</coordinates>
                </LineString>
                <LineString id="14110">
                    <coordinates>13.35344242,53.71491477,0.0 13.353554180000001,53.7148676,0.0</coordinates>
                </LineString>
                <LineString id="14112">
                    <coordinates>13.353466440000002,53.71570913,0.0 13.35345946,53.71564554,0.0</coordinates>
                </LineString>
                <LineString id="14114">
                    <coordinates>13.35344242,53.71491477,0.0 13.353408619999998,53.714865499999995,0.0 13.353346479999999,53.71478610999999,0.0 13.35332189,53.7147676,0.0</coordinates>
                </LineString>
                <LineString id="14116">
                    <coordinates>13.35345946,53.71564554,0.0 13.353456089999998,53.71549318000001,0.0 13.353451039999998,53.71544807000001,0.0 13.353459950000001,53.71539402,0.0 13.353477630000002,53.71522874,0.0 13.353491099999998,53.715136269999995,0.0 13.353475370000002,53.715047379999994,0.0 13.35347016,53.7149975,0.0 13.353465449999998,53.71497885,0.0 13.35344242,53.71491477,0.0</coordinates>
                </LineString>
                <LineString id="14118">
                    <coordinates>13.35332189,53.7147676,0.0 13.35318461,53.71467141,0.0</coordinates>
                </LineString>
                <LineString id="14120">
                    <coordinates>13.35318461,53.71467141,0.0 13.352988849999996,53.71449285,0.0 13.35287307,53.71438604000001,0.0</coordinates>
                </LineString>
                <LineString id="14122">
                    <coordinates>13.354255890000001,53.71535642999999,0.0 13.354022029999998,53.715455809999995,0.0 13.353903779999996,53.715504329999995,0.0 13.353752859999998,53.71557448,0.0 13.353466440000002,53.71570913,0.0</coordinates>
                </LineString>
                <LineString id="14124">
                    <coordinates>13.353302660000002,53.715643449999995,0.0 13.353297150000001,53.71568539999999,0.0 13.35328935,53.715713920000006,0.0 13.353274189999999,53.71575419999999,0.0 13.35326173,53.71577812,0.0 13.353243709999997,53.71578991,0.0</coordinates>
                </LineString>
                <LineString id="14126">
                    <coordinates>13.355615319999997,53.714922709999996,0.0 13.35564916,53.71494828,0.0</coordinates>
                </LineString>
                <LineString id="14128">
                    <coordinates>13.35518829,53.71459042999998,0.0 13.3553787,53.71473768999999,0.0 13.35559505,53.714907319999995,0.0</coordinates>
                </LineString>
                <LineString id="14130">
                    <coordinates>13.35564916,53.71494828,0.0 13.35576182,53.715034839999994,0.0</coordinates>
                </LineString>
                <LineString id="14132">
                    <coordinates>13.35564916,53.71494828,0.0 13.35566942,53.71494307999998,0.0</coordinates>
                </LineString>
                <LineString id="14134">
                    <coordinates>13.356011899999997,53.714804519999994,0.0 13.355942349999998,53.71473117,0.0 13.35595344,53.71472618,0.0</coordinates>
                </LineString>
                <LineString id="14136">
                    <coordinates>13.356011899999997,53.714804519999994,0.0 13.35605107,53.71478944999999,0.0 13.35619241,53.71474257,0.0 13.356324050000001,53.71469551,0.0 13.35636497,53.71468118,0.0 13.35644506,53.71465217999999,0.0</coordinates>
                </LineString>
                <LineString id="14138">
                    <coordinates>13.35566942,53.71494307999998,0.0 13.355711769999997,53.71492156,0.0 13.35581409,53.71487823999999,0.0 13.355879070000002,53.71485338,0.0 13.356011899999997,53.714804519999994,0.0</coordinates>
                </LineString>
                <LineString id="14140">
                    <coordinates>13.35788894,53.71420623000001,0.0 13.358052859999999,53.71414991,0.0</coordinates>
                </LineString>
                <LineString id="14142">
                    <coordinates>13.356468009999999,53.714555610000005,0.0 13.356451279999998,53.71455961,0.0</coordinates>
                </LineString>
                <LineString id="14144">
                    <coordinates>13.356892590000001,53.71449391,0.0 13.356827009999998,53.71442282999999,0.0 13.35680515,53.71442474,0.0</coordinates>
                </LineString>
                <LineString id="14146">
                    <coordinates>13.35644506,53.71465217999999,0.0 13.356531399999998,53.71462323,0.0</coordinates>
                </LineString>
                <LineString id="14148">
                    <coordinates>13.357237409999998,53.71437072999999,0.0 13.357163279999998,53.714293239999996,0.0 13.357138589999998,53.71429896999999,0.0</coordinates>
                </LineString>
                <LineString id="14150">
                    <coordinates>13.35654586,53.71461799,0.0 13.35669432,53.714564100000004,0.0 13.356892590000001,53.71449391,0.0</coordinates>
                </LineString>
                <LineString id="14152">
                    <coordinates>13.357137059999998,53.71440715999999,0.0 13.357237409999998,53.71437072999999,0.0</coordinates>
                </LineString>
                <LineString id="14154">
                    <coordinates>13.35737844,53.71432152,0.0 13.35738369,53.71431974,0.0 13.357414769999998,53.714309169999986,0.0 13.357445679999998,53.714290080000005,0.0 13.35747135,53.71427258000001,0.0</coordinates>
                </LineString>
                <LineString id="14156">
                    <coordinates>13.357307090000003,53.71434558000001,0.0 13.357322650000002,53.714339980000005,0.0</coordinates>
                </LineString>
                <LineString id="14158">
                    <coordinates>13.358329599999998,53.71391471,0.0 13.358420650000001,53.71388904,0.0 13.35846581,53.71387715999999,0.0 13.358558640000002,53.71385723000001,0.0</coordinates>
                </LineString>
                <LineString id="14160">
                    <coordinates>13.358052859999999,53.71414991,0.0 13.35816627,53.71427048,0.0 13.35815641,53.71427773,0.0</coordinates>
                </LineString>
                <LineString id="14162">
                    <coordinates>13.358052859999999,53.71414991,0.0 13.358124999999998,53.714121289999994,0.0</coordinates>
                </LineString>
                <LineString id="14164">
                    <coordinates>13.358436549999999,53.71424038000001,0.0 13.35844239,53.71424827,0.0 13.358355889999999,53.71427973,0.0 13.358341009999998,53.71427119999999,0.0</coordinates>
                </LineString>
                <LineString id="14166">
                    <coordinates>13.358800169999999,53.713882149999996,0.0 13.358887609999998,53.71395661999999,0.0 13.358926690000002,53.713998700000005,0.0 13.358930030000002,53.71404813999999,0.0 13.35889662,53.7140774,0.0 13.35887394,53.71405785,0.0 13.3588605,53.714033369999996,0.0</coordinates>
                </LineString>
                <LineString id="14168">
                    <coordinates>13.35826443,53.714070369999995,0.0 13.358301259999998,53.71405686000001,0.0</coordinates>
                </LineString>
                <LineString id="14170">
                    <coordinates>13.36046798,53.71328670999999,0.0 13.360485809999998,53.71330075,0.0 13.360526789999998,53.71335343,0.0</coordinates>
                </LineString>
                <LineString id="14172">
                    <coordinates>13.358301259999998,53.71405686000001,0.0 13.35860477,53.71394801,0.0 13.358800169999999,53.713882149999996,0.0</coordinates>
                </LineString>
                <LineString id="14174">
                    <coordinates>13.36011271,53.71342443,0.0 13.36024457,53.71337901999999,0.0 13.3603405,53.71334203000001,0.0 13.36046798,53.71328670999999,0.0</coordinates>
                </LineString>
                <LineString id="14176">
                    <coordinates>13.359384,53.71360867999999,0.0 13.35933698,53.71356196,0.0</coordinates>
                </LineString>
                <LineString id="14178">
                    <coordinates>13.358721260000001,53.71383178999999,0.0 13.358719769999999,53.713832279999984,0.0 13.358558640000002,53.71385723000001,0.0</coordinates>
                </LineString>
                <LineString id="14180">
                    <coordinates>13.360068010000003,53.713376960000005,0.0 13.359937939999998,53.71341883999998,0.0 13.3596277,53.71352439,0.0 13.359384,53.71360867999999,0.0</coordinates>
                </LineString>
                <LineString id="14182">
                    <coordinates>13.35576182,53.715034839999994,0.0 13.355851949999998,53.71510506,0.0 13.356120519999997,53.715313910000006,0.0 13.35629989,53.71545127000001,0.0 13.356353569999996,53.71549478999999,0.0 13.3564773,53.71559352,0.0</coordinates>
                </LineString>
                <LineString id="14184">
                    <coordinates>13.35658569,53.71567844,0.0 13.356590639999999,53.715682319999985,0.0 13.356696769999997,53.71577043999999,0.0 13.356726359999998,53.715793009999985,0.0</coordinates>
                </LineString>
                <LineString id="14186">
                    <coordinates>13.356726359999998,53.715793009999985,0.0 13.356742429999999,53.71580633999999,0.0</coordinates>
                </LineString>
                <LineString id="14188">
                    <coordinates>13.356742429999999,53.71580633999999,0.0 13.35681855,53.715869909999995,0.0</coordinates>
                </LineString>
                <LineString id="14190">
                    <coordinates>13.35681855,53.715869909999995,0.0 13.3568943,53.71593112000001,0.0</coordinates>
                </LineString>
                <LineString id="14192">
                    <coordinates>13.356742429999999,53.71580633999999,0.0 13.356782299999999,53.71578885,0.0</coordinates>
                </LineString>
                <LineString id="14194">
                    <coordinates>13.35681855,53.715869909999995,0.0 13.35686544,53.71585385999999,0.0</coordinates>
                </LineString>
                <LineString id="14196">
                    <coordinates>13.35728043,53.71622214999999,0.0 13.35728395,53.716229899999995,0.0</coordinates>
                </LineString>
                <LineString id="14198">
                    <coordinates>13.35709986,53.71634021,0.0 13.357081300000003,53.71634390999999,0.0</coordinates>
                </LineString>
                <LineString id="14200">
                    <coordinates>13.357311749999997,53.71636880999999,0.0 13.357307089999999,53.71637311,0.0</coordinates>
                </LineString>
                <LineString id="14202">
                    <coordinates>13.35728982,53.71625985000001,0.0 13.35730097,53.716295469999984,0.0</coordinates>
                </LineString>
                <LineString id="14204">
                    <coordinates>13.356886779999998,53.7163768,0.0 13.356589850000002,53.71628462999999,0.0 13.35647069,53.71621355,0.0 13.356363489999998,53.71613935,0.0 13.35631968,53.71609335,0.0 13.356348420000002,53.71608185,0.0</coordinates>
                </LineString>
                <LineString id="14206">
                    <coordinates>13.356886779999998,53.7163768,0.0 13.356811579999999,53.71641373,0.0</coordinates>
                </LineString>
                <LineString id="14208">
                    <coordinates>13.357081300000003,53.71634390999999,0.0 13.35704819,53.71627874000001,0.0 13.356886779999998,53.7163768,0.0</coordinates>
                </LineString>
                <LineString id="14210">
                    <coordinates>13.35646756,53.716579689999996,0.0 13.356483019999997,53.716580150000006,0.0 13.35651088,53.71660367,0.0</coordinates>
                </LineString>
                <LineString id="14212">
                    <coordinates>13.356072689999998,53.71669846,0.0 13.355832020000001,53.71651172,0.0 13.355742949999998,53.716374729999984,0.0 13.35567105,53.71630369,0.0 13.355652189999997,53.71629827,0.0</coordinates>
                </LineString>
                <LineString id="14214">
                    <coordinates>13.356490769999999,53.716570559999994,0.0 13.35646756,53.716579689999996,0.0</coordinates>
                </LineString>
                <LineString id="14216">
                    <coordinates>13.35646756,53.716579689999996,0.0 13.35611314,53.71672984,0.0</coordinates>
                </LineString>
                <LineString id="14218">
                    <coordinates>13.354298609999999,53.71700997,0.0 13.354331770000002,53.71706055,0.0 13.354487890000001,53.71701834,0.0 13.354881769999999,53.71690695,0.0 13.35495429,53.71700727999999,0.0 13.355042429999997,53.71713655999999,0.0 13.35512661,53.71725192,0.0</coordinates>
                </LineString>
                <LineString id="14220">
                    <coordinates>13.355150750000002,53.71728428,0.0 13.35512661,53.71725192,0.0</coordinates>
                </LineString>
                <LineString id="14222">
                    <coordinates>13.355150750000002,53.71728428,0.0 13.35516483,53.717305839999995,0.0</coordinates>
                </LineString>
                <LineString id="14224">
                    <coordinates>13.355187630000001,53.71734134,0.0 13.355190929999997,53.71734682,0.0 13.35525363,53.71744315000001,0.0 13.355328459999999,53.71755682999999,0.0</coordinates>
                </LineString>
                <LineString id="14226">
                    <coordinates>13.355366939999998,53.71761176999999,0.0 13.355247479999996,53.717640089999996,0.0 13.355235179999998,53.71763136999999,0.0</coordinates>
                </LineString>
                <LineString id="14228">
                    <coordinates>13.355328459999999,53.71755682999999,0.0 13.355430379999996,53.71753557,0.0</coordinates>
                </LineString>
                <LineString id="14230">
                    <coordinates>13.355430379999996,53.71753557,0.0 13.35540256,53.71748852999999,0.0 13.35559108,53.71745139000001,0.0 13.355616029999998,53.71749396999999,0.0</coordinates>
                </LineString>
                <LineString id="14232">
                    <coordinates>13.35553918,53.71788558,0.0 13.35556951,53.71793364,0.0 13.35562299,53.71801815999999,0.0</coordinates>
                </LineString>
                <LineString id="14234">
                    <coordinates>13.355328459999999,53.71755682999999,0.0 13.355366939999998,53.71761176999999,0.0</coordinates>
                </LineString>
                <LineString id="14236">
                    <coordinates>13.355627329999997,53.718024839999984,0.0 13.35564048,53.7180447,0.0</coordinates>
                </LineString>
                <LineString id="14238">
                    <coordinates>13.355664919999999,53.71808684999999,0.0 13.35557778,53.71811183,0.0</coordinates>
                </LineString>
                <LineString id="14240">
                    <coordinates>13.35564048,53.7180447,0.0 13.35573414,53.71802628,0.0</coordinates>
                </LineString>
                <LineString id="14242">
                    <coordinates>13.35573414,53.71802628,0.0 13.35582302,53.71802401,0.0 13.355945649999997,53.71802430999999,0.0 13.35615998,53.71802632,0.0 13.356157699999999,53.71809827,0.0 13.356139539999997,53.71809891999999,0.0</coordinates>
                </LineString>
                <LineString id="14244">
                    <coordinates>13.355664919999999,53.71808684999999,0.0 13.355691919999998,53.71813708999999,0.0 13.35571203,53.71820036999999,0.0 13.355717149999998,53.71823530999998,0.0</coordinates>
                </LineString>
                <LineString id="14246">
                    <coordinates>13.35564048,53.7180447,0.0 13.355664919999999,53.71808684999999,0.0</coordinates>
                </LineString>
                <LineString id="14248">
                    <coordinates>13.355717149999998,53.71823530999998,0.0 13.35577354,53.71823451999999,0.0</coordinates>
                </LineString>
                <LineString id="14250">
                    <coordinates>13.35576632,53.718365039999995,0.0 13.35575638,53.71840556,0.0 13.355692489999997,53.71851715999999,0.0 13.35566869,53.71857721999999,0.0</coordinates>
                </LineString>
                <LineString id="14252">
                    <coordinates>13.356080730000002,53.71883488,0.0 13.356108329999998,53.718836519999996,0.0 13.35621859,53.718842820000006,0.0 13.35632963,53.71884601,0.0 13.356364009999997,53.71884791,0.0 13.35647337,53.71885109,0.0</coordinates>
                </LineString>
                <LineString id="14254">
                    <coordinates>13.35566869,53.71857721999999,0.0 13.355663949999999,53.71859678999999,0.0</coordinates>
                </LineString>
                <LineString id="14256">
                    <coordinates>13.35647337,53.71885109,0.0 13.356472649999999,53.71888839999999,0.0</coordinates>
                </LineString>
                <LineString id="14258">
                    <coordinates>13.356472649999999,53.71888839999999,0.0 13.356463820000002,53.71903359,0.0</coordinates>
                </LineString>
                <LineString id="14260">
                    <coordinates>13.357285300000001,53.71623989,0.0 13.3572868,53.71624987999999,0.0 13.35728982,53.71625985000001,0.0</coordinates>
                </LineString>
                <LineString id="14262">
                    <coordinates>13.35730097,53.716295469999984,0.0 13.35732068,53.71634510999999,0.0</coordinates>
                </LineString>
                <LineString id="14264">
                    <coordinates>13.357477460000002,53.716755860000006,0.0 13.35748827,53.716785449999996,0.0 13.3575005,53.716813499999994,0.0</coordinates>
                </LineString>
                <LineString id="14266">
                    <coordinates>13.35746969,53.7167395,0.0 13.357477460000002,53.716755860000006,0.0</coordinates>
                </LineString>
                <LineString id="14268">
                    <coordinates>13.357506320000002,53.7168282,0.0 13.35755265,53.716817709999994,0.0 13.357605079999999,53.71680459,0.0 13.357750960000004,53.716755160000005,0.0 13.357710370000001,53.716707930000005,0.0</coordinates>
                </LineString>
                <LineString id="14270">
                    <coordinates>13.357506320000002,53.7168282,0.0 13.357568420000002,53.71699036,0.0 13.35761152,53.717104469999995,0.0 13.357680589999998,53.71728243,0.0</coordinates>
                </LineString>
                <LineString id="14272">
                    <coordinates>13.35768521,53.71729589,0.0 13.357688179999998,53.717304809999995,0.0</coordinates>
                </LineString>
                <LineString id="14274">
                    <coordinates>13.357689639999997,53.71730854999999,0.0 13.35773454,53.71742979999999,0.0 13.357764609999998,53.71750659999999,0.0</coordinates>
                </LineString>
                <LineString id="14276">
                    <coordinates>13.35779626,53.717588860000006,0.0 13.35772518,53.71767602,0.0</coordinates>
                </LineString>
                <LineString id="14278">
                    <coordinates>13.35779626,53.717588860000006,0.0 13.35783063,53.71765257,0.0</coordinates>
                </LineString>
                <LineString id="14280">
                    <coordinates>13.357764609999998,53.71750659999999,0.0 13.35779626,53.717588860000006,0.0</coordinates>
                </LineString>
                <LineString id="14282">
                    <coordinates>13.35785621,53.71769446999999,0.0 13.35787468,53.717724559999986,0.0 13.357905120000002,53.71777289999999,0.0 13.357959659999997,53.71784811999999,0.0 13.35799166,53.7178921,0.0 13.358068609999998,53.71797402000001,0.0 13.35812364,53.71802415,0.0 13.35819431,53.71808458999999,0.0 13.35828115,53.718149479999994,0.0 13.358361619999998,53.71820734999999,0.0 13.358464679999999,53.718277879999995,0.0 13.358568779999999,53.71833763,0.0 13.358693369999997,53.71839894,0.0 13.35878453,53.71843861999999,0.0 13.35889642,53.71848414,0.0 13.35894281,53.71849185,0.0 13.35898001,53.71850487999999,0.0</coordinates>
                </LineString>
                <LineString id="14284">
                    <coordinates>13.357965170000002,53.71713983000001,0.0 13.35808936,53.71723037999998,0.0 13.358135919999999,53.71726876999999,0.0 13.35818353,53.71732138,0.0 13.35832258,53.71746744000001,0.0 13.358381559999998,53.71753148,0.0</coordinates>
                </LineString>
                <LineString id="14286">
                    <coordinates>13.35800914,53.71711934,0.0 13.358030769999997,53.717109269999995,0.0</coordinates>
                </LineString>
                <LineString id="14288">
                    <coordinates>13.357680589999998,53.71728243,0.0 13.35769653,53.71726885,0.0 13.357756630000003,53.71723994,0.0 13.357833039999997,53.717200919999996,0.0 13.357965170000002,53.71713983000001,0.0</coordinates>
                </LineString>
                <LineString id="14290">
                    <coordinates>13.358030769999997,53.717109269999995,0.0 13.358110889999999,53.71707335999999,0.0 13.35824425,53.71701435,0.0</coordinates>
                </LineString>
                <LineString id="14292">
                    <coordinates>13.358416209999998,53.7169298,0.0 13.358538680000002,53.71687318,0.0 13.35869989,53.716791920000006,0.0</coordinates>
                </LineString>
                <LineString id="14294">
                    <coordinates>13.35824425,53.71701435,0.0 13.358416209999998,53.7169298,0.0</coordinates>
                </LineString>
                <LineString id="14296">
                    <coordinates>13.35877154,53.71675274,0.0 13.358795230000002,53.71676924,0.0</coordinates>
                </LineString>
                <LineString id="14298">
                    <coordinates>13.358965050000002,53.71663541,0.0 13.358985269999998,53.716646499999996,0.0</coordinates>
                </LineString>
                <LineString id="14300">
                    <coordinates>13.35869989,53.716791920000006,0.0 13.35877154,53.71675274,0.0</coordinates>
                </LineString>
                <LineString id="14302">
                    <coordinates>13.358965050000002,53.71663541,0.0 13.35906858,53.716580689999994,0.0 13.35923345,53.71650737,0.0 13.35941009,53.71642142,0.0</coordinates>
                </LineString>
                <LineString id="14304">
                    <coordinates>13.35877154,53.71675274,0.0 13.35883807,53.71671652,0.0 13.358893659999998,53.71668168999997,0.0 13.358965050000002,53.71663541,0.0</coordinates>
                </LineString>
                <LineString id="14306">
                    <coordinates>13.35941009,53.71642142,0.0 13.359355410000001,53.71638748000001,0.0</coordinates>
                </LineString>
                <LineString id="14308">
                    <coordinates>13.359355410000001,53.71638748000001,0.0 13.359324849999998,53.71640579,0.0 13.35929128,53.7163963,0.0</coordinates>
                </LineString>
                <LineString id="14310">
                    <coordinates>13.35941009,53.71642142,0.0 13.35943016,53.71641045,0.0</coordinates>
                </LineString>
                <LineString id="14312">
                    <coordinates>13.359480809999999,53.716381989999995,0.0 13.35955905,53.71642595000001,0.0</coordinates>
                </LineString>
                <LineString id="14314">
                    <coordinates>13.359480809999999,53.716381989999995,0.0 13.359564080000002,53.71633174,0.0 13.359586309999997,53.71631894,0.0 13.359605370000002,53.71630440999999,0.0</coordinates>
                </LineString>
                <LineString id="14316">
                    <coordinates>13.35943016,53.71641045,0.0 13.359480809999999,53.716381989999995,0.0</coordinates>
                </LineString>
                <LineString id="14318">
                    <coordinates>13.359669149999998,53.716266749999996,0.0 13.359742,53.71635109,0.0 13.3598227,53.716446379999994,0.0 13.35987286,53.71650229,0.0 13.3599155,53.71655127999999,0.0 13.3599853,53.71663342999999,0.0 13.360092719999999,53.716761219999995,0.0 13.360112890000002,53.71675538,0.0</coordinates>
                </LineString>
                <LineString id="14320">
                    <coordinates>13.359669149999998,53.716266749999996,0.0 13.359735629999998,53.716212689999985,0.0 13.3598111,53.71615452999999,0.0 13.359833859999998,53.716131589999996,0.0</coordinates>
                </LineString>
                <LineString id="14322">
                    <coordinates>13.359605370000002,53.71630440999999,0.0 13.359637010000002,53.716286059999995,0.0 13.359669149999998,53.716266749999996,0.0</coordinates>
                </LineString>
                <LineString id="14324">
                    <coordinates>13.359846820000001,53.71612063,0.0 13.359864869999996,53.71612886,0.0</coordinates>
                </LineString>
                <LineString id="14326">
                    <coordinates>13.359833859999998,53.716131589999996,0.0 13.359846820000001,53.71612063,0.0</coordinates>
                </LineString>
                <LineString id="14328">
                    <coordinates>13.35995135,53.715928440000006,0.0 13.359851929999998,53.71588274,0.0</coordinates>
                </LineString>
                <LineString id="14330">
                    <coordinates>13.359846820000001,53.71612063,0.0 13.359860769999997,53.716109470000006,0.0</coordinates>
                </LineString>
                <LineString id="14332">
                    <coordinates>13.360068389999999,53.71590509,0.0 13.36007236,53.71590117,0.0 13.36008722,53.715886309999995,0.0 13.36009638,53.71587836999999,0.0</coordinates>
                </LineString>
                <LineString id="14334">
                    <coordinates>13.35992305,53.7160507,0.0 13.35997557,53.71599574,0.0 13.3600165,53.715957970000005,0.0</coordinates>
                </LineString>
                <LineString id="14336">
                    <coordinates>13.36059352,53.71656768,0.0 13.360607379999998,53.71658472,0.0</coordinates>
                </LineString>
                <LineString id="14338">
                    <coordinates>13.36009638,53.71587836999999,0.0 13.36013291,53.71585445999999,0.0 13.36019196,53.71581604,0.0 13.360284009999999,53.71575842,0.0 13.3603313,53.71573359,0.0 13.360368799999996,53.71571565999999,0.0 13.360391559999998,53.71570281999999,0.0 13.36041956,53.71569625999999,0.0 13.36045383,53.715690679999994,0.0 13.36048643,53.71569292,0.0 13.360527839999996,53.71569918,0.0 13.36056584,53.71571226999999,0.0 13.360616859999997,53.71574232999999,0.0 13.360827449999999,53.71587080999999,0.0 13.36099971,53.71598294999999,0.0 13.361090449999999,53.7160764,0.0 13.36124007,53.71619085999999,0.0</coordinates>
                </LineString>
                <LineString id="14340">
                    <coordinates>13.357630479999997,53.7174566,0.0 13.357501829999999,53.71748584000001,0.0 13.35750452,53.71750212999999,0.0</coordinates>
                </LineString>
                <LineString id="14342">
                    <coordinates>13.357630479999997,53.7174566,0.0 13.35763997,53.71747391999999,0.0 13.357673239999999,53.717560759999984,0.0 13.35772518,53.71767602,0.0</coordinates>
                </LineString>
                <LineString id="14344">
                    <coordinates>13.35696805,53.71723819000001,0.0 13.356964530000003,53.71722902000001,0.0 13.357055400000002,53.71721272,0.0 13.357080019999998,53.71725157,0.0 13.357434470000001,53.71718730999999,0.0 13.357445419999998,53.71720238999999,0.0 13.35748982,53.71719178000001,0.0 13.357569209999998,53.71733952999999,0.0 13.357630479999997,53.7174566,0.0</coordinates>
                </LineString>
                <LineString id="14346">
                    <coordinates>13.35772518,53.71767602,0.0 13.357782569999998,53.71777784,0.0</coordinates>
                </LineString>
                <LineString id="14348">
                    <coordinates>13.357782569999998,53.71777784,0.0 13.357821660000003,53.71783057999999,0.0</coordinates>
                </LineString>
                <LineString id="14350">
                    <coordinates>13.357821660000003,53.71783057999999,0.0 13.357862959999999,53.717887869999984,0.0 13.357956560000002,53.718002729999995,0.0 13.35801648,53.71807147,0.0 13.358070049999998,53.718134209999995,0.0 13.35808503,53.71815226999999,0.0 13.35810368,53.718175290000005,0.0</coordinates>
                </LineString>
                <LineString id="14352">
                    <coordinates>13.357821660000003,53.71783057999999,0.0 13.357790929999998,53.717838629999996,0.0</coordinates>
                </LineString>
                <LineString id="14354">
                    <coordinates>13.35810368,53.718175290000005,0.0 13.358087749999997,53.71816803000001,0.0 13.3579384,53.718196309999996,0.0</coordinates>
                </LineString>
                <LineString id="14356">
                    <coordinates>13.35783063,53.71765257,0.0 13.357852609999997,53.71764733999999,0.0</coordinates>
                </LineString>
                <LineString id="14358">
                    <coordinates>13.357764609999998,53.71750659999999,0.0 13.357788069999998,53.71750355999999,0.0</coordinates>
                </LineString>
                <LineString id="14360">
                    <coordinates>13.357969420000002,53.71897021000001,0.0 13.357964049999998,53.718990639999994,0.0 13.357923129999996,53.71903976999999,0.0</coordinates>
                </LineString>
                <LineString id="14362">
                    <coordinates>13.35792138,53.71904905,0.0 13.357919609999998,53.71905794999999,0.0</coordinates>
                </LineString>
                <LineString id="14364">
                    <coordinates>13.357891869999998,53.71917627999999,0.0 13.35788213,53.719271799999994,0.0</coordinates>
                </LineString>
                <LineString id="14366">
                    <coordinates>13.357877539999999,53.71929047,0.0 13.357876490000002,53.71929486,0.0</coordinates>
                </LineString>
                <LineString id="14368">
                    <coordinates>13.357876490000002,53.71929486,0.0 13.357839100000001,53.7194192,0.0 13.357793299999999,53.71958462,0.0 13.35775417,53.71971885,0.0 13.35771331,53.71986555,0.0 13.35766537,53.72002829000001,0.0</coordinates>
                </LineString>
                <LineString id="14370">
                    <coordinates>13.357682919999998,53.71938362,0.0 13.357636589999998,53.719379819999986,0.0</coordinates>
                </LineString>
                <LineString id="14372">
                    <coordinates>13.3576523,53.71949384,0.0 13.35760684,53.71949059,0.0</coordinates>
                </LineString>
                <LineString id="14374">
                    <coordinates>13.357710639999997,53.71928071999999,0.0 13.357682919999998,53.71938362,0.0</coordinates>
                </LineString>
                <LineString id="14376">
                    <coordinates>13.3576523,53.71949384,0.0 13.35761997,53.71960877,0.0 13.357577779999998,53.71960431,0.0</coordinates>
                </LineString>
                <LineString id="14378">
                    <coordinates>13.357682919999998,53.71938362,0.0 13.3576523,53.71949384,0.0</coordinates>
                </LineString>
                <LineString id="14380">
                    <coordinates>13.35766537,53.72002829000001,0.0 13.35749129,53.72002743,0.0 13.357304779999996,53.72002598999999,0.0</coordinates>
                </LineString>
                <LineString id="14382">
                    <coordinates>13.357304779999996,53.72002598999999,0.0 13.35725896,53.72002560000001,0.0</coordinates>
                </LineString>
                <LineString id="14384">
                    <coordinates>13.357235539999998,53.72002612,0.0 13.35725055,53.719975,0.0</coordinates>
                </LineString>
                <LineString id="14386">
                    <coordinates>13.357235539999998,53.72002612,0.0 13.357190759999998,53.72002592999999,0.0</coordinates>
                </LineString>
                <LineString id="14388">
                    <coordinates>13.35725896,53.72002560000001,0.0 13.357235539999998,53.72002612,0.0</coordinates>
                </LineString>
                <LineString id="14390">
                    <coordinates>13.357190759999998,53.72002592999999,0.0 13.35705772,53.72002667999999,0.0</coordinates>
                </LineString>
                <LineString id="14392">
                    <coordinates>13.35705772,53.72002667999999,0.0 13.35705433,53.72008447000001,0.0</coordinates>
                </LineString>
                <LineString id="14394">
                    <coordinates>13.356721209999998,53.720026219999994,0.0 13.356605420000001,53.72002620000001,0.0 13.35640499,53.72002137,0.0</coordinates>
                </LineString>
                <LineString id="14396">
                    <coordinates>13.35705772,53.72002667999999,0.0 13.356861859999999,53.720026289999986,0.0 13.356721209999998,53.720026219999994,0.0</coordinates>
                </LineString>
                <LineString id="14398">
                    <coordinates>13.35640499,53.72002137,0.0 13.35639912,53.72005801,0.0 13.356392659999997,53.720076389999996,0.0</coordinates>
                </LineString>
                <LineString id="14400">
                    <coordinates>13.356392659999997,53.720076389999996,0.0 13.356386689999999,53.72008724999999,0.0 13.35638623,53.72009574999999,0.0 13.356380069999998,53.72010517999999,0.0</coordinates>
                </LineString>
                <LineString id="14402">
                    <coordinates>13.356380069999998,53.72010517999999,0.0 13.356376489999999,53.72011504,0.0</coordinates>
                </LineString>
                <LineString id="14404">
                    <coordinates>13.35634682,53.72002005000001,0.0 13.35615636,53.720015739999994,0.0</coordinates>
                </LineString>
                <LineString id="14406">
                    <coordinates>13.35586727,53.720006799999986,0.0 13.355604069999998,53.71999723,0.0 13.355444649999999,53.71999393000001,0.0</coordinates>
                </LineString>
                <LineString id="14408">
                    <coordinates>13.35615636,53.720015739999994,0.0 13.35586727,53.720006799999986,0.0</coordinates>
                </LineString>
                <LineString id="14410">
                    <coordinates>13.355243,53.71998716999999,0.0 13.355242480000001,53.71992876,0.0</coordinates>
                </LineString>
                <LineString id="14412">
                    <coordinates>13.355243,53.71998716999999,0.0 13.355050200000003,53.71997878999999,0.0</coordinates>
                </LineString>
                <LineString id="14414">
                    <coordinates>13.355444649999999,53.71999393000001,0.0 13.355243,53.71998716999999,0.0</coordinates>
                </LineString>
                <LineString id="14416">
                    <coordinates>13.355050200000003,53.71997878999999,0.0 13.355046429999998,53.72001587999999,0.0</coordinates>
                </LineString>
                <LineString id="14418">
                    <coordinates>13.353275360000001,53.72020217,0.0 13.35323032,53.72019337999999,0.0</coordinates>
                </LineString>
                <LineString id="14420">
                    <coordinates>13.35766537,53.72002829000001,0.0 13.357617240000002,53.72019066,0.0 13.35759867,53.72027208999999,0.0</coordinates>
                </LineString>
                <LineString id="14422">
                    <coordinates>13.35759867,53.72027208999999,0.0 13.35757188,53.72036813999999,0.0</coordinates>
                </LineString>
                <LineString id="14424">
                    <coordinates>13.357560459999998,53.72040349999999,0.0 13.35754257,53.72047278999999,0.0</coordinates>
                </LineString>
                <LineString id="14426">
                    <coordinates>13.35759867,53.72027208999999,0.0 13.35745174,53.7202616,0.0</coordinates>
                </LineString>
                <LineString id="14428">
                    <coordinates>13.35754257,53.72047278999999,0.0 13.357392729999999,53.720462349999984,0.0</coordinates>
                </LineString>
                <LineString id="14430">
                    <coordinates>13.35754257,53.72047278999999,0.0 13.35751356,53.72059715999998,0.0 13.35748302,53.72074342,0.0 13.357482909999998,53.720768989999996,0.0 13.35746001,53.72087115,0.0 13.357410119999999,53.72104445999999,0.0 13.3573674,53.72118596999999,0.0 13.35731675,53.72136282,0.0 13.357264849999998,53.72155562,0.0 13.357214669999998,53.7217404,0.0 13.357162569999998,53.721924550000004,0.0</coordinates>
                </LineString>
                <LineString id="14432">
                    <coordinates>13.355451899999998,53.717747609999996,0.0 13.35553918,53.71788558,0.0</coordinates>
                </LineString>
                <LineString id="14434">
                    <coordinates>13.35732068,53.71634510999999,0.0 13.357325149999998,53.71635656999999,0.0</coordinates>
                </LineString>
                <LineString id="14436">
                    <coordinates>13.35718479,53.71597860999999,0.0 13.357227329999997,53.71596829999999,0.0 13.35728024,53.71595918,0.0 13.35736135,53.71594187000001,0.0 13.3574301,53.715931639999994,0.0</coordinates>
                </LineString>
                <LineString id="14438">
                    <coordinates>13.3574301,53.715931639999994,0.0 13.357508469999999,53.71591216,0.0 13.357570509999999,53.71589873999999,0.0 13.357671409999998,53.715878409999995,0.0</coordinates>
                </LineString>
                <LineString id="14440">
                    <coordinates>13.357789749999998,53.71585207999999,0.0 13.357818560000002,53.71584363,0.0 13.357866239999998,53.7158334,0.0 13.357983180000002,53.71581013,0.0 13.35807117,53.7157954,0.0 13.3581864,53.71577954999999,0.0</coordinates>
                </LineString>
                <LineString id="14442">
                    <coordinates>13.357671409999998,53.715878409999995,0.0 13.357789749999998,53.71585207999999,0.0</coordinates>
                </LineString>
                <LineString id="14444">
                    <coordinates>13.3581864,53.71577954999999,0.0 13.35827848,53.71576569999998,0.0 13.358424699999999,53.715745909999995,0.0 13.358540710000002,53.71572903,0.0 13.35859493,53.71572010999999,0.0</coordinates>
                </LineString>
                <LineString id="14446">
                    <coordinates>13.35859493,53.71572010999999,0.0 13.35857998,53.71569982000001,0.0</coordinates>
                </LineString>
                <LineString id="14448">
                    <coordinates>13.35859493,53.71572010999999,0.0 13.358633139999998,53.71571667999999,0.0 13.358702669999998,53.715704549999984,0.0 13.35879985,53.715690609999996,0.0</coordinates>
                </LineString>
                <LineString id="14450">
                    <coordinates>13.35900576,53.715663039999995,0.0 13.35903551,53.715659249999995,0.0</coordinates>
                </LineString>
                <LineString id="14452">
                    <coordinates>13.35879985,53.715690609999996,0.0 13.358859410000003,53.715680670000005,0.0 13.358929060000001,53.71567410000001,0.0 13.35900576,53.715663039999995,0.0</coordinates>
                </LineString>
                <LineString id="14454">
                    <coordinates>13.35879985,53.715690609999996,0.0 13.35882867,53.715742779999985,0.0</coordinates>
                </LineString>
                <LineString id="14456">
                    <coordinates>13.35882867,53.715742779999985,0.0 13.35878367,53.71581649,0.0</coordinates>
                </LineString>
                <LineString id="14458">
                    <coordinates>13.35903551,53.715659249999995,0.0 13.35919049,53.71562877000001,0.0</coordinates>
                </LineString>
                <LineString id="14460">
                    <coordinates>13.35966391,53.71552259,0.0 13.35959813,53.71545034999999,0.0</coordinates>
                </LineString>
                <LineString id="14462">
                    <coordinates>13.35966391,53.71552259,0.0 13.35971572,53.71551021,0.0 13.35976831,53.71549,0.0 13.35982267,53.715471840000006,0.0 13.35985384,53.71546303999999,0.0</coordinates>
                </LineString>
                <LineString id="14464">
                    <coordinates>13.35919049,53.71562877000001,0.0 13.35930997,53.715605790000005,0.0 13.359357989999998,53.71559767000001,0.0 13.3594321,53.71558402,0.0 13.35948176,53.7155751,0.0 13.35966391,53.71552259,0.0</coordinates>
                </LineString>
                <LineString id="14466">
                    <coordinates>13.360132839999999,53.71536423,0.0 13.360069849999999,53.71529563000001,0.0</coordinates>
                </LineString>
                <LineString id="14468">
                    <coordinates>13.360132839999999,53.71536423,0.0 13.360175169999996,53.715350359999995,0.0 13.360236409999999,53.71532445999999,0.0 13.36037752,53.71527101,0.0 13.36043621,53.71524476,0.0</coordinates>
                </LineString>
                <LineString id="14470">
                    <coordinates>13.35985384,53.71546303999999,0.0 13.359991940000002,53.71541441000001,0.0 13.360076140000002,53.71538549,0.0 13.360132839999999,53.71536423,0.0</coordinates>
                </LineString>
                <LineString id="14472">
                    <coordinates>13.360472069999998,53.71523213999998,0.0 13.36032129,53.715006699999996,0.0</coordinates>
                </LineString>
                <LineString id="14474">
                    <coordinates>13.36043621,53.71524476,0.0 13.360472069999998,53.71523213999998,0.0</coordinates>
                </LineString>
                <LineString id="14476">
                    <coordinates>13.36095123,53.715026980000005,0.0 13.36104466,53.714989079999995,0.0 13.361085690000001,53.71497056999999,0.0</coordinates>
                </LineString>
                <LineString id="14478">
                    <coordinates>13.360472069999998,53.71523213999998,0.0 13.360562309999997,53.71519321999999,0.0 13.360724539999996,53.71512482,0.0 13.36095123,53.715026980000005,0.0</coordinates>
                </LineString>
                <LineString id="14480">
                    <coordinates>13.361085690000001,53.71497056999999,0.0 13.361161739999998,53.71501238,0.0</coordinates>
                </LineString>
                <LineString id="14482">
                    <coordinates>13.361161739999998,53.71501238,0.0 13.361254389999997,53.7150732,0.0 13.361284489999997,53.715095059999996,0.0 13.361318059999999,53.71513461999999,0.0 13.361271290000001,53.71516948000001,0.0 13.36115253,53.71524664,0.0 13.36108757,53.71529423999999,0.0 13.36113883,53.71532864,0.0</coordinates>
                </LineString>
                <LineString id="14484">
                    <coordinates>13.36134287,53.71486235999999,0.0 13.36142589,53.71482903,0.0 13.361552739999999,53.71477954,0.0 13.361583110000002,53.71475962000001,0.0</coordinates>
                </LineString>
                <LineString id="14486">
                    <coordinates>13.361085690000001,53.71497056999999,0.0 13.361146380000001,53.71494565,0.0 13.36134287,53.71486235999999,0.0</coordinates>
                </LineString>
                <LineString id="14488">
                    <coordinates>13.361583110000002,53.71475962000001,0.0 13.361593529999999,53.71476516,0.0 13.36163569,53.71480798999998,0.0</coordinates>
                </LineString>
                <LineString id="14490">
                    <coordinates>13.361583110000002,53.71475962000001,0.0 13.361641420000002,53.7147412,0.0 13.36166086,53.714730499999995,0.0 13.36167343,53.71470621999999,0.0</coordinates>
                </LineString>
                <LineString id="14492">
                    <coordinates>13.36167343,53.71470621999999,0.0 13.36173386,53.71469173999999,0.0 13.361860469999998,53.71466412,0.0</coordinates>
                </LineString>
                <LineString id="14494">
                    <coordinates>13.361860469999998,53.71466412,0.0 13.36197219,53.71462991,0.0</coordinates>
                </LineString>
                <LineString id="14496">
                    <coordinates>13.36167343,53.71470621999999,0.0 13.36165722,53.71466938999999,0.0 13.361619340000003,53.71457941,0.0 13.361579049999998,53.71447363000001,0.0 13.36156044,53.71442232999999,0.0 13.36154165,53.71436638,0.0 13.36153253,53.71425705,0.0 13.36152699,53.71415440999999,0.0 13.361529550000002,53.71409909,0.0 13.361515849999998,53.71406121,0.0 13.3614364,53.713948949999995,0.0</coordinates>
                </LineString>
                <LineString id="14498">
                    <coordinates>13.362093539999998,53.71459665,0.0 13.362170730000003,53.71457467,0.0</coordinates>
                </LineString>
                <LineString id="14500">
                    <coordinates>13.36197219,53.71462991,0.0 13.362093539999998,53.71459665,0.0</coordinates>
                </LineString>
                <LineString id="14502">
                    <coordinates>13.362170730000003,53.71457467,0.0 13.362251819999997,53.71455012999999,0.0</coordinates>
                </LineString>
                <LineString id="14504">
                    <coordinates>13.362251819999997,53.71455012999999,0.0 13.362311229999998,53.71460008,0.0</coordinates>
                </LineString>
                <LineString id="14506">
                    <coordinates>13.362311229999998,53.71460008,0.0 13.362368839999998,53.714658549999996,0.0</coordinates>
                </LineString>
                <LineString id="14508">
                    <coordinates>13.362311229999998,53.71460008,0.0 13.36236465,53.71458626999999,0.0</coordinates>
                </LineString>
                <LineString id="14510">
                    <coordinates>13.36283373,53.71446041,0.0 13.36296975,53.71463686999999,0.0 13.363099000000002,53.71479964000001,0.0 13.363157270000002,53.71487476,0.0 13.36305985,53.71492611,0.0</coordinates>
                </LineString>
                <LineString id="14512">
                    <coordinates>13.362251819999997,53.71455012999999,0.0 13.362353939999998,53.714522309999985,0.0 13.36255237,53.71446841,0.0 13.362647149999999,53.71444129,0.0</coordinates>
                </LineString>
                <LineString id="14514">
                    <coordinates>13.36236465,53.71458626999999,0.0 13.36251254,53.714544069999995,0.0 13.36273802,53.71448513,0.0 13.36283373,53.71446041,0.0</coordinates>
                </LineString>
                <LineString id="14516">
                    <coordinates>13.36317025,53.71428680000001,0.0 13.36324321,53.71426489000001,0.0 13.363401920000001,53.71420832,0.0 13.363561199999998,53.714153079999996,0.0 13.363847629999997,53.714050289999996,0.0</coordinates>
                </LineString>
                <LineString id="14518">
                    <coordinates>13.362647149999999,53.71444129,0.0 13.362754119999998,53.71441242,0.0 13.36291206,53.714367020000005,0.0 13.362966639999998,53.71435121999999,0.0 13.363097319999998,53.71431077999999,0.0 13.36317025,53.71428680000001,0.0</coordinates>
                </LineString>
                <LineString id="14520">
                    <coordinates>13.363847629999997,53.714050289999996,0.0 13.363860129999999,53.714065319999996,0.0 13.36389091,53.71409888,0.0</coordinates>
                </LineString>
                <LineString id="14522">
                    <coordinates>13.36390335,53.71402832999999,0.0 13.363844949999999,53.71396324,0.0</coordinates>
                </LineString>
                <LineString id="14524">
                    <coordinates>13.363847629999997,53.714050289999996,0.0 13.36390335,53.71402832999999,0.0</coordinates>
                </LineString>
                <LineString id="14526">
                    <coordinates>13.35898001,53.71850487999999,0.0 13.35900537,53.71851367,0.0 13.35914236,53.71856452000001,0.0 13.359292969999998,53.71862038999999,0.0 13.359458879999998,53.71868167000001,0.0 13.359559060000002,53.71872084,0.0 13.359601729999998,53.71874005999999,0.0 13.359691929999999,53.71877251,0.0 13.359839839999998,53.71882659,0.0 13.35996666,53.71887333,0.0 13.360108009999998,53.71892422999999,0.0 13.36021229,53.71893521,0.0 13.36040288,53.71901412000001,0.0 13.36054824,53.71906533,0.0 13.36064189,53.71909981,0.0 13.360677720000002,53.71911315999999,0.0 13.360722389999998,53.71912240999999,0.0 13.360803889999998,53.71913688,0.0 13.360957149999999,53.71919561,0.0 13.361178269999998,53.71927748,0.0 13.361321049999999,53.71933185,0.0 13.361436949999998,53.71937453999999,0.0 13.361588229999999,53.719432389999994,0.0</coordinates>
                </LineString>
                <LineString id="14528">
                    <coordinates>13.355401879999999,53.71792835,0.0 13.355504359999998,53.71789405,0.0 13.35553918,53.71788558,0.0</coordinates>
                </LineString>
                <LineString id="14530">
                    <coordinates>13.35718479,53.71597860999999,0.0 13.35720934,53.71601614,0.0 13.35725583,53.716086649999994,0.0 13.35728015,53.71613236,0.0 13.357290519999998,53.71619914,0.0 13.357296819999998,53.716225569999985,0.0 13.35728395,53.716229899999995,0.0</coordinates>
                </LineString>
                <LineString id="14532">
                    <coordinates>13.357307089999999,53.71637311,0.0 13.357310390000002,53.716381999999996,0.0</coordinates>
                </LineString>
                <LineString id="14534">
                    <coordinates>13.357325149999998,53.71635656999999,0.0 13.357311749999997,53.71636880999999,0.0</coordinates>
                </LineString>
                <LineString id="14536">
                    <coordinates>13.3568943,53.71593112000001,0.0 13.3569065,53.71594174999999,0.0 13.35692855,53.71595611000001,0.0 13.356995879999998,53.71598809,0.0 13.35702033,53.71599973000001,0.0 13.35707354,53.71602558,0.0 13.35711466,53.71606085999999,0.0 13.3572412,53.716171509999995,0.0 13.357268,53.71619445,0.0 13.35728043,53.71622214999999,0.0</coordinates>
                </LineString>
                <LineString id="14538">
                    <coordinates>13.35728395,53.716229899999995,0.0 13.357285300000001,53.71623989,0.0</coordinates>
                </LineString>
                <LineString id="14540">
                    <coordinates>13.352046150000001,53.712014209999985,0.0 13.35225578,53.71218025999999,0.0 13.35253152,53.712399129999994,0.0 13.352680709999998,53.71252051,0.0 13.352847039999999,53.712649879999994,0.0 13.35289747,53.71269271,0.0 13.353005979999999,53.71275509,0.0 13.35309559,53.71280961000001,0.0 13.353163959999996,53.71288451999999,0.0 13.35335227,53.713055080000004,0.0 13.35341972,53.713101869999996,0.0 13.35350795,53.71316245999999,0.0 13.353539249999999,53.71318935,0.0 13.35367532,53.71331405,0.0 13.35393108,53.71352129,0.0 13.35395703,53.71354023999999,0.0 13.353982529999996,53.713587409999995,0.0 13.354067860000002,53.71365917999999,0.0 13.354216069999998,53.71378271999998,0.0 13.35428939,53.71384443,0.0 13.35435749,53.71386086,0.0 13.35443875,53.71390946,0.0 13.354516280000002,53.713988239999985,0.0</coordinates>
                </LineString>
                <LineString id="14542">
                    <coordinates>13.359006819999998,53.71373272999999,0.0 13.358927869999999,53.713761439999985,0.0 13.358781789999998,53.71381099999999,0.0 13.358721260000001,53.71383178999999,0.0</coordinates>
                </LineString>
                <LineString id="14544">
                    <coordinates>13.35819624,53.71394660999999,0.0 13.358294300000003,53.71392209,0.0 13.358329599999998,53.71391471,0.0</coordinates>
                </LineString>
                <LineString id="14546">
                    <coordinates>13.357688179999998,53.717304809999995,0.0 13.357689639999997,53.71730854999999,0.0</coordinates>
                </LineString>
                <LineString id="14548">
                    <coordinates>13.357620589999998,53.71892210999999,0.0 13.35690875,53.718904189999996,0.0</coordinates>
                </LineString>
                <LineString id="14550">
                    <coordinates>13.35797778,53.71893772,0.0 13.357977129999997,53.71894046,0.0</coordinates>
                </LineString>
                <LineString id="14552">
                    <coordinates>13.357723259999998,53.71406237999999,0.0 13.357701029999998,53.71404268999999,0.0</coordinates>
                </LineString>
                <LineString id="14554">
                    <coordinates>13.35827073,53.713852970000005,0.0 13.358329599999998,53.71391471,0.0</coordinates>
                </LineString>
                <LineString id="14556">
                    <coordinates>13.355170400000002,53.717314370000004,0.0 13.355187630000001,53.71734134,0.0</coordinates>
                </LineString>
                <LineString id="14558">
                    <coordinates>13.355379579999997,53.71718576999999,0.0 13.35531577,53.71724624000001,0.0 13.355218409999999,53.717255380000005,0.0 13.35516483,53.717305839999995,0.0</coordinates>
                </LineString>
                <LineString id="14560">
                    <coordinates>13.35611314,53.71672984,0.0 13.356043250000003,53.71676177,0.0 13.355860799999999,53.71683894,0.0 13.35561735,53.71701168,0.0 13.35553997,53.71706915,0.0 13.35544306,53.71713901999999,0.0 13.355379579999997,53.71718576999999,0.0</coordinates>
                </LineString>
                <LineString id="14562">
                    <coordinates>13.3556598,53.71716131,0.0 13.355657900000002,53.71715422,0.0 13.355609119999999,53.71715974999999,0.0 13.355565759999998,53.71716595,0.0 13.355522289999998,53.71717325,0.0 13.355379579999997,53.71718576999999,0.0</coordinates>
                </LineString>
                <LineString id="14564">
                    <coordinates>13.35773552,53.714268589999996,0.0 13.357730109999999,53.71426303,0.0</coordinates>
                </LineString>
                <LineString id="14566">
                    <coordinates>13.357388739999998,53.71438519,0.0 13.35747344,53.71435556,0.0 13.357730109999999,53.71426303,0.0</coordinates>
                </LineString>
                <LineString id="14568">
                    <coordinates>13.357790349999998,53.71432398999999,0.0 13.35773552,53.714268589999996,0.0</coordinates>
                </LineString>
                <LineString id="14570">
                    <coordinates>13.357792079999998,53.714325509999995,0.0 13.357790349999998,53.71432398999999,0.0</coordinates>
                </LineString>
                <LineString id="14572">
                    <coordinates>13.357977129999997,53.71894046,0.0 13.357841,53.71892742,0.0</coordinates>
                </LineString>
                <LineString id="14574">
                    <coordinates>13.35505465,53.71448598999999,0.0 13.3550645,53.71449372,0.0</coordinates>
                </LineString>
                <LineString id="14576">
                    <coordinates>13.35477012,53.71399758,0.0 13.35482726,53.714042469999995,0.0 13.3546305,53.71413775999999,0.0 13.354624439999997,53.71415429999999,0.0</coordinates>
                </LineString>
                <LineString id="14578">
                    <coordinates>13.354516280000002,53.713988239999985,0.0 13.354531449999998,53.71402844999999,0.0 13.354624439999997,53.71415429999999,0.0</coordinates>
                </LineString>
                <LineString id="14580">
                    <coordinates>13.360011209999998,53.71610105999999,0.0 13.36002564,53.71608974999999,0.0 13.359947779999999,53.71605846999999,0.0 13.35992305,53.7160507,0.0</coordinates>
                </LineString>
                <LineString id="14582">
                    <coordinates>13.359860769999997,53.716109470000006,0.0 13.359915769999999,53.7160581,0.0 13.35992305,53.7160507,0.0</coordinates>
                </LineString>
                <LineString id="14584">
                    <coordinates>13.35705433,53.72008447000001,0.0 13.35705265,53.72013478000001,0.0 13.35700381,53.72038448,0.0 13.35700292,53.72038914,0.0</coordinates>
                </LineString>
                <LineString id="14586">
                    <coordinates>13.35700292,53.72038914,0.0 13.35700066,53.72040151000001,0.0</coordinates>
                </LineString>
                <LineString id="14588">
                    <coordinates>13.35730097,53.716295469999984,0.0 13.35727016,53.71630252999999,0.0</coordinates>
                </LineString>
                <LineString id="14590">
                    <coordinates>13.35727016,53.71630252999999,0.0 13.357133949999998,53.716333299999995,0.0 13.35709986,53.71634021,0.0</coordinates>
                </LineString>
                <LineString id="14592">
                    <coordinates>13.35757188,53.72036813999999,0.0 13.35756272,53.720394760000005,0.0 13.357560459999998,53.72040349999999,0.0</coordinates>
                </LineString>
                <LineString id="14594">
                    <coordinates>13.353275360000001,53.72020217,0.0 13.353355879999997,53.72009790999999,0.0 13.35348613,53.71993874,0.0 13.353579659999998,53.71996114,0.0</coordinates>
                </LineString>
                <LineString id="14596">
                    <coordinates>13.355046429999998,53.72001587999999,0.0 13.35453188,53.719991799999995,0.0 13.35420406,53.71997616,0.0 13.353978979999999,53.71996799,0.0 13.353748959999999,53.71996142,0.0 13.353579659999998,53.71996114,0.0</coordinates>
                </LineString>
                <LineString id="14598">
                    <coordinates>13.35640499,53.72002137,0.0 13.35634682,53.72002005000001,0.0</coordinates>
                </LineString>
                <LineString id="14600">
                    <coordinates>13.357876490000002,53.71929486,0.0 13.357710639999997,53.71928071999999,0.0</coordinates>
                </LineString>
                <LineString id="14602">
                    <coordinates>13.35788213,53.719271799999994,0.0 13.357877539999999,53.71929047,0.0</coordinates>
                </LineString>
                <LineString id="14604">
                    <coordinates>13.357923129999996,53.71903976999999,0.0 13.35792138,53.71904905,0.0</coordinates>
                </LineString>
                <LineString id="14606">
                    <coordinates>13.357841,53.71892742,0.0 13.357814189999997,53.718924839999985,0.0 13.35767198,53.71892320999999,0.0 13.357620589999998,53.71892210999999,0.0</coordinates>
                </LineString>
                <LineString id="14608">
                    <coordinates>13.355663949999999,53.71859678999999,0.0 13.356016609999998,53.71851396999998,0.0</coordinates>
                </LineString>
                <LineString id="14610">
                    <coordinates>13.35562299,53.71801815999999,0.0 13.355627329999997,53.718024839999984,0.0</coordinates>
                </LineString>
                <LineString id="14612">
                    <coordinates>13.35577354,53.71823451999999,0.0 13.35577828,53.71827922,0.0 13.35577573,53.71831089,0.0 13.35576632,53.718365039999995,0.0</coordinates>
                </LineString>
                <LineString id="14614">
                    <coordinates>13.355366939999998,53.71761176999999,0.0 13.35537703,53.71763092999999,0.0 13.3554328,53.71771767999999,0.0 13.355451899999998,53.717747609999996,0.0</coordinates>
                </LineString>
                <LineString id="14616">
                    <coordinates>13.35516483,53.717305839999995,0.0 13.355170400000002,53.717314370000004,0.0</coordinates>
                </LineString>
                <LineString id="14618">
                    <coordinates>13.356811579999999,53.71641373,0.0 13.356755069999998,53.71644562999999,0.0 13.35663444,53.71651390999999,0.0 13.356490769999999,53.716570559999994,0.0</coordinates>
                </LineString>
                <LineString id="14620">
                    <coordinates>13.35611314,53.71672984,0.0 13.356072689999998,53.71669846,0.0</coordinates>
                </LineString>
                <LineString id="14622">
                    <coordinates>13.35783063,53.71765257,0.0 13.35785621,53.71769446999999,0.0</coordinates>
                </LineString>
                <LineString id="14624">
                    <coordinates>13.357680589999998,53.71728243,0.0 13.35768521,53.71729589,0.0</coordinates>
                </LineString>
                <LineString id="14626">
                    <coordinates>13.357965170000002,53.71713983000001,0.0 13.35800914,53.71711934,0.0</coordinates>
                </LineString>
                <LineString id="14628">
                    <coordinates>13.357310390000002,53.716381999999996,0.0 13.35732393,53.716418589999996,0.0 13.357363289999997,53.71651356000001,0.0 13.357436239999997,53.716668719999994,0.0 13.35746969,53.7167395,0.0</coordinates>
                </LineString>
                <LineString id="14630">
                    <coordinates>13.3564773,53.71559352,0.0 13.35658569,53.71567844,0.0</coordinates>
                </LineString>
                <LineString id="14632">
                    <coordinates>13.35559505,53.714907319999995,0.0 13.355615319999997,53.714922709999996,0.0</coordinates>
                </LineString>
                <LineString id="14634">
                    <coordinates>13.356531399999998,53.71462323,0.0 13.35654586,53.71461799,0.0</coordinates>
                </LineString>
                <LineString id="14636">
                    <coordinates>13.356892590000001,53.71449391,0.0 13.357077349999999,53.714428989999995,0.0 13.357137059999998,53.71440715999999,0.0</coordinates>
                </LineString>
                <LineString id="14638">
                    <coordinates>13.3600165,53.715957970000005,0.0 13.360068389999999,53.71590509,0.0</coordinates>
                </LineString>
                <LineString id="14640">
                    <coordinates>13.36059352,53.71656768,0.0 13.360580559999997,53.71655171999999,0.0 13.360663010000001,53.7165257,0.0 13.360810249999998,53.716479070000005,0.0</coordinates>
                </LineString>
                <LineString id="14642">
                    <coordinates>13.36009638,53.71587836999999,0.0 13.360117389999997,53.71587029999999,0.0 13.360177639999998,53.71591965999999,0.0 13.360359150000003,53.716069000000005,0.0 13.36050408,53.71619302,0.0 13.3606042,53.71629026,0.0 13.36074739,53.71642303,0.0 13.360810249999998,53.716479070000005,0.0</coordinates>
                </LineString>
                <LineString id="14644">
                    <coordinates>13.354997250000002,53.714441490000006,0.0 13.355036979999998,53.71447229999999,0.0</coordinates>
                </LineString>
                <LineString id="14646">
                    <coordinates>13.35345946,53.71564554,0.0 13.353454509999999,53.71564542,0.0</coordinates>
                </LineString>
                <LineString id="14648">
                    <coordinates>13.353408529999998,53.71564416999999,0.0 13.353307919999999,53.71564347999999,0.0</coordinates>
                </LineString>
                <LineString id="14650">
                    <coordinates>13.35830765,53.71706419,0.0 13.35834741,53.71709594,0.0</coordinates>
                </LineString>
                <LineString id="14652">
                    <coordinates>13.35824425,53.71701435,0.0 13.35830765,53.71706419,0.0</coordinates>
                </LineString>
                <LineString id="14654">
                    <coordinates>13.358124999999998,53.714121289999994,0.0 13.35826443,53.714070369999995,0.0</coordinates>
                </LineString>
                <LineString id="14656">
                    <coordinates>13.358301259999998,53.71405686000001,0.0 13.358436549999999,53.71424038000001,0.0</coordinates>
                </LineString>
                <LineString id="14658">
                    <coordinates>13.357730109999999,53.71426303,0.0 13.357857059999999,53.71421708999999,0.0 13.35788894,53.71420623000001,0.0</coordinates>
                </LineString>
                <LineString id="14660">
                    <coordinates>13.35795399,53.71401912000001,0.0 13.357953400000001,53.7140195,0.0 13.357812709999997,53.714078539999996,0.0</coordinates>
                </LineString>
                <LineString id="14662">
                    <coordinates>13.357765459999998,53.71410453,0.0 13.357812709999997,53.714078539999996,0.0</coordinates>
                </LineString>
                <LineString id="14664">
                    <coordinates>13.357237409999998,53.71437072999999,0.0 13.357307090000003,53.71434558000001,0.0</coordinates>
                </LineString>
                <LineString id="14666">
                    <coordinates>13.35733868,53.71433464,0.0 13.35737844,53.71432152,0.0</coordinates>
                </LineString>
                <LineString id="14668">
                    <coordinates>13.357258440000003,53.71443119999999,0.0 13.357355380000001,53.71439697,0.0</coordinates>
                </LineString>
                <LineString id="14670">
                    <coordinates>13.359071419999998,53.71370932999999,0.0 13.359006819999998,53.71373272999999,0.0</coordinates>
                </LineString>
                <LineString id="14672">
                    <coordinates>13.359384,53.71360867999999,0.0 13.359332499999999,53.71362301,0.0 13.35909726,53.71369989999999,0.0 13.359071419999998,53.71370932999999,0.0</coordinates>
                </LineString>
                <LineString id="14674">
                    <coordinates>13.36007415,53.713374259999995,0.0 13.360042799999999,53.71330928,0.0</coordinates>
                </LineString>
                <LineString id="14676">
                    <coordinates>13.35982027,53.71328188999999,0.0 13.359826329999999,53.713270490000006,0.0 13.359882919999999,53.713252589999996,0.0 13.35995829,53.713226999999996,0.0 13.360042799999999,53.71330928,0.0</coordinates>
                </LineString>
                <LineString id="14678">
                    <coordinates>13.36007415,53.713374259999995,0.0 13.36006996,53.71337629999999,0.0 13.360068010000003,53.713376960000005,0.0</coordinates>
                </LineString>
                <LineString id="14680">
                    <coordinates>13.3601071,53.713418499999996,0.0 13.36011271,53.71342443,0.0</coordinates>
                </LineString>
                <LineString id="14682">
                    <coordinates>13.357723259999998,53.71406237999999,0.0 13.357765459999998,53.71410453,0.0</coordinates>
                </LineString>
                <LineString id="14684">
                    <coordinates>13.35747135,53.71427258000001,0.0 13.35752198,53.71423758,0.0 13.357765459999998,53.71410453,0.0</coordinates>
                </LineString>
                <LineString id="14686">
                    <coordinates>13.357977129999997,53.71894046,0.0 13.357969420000002,53.71897021000001,0.0</coordinates>
                </LineString>
                <LineString id="14688">
                    <coordinates>13.357989539999998,53.718892489999995,0.0 13.35797778,53.71893772,0.0</coordinates>
                </LineString>
                <LineString id="14690">
                    <coordinates>13.358230670000001,53.71841346,0.0 13.358168330000002,53.71850165,0.0 13.358087689999998,53.71864701999999,0.0 13.35803668,53.71876424,0.0 13.35800794,53.71882209,0.0 13.357989539999998,53.718892489999995,0.0</coordinates>
                </LineString>
                <LineString id="14692">
                    <coordinates>13.354624439999997,53.71415429999999,0.0 13.354837619999996,53.71431991,0.0 13.354981939999998,53.71442989,0.0</coordinates>
                </LineString>
                <LineString id="14694">
                    <coordinates>13.355036979999998,53.71447229999999,0.0 13.35505465,53.71448598999999,0.0</coordinates>
                </LineString>
                <LineString id="14696">
                    <coordinates>13.356531399999998,53.71462323,0.0 13.356468009999999,53.714555610000005,0.0</coordinates>
                </LineString>
                <LineString id="14698">
                    <coordinates>13.357322650000002,53.714339980000005,0.0 13.35733868,53.71433464,0.0</coordinates>
                </LineString>
                <LineString id="14700">
                    <coordinates>13.357355380000001,53.71439697,0.0 13.357388739999998,53.71438519,0.0</coordinates>
                </LineString>
                <LineString id="14702">
                    <coordinates>13.35734043,53.714336339999996,0.0 13.35738603,53.714382410000006,0.0</coordinates>
                </LineString>
                <LineString id="14704">
                    <coordinates>13.35733868,53.71433464,0.0 13.35734043,53.714336339999996,0.0</coordinates>
                </LineString>
                <LineString id="14706">
                    <coordinates>13.360071279999996,53.71338037,0.0 13.3601071,53.713418499999996,0.0</coordinates>
                </LineString>
                <LineString id="14708">
                    <coordinates>13.360068010000003,53.713376960000005,0.0 13.360071279999996,53.71338037,0.0</coordinates>
                </LineString>
                <LineString id="14710">
                    <coordinates>13.358096420000003,53.71398328,0.0 13.3581158,53.713976040000006,0.0 13.35819624,53.71394660999999,0.0</coordinates>
                </LineString>
                <LineString id="14712">
                    <coordinates>13.35795399,53.71401912000001,0.0 13.358096420000003,53.71398328,0.0</coordinates>
                </LineString>
                <LineString id="14714">
                    <coordinates>13.35849552,53.71720425,0.0 13.35856548,53.71727233,0.0</coordinates>
                </LineString>
                <LineString id="14716">
                    <coordinates>13.35856548,53.71727233,0.0 13.358556339999996,53.71727772,0.0</coordinates>
                </LineString>
                <LineString id="14718">
                    <coordinates>13.357919609999998,53.71905794999999,0.0 13.357891869999998,53.71917627999999,0.0</coordinates>
                </LineString>
                <LineString id="14720">
                    <coordinates>13.35834741,53.71709594,0.0 13.358394709999999,53.71710514,0.0 13.35849552,53.71720425,0.0</coordinates>
                </LineString>
                <LineString id="14722">
                    <coordinates>13.355663949999999,53.71859678999999,0.0 13.35565978,53.71862038,0.0 13.35566839,53.71864749,0.0 13.355675620000001,53.71866542000001,0.0 13.355696709999998,53.71869236999999,0.0 13.35573177,53.71873216999999,0.0 13.355764589999998,53.718759150000004,0.0 13.355807459999998,53.718784979999995,0.0 13.35586444,53.71880526999999,0.0 13.35592107,53.71881476000001,0.0 13.356076349999997,53.71883461999999,0.0 13.356080730000002,53.71883488,0.0</coordinates>
                </LineString>
                <LineString id="14724">
                    <coordinates>13.35996184,53.71593318,0.0 13.35995135,53.715928440000006,0.0</coordinates>
                </LineString>
                <LineString id="14726">
                    <coordinates>13.24015248,53.71795764000001,0.0 13.24002791,53.71799851,0.0 13.239715770000002,53.718101510000004,0.0 13.23932895,53.71823217,0.0 13.239074830000002,53.71832023,0.0 13.238756690000002,53.718436659999995,0.0 13.238547000000002,53.71850916,0.0 13.2383624,53.71857516,0.0 13.238189459999997,53.71863706999999,0.0 13.23809129,53.71867283000001,0.0 13.23788011,53.7187391,0.0 13.23760983,53.71882492,0.0</coordinates>
                </LineString>
                <LineString id="14728">
                    <coordinates>13.23760983,53.71882492,0.0 13.23748566,53.71885698,0.0 13.23744509,53.71886687999999,0.0 13.23730222,53.71892132,0.0 13.23719263,53.71896277,0.0 13.23708298,53.71900613,0.0 13.237026439999998,53.71902845,0.0 13.236978610000001,53.71904870000001,0.0</coordinates>
                </LineString>
                <LineString id="14730">
                    <coordinates>13.236978610000001,53.71904870000001,0.0 13.236849699999999,53.71914733999999,0.0 13.236655509999999,53.71928625999999,0.0 13.236589659999998,53.719336629999994,0.0 13.236558269999996,53.71949899999999,0.0</coordinates>
                </LineString>
                <LineString id="14732">
                    <coordinates>13.236558269999996,53.71949899999999,0.0 13.23622137,53.71955696999999,0.0</coordinates>
                </LineString>
                <LineString id="14734">
                    <coordinates>13.23622137,53.71955696999999,0.0 13.23613011,53.71959379999999,0.0</coordinates>
                </LineString>
                <LineString id="14736">
                    <coordinates>13.23610328,53.719624200000005,0.0 13.236089890000002,53.71960459,0.0</coordinates>
                </LineString>
                <LineString id="14738">
                    <coordinates>13.236089890000002,53.71960459,0.0 13.23606389,53.719552549999996,0.0</coordinates>
                </LineString>
                <LineString id="14740">
                    <coordinates>13.23606389,53.719552549999996,0.0 13.23603795,53.71951782999999,0.0 13.235987589999999,53.71945846999999,0.0 13.235959639999999,53.719423049999996,0.0 13.235895570000002,53.71934011,0.0 13.23585455,53.71929166,0.0 13.23578854,53.71914768999999,0.0 13.235765809999998,53.71909725,0.0 13.235708129999999,53.71898492999999,0.0 13.235663659999998,53.71890476999999,0.0 13.235718460000003,53.71889438,0.0 13.23567944,53.718807309999995,0.0 13.235733809999997,53.71872603999999,0.0 13.235870789999998,53.718728699999986,0.0 13.235881729999997,53.718612259999986,0.0 13.23586034,53.71860958999999,0.0</coordinates>
                </LineString>
                <LineString id="14742">
                    <coordinates>13.23613011,53.71959379999999,0.0 13.23610328,53.719624200000005,0.0</coordinates>
                </LineString>
                <LineString id="14744">
                    <coordinates>13.24015248,53.71795764000001,0.0 13.24020988,53.71794609,0.0</coordinates>
                </LineString>
                <LineString id="14746">
                    <coordinates>13.24020988,53.71794609,0.0 13.24027527,53.717933359999996,0.0 13.240357380000003,53.717856989999994,0.0 13.240673949999998,53.71775056,0.0 13.241053540000001,53.71762229,0.0 13.241325559999996,53.71753434,0.0 13.24190941,53.717324729999994,0.0 13.242375979999997,53.71715552,0.0 13.242765029999997,53.717015749999995,0.0 13.24317087,53.71687578999999,0.0 13.243604889999997,53.71672315999999,0.0 13.24400662,53.716578319999996,0.0 13.24447348,53.71640984999999,0.0 13.2449036,53.71625814,0.0 13.245263749999996,53.71612879999999,0.0 13.24561515,53.716003439999994,0.0</coordinates>
                </LineString>
                <LineString id="14748">
                    <coordinates>13.24561515,53.716003439999994,0.0 13.245774589999998,53.715945909999995,0.0 13.246238840000002,53.715777460000005,0.0 13.24661658,53.71563936999999,0.0 13.24707036,53.71547773,0.0 13.24744981,53.71533109000001,0.0 13.247830519999999,53.715190099999994,0.0 13.248151870000001,53.7150562,0.0</coordinates>
                </LineString>
                <LineString id="14750">
                    <coordinates>13.248151870000001,53.7150562,0.0 13.248172350000003,53.715047659999996,0.0</coordinates>
                </LineString>
                <LineString id="14752">
                    <coordinates>13.26119155,53.6943636,0.0 13.261136729999999,53.69439120999999,0.0 13.26110198,53.694408519999996,0.0 13.260973629999997,53.69444379999999,0.0 13.2608764,53.6944929,0.0 13.260836219999998,53.694511389999995,0.0 13.260710219999998,53.69454361999999,0.0</coordinates>
                </LineString>
                <LineString id="14754">
                    <coordinates>13.262719459999998,53.694447079999996,0.0 13.26258656,53.694481530000004,0.0 13.26245696,53.69451173999998,0.0 13.262291159999998,53.694543040000006,0.0 13.262152910000001,53.694561859999986,0.0 13.262014079999998,53.694569169999994,0.0 13.261898110000002,53.69456502,0.0 13.261697040000001,53.69453098,0.0 13.261571259999998,53.69450920999999,0.0</coordinates>
                </LineString>
                <LineString id="14756">
                    <coordinates>13.261571259999998,53.69450920999999,0.0 13.26146966,53.69447936,0.0 13.26141269,53.69445709,0.0 13.26128749,53.69440097999999,0.0</coordinates>
                </LineString>
                <LineString id="14758">
                    <coordinates>13.26128749,53.69440097999999,0.0 13.2611989,53.694359909999996,0.0</coordinates>
                </LineString>
                <LineString id="14760">
                    <coordinates>13.248194119999999,53.692745699999996,0.0 13.248192579999998,53.69272594,0.0</coordinates>
                </LineString>
                <LineString id="14762">
                    <coordinates>13.248208709999998,53.69288686,0.0 13.248204130000001,53.69282481,0.0 13.248197170000001,53.69276769,0.0 13.248194119999999,53.692745699999996,0.0</coordinates>
                </LineString>
                <LineString id="14764">
                    <coordinates>13.248192579999998,53.69272594,0.0 13.248181900000002,53.69265838,0.0</coordinates>
                </LineString>
                <LineString id="14766">
                    <coordinates>13.248181900000002,53.69265838,0.0 13.24817997,53.692644810000004,0.0</coordinates>
                </LineString>
                <LineString id="14768">
                    <coordinates>13.248240680000002,53.692134550000006,0.0 13.248347299999999,53.69213648,0.0</coordinates>
                </LineString>
                <LineString id="14770">
                    <coordinates>13.24817997,53.692644810000004,0.0 13.248176789999999,53.69262103,0.0</coordinates>
                </LineString>
                <LineString id="14772">
                    <coordinates>13.248200219999998,53.692153019999985,0.0 13.24816788,53.69221153,0.0 13.248153889999998,53.69229616,0.0 13.248148959999998,53.69236720999998,0.0 13.248152039999997,53.692401509999996,0.0 13.248156399999997,53.692455349999996,0.0 13.248164449999999,53.69250992999999,0.0 13.24817057,53.69256998,0.0 13.248176789999999,53.69262103,0.0</coordinates>
                </LineString>
                <LineString id="14774">
                    <coordinates>13.248233049999998,53.69213445999999,0.0 13.248200219999998,53.692153019999985,0.0</coordinates>
                </LineString>
                <LineString id="14776">
                    <coordinates>13.24868822,53.69293974999999,0.0 13.248863580000002,53.69293400000001,0.0</coordinates>
                </LineString>
                <LineString id="14778">
                    <coordinates>13.248336550000001,53.69295026999999,0.0 13.248423059999999,53.69294815999999,0.0 13.248521879999998,53.69294537999999,0.0</coordinates>
                </LineString>
                <LineString id="14780">
                    <coordinates>13.248521879999998,53.69294537999999,0.0 13.248561539999999,53.69294423,0.0 13.24868822,53.69293974999999,0.0</coordinates>
                </LineString>
                <LineString id="14782">
                    <coordinates>13.248208709999998,53.69288686,0.0 13.248302629999996,53.69295112999999,0.0 13.248336550000001,53.69295026999999,0.0</coordinates>
                </LineString>
                <LineString id="14784">
                    <coordinates>13.248863580000002,53.69293400000001,0.0 13.24912931,53.69292046,0.0</coordinates>
                </LineString>
                <LineString id="14786">
                    <coordinates>13.249310219999998,53.692919790000005,0.0 13.24937158,53.69291701,0.0</coordinates>
                </LineString>
                <LineString id="14788">
                    <coordinates>13.24912931,53.69292046,0.0 13.2491362,53.69292082,0.0</coordinates>
                </LineString>
                <LineString id="14790">
                    <coordinates>13.249217759999999,53.69292308999999,0.0 13.249310219999998,53.692919790000005,0.0</coordinates>
                </LineString>
                <LineString id="14792">
                    <coordinates>13.249549339999998,53.69289910999999,0.0 13.2498021,53.69287086999999,0.0</coordinates>
                </LineString>
                <LineString id="14794">
                    <coordinates>13.24937158,53.69291701,0.0 13.24941399,53.69291250999999,0.0</coordinates>
                </LineString>
                <LineString id="14796">
                    <coordinates>13.2498021,53.69287086999999,0.0 13.249954569999998,53.69285012999999,0.0 13.25000456,53.69284269999999,0.0</coordinates>
                </LineString>
                <LineString id="14798">
                    <coordinates>13.253462460000001,53.69417527000001,0.0 13.253426519999998,53.69410099000001,0.0</coordinates>
                </LineString>
                <LineString id="14800">
                    <coordinates>13.253573329999998,53.69420498,0.0 13.253586389999999,53.69420809999999,0.0 13.25362442,53.69420737000001,0.0</coordinates>
                </LineString>
                <LineString id="14802">
                    <coordinates>13.253462460000001,53.69417527000001,0.0 13.2535115,53.69418797,0.0 13.253573329999998,53.69420498,0.0</coordinates>
                </LineString>
                <LineString id="14804">
                    <coordinates>13.25400091,53.69419564999999,0.0 13.254341309999997,53.69423274999999,0.0 13.254491120000003,53.69424814999999,0.0</coordinates>
                </LineString>
                <LineString id="14806">
                    <coordinates>13.25399662,53.69419576000001,0.0 13.25400091,53.69419564999999,0.0</coordinates>
                </LineString>
                <LineString id="14808">
                    <coordinates>13.254491120000003,53.69424814999999,0.0 13.25452714,53.69425497999998,0.0 13.25455853,53.69426246999999,0.0 13.254588779999999,53.69427384999999,0.0 13.2546104,53.69428345,0.0 13.25464243,53.694311739999996,0.0 13.25478416,53.69443755000001,0.0 13.254825339999998,53.69447229,0.0 13.254879209999999,53.69450879,0.0 13.254948019999999,53.694548309999995,0.0 13.255066880000001,53.69459485,0.0</coordinates>
                </LineString>
                <LineString id="14810">
                    <coordinates>13.253255449999996,53.69389645999999,0.0 13.25319717,53.693852230000005,0.0</coordinates>
                </LineString>
                <LineString id="14812">
                    <coordinates>13.25339197,53.69404048,0.0 13.253388039999997,53.694034249999994,0.0 13.25337541,53.69401594000001,0.0</coordinates>
                </LineString>
                <LineString id="14814">
                    <coordinates>13.25335088,53.69398134,0.0 13.253322659999998,53.69395082,0.0 13.253290630000002,53.69392446,0.0 13.25327051,53.69390762999999,0.0</coordinates>
                </LineString>
                <LineString id="14816">
                    <coordinates>13.25327051,53.69390762999999,0.0 13.253255449999996,53.69389645999999,0.0</coordinates>
                </LineString>
                <LineString id="14818">
                    <coordinates>13.25337541,53.69401594000001,0.0 13.25336307,53.69399386999999,0.0</coordinates>
                </LineString>
                <LineString id="14820">
                    <coordinates>13.25308004,53.69376962,0.0 13.25297955,53.693699829999986,0.0</coordinates>
                </LineString>
                <LineString id="14822">
                    <coordinates>13.253154560000002,53.69382156,0.0 13.25308004,53.69376962,0.0</coordinates>
                </LineString>
                <LineString id="14824">
                    <coordinates>13.25319717,53.693852230000005,0.0 13.253154560000002,53.69382156,0.0</coordinates>
                </LineString>
                <LineString id="14826">
                    <coordinates>13.25297429,53.69369543,0.0 13.25297955,53.693699829999986,0.0</coordinates>
                </LineString>
                <LineString id="14828">
                    <coordinates>13.25278417,53.69357627999999,0.0 13.25276172,53.69356259,0.0</coordinates>
                </LineString>
                <LineString id="14830">
                    <coordinates>13.252811329999998,53.69359318,0.0 13.252794119999999,53.693582479999996,0.0</coordinates>
                </LineString>
                <LineString id="14832">
                    <coordinates>13.25297429,53.69369543,0.0 13.252893069999999,53.693644209999995,0.0 13.252851389999998,53.69361812,0.0</coordinates>
                </LineString>
                <LineString id="14834">
                    <coordinates>13.252851389999998,53.69361812,0.0 13.252811329999998,53.69359318,0.0</coordinates>
                </LineString>
                <LineString id="14836">
                    <coordinates>13.25235781,53.693307479999994,0.0 13.252278679999996,53.69324543999999,0.0</coordinates>
                </LineString>
                <LineString id="14838">
                    <coordinates>13.25268067,53.69351696999999,0.0 13.2526327,53.69348976,0.0 13.252583529999999,53.693456479999995,0.0 13.25251772,53.69341600999999,0.0</coordinates>
                </LineString>
                <LineString id="14840">
                    <coordinates>13.250818709999999,53.692689019999996,0.0 13.250915439999998,53.692666859999996,0.0 13.25095625,53.69266193,0.0 13.251028949999998,53.69264425,0.0</coordinates>
                </LineString>
                <LineString id="14842">
                    <coordinates>13.251028949999998,53.69264425,0.0 13.25107997,53.6926318,0.0 13.25108622,53.69262684,0.0 13.25109337,53.69260805,0.0 13.25131203,53.69256605999999,0.0 13.25138583,53.69255155,0.0</coordinates>
                </LineString>
                <LineString id="14844">
                    <coordinates>13.25387026,53.69420051,0.0 13.253946249999998,53.69419732,0.0 13.25399662,53.69419576000001,0.0</coordinates>
                </LineString>
                <LineString id="14846">
                    <coordinates>13.253688839999999,53.69420573999999,0.0 13.253757949999997,53.69420405,0.0</coordinates>
                </LineString>
                <LineString id="14848">
                    <coordinates>13.253757949999997,53.69420405,0.0 13.25381882,53.69420260999999,0.0 13.25387026,53.69420051,0.0</coordinates>
                </LineString>
                <LineString id="14850">
                    <coordinates>13.25336307,53.69399386999999,0.0 13.25335088,53.69398134,0.0</coordinates>
                </LineString>
                <LineString id="14852">
                    <coordinates>13.2483978,53.69213821,0.0 13.248441109999998,53.692138599999986,0.0</coordinates>
                </LineString>
                <LineString id="14854">
                    <coordinates>13.248347299999999,53.69213648,0.0 13.2483978,53.69213821,0.0</coordinates>
                </LineString>
                <LineString id="14856">
                    <coordinates>13.249434429999999,53.6929105,0.0 13.24950612,53.69290341,0.0</coordinates>
                </LineString>
                <LineString id="14858">
                    <coordinates>13.24950612,53.69290341,0.0 13.249549339999998,53.69289910999999,0.0</coordinates>
                </LineString>
                <LineString id="14860">
                    <coordinates>13.248233049999998,53.69213445999999,0.0 13.248240680000002,53.692134550000006,0.0</coordinates>
                </LineString>
                <LineString id="14862">
                    <coordinates>13.268400399999999,53.695045189999995,0.0 13.268538979999999,53.69508565,0.0 13.268871189999997,53.69518199,0.0 13.269069489999998,53.695240569999996,0.0 13.26922243,53.69528467,0.0</coordinates>
                </LineString>
                <LineString id="14864">
                    <coordinates>13.262719459999998,53.694447079999996,0.0 13.26280239,53.69442712999999,0.0 13.26311021,53.69436472,0.0 13.26322278,53.69434704,0.0 13.26336204,53.694329790000005,0.0 13.26348369,53.694319619999995,0.0 13.263638179999997,53.69431155,0.0 13.26377997,53.69431317,0.0 13.263867279999998,53.694316529999995,0.0 13.26411759,53.69432919,0.0</coordinates>
                </LineString>
                <LineString id="14866">
                    <coordinates>13.26411759,53.69432919,0.0 13.264376749999998,53.69434072999999,0.0 13.264793519999998,53.69436294999999,0.0</coordinates>
                </LineString>
                <LineString id="14868">
                    <coordinates>13.264793519999998,53.69436294999999,0.0 13.26489446,53.6943672,0.0 13.265409439999999,53.69439262,0.0</coordinates>
                </LineString>
                <LineString id="14870">
                    <coordinates>13.27039435,53.69573812000001,0.0 13.270646810000002,53.695870170000006,0.0 13.270707130000002,53.695900310000006,0.0 13.27073451,53.695914419999994,0.0</coordinates>
                </LineString>
                <LineString id="14872">
                    <coordinates>13.256348800000001,53.69489745,0.0 13.256445680000002,53.695003159999985,0.0 13.256529540000002,53.69509187,0.0 13.256581570000002,53.695145000000004,0.0</coordinates>
                </LineString>
                <LineString id="14874">
                    <coordinates>13.256581570000002,53.695145000000004,0.0 13.256631560000002,53.69519731,0.0 13.256699679999999,53.69525751,0.0 13.256786059999998,53.695336329999996,0.0 13.256841429999998,53.69538667999999,0.0 13.256911199999998,53.695446270000005,0.0</coordinates>
                </LineString>
                <LineString id="14876">
                    <coordinates>13.256911199999998,53.695446270000005,0.0 13.25697325,53.69549872999999,0.0 13.25700232,53.69552452,0.0 13.25700936,53.69553054000001,0.0 13.257030809999998,53.69555112,0.0 13.25704566,53.695564229999995,0.0 13.25707208,53.69557989999999,0.0 13.257132839999997,53.69561257,0.0</coordinates>
                </LineString>
                <LineString id="14878">
                    <coordinates>13.257132839999997,53.69561257,0.0 13.25717924,53.695635880000005,0.0 13.257217969999997,53.69565022999999,0.0 13.257241750000002,53.69565864,0.0 13.25728166,53.69566955,0.0 13.257363519999998,53.69569475,0.0 13.25739447,53.69570378,0.0 13.257479409999998,53.695717169999995,0.0 13.25753147,53.69572522000001,0.0</coordinates>
                </LineString>
                <LineString id="14880">
                    <coordinates>13.257878830000001,53.69582804,0.0 13.257833,53.69587315,0.0 13.25777605,53.695907029999994,0.0 13.25774024,53.69593105,0.0 13.257702089999999,53.69596978999999,0.0 13.257663909999998,53.69600639,0.0 13.25764058,53.69603024999999,0.0</coordinates>
                </LineString>
            </MultiGeometry>
        </Placemark>
        <Placemark id="14887">
            <name>MultiPoint</name>
            <styleUrl>#15348</styleUrl>
            <MultiGeometry id="14886">
                <Point id="14888">
                    <coordinates>13.23596408,53.71886791999999,0.0</coordinates>
                </Point>
                <Point id="14890">
                    <coordinates>13.3588313962137,53.7140067497092,0.0</coordinates>
                </Point>
                <Point id="14892">
                    <coordinates>13.356226496999998,53.715748300999984,0.0</coordinates>
                </Point>
                <Point id="14894">
                    <coordinates>13.35834054,53.718378562999995,0.0</coordinates>
                </Point>
                <Point id="14896">
                    <coordinates>13.356763119999998,53.719910956,0.0</coordinates>
                </Point>
                <Point id="14898">
                    <coordinates>13.355852345000002,53.719937517999995,0.0</coordinates>
                </Point>
                <Point id="14900">
                    <coordinates>13.3584808419448,53.71602906325221,0.0</coordinates>
                </Point>
                <Point id="14902">
                    <coordinates>13.3589317905409,53.7158415123079,0.0</coordinates>
                </Point>
                <Point id="14904">
                    <coordinates>13.363041326297399,53.714935848485986,0.0</coordinates>
                </Point>
                <Point id="14906">
                    <coordinates>13.363228698636298,53.71463199195569,0.0</coordinates>
                </Point>
                <Point id="14908">
                    <coordinates>13.361964625949698,53.7149815380788,0.0</coordinates>
                </Point>
                <Point id="14910">
                    <coordinates>13.3623315857778,53.71468262900609,0.0</coordinates>
                </Point>
                <Point id="14912">
                    <coordinates>13.362437402900499,53.7146383181951,0.0</coordinates>
                </Point>
                <Point id="14914">
                    <coordinates>13.3620241806561,53.71448701744009,0.0</coordinates>
                </Point>
                <Point id="14916">
                    <coordinates>13.364174105861302,53.7140420312989,0.0</coordinates>
                </Point>
                <Point id="14918">
                    <coordinates>13.3625880289738,53.7143659533918,0.0</coordinates>
                </Point>
                <Point id="14920">
                    <coordinates>13.363002212588999,53.7139889227666,0.0</coordinates>
                </Point>
                <Point id="14922">
                    <coordinates>13.3638591752387,53.713922299498996,0.0</coordinates>
                </Point>
                <Point id="14924">
                    <coordinates>13.358958571674401,53.715566319143804,0.0</coordinates>
                </Point>
                <Point id="14926">
                    <coordinates>13.358582328265099,53.71566979448599,0.0</coordinates>
                </Point>
                <Point id="14928">
                    <coordinates>13.3585443490833,53.715679571017105,0.0</coordinates>
                </Point>
                <Point id="14930">
                    <coordinates>13.3580016982033,53.7154815308519,0.0</coordinates>
                </Point>
                <Point id="14932">
                    <coordinates>13.359103576863403,53.715536195081484,0.0</coordinates>
                </Point>
                <Point id="14934">
                    <coordinates>13.359554653478,53.71543429335879,0.0</coordinates>
                </Point>
                <Point id="14936">
                    <coordinates>13.3600188029748,53.715279192489106,0.0</coordinates>
                </Point>
                <Point id="14938">
                    <coordinates>13.3611142831578,53.7153806616337,0.0</coordinates>
                </Point>
                <Point id="14940">
                    <coordinates>13.361194362767398,53.71533780706871,0.0</coordinates>
                </Point>
                <Point id="14942">
                    <coordinates>13.361752062990302,53.715086320119305,0.0</coordinates>
                </Point>
                <Point id="14944">
                    <coordinates>13.3617896347421,53.71453578571089,0.0</coordinates>
                </Point>
                <Point id="14946">
                    <coordinates>13.361258596759699,53.71477685499969,0.0</coordinates>
                </Point>
                <Point id="14948">
                    <coordinates>13.360288369852299,53.7150150934874,0.0</coordinates>
                </Point>
                <Point id="14950">
                    <coordinates>13.3609075297533,53.7149715172042,0.0</coordinates>
                </Point>
                <Point id="14952">
                    <coordinates>13.360235506025598,53.714806424207296,0.0</coordinates>
                </Point>
                <Point id="14954">
                    <coordinates>13.3613447813553,53.713977109889406,0.0</coordinates>
                </Point>
                <Point id="14956">
                    <coordinates>13.357366994509599,53.71588083087338,0.0</coordinates>
                </Point>
                <Point id="14958">
                    <coordinates>13.357580245407796,53.715559769874794,0.0</coordinates>
                </Point>
                <Point id="14960">
                    <coordinates>13.3572907517131,53.71556240635239,0.0</coordinates>
                </Point>
                <Point id="14962">
                    <coordinates>13.356802047253902,53.719159644671,0.0</coordinates>
                </Point>
                <Point id="14964">
                    <coordinates>13.3569287494488,53.720397513498895,0.0</coordinates>
                </Point>
                <Point id="14966">
                    <coordinates>13.356887558000002,53.720403451,0.0</coordinates>
                </Point>
                <Point id="14968">
                    <coordinates>13.357343560731398,53.720459673243,0.0</coordinates>
                </Point>
                <Point id="14970">
                    <coordinates>13.357407693697299,53.72025858479049,0.0</coordinates>
                </Point>
                <Point id="14972">
                    <coordinates>13.357257542230501,53.719950594544,0.0</coordinates>
                </Point>
                <Point id="14974">
                    <coordinates>13.3531883458838,53.72016822395029,0.0</coordinates>
                </Point>
                <Point id="14976">
                    <coordinates>13.355243689414898,53.7198954653451,0.0</coordinates>
                </Point>
                <Point id="14978">
                    <coordinates>13.3562440588931,53.7198828640433,0.0</coordinates>
                </Point>
                <Point id="14980">
                    <coordinates>13.356372203946203,53.720169925131394,0.0</coordinates>
                </Point>
                <Point id="14982">
                    <coordinates>13.357534685844499,53.71960032961639,0.0</coordinates>
                </Point>
                <Point id="14984">
                    <coordinates>13.3575663889101,53.7194875966316,0.0</coordinates>
                </Point>
                <Point id="14986">
                    <coordinates>13.3576000271252,53.7193757070255,0.0</coordinates>
                </Point>
                <Point id="14988">
                    <coordinates>13.357867503157301,53.718209514483696,0.0</coordinates>
                </Point>
                <Point id="14990">
                    <coordinates>13.3577539624612,53.7178498811724,0.0</coordinates>
                </Point>
                <Point id="14992">
                    <coordinates>13.357528297293397,53.717542483189796,0.0</coordinates>
                </Point>
                <Point id="14994">
                    <coordinates>13.3568815416434,53.71727690092221,0.0</coordinates>
                </Point>
                <Point id="14996">
                    <coordinates>13.3564152461192,53.71903531504699,0.0</coordinates>
                </Point>
                <Point id="14998">
                    <coordinates>13.356088667869297,53.7185091642207,0.0</coordinates>
                </Point>
                <Point id="15000">
                    <coordinates>13.3560528603785,53.7180995973217,0.0</coordinates>
                </Point>
                <Point id="15002">
                    <coordinates>13.355543673881797,53.7181206230531,0.0</coordinates>
                </Point>
                <Point id="15004">
                    <coordinates>13.356042309208199,53.7183621159723,0.0</coordinates>
                </Point>
                <Point id="15006">
                    <coordinates>13.355207741411602,53.717595739744894,0.0</coordinates>
                </Point>
                <Point id="15008">
                    <coordinates>13.3556379113532,53.717531288591694,0.0</coordinates>
                </Point>
                <Point id="15010">
                    <coordinates>13.3553614042621,53.717939072366896,0.0</coordinates>
                </Point>
                <Point id="15012">
                    <coordinates>13.355276716531199,53.717789447137186,0.0</coordinates>
                </Point>
                <Point id="15014">
                    <coordinates>13.3542624873996,53.71701807218879,0.0</coordinates>
                </Point>
                <Point id="15016">
                    <coordinates>13.3565509472224,53.71664039261329,0.0</coordinates>
                </Point>
                <Point id="15018">
                    <coordinates>13.355663144199298,53.71717281318859,0.0</coordinates>
                </Point>
                <Point id="15020">
                    <coordinates>13.356404026016298,53.716062459045396,0.0</coordinates>
                </Point>
                <Point id="15022">
                    <coordinates>13.355572521291998,53.7163287762995,0.0</coordinates>
                </Point>
                <Point id="15024">
                    <coordinates>13.3578908504813,53.7176384337498,0.0</coordinates>
                </Point>
                <Point id="15026">
                    <coordinates>13.357820809919202,53.71750128655879,0.0</coordinates>
                </Point>
                <Point id="15028">
                    <coordinates>13.3570004561554,53.716797460956,0.0</coordinates>
                </Point>
                <Point id="15030">
                    <coordinates>13.3576363793412,53.7167333688135,0.0</coordinates>
                </Point>
                <Point id="15032">
                    <coordinates>13.3569023924661,53.71583903990909,0.0</coordinates>
                </Point>
                <Point id="15034">
                    <coordinates>13.356810516454498,53.71577619031219,0.0</coordinates>
                </Point>
                <Point id="15036">
                    <coordinates>13.356647909460902,53.7156537390184,0.0</coordinates>
                </Point>
                <Point id="15038">
                    <coordinates>13.3564281028864,53.71455629479381,0.0</coordinates>
                </Point>
                <Point id="15040">
                    <coordinates>13.356011120970399,53.71470514523609,0.0</coordinates>
                </Point>
                <Point id="15042">
                    <coordinates>13.356757447951399,53.71444451227179,0.0</coordinates>
                </Point>
                <Point id="15044">
                    <coordinates>13.357086656025398,53.71431647708749,0.0</coordinates>
                </Point>
                <Point id="15046">
                    <coordinates>13.361287598448397,53.716227770761286,0.0</coordinates>
                </Point>
                <Point id="15048">
                    <coordinates>13.359819754163901,53.71586620530929,0.0</coordinates>
                </Point>
                <Point id="15050">
                    <coordinates>13.360620764144501,53.71660339313699,0.0</coordinates>
                </Point>
                <Point id="15052">
                    <coordinates>13.3601826076062,53.716743251121784,0.0</coordinates>
                </Point>
                <Point id="15054">
                    <coordinates>13.354740303470399,53.7139739360925,0.0</coordinates>
                </Point>
                <Point id="15056">
                    <coordinates>13.3551925257992,53.71431758973961,0.0</coordinates>
                </Point>
                <Point id="15058">
                    <coordinates>13.355394598079897,53.714500345317894,0.0</coordinates>
                </Point>
                <Point id="15060">
                    <coordinates>13.3535977514192,53.7148489409191,0.0</coordinates>
                </Point>
                <Point id="15062">
                    <coordinates>13.3528880225263,53.715579896097104,0.0</coordinates>
                </Point>
                <Point id="15064">
                    <coordinates>13.359991182943999,53.71611091774749,0.0</coordinates>
                </Point>
                <Point id="15066">
                    <coordinates>13.359890010078,53.716139936372095,0.0</coordinates>
                </Point>
                <Point id="15068">
                    <coordinates>13.3592585740607,53.716381980984295,0.0</coordinates>
                </Point>
                <Point id="15070">
                    <coordinates>13.359586342346402,53.71644592637119,0.0</coordinates>
                </Point>
                <Point id="15072">
                    <coordinates>13.359007127825999,53.716661669206296,0.0</coordinates>
                </Point>
                <Point id="15074">
                    <coordinates>13.358821276553698,53.71678607850329,0.0</coordinates>
                </Point>
                <Point id="15076">
                    <coordinates>13.3584415507825,53.7169984542127,0.0</coordinates>
                </Point>
                <Point id="15078">
                    <coordinates>13.3584159266721,53.7175702197948,0.0</coordinates>
                </Point>
                <Point id="15080">
                    <coordinates>13.358297836317497,53.714234470580884,0.0</coordinates>
                </Point>
                <Point id="15082">
                    <coordinates>13.3582633348209,53.713834790335106,0.0</coordinates>
                </Point>
                <Point id="15084">
                    <coordinates>13.358690404263697,53.713706214801384,0.0</coordinates>
                </Point>
                <Point id="15086">
                    <coordinates>13.358113573318702,53.71429482372359,0.0</coordinates>
                </Point>
                <Point id="15088">
                    <coordinates>13.357798302848998,53.71433640473018,0.0</coordinates>
                </Point>
                <Point id="15090">
                    <coordinates>13.358034036230798,53.7139126100904,0.0</coordinates>
                </Point>
                <Point id="15092">
                    <coordinates>13.357282833161099,53.71412735224091,0.0</coordinates>
                </Point>
                <Point id="15094">
                    <coordinates>13.358926713993302,53.7136321509468,0.0</coordinates>
                </Point>
                <Point id="15096">
                    <coordinates>13.359317870073198,53.7135423971445,0.0</coordinates>
                </Point>
                <Point id="15098">
                    <coordinates>13.359854913216601,53.71331064317572,0.0</coordinates>
                </Point>
                <Point id="15100">
                    <coordinates>13.3605458729205,53.7133749958098,0.0</coordinates>
                </Point>
                <Point id="15102">
                    <coordinates>13.357688250275,53.71403513893,0.0</coordinates>
                </Point>
                <Point id="15104">
                    <coordinates>13.3528341778787,53.7143557411796,0.0</coordinates>
                </Point>
                <Point id="15106">
                    <coordinates>13.363794388134599,53.71421312922899,0.0</coordinates>
                </Point>
                <Point id="15108">
                    <coordinates>13.3585082024379,53.71729890362219,0.0</coordinates>
                </Point>
                <Point id="15110">
                    <coordinates>13.3577599356459,53.7191672608493,0.0</coordinates>
                </Point>
                <Point id="15112">
                    <coordinates>13.356031498564699,53.71901349123889,0.0</coordinates>
                </Point>
                <Point id="15114">
                    <coordinates>13.3571990456892,53.7145591993585,0.0</coordinates>
                </Point>
                <Point id="15116">
                    <coordinates>13.320290545999999,53.697620287999996,0.0</coordinates>
                </Point>
                <Point id="15118">
                    <coordinates>13.3163254077076,53.69223414135289,0.0</coordinates>
                </Point>
                <Point id="15120">
                    <coordinates>13.3401063084889,53.6957270792098,0.0</coordinates>
                </Point>
                <Point id="15122">
                    <coordinates>13.338352258,53.694420529999995,0.0</coordinates>
                </Point>
                <Point id="15124">
                    <coordinates>13.340014908,53.695905443,0.0</coordinates>
                </Point>
                <Point id="15126">
                    <coordinates>13.340601379999999,53.695715181,0.0</coordinates>
                </Point>
                <Point id="15128">
                    <coordinates>13.335731762,53.696846012,0.0</coordinates>
                </Point>
                <Point id="15130">
                    <coordinates>13.308890001,53.697209124,0.0</coordinates>
                </Point>
                <Point id="15132">
                    <coordinates>13.320741383999998,53.69630354,0.0</coordinates>
                </Point>
                <Point id="15134">
                    <coordinates>13.335605945,53.700237548,0.0</coordinates>
                </Point>
                <Point id="15136">
                    <coordinates>13.335151458718899,53.69721974117139,0.0</coordinates>
                </Point>
                <Point id="15138">
                    <coordinates>13.3390654847091,53.697343957855296,0.0</coordinates>
                </Point>
                <Point id="15140">
                    <coordinates>13.337535219908,53.69739597842721,0.0</coordinates>
                </Point>
                <Point id="15142">
                    <coordinates>13.3370670881382,53.697320735207,0.0</coordinates>
                </Point>
                <Point id="15144">
                    <coordinates>13.3368638870582,53.69729428723241,0.0</coordinates>
                </Point>
                <Point id="15146">
                    <coordinates>13.3362842006471,53.6973058840371,0.0</coordinates>
                </Point>
                <Point id="15148">
                    <coordinates>13.3361142491623,53.6973479496707,0.0</coordinates>
                </Point>
                <Point id="15150">
                    <coordinates>13.334994321670402,53.6977788648697,0.0</coordinates>
                </Point>
                <Point id="15152">
                    <coordinates>13.3352264089043,53.6978290233194,0.0</coordinates>
                </Point>
                <Point id="15154">
                    <coordinates>13.335150336000002,53.69726234600001,0.0</coordinates>
                </Point>
                <Point id="15156">
                    <coordinates>13.335573166622302,53.6973120521132,0.0</coordinates>
                </Point>
                <Point id="15158">
                    <coordinates>13.3358865239245,53.6975797356632,0.0</coordinates>
                </Point>
                <Point id="15160">
                    <coordinates>13.3362305634602,53.6969666321445,0.0</coordinates>
                </Point>
                <Point id="15162">
                    <coordinates>13.3362440092504,53.6969220643082,0.0</coordinates>
                </Point>
                <Point id="15164">
                    <coordinates>13.3367528394845,53.6967807612733,0.0</coordinates>
                </Point>
                <Point id="15166">
                    <coordinates>13.3365731699305,53.696453952740384,0.0</coordinates>
                </Point>
                <Point id="15168">
                    <coordinates>13.3366217684671,53.696288790245205,0.0</coordinates>
                </Point>
                <Point id="15170">
                    <coordinates>13.3367249555226,53.6961234950946,0.0</coordinates>
                </Point>
                <Point id="15172">
                    <coordinates>13.3368238882722,53.69593677484249,0.0</coordinates>
                </Point>
                <Point id="15174">
                    <coordinates>13.337222285981698,53.695376063259594,0.0</coordinates>
                </Point>
                <Point id="15176">
                    <coordinates>13.334709621609198,53.69714723395639,0.0</coordinates>
                </Point>
                <Point id="15178">
                    <coordinates>13.334513859540898,53.69712089964379,0.0</coordinates>
                </Point>
                <Point id="15180">
                    <coordinates>13.334343593291598,53.6974047376452,0.0</coordinates>
                </Point>
                <Point id="15182">
                    <coordinates>13.3340848715589,53.69737081408659,0.0</coordinates>
                </Point>
                <Point id="15184">
                    <coordinates>13.335561400890702,53.6981325080891,0.0</coordinates>
                </Point>
                <Point id="15186">
                    <coordinates>13.3354201511429,53.69841406986878,0.0</coordinates>
                </Point>
                <Point id="15188">
                    <coordinates>13.3354402578415,53.698587833310505,0.0</coordinates>
                </Point>
                <Point id="15190">
                    <coordinates>13.3353458898081,53.69878457381499,0.0</coordinates>
                </Point>
                <Point id="15192">
                    <coordinates>13.3352937579056,53.698971456368284,0.0</coordinates>
                </Point>
                <Point id="15194">
                    <coordinates>13.335896043007798,53.6991292175148,0.0</coordinates>
                </Point>
                <Point id="15196">
                    <coordinates>13.335878644363097,53.699315129712296,0.0</coordinates>
                </Point>
                <Point id="15198">
                    <coordinates>13.3359452604134,53.6995697679873,0.0</coordinates>
                </Point>
                <Point id="15200">
                    <coordinates>13.335506880839901,53.699584331921294,0.0</coordinates>
                </Point>
                <Point id="15202">
                    <coordinates>13.335978278246298,53.69978399482109,0.0</coordinates>
                </Point>
                <Point id="15204">
                    <coordinates>13.335552169831598,53.69984341771531,0.0</coordinates>
                </Point>
                <Point id="15206">
                    <coordinates>13.3360182912464,53.699987984366985,0.0</coordinates>
                </Point>
                <Point id="15208">
                    <coordinates>13.335603012516598,53.7002212589103,0.0</coordinates>
                </Point>
                <Point id="15210">
                    <coordinates>13.3361283677387,53.70028028248389,0.0</coordinates>
                </Point>
                <Point id="15212">
                    <coordinates>13.3364074528467,53.7005636086496,0.0</coordinates>
                </Point>
                <Point id="15214">
                    <coordinates>13.340611267594301,53.69543139367419,0.0</coordinates>
                </Point>
                <Point id="15216">
                    <coordinates>13.340107859063096,53.698217078517,0.0</coordinates>
                </Point>
                <Point id="15218">
                    <coordinates>13.3394811253635,53.6946174660313,0.0</coordinates>
                </Point>
                <Point id="15220">
                    <coordinates>13.3393041336376,53.69438532771898,0.0</coordinates>
                </Point>
                <Point id="15222">
                    <coordinates>13.339431018195599,53.694093019280984,0.0</coordinates>
                </Point>
                <Point id="15224">
                    <coordinates>13.3405652743985,53.6947892975049,0.0</coordinates>
                </Point>
                <Point id="15226">
                    <coordinates>13.3407250309505,53.6945562259433,0.0</coordinates>
                </Point>
                <Point id="15228">
                    <coordinates>13.340730885028798,53.69421216556749,0.0</coordinates>
                </Point>
                <Point id="15230">
                    <coordinates>13.3393873756113,53.69722147111091,0.0</coordinates>
                </Point>
                <Point id="15232">
                    <coordinates>13.3394988406702,53.697996373870794,0.0</coordinates>
                </Point>
                <Point id="15234">
                    <coordinates>13.340042797865898,53.6984032415282,0.0</coordinates>
                </Point>
                <Point id="15236">
                    <coordinates>13.340024512512501,53.69792346919319,0.0</coordinates>
                </Point>
                <Point id="15238">
                    <coordinates>13.3401503099723,53.69800660637839,0.0</coordinates>
                </Point>
                <Point id="15240">
                    <coordinates>13.3389373942637,53.698845684373296,0.0</coordinates>
                </Point>
                <Point id="15242">
                    <coordinates>13.340000908935702,53.69889261125041,0.0</coordinates>
                </Point>
                <Point id="15244">
                    <coordinates>13.3384098829627,53.69915355808839,0.0</coordinates>
                </Point>
                <Point id="15246">
                    <coordinates>13.338722532528298,53.699332946463,0.0</coordinates>
                </Point>
                <Point id="15248">
                    <coordinates>13.3383459493657,53.69939010859281,0.0</coordinates>
                </Point>
                <Point id="15250">
                    <coordinates>13.3383123903617,53.69973994205691,0.0</coordinates>
                </Point>
                <Point id="15252">
                    <coordinates>13.338807731472398,53.69965739162889,0.0</coordinates>
                </Point>
                <Point id="15254">
                    <coordinates>13.339215960830298,53.7002119221707,0.0</coordinates>
                </Point>
                <Point id="15256">
                    <coordinates>13.337363046945299,53.6849111641907,0.0</coordinates>
                </Point>
                <Point id="15258">
                    <coordinates>13.3426123361972,53.688254232842695,0.0</coordinates>
                </Point>
                <Point id="15260">
                    <coordinates>13.335907530213099,53.697276016642796,0.0</coordinates>
                </Point>
                <Point id="15262">
                    <coordinates>13.339814122821199,53.6977417800663,0.0</coordinates>
                </Point>
                <Point id="15264">
                    <coordinates>13.340038351475702,53.69755094044871,0.0</coordinates>
                </Point>
                <Point id="15266">
                    <coordinates>13.340468798503,53.69754498001759,0.0</coordinates>
                </Point>
                <Point id="15268">
                    <coordinates>13.3409583498604,53.69775413558039,0.0</coordinates>
                </Point>
                <Point id="15270">
                    <coordinates>13.340955357287099,53.69761146758759,0.0</coordinates>
                </Point>
                <Point id="15272">
                    <coordinates>13.341015702715497,53.69745178898668,0.0</coordinates>
                </Point>
                <Point id="15274">
                    <coordinates>13.341292597670797,53.69723733842589,0.0</coordinates>
                </Point>
                <Point id="15276">
                    <coordinates>13.341082857566896,53.6968992525788,0.0</coordinates>
                </Point>
                <Point id="15278">
                    <coordinates>13.341239683948698,53.6966995563281,0.0</coordinates>
                </Point>
                <Point id="15280">
                    <coordinates>13.341517351125798,53.696426276457295,0.0</coordinates>
                </Point>
                <Point id="15282">
                    <coordinates>13.340920891351299,53.69616546801479,0.0</coordinates>
                </Point>
                <Point id="15284">
                    <coordinates>13.341563126026802,53.69593326853419,0.0</coordinates>
                </Point>
                <Point id="15286">
                    <coordinates>13.3411034909013,53.695995625273696,0.0</coordinates>
                </Point>
                <Point id="15288">
                    <coordinates>13.341177760390398,53.69581195819399,0.0</coordinates>
                </Point>
                <Point id="15290">
                    <coordinates>13.3151331944817,53.6932431361665,0.0</coordinates>
                </Point>
                <Point id="15292">
                    <coordinates>13.3141163618626,53.69290208099,0.0</coordinates>
                </Point>
                <Point id="15294">
                    <coordinates>13.3385346816776,53.6975466902914,0.0</coordinates>
                </Point>
                <Point id="15296">
                    <coordinates>13.338636586455403,53.69736002427221,0.0</coordinates>
                </Point>
                <Point id="15298">
                    <coordinates>13.33808870383,53.6972890910225,0.0</coordinates>
                </Point>
                <Point id="15300">
                    <coordinates>13.337681990767297,53.69714261341078,0.0</coordinates>
                </Point>
                <Point id="15302">
                    <coordinates>13.3381622342023,53.6970165056295,0.0</coordinates>
                </Point>
                <Point id="15304">
                    <coordinates>13.338391906765402,53.6968269617939,0.0</coordinates>
                </Point>
                <Point id="15306">
                    <coordinates>13.339645300877299,53.69638772822849,0.0</coordinates>
                </Point>
                <Point id="15308">
                    <coordinates>13.339797806151397,53.69612009906109,0.0</coordinates>
                </Point>
                <Point id="15310">
                    <coordinates>13.3397601174255,53.6962492653757,0.0</coordinates>
                </Point>
                <Point id="15312">
                    <coordinates>13.3386930735079,53.69637819200091,0.0</coordinates>
                </Point>
                <Point id="15314">
                    <coordinates>13.338726027236698,53.696126576708295,0.0</coordinates>
                </Point>
                <Point id="15316">
                    <coordinates>13.338994994012698,53.6958161447362,0.0</coordinates>
                </Point>
                <Point id="15318">
                    <coordinates>13.3395546479888,53.69590143244079,0.0</coordinates>
                </Point>
                <Point id="15320">
                    <coordinates>13.339981908668298,53.695967421608685,0.0</coordinates>
                </Point>
                <Point id="15322">
                    <coordinates>13.340059692077903,53.695817087088805,0.0</coordinates>
                </Point>
                <Point id="15324">
                    <coordinates>13.340104878105702,53.6954630799715,0.0</coordinates>
                </Point>
                <Point id="15326">
                    <coordinates>13.3393334880715,53.6955035402331,0.0</coordinates>
                </Point>
                <Point id="15328">
                    <coordinates>13.3403298275318,53.695119915919385,0.0</coordinates>
                </Point>
                <Point id="15330">
                    <coordinates>13.339616400821399,53.694909246303794,0.0</coordinates>
                </Point>
                <Point id="15332">
                    <coordinates>13.341493570482,53.696212751751496,0.0</coordinates>
                </Point>
                <Point id="15334">
                    <coordinates>13.337795797261998,53.695523189408696,0.0</coordinates>
                </Point>
                <Point id="15336">
                    <coordinates>13.3359413670156,53.6987910793965,0.0</coordinates>
                </Point>
                <Point id="15338">
                    <coordinates>13.337182001003598,53.69632002347569,0.0</coordinates>
                </Point>
                <Point id="15340">
                    <coordinates>13.336659120510996,53.70027212373459,0.0</coordinates>
                </Point>
                <Point id="15342">
                    <coordinates>13.3360542093869,53.69856468592399,0.0</coordinates>
                </Point>
                <Point id="15344">
                    <coordinates>13.3409935342032,53.6981333979121,0.0</coordinates>
                </Point>
                <Point id="15346">
                    <coordinates>13.339505731999996,53.695958225999995,0.0</coordinates>
                </Point>
            </MultiGeometry>
        </Placemark>
    </Document>
</kml>
