<?xml version="1.0" encoding="UTF-8"?>
<kml xmlns="http://www.opengis.net/kml/2.2" xmlns:gx="http://www.google.com/kml/ext/2.2">
    <Document id="96733">
        <Style id="98186">
            <IconStyle id="98187">
                <color>ff0000ff</color>
                <colorMode>normal</colorMode>
                <scale>1</scale>
                <heading>0</heading>
                <Icon id="98188">
                    <href>http://maps.google.com/mapfiles/kml/pushpin/ylw-pushpin.png</href>
                </Icon>
            </IconStyle>
            <LineStyle id="98189">
                <color>ff0000ff</color>
                <colorMode>normal</colorMode>
                <width>5</width>
            </LineStyle>
        </Style>
        <Style id="98512">
            <IconStyle id="98514">
                <colorMode>normal</colorMode>
                <scale>1</scale>
                <heading>0</heading>
                <Icon id="98515">
                    <href>http://maps.google.com/mapfiles/kml/shapes/placemark_circle.png</href>
                </Icon>
            </IconStyle>
            <LabelStyle id="98513">
                <colorMode>normal</colorMode>
                <scale>0.0</scale>
            </LabelStyle>
        </Style>
        <open>1</open>
        <Placemark id="96735">
            <name>MultiLine</name>
            <styleUrl>#98186</styleUrl>
            <MultiGeometry id="96734">
                <LineString id="96736">
                    <coordinates>13.05358962,53.90568936999998,0.0 13.053645019999996,53.9056825,0.0</coordinates>
                </LineString>
                <LineString id="96738">
                    <coordinates>13.05593583,53.905464589999994,0.0 13.0560268,53.905458929999995,0.0 13.056160139999998,53.90544799999999,0.0</coordinates>
                </LineString>
                <LineString id="96740">
                    <coordinates>13.062050250000002,53.90485072,0.0 13.06234598,53.9048247,0.0</coordinates>
                </LineString>
                <LineString id="96742">
                    <coordinates>13.064722409999998,53.904634349999995,0.0 13.06425432,53.9046735,0.0 13.064218939999998,53.90467743999999,0.0</coordinates>
                </LineString>
                <LineString id="96744">
                    <coordinates>13.06415975,53.91606318,0.0 13.06417736,53.91607586999999,0.0 13.064329599999997,53.91620307,0.0</coordinates>
                </LineString>
                <LineString id="96746">
                    <coordinates>13.07359645,53.92248460999999,0.0 13.073624080000002,53.922502970000004,0.0</coordinates>
                </LineString>
                <LineString id="96748">
                    <coordinates>13.05797348,53.905295769999995,0.0 13.05805702,53.90519146,0.0</coordinates>
                </LineString>
                <LineString id="96750">
                    <coordinates>13.050632279999999,53.90840409999999,0.0 13.05069494,53.908453789999996,0.0</coordinates>
                </LineString>
                <LineString id="96752">
                    <coordinates>13.050017319999998,53.907854089999994,0.0 13.050017389999999,53.90788065,0.0 13.050017989999999,53.90792564,0.0 13.050130769999999,53.90801180999999,0.0 13.05019543,53.90806178,0.0 13.050284670000003,53.908129040000006,0.0 13.050360959999997,53.908188439999996,0.0 13.05043962,53.90825168999999,0.0 13.05049073,53.90829154,0.0 13.050588930000002,53.90836939,0.0 13.050632279999999,53.90840409999999,0.0</coordinates>
                </LineString>
                <LineString id="96754">
                    <coordinates>13.05093713,53.908646590000004,0.0 13.050982539999998,53.90868383,0.0</coordinates>
                </LineString>
                <LineString id="96756">
                    <coordinates>13.05069494,53.908453789999996,0.0 13.050763599999998,53.908507489999984,0.0 13.0508232,53.908555889999995,0.0 13.05089161,53.90861041000001,0.0 13.05093713,53.908646590000004,0.0</coordinates>
                </LineString>
                <LineString id="96758">
                    <coordinates>13.050982539999998,53.90868383,0.0 13.05106763,53.90875105,0.0 13.05119216,53.908850999999984,0.0 13.05130015,53.908934849999994,0.0 13.05140508,53.90901258,0.0 13.05152944,53.9091102,0.0 13.05156358,53.90913494000001,0.0</coordinates>
                </LineString>
                <LineString id="96760">
                    <coordinates>13.05156358,53.90913494000001,0.0 13.051639740000002,53.90919424999999,0.0</coordinates>
                </LineString>
                <LineString id="96762">
                    <coordinates>13.051639740000002,53.90919424999999,0.0 13.05165527,53.90920536,0.0 13.051677269999999,53.90922293999999,0.0 13.051715100000001,53.90925455,0.0 13.05174939,53.90928334,0.0 13.05186538,53.90937783999999,0.0 13.051882270000002,53.909391209999995,0.0 13.051993949999998,53.90946670999999,0.0 13.0520157,53.909481660000004,0.0 13.05206165,53.9095126,0.0 13.05209457,53.90953459999999,0.0 13.052163229999998,53.909582310000005,0.0 13.052292259999998,53.909669599999994,0.0 13.05229534,53.90967214999999,0.0</coordinates>
                </LineString>
                <LineString id="96764">
                    <coordinates>13.052550329999999,53.90986753,0.0 13.052600939999998,53.909908939999994,0.0</coordinates>
                </LineString>
                <LineString id="96766">
                    <coordinates>13.05229534,53.90967214999999,0.0 13.052328629999998,53.90969531999998,0.0 13.052343869999998,53.909707659999995,0.0 13.05239095,53.90973851999999,0.0 13.052425329999998,53.90976547,0.0 13.05250706,53.909831710000006,0.0 13.052550329999999,53.90986753,0.0</coordinates>
                </LineString>
                <LineString id="96768">
                    <coordinates>13.052745129999998,53.91002078999999,0.0 13.05275406,53.910027879999994,0.0 13.0528161,53.91007679,0.0</coordinates>
                </LineString>
                <LineString id="96770">
                    <coordinates>13.053645019999996,53.9056825,0.0 13.053769489999999,53.90566748999999,0.0 13.053965389999998,53.90564557999999,0.0</coordinates>
                </LineString>
                <LineString id="96772">
                    <coordinates>13.05340184,53.90570614,0.0 13.05358962,53.90568936999998,0.0</coordinates>
                </LineString>
                <LineString id="96774">
                    <coordinates>13.05241073,53.905785169999994,0.0 13.05233724,53.90579038999999,0.0</coordinates>
                </LineString>
                <LineString id="96776">
                    <coordinates>13.05340184,53.90570614,0.0 13.05333121,53.90571208000001,0.0 13.053222449999998,53.905721029999995,0.0 13.053110999999998,53.905730430000006,0.0 13.05299499,53.90573946999999,0.0 13.052888979999999,53.905748030000005,0.0 13.052776940000001,53.905757009999995,0.0 13.05266527,53.90576562999999,0.0 13.052558,53.905773659999994,0.0 13.05245176,53.90578189,0.0 13.05241073,53.905785169999994,0.0</coordinates>
                </LineString>
                <LineString id="96778">
                    <coordinates>13.052087230000001,53.90580956,0.0 13.05204039,53.905813149999986,0.0 13.051915999999999,53.9058225,0.0 13.051795039999998,53.90583162,0.0 13.05167357,53.90584022000001,0.0 13.051558179999999,53.905848639999995,0.0 13.05146641,53.90585611,0.0 13.051396939999998,53.90585943999999,0.0 13.05131206,53.905866159999995,0.0 13.051190869999997,53.905878169999994,0.0 13.051075549999998,53.90588715999999,0.0 13.05095538,53.905896559999995,0.0 13.050825639999998,53.90590671,0.0 13.05070161,53.90591620000001,0.0 13.050575350000003,53.90592588,0.0 13.05045478,53.90593454,0.0 13.050333260000002,53.90594286999999,0.0 13.05021265,53.90595144,0.0 13.050091569999998,53.90595944999998,0.0 13.049971860000001,53.90596782000001,0.0 13.049851059999998,53.90597633999999,0.0 13.04972806,53.90598557999999,0.0 13.04960389,53.90599485999999,0.0 13.04947747,53.90600511000001,0.0 13.049392169999999,53.906012289999985,0.0</coordinates>
                </LineString>
                <LineString id="96780">
                    <coordinates>13.05756387,53.905328280000006,0.0 13.05773808,53.90531425,0.0 13.057757159999998,53.90531333999999,0.0</coordinates>
                </LineString>
                <LineString id="96782">
                    <coordinates>13.057932660000002,53.90529924999999,0.0 13.05797348,53.905295769999995,0.0</coordinates>
                </LineString>
                <LineString id="96784">
                    <coordinates>13.057757159999998,53.90531333999999,0.0 13.05789501,53.905302230000004,0.0 13.057932660000002,53.90529924999999,0.0</coordinates>
                </LineString>
                <LineString id="96786">
                    <coordinates>13.056761389999997,53.90539007999999,0.0 13.057088379999998,53.90536305,0.0 13.057401649999997,53.90533954000001,0.0 13.05756387,53.905328280000006,0.0</coordinates>
                </LineString>
                <LineString id="96788">
                    <coordinates>13.056388220000002,53.90542698000001,0.0 13.056537479999998,53.90541203,0.0 13.056761389999997,53.90539007999999,0.0</coordinates>
                </LineString>
                <LineString id="96790">
                    <coordinates>13.056160139999998,53.90544799999999,0.0 13.056388220000002,53.90542698000001,0.0</coordinates>
                </LineString>
                <LineString id="96792">
                    <coordinates>13.055806589999998,53.905473459999996,0.0 13.05593583,53.905464589999994,0.0</coordinates>
                </LineString>
                <LineString id="96794">
                    <coordinates>13.05537138,53.90551054,0.0 13.05558643,53.90549115000001,0.0</coordinates>
                </LineString>
                <LineString id="96796">
                    <coordinates>13.05558643,53.90549115000001,0.0 13.055656180000001,53.90548592,0.0</coordinates>
                </LineString>
                <LineString id="96798">
                    <coordinates>13.05464333,53.905575539999994,0.0 13.054560499999997,53.90558364,0.0</coordinates>
                </LineString>
                <LineString id="96800">
                    <coordinates>13.054821049999997,53.90556069999999,0.0 13.05477387,53.90556512,0.0 13.05467612,53.90557263,0.0 13.054650009999998,53.905574869999995,0.0</coordinates>
                </LineString>
                <LineString id="96802">
                    <coordinates>13.054348489999999,53.90560494,0.0 13.05427938,53.905611879999995,0.0 13.05415996,53.90562477,0.0 13.05404273,53.90563731,0.0 13.053965389999998,53.90564557999999,0.0</coordinates>
                </LineString>
                <LineString id="96804">
                    <coordinates>13.05438898,53.90560074,0.0 13.054348489999999,53.90560494,0.0</coordinates>
                </LineString>
                <LineString id="96806">
                    <coordinates>13.054650009999998,53.905574869999995,0.0 13.05464333,53.905575539999994,0.0</coordinates>
                </LineString>
                <LineString id="96808">
                    <coordinates>13.054821049999997,53.90556069999999,0.0 13.054887439999996,53.90555518999999,0.0</coordinates>
                </LineString>
                <LineString id="96810">
                    <coordinates>13.054887439999996,53.90555518999999,0.0 13.054957290000003,53.90554909,0.0 13.05507199,53.90553828,0.0 13.05508784,53.90553698000001,0.0 13.055354169999998,53.90551216,0.0 13.05537138,53.90551054,0.0</coordinates>
                </LineString>
                <LineString id="96812">
                    <coordinates>13.055656180000001,53.90548592,0.0 13.055806589999998,53.905473459999996,0.0</coordinates>
                </LineString>
                <LineString id="96814">
                    <coordinates>13.0598094,53.905041059999995,0.0 13.060023309999998,53.905024129999994,0.0</coordinates>
                </LineString>
                <LineString id="96816">
                    <coordinates>13.05805702,53.90519146,0.0 13.05831355,53.90516774999999,0.0 13.05858633,53.90514402,0.0 13.05885341,53.90511869,0.0 13.059081830000002,53.905098729999985,0.0 13.05932873,53.90507931,0.0 13.05976158,53.905045599999994,0.0 13.0598094,53.905041059999995,0.0</coordinates>
                </LineString>
                <LineString id="96818">
                    <coordinates>13.063241750000001,53.904744519999994,0.0 13.06351184,53.90471734,0.0</coordinates>
                </LineString>
                <LineString id="96820">
                    <coordinates>13.06049067,53.904983389999984,0.0 13.060529969999997,53.90497876999999,0.0</coordinates>
                </LineString>
                <LineString id="96822">
                    <coordinates>13.06234598,53.9048247,0.0 13.062699,53.90479383,0.0 13.06304758,53.90476366,0.0 13.063241750000001,53.904744519999994,0.0</coordinates>
                </LineString>
                <LineString id="96824">
                    <coordinates>13.060900279999998,53.90494571,0.0 13.061034860000001,53.90493484,0.0 13.06132005,53.90491323,0.0 13.061760970000002,53.90487545999999,0.0 13.062050250000002,53.90485072,0.0</coordinates>
                </LineString>
                <LineString id="96826">
                    <coordinates>13.066635609999999,53.904473659999994,0.0 13.066636520000001,53.90447356,0.0</coordinates>
                </LineString>
                <LineString id="96828">
                    <coordinates>13.064820089999998,53.90462673999999,0.0 13.06487267,53.90462255,0.0</coordinates>
                </LineString>
                <LineString id="96830">
                    <coordinates>13.064043850000001,53.904689489999996,0.0 13.063789259999998,53.90470864000001,0.0</coordinates>
                </LineString>
                <LineString id="96832">
                    <coordinates>13.064218939999998,53.90467743999999,0.0 13.064043850000001,53.904689489999996,0.0</coordinates>
                </LineString>
                <LineString id="96834">
                    <coordinates>13.064722409999998,53.904634349999995,0.0 13.064820089999998,53.90462673999999,0.0</coordinates>
                </LineString>
                <LineString id="96836">
                    <coordinates>13.06487267,53.90462255,0.0 13.06505963,53.90460731,0.0 13.065083200000002,53.90460541,0.0</coordinates>
                </LineString>
                <LineString id="96838">
                    <coordinates>13.066636520000001,53.90447356,0.0 13.06662501,53.90439941999999,0.0</coordinates>
                </LineString>
                <LineString id="96840">
                    <coordinates>13.06370383,53.90471968,0.0 13.063789259999998,53.90470864000001,0.0</coordinates>
                </LineString>
                <LineString id="96842">
                    <coordinates>13.07134711,53.904239450000006,0.0 13.071494109999998,53.90422742999999,0.0 13.07176304,53.90420518999999,0.0 13.07202602,53.90418399,0.0 13.072263049999998,53.90416397999998,0.0 13.072529560000003,53.904140010000006,0.0 13.07273428,53.904119529999996,0.0 13.0729563,53.904097410000006,0.0 13.07322543,53.904078229999996,0.0 13.07349914,53.90405781,0.0 13.073704629999996,53.904041339999985,0.0 13.073795999999998,53.904034139999986,0.0 13.07395052,53.90402024,0.0 13.07415124,53.90400045999999,0.0 13.074367570000001,53.90397977999999,0.0 13.07454931,53.90396273999999,0.0 13.074715389999998,53.903950110000004,0.0 13.07494495,53.903930949999996,0.0 13.075202390000001,53.90390955,0.0 13.07544029,53.90388918,0.0 13.07568813,53.903867599999984,0.0</coordinates>
                </LineString>
                <LineString id="96844">
                    <coordinates>13.08130284,53.90338148,0.0 13.081432839999998,53.90337158999999,0.0 13.081590919999998,53.90335781000001,0.0 13.081812439999998,53.90333824999999,0.0 13.082014599999999,53.903319839999995,0.0 13.08223929,53.90330122,0.0 13.082591009999998,53.90327091999998,0.0 13.082841030000003,53.90325566999999,0.0 13.083026689999997,53.90324602999999,0.0 13.08323844,53.90323271,0.0</coordinates>
                </LineString>
                <LineString id="96846">
                    <coordinates>13.079493259999998,53.90353356999999,0.0 13.07959147,53.903526089999986,0.0 13.079791419999998,53.90350801999998,0.0 13.080014830000001,53.90348982,0.0 13.080221549999997,53.90347137999999,0.0 13.08045516,53.90345115,0.0 13.08060321,53.9034395,0.0 13.08082667,53.90342119,0.0 13.08105949,53.90340258,0.0 13.08118408,53.9033933,0.0 13.08130284,53.90338148,0.0</coordinates>
                </LineString>
                <LineString id="96848">
                    <coordinates>13.07568813,53.903867599999984,0.0 13.075824799999998,53.9038571,0.0 13.07599041,53.90384264000001,0.0 13.07623793,53.90382165999999,0.0 13.07646794,53.90380242,0.0 13.076704539999998,53.90378128999999,0.0 13.07693533,53.90376111999999,0.0 13.07703777,53.90374993,0.0 13.077184790000002,53.90373629,0.0 13.077378030000002,53.90371955,0.0 13.07760634,53.903697220000005,0.0 13.07780099,53.90367891,0.0 13.077960149999997,53.90366356999999,0.0 13.078182289999999,53.90364228,0.0 13.07843284,53.90361856,0.0 13.07866595,53.903597389999995,0.0 13.078789360000002,53.90358871,0.0 13.07882222,53.903586569999995,0.0 13.07889688,53.90358256,0.0 13.079072149999998,53.90356843000001,0.0 13.079269340000002,53.90355257000001,0.0 13.079468909999997,53.903535679999976,0.0 13.079493259999998,53.90353356999999,0.0</coordinates>
                </LineString>
                <LineString id="96850">
                    <coordinates>13.116485349999998,53.900841019999994,0.0 13.11622408,53.900878849999984,0.0 13.115827519999998,53.90093681,0.0 13.11541544,53.90099702,0.0 13.115055780000002,53.901052809999996,0.0 13.11479206,53.90109820999998,0.0 13.1144079,53.90116681,0.0 13.11399973,53.901247569999995,0.0 13.11382935,53.90128248,0.0 13.11378313,53.901290810000006,0.0 13.11371018,53.90129927,0.0 13.113542369999998,53.90131516999998,0.0 13.113308480000002,53.9013344,0.0 13.113060060000002,53.90135744,0.0 13.11263672,53.90139479,0.0 13.11239037,53.901417980000005,0.0 13.112348059999999,53.901424370000015,0.0 13.11214404,53.90145297000001,0.0 13.111946070000004,53.901480310000004,0.0 13.11172943,53.90150954,0.0 13.111589410000002,53.901529540000006,0.0 13.111427499999998,53.90155077,0.0 13.11139776,53.90155462999999,0.0 13.111220699999999,53.901560599999996,0.0 13.11095372,53.90156545999999,0.0 13.11056893,53.90157522,0.0 13.110146619999998,53.90159083,0.0 13.11003245,53.90159512999999,0.0 13.109804700000002,53.90161191,0.0 13.10964075,53.90162315,0.0 13.10937559,53.90165046999999,0.0</coordinates>
                </LineString>
                <LineString id="96852">
                    <coordinates>13.06719336,53.90457142,0.0 13.0671933,53.9045567,0.0</coordinates>
                </LineString>
                <LineString id="96854">
                    <coordinates>13.097880199999999,53.90210277,0.0 13.097356200000002,53.90214366,0.0</coordinates>
                </LineString>
                <LineString id="96856">
                    <coordinates>13.097993880000002,53.902091580000004,0.0 13.097880199999999,53.90210277,0.0</coordinates>
                </LineString>
                <LineString id="96858">
                    <coordinates>13.09685747,53.902188530000004,0.0 13.096679549999998,53.902203099999994,0.0</coordinates>
                </LineString>
                <LineString id="96860">
                    <coordinates>13.097356200000002,53.90214366,0.0 13.09685747,53.902188530000004,0.0</coordinates>
                </LineString>
                <LineString id="96862">
                    <coordinates>13.091447119999998,53.90261787,0.0 13.091116239999998,53.90264444999999,0.0</coordinates>
                </LineString>
                <LineString id="96864">
                    <coordinates>13.086512199999998,53.90299884,0.0 13.086342409999999,53.90301244,0.0 13.086014690000003,53.90301141,0.0</coordinates>
                </LineString>
                <LineString id="96866">
                    <coordinates>13.091116239999998,53.90264444999999,0.0 13.090616849999998,53.90268607,0.0 13.090207959999997,53.90272107999999,0.0 13.08975035,53.90275626999999,0.0 13.089150889999999,53.90280280999999,0.0 13.08840173,53.90285979,0.0 13.08803008,53.90288535999999,0.0 13.08755763,53.90292281,0.0 13.08726336,53.90294735,0.0 13.086978819999999,53.90296698,0.0 13.086622460000001,53.90298971000001,0.0 13.086512199999998,53.90299884,0.0</coordinates>
                </LineString>
                <LineString id="96868">
                    <coordinates>13.086014690000003,53.90301141,0.0 13.08573606,53.903006479999995,0.0</coordinates>
                </LineString>
                <LineString id="96870">
                    <coordinates>13.08573606,53.903006479999995,0.0 13.0851072,53.90306068,0.0 13.084659970000002,53.90310301,0.0 13.08424945,53.90313736,0.0 13.083771190000002,53.90318116,0.0 13.08323844,53.90323271,0.0</coordinates>
                </LineString>
                <LineString id="96872">
                    <coordinates>13.096679549999998,53.902203099999994,0.0 13.09628038,53.90223488,0.0 13.096035959999998,53.90225349000001,0.0 13.095716989999996,53.902288989999995,0.0</coordinates>
                </LineString>
                <LineString id="96874">
                    <coordinates>13.060023309999998,53.905024129999994,0.0 13.060287,53.90500124,0.0 13.06049067,53.904983389999984,0.0</coordinates>
                </LineString>
                <LineString id="96876">
                    <coordinates>13.060529969999997,53.90497876999999,0.0 13.060553680000002,53.90497648000001,0.0</coordinates>
                </LineString>
                <LineString id="96878">
                    <coordinates>13.06351184,53.90471734,0.0 13.06370383,53.90471968,0.0</coordinates>
                </LineString>
                <LineString id="96880">
                    <coordinates>13.095716989999996,53.902288989999995,0.0 13.095516429999998,53.902311350000005,0.0 13.09530929,53.90232467,0.0 13.095066539999998,53.90233954,0.0 13.09491276,53.90234953,0.0 13.09461244,53.90237202,0.0 13.094304959999999,53.90239254,0.0 13.09406878,53.90241688999999,0.0 13.0939304,53.90243354,0.0 13.093447199999998,53.90246431,0.0 13.09306784,53.902490549999996,0.0 13.09270036,53.90251653000001,0.0 13.09230079,53.90254836,0.0 13.092023079999999,53.902571619999996,0.0 13.091545760000002,53.90261124,0.0 13.091447119999998,53.90261787,0.0</coordinates>
                </LineString>
                <LineString id="96882">
                    <coordinates>13.05289313,53.910138769999996,0.0 13.05295749,53.91018979,0.0</coordinates>
                </LineString>
                <LineString id="96884">
                    <coordinates>13.052967579999999,53.910197530000005,0.0 13.05298828,53.910214440000004,0.0</coordinates>
                </LineString>
                <LineString id="96886">
                    <coordinates>13.05298828,53.910214440000004,0.0 13.053075550000003,53.910277810000004,0.0</coordinates>
                </LineString>
                <LineString id="96888">
                    <coordinates>13.05295749,53.91018979,0.0 13.052967579999999,53.910197530000005,0.0</coordinates>
                </LineString>
                <LineString id="96890">
                    <coordinates>13.052880899999998,53.91013005,0.0 13.05289313,53.910138769999996,0.0</coordinates>
                </LineString>
                <LineString id="96892">
                    <coordinates>13.0528161,53.91007679,0.0 13.052845929999998,53.91010114999999,0.0 13.052877809999998,53.91012590999999,0.0 13.052880899999998,53.91013005,0.0</coordinates>
                </LineString>
                <LineString id="96894">
                    <coordinates>13.053075550000003,53.910277810000004,0.0 13.05315875,53.910322009999994,0.0 13.05328066,53.910401480000004,0.0</coordinates>
                </LineString>
                <LineString id="96896">
                    <coordinates>13.05328066,53.910401480000004,0.0 13.05329268,53.91041079000001,0.0</coordinates>
                </LineString>
                <LineString id="96898">
                    <coordinates>13.05329268,53.91041079000001,0.0 13.05330676,53.91042079000001,0.0</coordinates>
                </LineString>
                <LineString id="96900">
                    <coordinates>13.05330676,53.91042079000001,0.0 13.0534165,53.91049405999999,0.0</coordinates>
                </LineString>
                <LineString id="96902">
                    <coordinates>13.0534165,53.91049405999999,0.0 13.05354898,53.91058437000001,0.0</coordinates>
                </LineString>
                <LineString id="96904">
                    <coordinates>13.05354898,53.91058437000001,0.0 13.05360841,53.91062729000001,0.0</coordinates>
                </LineString>
                <LineString id="96906">
                    <coordinates>13.05360841,53.91062729000001,0.0 13.05363052,53.91064114,0.0 13.053678739999999,53.91067429999999,0.0</coordinates>
                </LineString>
                <LineString id="96908">
                    <coordinates>13.053678739999999,53.91067429999999,0.0 13.0538478,53.910792969999996,0.0</coordinates>
                </LineString>
                <LineString id="96910">
                    <coordinates>13.0538478,53.910792969999996,0.0 13.053891419999998,53.91082589999999,0.0</coordinates>
                </LineString>
                <LineString id="96912">
                    <coordinates>13.053891419999998,53.91082589999999,0.0 13.053914440000002,53.91084084999999,0.0</coordinates>
                </LineString>
                <LineString id="96914">
                    <coordinates>13.053914440000002,53.91084084999999,0.0 13.05404745,53.91093745,0.0 13.054090579999999,53.91096986,0.0</coordinates>
                </LineString>
                <LineString id="96916">
                    <coordinates>13.054090579999999,53.91096986,0.0 13.054107009999997,53.910981639999996,0.0 13.05426729,53.91110128999999,0.0 13.054279089999998,53.91111063999999,0.0</coordinates>
                </LineString>
                <LineString id="96918">
                    <coordinates>13.054313739999996,53.911134069999996,0.0 13.05432822,53.91114397,0.0</coordinates>
                </LineString>
                <LineString id="96920">
                    <coordinates>13.05432822,53.91114397,0.0 13.054373770000002,53.911176680000004,0.0 13.05454219,53.911305649999996,0.0 13.05462205,53.91135261,0.0</coordinates>
                </LineString>
                <LineString id="96922">
                    <coordinates>13.05462205,53.91135261,0.0 13.05480802,53.911460649999995,0.0 13.054976639999998,53.91155925,0.0 13.05504135,53.91158800999999,0.0</coordinates>
                </LineString>
                <LineString id="96924">
                    <coordinates>13.05504135,53.91158800999999,0.0 13.055061849999998,53.91160048999999,0.0 13.05509239,53.911614799999995,0.0</coordinates>
                </LineString>
                <LineString id="96926">
                    <coordinates>13.05509239,53.911614799999995,0.0 13.05535306,53.91174027999999,0.0</coordinates>
                </LineString>
                <LineString id="96928">
                    <coordinates>13.05535306,53.91174027999999,0.0 13.055480689999998,53.911800760000006,0.0 13.055552169999999,53.911833339999994,0.0 13.05558895,53.91184484,0.0 13.055683599999998,53.91187996,0.0 13.055707509999998,53.91188959000001,0.0</coordinates>
                </LineString>
                <LineString id="96930">
                    <coordinates>13.056027580000002,53.91200695,0.0 13.056173560000001,53.91206174999999,0.0</coordinates>
                </LineString>
                <LineString id="96932">
                    <coordinates>13.056173560000001,53.91206174999999,0.0 13.05669882,53.912259109999994,0.0</coordinates>
                </LineString>
                <LineString id="96934">
                    <coordinates>13.05669882,53.912259109999994,0.0 13.05672237,53.912268219999994,0.0 13.057034899999998,53.91238738999999,0.0 13.05713831,53.91242864,0.0</coordinates>
                </LineString>
                <LineString id="96936">
                    <coordinates>13.05713831,53.91242864,0.0 13.05725517,53.912473379999994,0.0 13.057352479999999,53.91250972,0.0 13.057574779999998,53.91259844,0.0 13.05772988,53.91266155000001,0.0 13.057891639999998,53.91272712999999,0.0 13.058002850000003,53.91277088,0.0 13.05816767,53.912834839999995,0.0</coordinates>
                </LineString>
                <LineString id="96938">
                    <coordinates>13.05816767,53.912834839999995,0.0 13.058305689999997,53.91288737,0.0 13.058989109999999,53.91313467999999,0.0 13.059255179999997,53.91323136,0.0 13.059336899999996,53.91325951,0.0 13.05943397,53.91329329,0.0 13.059635049999999,53.91337085999999,0.0</coordinates>
                </LineString>
                <LineString id="96940">
                    <coordinates>13.059635049999999,53.91337085999999,0.0 13.0597741,53.91343017999999,0.0 13.060014860000003,53.91353892000001,0.0 13.060264649999999,53.91366133999999,0.0 13.0604586,53.913766190000004,0.0 13.060606019999998,53.913851699999995,0.0 13.06067983,53.91389745000001,0.0</coordinates>
                </LineString>
                <LineString id="96942">
                    <coordinates>13.06067983,53.91389745000001,0.0 13.06076821,53.91395300999999,0.0 13.0608414,53.913993209999994,0.0 13.06094533,53.91405687,0.0 13.061142330000001,53.914174110000005,0.0 13.06123081,53.91422667,0.0</coordinates>
                </LineString>
                <LineString id="96944">
                    <coordinates>13.06138249,53.91431579000001,0.0 13.06123081,53.91422667,0.0</coordinates>
                </LineString>
                <LineString id="96946">
                    <coordinates>13.06138249,53.91431579000001,0.0 13.06143335,53.91434591,0.0 13.06189589,53.914617570000004,0.0</coordinates>
                </LineString>
                <LineString id="96948">
                    <coordinates>13.06189589,53.914617570000004,0.0 13.062168849999999,53.91478641999999,0.0</coordinates>
                </LineString>
                <LineString id="96950">
                    <coordinates>13.062168849999999,53.91478641999999,0.0 13.06265611,53.9150874,0.0 13.06285907,53.91521255999999,0.0 13.063088499999997,53.915352719999994,0.0 13.06332257,53.91549806,0.0 13.063559499999998,53.91564328,0.0 13.063623810000001,53.91568231000001,0.0</coordinates>
                </LineString>
                <LineString id="96952">
                    <coordinates>13.063623810000001,53.91568231000001,0.0 13.06365036,53.91570031999999,0.0 13.063851039999998,53.915825049999995,0.0 13.063869069999999,53.91583534,0.0</coordinates>
                </LineString>
                <LineString id="96954">
                    <coordinates>13.063869069999999,53.91583534,0.0 13.06390156,53.91585161999999,0.0 13.0639548,53.91589633,0.0 13.06415975,53.91606318,0.0</coordinates>
                </LineString>
                <LineString id="96956">
                    <coordinates>13.064329599999997,53.91620307,0.0 13.06464201,53.916460619999995,0.0 13.064724669999999,53.91652458,0.0 13.06478942,53.91669374,0.0 13.06503265,53.91686637,0.0</coordinates>
                </LineString>
                <LineString id="96958">
                    <coordinates>13.06503265,53.91686637,0.0 13.06506902,53.91688847,0.0 13.06518884,53.91697915999999,0.0 13.0654083,53.91716179999998,0.0</coordinates>
                </LineString>
                <LineString id="96960">
                    <coordinates>13.065694549999996,53.91763441,0.0 13.065771859999998,53.917695209999984,0.0 13.065796710000003,53.9177154,0.0</coordinates>
                </LineString>
                <LineString id="96962">
                    <coordinates>13.065796710000003,53.9177154,0.0 13.065812580000001,53.9177259,0.0</coordinates>
                </LineString>
                <LineString id="96964">
                    <coordinates>13.065812580000001,53.9177259,0.0 13.06583037,53.91774412,0.0 13.065866759999999,53.91777086,0.0 13.065967059999998,53.91785108,0.0</coordinates>
                </LineString>
                <LineString id="96966">
                    <coordinates>13.04983574,53.90773465,0.0 13.049843469999999,53.90773899,0.0</coordinates>
                </LineString>
                <LineString id="96968">
                    <coordinates>13.060890669999997,53.90494653999999,0.0 13.060900279999998,53.90494571,0.0</coordinates>
                </LineString>
                <LineString id="96970">
                    <coordinates>13.060553680000002,53.90497648000001,0.0 13.060790299999999,53.904955269999995,0.0 13.060890669999997,53.90494653999999,0.0</coordinates>
                </LineString>
                <LineString id="96972">
                    <coordinates>13.10152022,53.90177056,0.0 13.10193759,53.90175500000001,0.0 13.102224879999998,53.901744089999994,0.0</coordinates>
                </LineString>
                <LineString id="96974">
                    <coordinates>13.0671933,53.9045567,0.0 13.0672519,53.90455573999999,0.0 13.067285650000002,53.90455706,0.0 13.06739502,53.9045855,0.0 13.067554379999999,53.90457057,0.0 13.067791440000002,53.90454990999999,0.0 13.068015119999998,53.904529790000005,0.0 13.068246110000002,53.90451139999998,0.0 13.0684802,53.90449073999999,0.0 13.068707280000002,53.90447144000001,0.0 13.068910379999998,53.90445474999999,0.0 13.0690579,53.90444019000001,0.0 13.06916367,53.90443266,0.0 13.069296329999998,53.90441969999999,0.0 13.069397589999998,53.9044061,0.0 13.06955653,53.9043889,0.0 13.06962755,53.90438183999999,0.0 13.069856259999998,53.904362340000006,0.0 13.0701099,53.90434120999999,0.0 13.070381909999998,53.90432048999999,0.0 13.070615779999999,53.904302409999985,0.0 13.070847640000002,53.90428442,0.0 13.071135360000001,53.9042603,0.0 13.07122193,53.904248700000004,0.0 13.07134711,53.904239450000006,0.0</coordinates>
                </LineString>
                <LineString id="96976">
                    <coordinates>13.065967059999998,53.91785108,0.0 13.06608767,53.91794533,0.0 13.0662092,53.91804083,0.0</coordinates>
                </LineString>
                <LineString id="96978">
                    <coordinates>13.0662092,53.91804083,0.0 13.06638425,53.91818265999999,0.0</coordinates>
                </LineString>
                <LineString id="96980">
                    <coordinates>13.06638425,53.91818265999999,0.0 13.06639752,53.918195059999995,0.0 13.06680833,53.918551959999995,0.0</coordinates>
                </LineString>
                <LineString id="96982">
                    <coordinates>13.06680833,53.918551959999995,0.0 13.0669037,53.91863259999999,0.0 13.066993609999999,53.91870405999999,0.0 13.067104869999998,53.91878954999999,0.0 13.067270029999998,53.918909080000006,0.0 13.0673696,53.91897621999998,0.0 13.06751259,53.91906859,0.0 13.067561519999998,53.91909269999999,0.0 13.06767403,53.91916171,0.0 13.06781347,53.919241339999985,0.0 13.06805459,53.91937019,0.0 13.06815802,53.91942793,0.0</coordinates>
                </LineString>
                <LineString id="96984">
                    <coordinates>13.06815802,53.91942793,0.0 13.06839812,53.919559729999996,0.0 13.06844373,53.91958676,0.0</coordinates>
                </LineString>
                <LineString id="96986">
                    <coordinates>13.06844373,53.91958676,0.0 13.06847769,53.91960463000001,0.0 13.068903009999996,53.91984258999999,0.0</coordinates>
                </LineString>
                <LineString id="96988">
                    <coordinates>13.068903009999996,53.91984258999999,0.0 13.069305420000001,53.920069430000005,0.0 13.069393739999999,53.920116160000006,0.0 13.06965329,53.92026103999999,0.0 13.069731329999998,53.920302109999994,0.0 13.069762589999998,53.920319369999994,0.0 13.06993861,53.92041607000001,0.0 13.07006196,53.92048403,0.0</coordinates>
                </LineString>
                <LineString id="96990">
                    <coordinates>13.07006196,53.92048403,0.0 13.070091329999999,53.92050277,0.0 13.07041328,53.92068127,0.0</coordinates>
                </LineString>
                <LineString id="96992">
                    <coordinates>13.07041328,53.92068127,0.0 13.07073619,53.92085859000001,0.0 13.07082981,53.92091738999999,0.0 13.07100889,53.92102542999999,0.0</coordinates>
                </LineString>
                <LineString id="96994">
                    <coordinates>13.07100889,53.92102542999999,0.0 13.07126921,53.9211798,0.0 13.07142636,53.92127541,0.0 13.07156836,53.92134475000001,0.0 13.071889,53.92151716000001,0.0 13.072203420000001,53.921683699999996,0.0 13.072451669999998,53.921817069999996,0.0 13.072498209999997,53.921845209999994,0.0 13.072792779999999,53.92201792,0.0 13.073102699999998,53.922197849999996,0.0</coordinates>
                </LineString>
                <LineString id="96996">
                    <coordinates>13.073102699999998,53.922197849999996,0.0 13.07353303,53.9224491,0.0 13.07359645,53.92248460999999,0.0</coordinates>
                </LineString>
                <LineString id="96998">
                    <coordinates>13.073624080000002,53.922502970000004,0.0 13.07364461,53.922513099999996,0.0 13.07387884,53.922644430000005,0.0</coordinates>
                </LineString>
                <LineString id="97000">
                    <coordinates>13.075667079999997,53.923675249999995,0.0 13.075937779999999,53.9238424,0.0</coordinates>
                </LineString>
                <LineString id="97002">
                    <coordinates>13.076389379999998,53.92413713999999,0.0 13.07645022,53.924180809999996,0.0 13.076662630000001,53.924366629999994,0.0 13.07670982,53.924408129999996,0.0 13.076759979999999,53.92444503,0.0 13.076810219999999,53.92447834,0.0</coordinates>
                </LineString>
                <LineString id="97004">
                    <coordinates>13.049112329999998,53.90730218,0.0 13.0492106,53.90735839999999,0.0 13.04935482,53.907443879999995,0.0 13.049484929999997,53.90751915999999,0.0 13.04960464,53.907592009999995,0.0 13.049725259999999,53.90766540999999,0.0 13.04983164,53.9077323,0.0 13.04983574,53.90773465,0.0</coordinates>
                </LineString>
                <LineString id="97006">
                    <coordinates>13.052600939999998,53.909908939999994,0.0 13.05269495,53.90998103,0.0 13.052745129999998,53.91002078999999,0.0</coordinates>
                </LineString>
                <LineString id="97008">
                    <coordinates>13.065083200000002,53.90460541,0.0 13.065158329999996,53.904599499999996,0.0 13.065300420000002,53.90458895,0.0 13.065563770000002,53.90456884,0.0 13.065791969999998,53.90454809,0.0 13.066012040000002,53.90452848999999,0.0 13.0662321,53.90450868,0.0 13.066455309999998,53.90448881999999,0.0 13.06660416,53.904477,0.0 13.066635609999999,53.904473659999994,0.0</coordinates>
                </LineString>
                <LineString id="97010">
                    <coordinates>13.055707509999998,53.91188959000001,0.0 13.055725650000001,53.91189651,0.0 13.056027580000002,53.91200695,0.0</coordinates>
                </LineString>
                <LineString id="97012">
                    <coordinates>13.054560499999997,53.90558364,0.0 13.05444895,53.90559458999999,0.0 13.05438898,53.90560074,0.0</coordinates>
                </LineString>
                <LineString id="97014">
                    <coordinates>13.0654083,53.91716179999998,0.0 13.065476789999998,53.91722184999999,0.0 13.06536889,53.91737996,0.0</coordinates>
                </LineString>
                <LineString id="97016">
                    <coordinates>13.10937559,53.90165046999999,0.0 13.10932927,53.90165548,0.0 13.109240619999998,53.90166678,0.0 13.10912512,53.90166559999999,0.0 13.108830339999997,53.9016537,0.0 13.108605260000001,53.901643830000005,0.0 13.108312,53.901633509999996,0.0 13.10824333,53.90163135,0.0 13.108168079999999,53.90162677,0.0 13.107943799999997,53.90161208999999,0.0 13.10775579,53.90160067,0.0 13.107489869999997,53.90156513,0.0 13.107261169999997,53.901535349999996,0.0 13.10722882,53.901531039999995,0.0 13.10721098,53.90152913000001,0.0 13.107153980000001,53.90152518,0.0 13.107031459999996,53.90151738,0.0 13.10683348,53.90151165999998,0.0 13.10664722,53.901505949999994,0.0 13.10661884,53.90150229999999,0.0 13.10634537,53.90147366000001,0.0 13.106117200000002,53.90145041000001,0.0 13.105923089999997,53.901441180000006,0.0 13.10589965,53.90144124,0.0 13.105874729999998,53.90144331,0.0 13.10565308,53.90146510999998,0.0 13.105442939999998,53.90148385999999,0.0 13.10504962,53.901521689999996,0.0 13.104672439999998,53.901558109999996,0.0 13.104408859999998,53.9015821,0.0 13.10401708,53.90161708,0.0 13.103571030000001,53.90166011,0.0 13.103159279999998,53.90170436999999,0.0 13.10274455,53.90174918999999,0.0 13.10256819,53.901768870000005,0.0 13.10242834,53.901781629999995,0.0</coordinates>
                </LineString>
                <LineString id="97018">
                    <coordinates>13.10242834,53.901781629999995,0.0 13.102415369999997,53.90172404999999,0.0</coordinates>
                </LineString>
                <LineString id="97020">
                    <coordinates>13.102224879999998,53.901744089999994,0.0 13.102415369999997,53.90172404999999,0.0</coordinates>
                </LineString>
                <LineString id="97022">
                    <coordinates>13.05233724,53.90579038999999,0.0 13.05228182,53.90579508,0.0 13.05222562,53.90579887,0.0 13.05216254,53.90580385,0.0 13.052087230000001,53.90580956,0.0</coordinates>
                </LineString>
                <LineString id="97024">
                    <coordinates>13.06536889,53.91737996,0.0 13.06552972,53.917505199999994,0.0</coordinates>
                </LineString>
                <LineString id="97026">
                    <coordinates>13.06552972,53.917505199999994,0.0 13.065538369999999,53.91751195,0.0</coordinates>
                </LineString>
                <LineString id="97028">
                    <coordinates>13.065538369999999,53.91751195,0.0 13.065567689999998,53.91753475000001,0.0 13.065694549999996,53.91763441,0.0</coordinates>
                </LineString>
                <LineString id="97030">
                    <coordinates>13.049843469999999,53.90773899,0.0 13.04986939,53.90775639999999,0.0 13.04997237,53.90782389,0.0 13.050017319999998,53.907854089999994,0.0</coordinates>
                </LineString>
                <LineString id="97032">
                    <coordinates>13.075937779999999,53.9238424,0.0 13.076221109999999,53.92401602999999,0.0 13.076389379999998,53.92413713999999,0.0</coordinates>
                </LineString>
                <LineString id="97034">
                    <coordinates>13.0744222,53.92295384,0.0 13.07449838,53.92299724,0.0 13.07483297,53.92318587,0.0</coordinates>
                </LineString>
                <LineString id="97036">
                    <coordinates>13.07387884,53.922644430000005,0.0 13.0744222,53.92295384,0.0</coordinates>
                </LineString>
                <LineString id="97038">
                    <coordinates>13.07483297,53.92318587,0.0 13.075046809999998,53.92330646,0.0 13.075352229999998,53.92349354,0.0 13.07539746,53.923511420000004,0.0 13.07562307,53.92364810999999,0.0 13.075667079999997,53.923675249999995,0.0</coordinates>
                </LineString>
                <LineString id="97040">
                    <coordinates>13.06662501,53.90439941999999,0.0 13.066647940000001,53.90442910000001,0.0 13.066685959999997,53.9046097,0.0 13.06714975,53.904579459999994,0.0 13.06719336,53.90457142,0.0</coordinates>
                </LineString>
                <LineString id="97042">
                    <coordinates>13.10152022,53.90177056,0.0 13.10104996,53.90181247000001,0.0 13.10024054,53.90188173,0.0 13.099660299999996,53.90193781999999,0.0 13.098925299999998,53.90200608,0.0 13.09816198,53.90207515,0.0 13.097993880000002,53.902091580000004,0.0</coordinates>
                </LineString>
                <LineString id="97044">
                    <coordinates>13.054279089999998,53.91111063999999,0.0 13.054313739999996,53.911134069999996,0.0</coordinates>
                </LineString>
                <LineString id="97046">
                    <coordinates>13.136853809999998,53.953115209999986,0.0 13.13699193,53.95282386,0.0</coordinates>
                </LineString>
                <LineString id="97048">
                    <coordinates>13.136188009999998,53.95444547999999,0.0 13.13644093,53.95395006999999,0.0 13.13658283,53.953660830000004,0.0 13.13673788,53.95335064999999,0.0 13.136853809999998,53.953115209999986,0.0</coordinates>
                </LineString>
                <LineString id="97050">
                    <coordinates>13.12954608,53.97196353,0.0 13.12954076,53.97191833,0.0 13.129546509999999,53.971873200000005,0.0</coordinates>
                </LineString>
                <LineString id="97052">
                    <coordinates>13.14426871,53.94349974,0.0 13.1443686,53.943399150000005,0.0</coordinates>
                </LineString>
                <LineString id="97054">
                    <coordinates>13.129375359999997,53.973396599999994,0.0 13.12932536,53.97339298999999,0.0</coordinates>
                </LineString>
                <LineString id="97056">
                    <coordinates>13.12959811,53.97333505,0.0 13.129664010000003,53.97327024999999,0.0 13.129680179999998,53.973244109999996,0.0</coordinates>
                </LineString>
                <LineString id="97058">
                    <coordinates>13.129452859999999,53.97340125999999,0.0 13.12946673,53.97340128999999,0.0</coordinates>
                </LineString>
                <LineString id="97060">
                    <coordinates>13.12955106,53.97337212999999,0.0 13.12955683,53.97336707000001,0.0 13.129562450000002,53.973361649999994,0.0</coordinates>
                </LineString>
                <LineString id="97062">
                    <coordinates>13.127462139999999,53.97298924999998,0.0 13.12746543,53.973043159999996,0.0</coordinates>
                </LineString>
                <LineString id="97064">
                    <coordinates>13.12746543,53.973043159999996,0.0 13.127454699999998,53.97312009999999,0.0 13.127452479999999,53.97316403000001,0.0</coordinates>
                </LineString>
                <LineString id="97066">
                    <coordinates>13.12716921,53.97257333000001,0.0 13.12717308,53.972546830000006,0.0</coordinates>
                </LineString>
                <LineString id="97068">
                    <coordinates>13.12748311,53.97293886999999,0.0 13.1274857,53.97290614,0.0</coordinates>
                </LineString>
                <LineString id="97070">
                    <coordinates>13.14496842,53.942755649999995,0.0 13.144782039999997,53.942953719999984,0.0</coordinates>
                </LineString>
                <LineString id="97072">
                    <coordinates>13.144997279999997,53.94271876999999,0.0 13.14496842,53.942755649999995,0.0</coordinates>
                </LineString>
                <LineString id="97074">
                    <coordinates>13.14518206,53.942550989999994,0.0 13.145384469999996,53.94233431,0.0</coordinates>
                </LineString>
                <LineString id="97076">
                    <coordinates>13.14510342,53.942585709999996,0.0 13.145159100000003,53.94257488,0.0 13.14518206,53.942550989999994,0.0</coordinates>
                </LineString>
                <LineString id="97078">
                    <coordinates>13.144997279999997,53.94271876999999,0.0 13.14510342,53.942585709999996,0.0</coordinates>
                </LineString>
                <LineString id="97080">
                    <coordinates>13.13605031,53.95470385,0.0 13.136188009999998,53.95444547999999,0.0</coordinates>
                </LineString>
                <LineString id="97082">
                    <coordinates>13.13595062,53.95491663999999,0.0 13.13605031,53.95470385,0.0</coordinates>
                </LineString>
                <LineString id="97084">
                    <coordinates>13.13717247,53.95243646000001,0.0 13.13721016,53.95235233,0.0 13.1372517,53.95223249,0.0</coordinates>
                </LineString>
                <LineString id="97086">
                    <coordinates>13.13699193,53.95282386,0.0 13.13710161,53.95258689999999,0.0</coordinates>
                </LineString>
                <LineString id="97088">
                    <coordinates>13.13710161,53.95258689999999,0.0 13.13717247,53.95243646000001,0.0</coordinates>
                </LineString>
                <LineString id="97090">
                    <coordinates>13.13762769,53.95148849999999,0.0 13.137641989999997,53.95146012999999,0.0 13.1378116,53.951210409999995,0.0</coordinates>
                </LineString>
                <LineString id="97092">
                    <coordinates>13.1372517,53.95223249,0.0 13.13730095,53.95206731999999,0.0 13.13739964,53.95179577,0.0 13.137416770000002,53.95173856000001,0.0 13.13762769,53.95148849999999,0.0</coordinates>
                </LineString>
                <LineString id="97094">
                    <coordinates>13.139214499999998,53.94940746999999,0.0 13.139527010000002,53.9490505,0.0 13.139663109999999,53.94889036,0.0</coordinates>
                </LineString>
                <LineString id="97096">
                    <coordinates>13.1378116,53.951210409999995,0.0 13.137933279999999,53.95099149999999,0.0 13.13798143,53.95091847999999,0.0 13.13821294,53.95063584999998,0.0 13.138327,53.95050155999999,0.0 13.138490349999998,53.95028987999999,0.0 13.13875107,53.94997235,0.0 13.13901558,53.94965109,0.0 13.139214499999998,53.94940746999999,0.0</coordinates>
                </LineString>
                <LineString id="97098">
                    <coordinates>13.14317923,53.94502395,0.0 13.14318129,53.945020889999995,0.0 13.143379659999999,53.94457422,0.0</coordinates>
                </LineString>
                <LineString id="97100">
                    <coordinates>13.142578800000003,53.94566242999999,0.0 13.14293544,53.94530256999999,0.0</coordinates>
                </LineString>
                <LineString id="97102">
                    <coordinates>13.14293544,53.94530256999999,0.0 13.143058660000001,53.94517763,0.0 13.143126629999998,53.945102979999994,0.0 13.14317923,53.94502395,0.0</coordinates>
                </LineString>
                <LineString id="97104">
                    <coordinates>13.1320214,53.96058816,0.0 13.132072429999997,53.96057551,0.0 13.132121050000002,53.96053062,0.0 13.132195529999999,53.96040949,0.0 13.132301030000002,53.96024534000001,0.0</coordinates>
                </LineString>
                <LineString id="97106">
                    <coordinates>13.131908140000002,53.960703120000005,0.0 13.131899619999999,53.96068638999999,0.0</coordinates>
                </LineString>
                <LineString id="97108">
                    <coordinates>13.131882170000003,53.96067119000001,0.0 13.13186472,53.960655890000005,0.0</coordinates>
                </LineString>
                <LineString id="97110">
                    <coordinates>13.13236336,53.9601469,0.0 13.13242239,53.960050210000006,0.0</coordinates>
                </LineString>
                <LineString id="97112">
                    <coordinates>13.13236002,53.96015227,0.0 13.132361759999998,53.960149539999996,0.0</coordinates>
                </LineString>
                <LineString id="97114">
                    <coordinates>13.13186472,53.960655890000005,0.0 13.131986139999999,53.96058847999999,0.0 13.1320214,53.96058816,0.0</coordinates>
                </LineString>
                <LineString id="97116">
                    <coordinates>13.132340009999998,53.96018733,0.0 13.13234162,53.960184879999986,0.0</coordinates>
                </LineString>
                <LineString id="97118">
                    <coordinates>13.13234162,53.960184879999986,0.0 13.132351439999999,53.960166349999994,0.0</coordinates>
                </LineString>
                <LineString id="97120">
                    <coordinates>13.132301030000002,53.96024534000001,0.0 13.132340009999998,53.96018733,0.0</coordinates>
                </LineString>
                <LineString id="97122">
                    <coordinates>13.13522161,53.95744692,0.0 13.135319069999998,53.9573403,0.0</coordinates>
                </LineString>
                <LineString id="97124">
                    <coordinates>13.13244935,53.96000278999999,0.0 13.13263206,53.959681249999996,0.0 13.132717100000002,53.95954217,0.0 13.13288311,53.95937761999999,0.0 13.13308532,53.95922296999999,0.0 13.13319368,53.95912789999999,0.0 13.13333763,53.95901589,0.0 13.133468590000001,53.95891241000001,0.0 13.13361957,53.95879021999999,0.0 13.13379696,53.95864889999999,0.0 13.133953369999999,53.958518889999986,0.0 13.134081929999999,53.95841534,0.0 13.134243370000002,53.95828484,0.0 13.134411009999999,53.9581475,0.0 13.134531679999998,53.95804936999998,0.0 13.13470162,53.95793237,0.0 13.134796959999997,53.95786365999999,0.0 13.134955119999997,53.957707879999994,0.0 13.135110200000002,53.95755565000001,0.0 13.13522161,53.95744692,0.0</coordinates>
                </LineString>
                <LineString id="97126">
                    <coordinates>13.135588560000002,53.95597512,0.0 13.135606040000003,53.95583917,0.0</coordinates>
                </LineString>
                <LineString id="97128">
                    <coordinates>13.13536407,53.9572844,0.0 13.135421410000001,53.95721302,0.0 13.135446879999998,53.957171659999986,0.0 13.135481189999997,53.957052239999996,0.0 13.13550542,53.95689580999999,0.0 13.135529989999998,53.956636689999996,0.0 13.13555675,53.95628679,0.0 13.135588560000002,53.95597512,0.0</coordinates>
                </LineString>
                <LineString id="97130">
                    <coordinates>13.135606040000003,53.95583917,0.0 13.135640539999999,53.95555217999999,0.0 13.13571566,53.95540124,0.0 13.13585479,53.95512552,0.0 13.13595062,53.95491663999999,0.0</coordinates>
                </LineString>
                <LineString id="97132">
                    <coordinates>13.129680179999998,53.973244109999996,0.0 13.12969579,53.973221300000006,0.0</coordinates>
                </LineString>
                <LineString id="97134">
                    <coordinates>13.12969579,53.973221300000006,0.0 13.1297903,53.97310274,0.0</coordinates>
                </LineString>
                <LineString id="97136">
                    <coordinates>13.129768239999999,53.97300196,0.0 13.12976122,53.972969029999994,0.0</coordinates>
                </LineString>
                <LineString id="97138">
                    <coordinates>13.12976122,53.972969029999994,0.0 13.12974589,53.97288228000001,0.0 13.129712129999998,53.97271529999998,0.0</coordinates>
                </LineString>
                <LineString id="97140">
                    <coordinates>13.129712129999998,53.97271529999998,0.0 13.129700369999998,53.972659159999985,0.0</coordinates>
                </LineString>
                <LineString id="97142">
                    <coordinates>13.129700369999998,53.972659159999985,0.0 13.129690589999997,53.97259761,0.0</coordinates>
                </LineString>
                <LineString id="97144">
                    <coordinates>13.129690589999997,53.97259761,0.0 13.12968678,53.97258312,0.0</coordinates>
                </LineString>
                <LineString id="97146">
                    <coordinates>13.12968678,53.97258312,0.0 13.1296566,53.972496039999996,0.0</coordinates>
                </LineString>
                <LineString id="97148">
                    <coordinates>13.1296566,53.972496039999996,0.0 13.129640320000002,53.97241123999999,0.0</coordinates>
                </LineString>
                <LineString id="97150">
                    <coordinates>13.129640320000002,53.97241123999999,0.0 13.129614439999997,53.972285049999996,0.0</coordinates>
                </LineString>
                <LineString id="97152">
                    <coordinates>13.129614439999997,53.972285049999996,0.0 13.129589759999998,53.97218257999999,0.0</coordinates>
                </LineString>
                <LineString id="97154">
                    <coordinates>13.129589759999998,53.97218257999999,0.0 13.129576540000002,53.97212108,0.0</coordinates>
                </LineString>
                <LineString id="97156">
                    <coordinates>13.129576540000002,53.97212108,0.0 13.129560600000001,53.972037400000005,0.0</coordinates>
                </LineString>
                <LineString id="97158">
                    <coordinates>13.129560600000001,53.972037400000005,0.0 13.12954608,53.97196353,0.0</coordinates>
                </LineString>
                <LineString id="97160">
                    <coordinates>13.129546509999999,53.971873200000005,0.0 13.12955494,53.97179858,0.0</coordinates>
                </LineString>
                <LineString id="97162">
                    <coordinates>13.1295561,53.97171759,0.0 13.12955512,53.97170443,0.0</coordinates>
                </LineString>
                <LineString id="97164">
                    <coordinates>13.12955512,53.97170443,0.0 13.129562829999998,53.97164373999999,0.0</coordinates>
                </LineString>
                <LineString id="97166">
                    <coordinates>13.129562829999998,53.97164373999999,0.0 13.129571400000001,53.97156603,0.0</coordinates>
                </LineString>
                <LineString id="97168">
                    <coordinates>13.12958799,53.97150458000001,0.0 13.129591490000001,53.97149228,0.0 13.12961565,53.97143186,0.0 13.12962854,53.97139319,0.0</coordinates>
                </LineString>
                <LineString id="97170">
                    <coordinates>13.12962854,53.97139319,0.0 13.12963995,53.97134196,0.0 13.129653189999997,53.97129668999999,0.0</coordinates>
                </LineString>
                <LineString id="97172">
                    <coordinates>13.129653189999997,53.97129668999999,0.0 13.12965458,53.97127918,0.0</coordinates>
                </LineString>
                <LineString id="97174">
                    <coordinates>13.12965458,53.97127918,0.0 13.129659179999999,53.97121301999999,0.0</coordinates>
                </LineString>
                <LineString id="97176">
                    <coordinates>13.129659179999999,53.97121301999999,0.0 13.129669100000001,53.97116363,0.0 13.129671360000001,53.97114192000001,0.0</coordinates>
                </LineString>
                <LineString id="97178">
                    <coordinates>13.12968848,53.97106905999999,0.0 13.12968957,53.97106381999998,0.0</coordinates>
                </LineString>
                <LineString id="97180">
                    <coordinates>13.12968957,53.97106381999998,0.0 13.129812730000001,53.970994690000005,0.0</coordinates>
                </LineString>
                <LineString id="97182">
                    <coordinates>13.129812730000001,53.970994690000005,0.0 13.12991224,53.97093909000001,0.0 13.12994534,53.970929010000006,0.0</coordinates>
                </LineString>
                <LineString id="97184">
                    <coordinates>13.12994534,53.970929010000006,0.0 13.129962749999999,53.97092005,0.0</coordinates>
                </LineString>
                <LineString id="97186">
                    <coordinates>13.129962749999999,53.97092005,0.0 13.129977239999999,53.97091547,0.0</coordinates>
                </LineString>
                <LineString id="97188">
                    <coordinates>13.129977239999999,53.97091547,0.0 13.12999,53.97091115,0.0</coordinates>
                </LineString>
                <LineString id="97190">
                    <coordinates>13.12999,53.97091115,0.0 13.13015311,53.97080421999999,0.0</coordinates>
                </LineString>
                <LineString id="97192">
                    <coordinates>13.13015311,53.97080421999999,0.0 13.13019337,53.97077903999999,0.0</coordinates>
                </LineString>
                <LineString id="97194">
                    <coordinates>13.13019337,53.97077903999999,0.0 13.13031322,53.97070710999999,0.0</coordinates>
                </LineString>
                <LineString id="97196">
                    <coordinates>13.130314749999998,53.970706129999996,0.0 13.130322390000002,53.97070105,0.0</coordinates>
                </LineString>
                <LineString id="97198">
                    <coordinates>13.130322390000002,53.97070105,0.0 13.130403759999998,53.97063384,0.0</coordinates>
                </LineString>
                <LineString id="97200">
                    <coordinates>13.130403759999998,53.97063384,0.0 13.13048259,53.97056743,0.0</coordinates>
                </LineString>
                <LineString id="97202">
                    <coordinates>13.13031322,53.97070710999999,0.0 13.130314749999998,53.970706129999996,0.0</coordinates>
                </LineString>
                <LineString id="97204">
                    <coordinates>13.13048259,53.97056743,0.0 13.13052592,53.9705262,0.0</coordinates>
                </LineString>
                <LineString id="97206">
                    <coordinates>13.13052592,53.9705262,0.0 13.130578869999999,53.97045815,0.0</coordinates>
                </LineString>
                <LineString id="97208">
                    <coordinates>13.130647829999997,53.97036058999999,0.0 13.130687539999998,53.97030804,0.0 13.13074104,53.970218329999994,0.0 13.13077499,53.97017093999999,0.0</coordinates>
                </LineString>
                <LineString id="97210">
                    <coordinates>13.13077499,53.97017093999999,0.0 13.13083093,53.97010182,0.0</coordinates>
                </LineString>
                <LineString id="97212">
                    <coordinates>13.13083093,53.97010182,0.0 13.130865239999999,53.97005329999999,0.0</coordinates>
                </LineString>
                <LineString id="97214">
                    <coordinates>13.130865239999999,53.97005329999999,0.0 13.13088439,53.97002685999998,0.0 13.13093388,53.96995152,0.0 13.1309706,53.96989367,0.0</coordinates>
                </LineString>
                <LineString id="97216">
                    <coordinates>13.130578869999999,53.97045815,0.0 13.130635309999999,53.97037923999999,0.0 13.130647829999997,53.97036058999999,0.0</coordinates>
                </LineString>
                <LineString id="97218">
                    <coordinates>13.1309706,53.96989367,0.0 13.13098583,53.96986483999999,0.0</coordinates>
                </LineString>
                <LineString id="97220">
                    <coordinates>13.13098583,53.96986483999999,0.0 13.131002080000002,53.96984619999999,0.0</coordinates>
                </LineString>
                <LineString id="97222">
                    <coordinates>13.131002080000002,53.96984619999999,0.0 13.131045120000001,53.9697905,0.0 13.131066490000002,53.96976010000001,0.0</coordinates>
                </LineString>
                <LineString id="97224">
                    <coordinates>13.131066490000002,53.96976010000001,0.0 13.13109512,53.96972201999999,0.0</coordinates>
                </LineString>
                <LineString id="97226">
                    <coordinates>13.13109512,53.96972201999999,0.0 13.13112758,53.96967535999998,0.0</coordinates>
                </LineString>
                <LineString id="97228">
                    <coordinates>13.13112758,53.96967535999998,0.0 13.1312016,53.96958726,0.0</coordinates>
                </LineString>
                <LineString id="97230">
                    <coordinates>13.1312016,53.96958726,0.0 13.13125074,53.96952552999999,0.0 13.131281179999998,53.969474680000005,0.0</coordinates>
                </LineString>
                <LineString id="97232">
                    <coordinates>13.131281179999998,53.969474680000005,0.0 13.13128735,53.96946591,0.0</coordinates>
                </LineString>
                <LineString id="97234">
                    <coordinates>13.13128735,53.96946591,0.0 13.13133863,53.969413259999996,0.0</coordinates>
                </LineString>
                <LineString id="97236">
                    <coordinates>13.13133863,53.969413259999996,0.0 13.131379300000003,53.96936474000001,0.0</coordinates>
                </LineString>
                <LineString id="97238">
                    <coordinates>13.131379300000003,53.96936474000001,0.0 13.1314177,53.96931928,0.0</coordinates>
                </LineString>
                <LineString id="97240">
                    <coordinates>13.1314177,53.96931928,0.0 13.131471229999999,53.96925611,0.0</coordinates>
                </LineString>
                <LineString id="97242">
                    <coordinates>13.131471229999999,53.96925611,0.0 13.131503899999998,53.96922162,0.0</coordinates>
                </LineString>
                <LineString id="97244">
                    <coordinates>13.131503899999998,53.96922162,0.0 13.13153493,53.96917868999999,0.0</coordinates>
                </LineString>
                <LineString id="97246">
                    <coordinates>13.13153493,53.96917868999999,0.0 13.13156152,53.96913772,0.0</coordinates>
                </LineString>
                <LineString id="97248">
                    <coordinates>13.13157133,53.969128669999996,0.0 13.131588329999998,53.96911293,0.0 13.131634760000003,53.969062969999996,0.0</coordinates>
                </LineString>
                <LineString id="97250">
                    <coordinates>13.131634760000003,53.969062969999996,0.0 13.13168907,53.96900331,0.0 13.131747530000002,53.9689407,0.0 13.131787280000001,53.96888668,0.0</coordinates>
                </LineString>
                <LineString id="97252">
                    <coordinates>13.131760490000001,53.96885775,0.0 13.131755839999999,53.96885269999999,0.0</coordinates>
                </LineString>
                <LineString id="97254">
                    <coordinates>13.131755839999999,53.96885269999999,0.0 13.131740949999998,53.96883145,0.0 13.1316915,53.968813759999996,0.0</coordinates>
                </LineString>
                <LineString id="97256">
                    <coordinates>13.13131266,53.96865922,0.0 13.131282739999998,53.96862529999999,0.0</coordinates>
                </LineString>
                <LineString id="97258">
                    <coordinates>13.127445729999998,53.97318626999999,0.0 13.127437289999998,53.97321088999998,0.0 13.12745656,53.97323319,0.0 13.12774206,53.973271579999995,0.0</coordinates>
                </LineString>
                <LineString id="97260">
                    <coordinates>13.127452479999999,53.97316403000001,0.0 13.127445729999998,53.97318626999999,0.0</coordinates>
                </LineString>
                <LineString id="97262">
                    <coordinates>13.12774206,53.973271579999995,0.0 13.127797749999997,53.97327602,0.0</coordinates>
                </LineString>
                <LineString id="97264">
                    <coordinates>13.127797749999997,53.97327602,0.0 13.12791894,53.97328629,0.0</coordinates>
                </LineString>
                <LineString id="97266">
                    <coordinates>13.12791894,53.97328629,0.0 13.12814134,53.97329685,0.0</coordinates>
                </LineString>
                <LineString id="97268">
                    <coordinates>13.12814134,53.97329685,0.0 13.128407359999999,53.973313600000004,0.0</coordinates>
                </LineString>
                <LineString id="97270">
                    <coordinates>13.128407359999999,53.973313600000004,0.0 13.128482279999998,53.97331832,0.0</coordinates>
                </LineString>
                <LineString id="97272">
                    <coordinates>13.128482279999998,53.97331832,0.0 13.128790859999997,53.97334408999998,0.0</coordinates>
                </LineString>
                <LineString id="97274">
                    <coordinates>13.128790859999997,53.97334408999998,0.0 13.129241,53.973383999999996,0.0 13.12932536,53.97339298999999,0.0</coordinates>
                </LineString>
                <LineString id="97276">
                    <coordinates>13.143379659999999,53.94457422,0.0 13.1434998,53.94433131,0.0 13.14361193,53.94417684999999,0.0</coordinates>
                </LineString>
                <LineString id="97278">
                    <coordinates>13.14361193,53.94417684999999,0.0 13.144036269999999,53.94374429999999,0.0 13.14426871,53.94349974,0.0</coordinates>
                </LineString>
                <LineString id="97280">
                    <coordinates>13.1443686,53.943399150000005,0.0 13.144523349999998,53.94323441999999,0.0 13.144782039999997,53.942953719999984,0.0</coordinates>
                </LineString>
                <LineString id="97282">
                    <coordinates>13.147060680000001,53.94053160000001,0.0 13.147328329999997,53.94024931999999,0.0 13.14777794,53.93978522,0.0</coordinates>
                </LineString>
                <LineString id="97284">
                    <coordinates>13.14777794,53.93978522,0.0 13.14815336,53.93938711,0.0 13.14843715,53.93904488999999,0.0 13.148594510000002,53.93885861,0.0</coordinates>
                </LineString>
                <LineString id="97286">
                    <coordinates>13.131779579999996,53.968878409999995,0.0 13.131760490000001,53.96885775,0.0</coordinates>
                </LineString>
                <LineString id="97288">
                    <coordinates>13.129579329999999,53.97153513999999,0.0 13.12958799,53.97150458000001,0.0</coordinates>
                </LineString>
                <LineString id="97290">
                    <coordinates>13.12716921,53.97257333000001,0.0 13.127186579999998,53.972576509999996,0.0 13.127323699999998,53.97259931,0.0 13.12737609,53.97261610999999,0.0 13.127497630000002,53.972655,0.0 13.127490900000002,53.97269400999999,0.0 13.12747583,53.97277625,0.0 13.12746859,53.97289424999999,0.0 13.1274857,53.97290614,0.0</coordinates>
                </LineString>
                <LineString id="97292">
                    <coordinates>13.12748311,53.97293886999999,0.0 13.127462139999999,53.97298924999998,0.0</coordinates>
                </LineString>
                <LineString id="97294">
                    <coordinates>13.129438850000001,53.97340123,0.0 13.129452859999999,53.97340125999999,0.0</coordinates>
                </LineString>
                <LineString id="97296">
                    <coordinates>13.129571400000001,53.97156603,0.0 13.129579329999999,53.97153513999999,0.0</coordinates>
                </LineString>
                <LineString id="97298">
                    <coordinates>13.131787280000001,53.96888668,0.0 13.131779579999996,53.968878409999995,0.0</coordinates>
                </LineString>
                <LineString id="97300">
                    <coordinates>13.131282739999998,53.96862529999999,0.0 13.131274649999998,53.96859717999999,0.0 13.13127332,53.96856816,0.0 13.131280050000003,53.96853517,0.0 13.131293589999999,53.96849584999999,0.0 13.131316969999999,53.968448859999995,0.0 13.13134539,53.968399840000004,0.0 13.13141674,53.968291859999994,0.0 13.13148579,53.96821935999999,0.0 13.13156917,53.968138499999995,0.0 13.13166443,53.968065669999994,0.0 13.13177228,53.96799255,0.0 13.13188793,53.96794372,0.0 13.13197027,53.96792043,0.0 13.13208238,53.96790708,0.0 13.132100770000001,53.96790714,0.0</coordinates>
                </LineString>
                <LineString id="97302">
                    <coordinates>13.131899619999999,53.96068638999999,0.0 13.131882170000003,53.96067119000001,0.0</coordinates>
                </LineString>
                <LineString id="97304">
                    <coordinates>13.131622230000001,53.96879113000001,0.0 13.13157176,53.96877452999999,0.0 13.13149151,53.968748829999996,0.0 13.131431859999996,53.96873015,0.0 13.1313822,53.96870715,0.0 13.13133694,53.96867836999999,0.0 13.13131266,53.96865922,0.0</coordinates>
                </LineString>
                <LineString id="97306">
                    <coordinates>13.12955619,53.97178467,0.0 13.129556580000001,53.97172254,0.0 13.1295561,53.97171759,0.0</coordinates>
                </LineString>
                <LineString id="97308">
                    <coordinates>13.12955494,53.97179858,0.0 13.12955619,53.97178467,0.0</coordinates>
                </LineString>
                <LineString id="97310">
                    <coordinates>13.129438850000001,53.97340123,0.0 13.129375359999997,53.973396599999994,0.0</coordinates>
                </LineString>
                <LineString id="97312">
                    <coordinates>13.14702225,53.94057212999999,0.0 13.147060680000001,53.94053160000001,0.0</coordinates>
                </LineString>
                <LineString id="97314">
                    <coordinates>13.14695287,53.94064553,0.0 13.14702225,53.94057212999999,0.0</coordinates>
                </LineString>
                <LineString id="97316">
                    <coordinates>13.1297903,53.97310274,0.0 13.129768239999999,53.97300196,0.0</coordinates>
                </LineString>
                <LineString id="97318">
                    <coordinates>13.127212069999999,53.97248929,0.0 13.12717308,53.972546830000006,0.0</coordinates>
                </LineString>
                <LineString id="97320">
                    <coordinates>13.12946673,53.97340128999999,0.0 13.12952191,53.973397860000006,0.0 13.12955106,53.97337212999999,0.0</coordinates>
                </LineString>
                <LineString id="97322">
                    <coordinates>13.13242239,53.960050210000006,0.0 13.13244935,53.96000278999999,0.0</coordinates>
                </LineString>
                <LineString id="97324">
                    <coordinates>13.145384469999996,53.94233431,0.0 13.145561119999998,53.94213981,0.0 13.14575328,53.941930590000005,0.0 13.145972869999998,53.941687989999984,0.0 13.14615492,53.94140818,0.0 13.146389509999997,53.94122654999999,0.0 13.14668657,53.940921769999996,0.0 13.146792989999998,53.940813850000005,0.0 13.14695287,53.94064553,0.0</coordinates>
                </LineString>
                <LineString id="97326">
                    <coordinates>13.129671360000001,53.97114192000001,0.0 13.12968848,53.97106905999999,0.0</coordinates>
                </LineString>
                <LineString id="97328">
                    <coordinates>13.13232832,53.9679128,0.0 13.13238057,53.96791496,0.0</coordinates>
                </LineString>
                <LineString id="97330">
                    <coordinates>13.132100770000001,53.96790714,0.0 13.13214044,53.967907260000004,0.0</coordinates>
                </LineString>
                <LineString id="97332">
                    <coordinates>13.13214044,53.967907260000004,0.0 13.132201549999998,53.96790741999999,0.0</coordinates>
                </LineString>
                <LineString id="97334">
                    <coordinates>13.132201549999998,53.96790741999999,0.0 13.13232832,53.9679128,0.0</coordinates>
                </LineString>
                <LineString id="97336">
                    <coordinates>13.13200932,53.96096754,0.0 13.13200642,53.96091689,0.0 13.1320026,53.96084934999999,0.0 13.13200157,53.96083409,0.0</coordinates>
                </LineString>
                <LineString id="97338">
                    <coordinates>13.13238057,53.96791496,0.0 13.132396040000001,53.96791566,0.0</coordinates>
                </LineString>
                <LineString id="97340">
                    <coordinates>13.132396040000001,53.96791566,0.0 13.13239724,53.96791466,0.0</coordinates>
                </LineString>
                <LineString id="97342">
                    <coordinates>13.13239724,53.96791466,0.0 13.13253967,53.96779607,0.0 13.132580229999999,53.96708989999999,0.0 13.13258275,53.96642203999999,0.0 13.13257305,53.96635636999999,0.0 13.13251647,53.96612929,0.0 13.13230892,53.96557767,0.0 13.13218911,53.96487298000001,0.0 13.13211928,53.96446282,0.0</coordinates>
                </LineString>
                <LineString id="97344">
                    <coordinates>13.13211928,53.96446282,0.0 13.13211615,53.96444467999999,0.0 13.13209581,53.96341343,0.0 13.132063909999998,53.961931879999995,0.0 13.13200932,53.96096754,0.0</coordinates>
                </LineString>
                <LineString id="97346">
                    <coordinates>13.13200157,53.96083409,0.0 13.13196115,53.96080680999999,0.0 13.131908140000002,53.960703120000005,0.0</coordinates>
                </LineString>
                <LineString id="97348">
                    <coordinates>13.1316915,53.968813759999996,0.0 13.131622230000001,53.96879113000001,0.0</coordinates>
                </LineString>
                <LineString id="97350">
                    <coordinates>13.13156152,53.96913772,0.0 13.13157133,53.969128669999996,0.0</coordinates>
                </LineString>
                <LineString id="97352">
                    <coordinates>13.14253918,53.94570244,0.0 13.142578800000003,53.94566242999999,0.0</coordinates>
                </LineString>
                <LineString id="97354">
                    <coordinates>13.139663109999999,53.94889036,0.0 13.140219739999997,53.94823283,0.0 13.140734639999998,53.94761464999999,0.0 13.141193600000001,53.94711272,0.0 13.141690520000001,53.946577510000004,0.0 13.14194914,53.94630089999999,0.0 13.14239427,53.94584882,0.0 13.14253918,53.94570244,0.0</coordinates>
                </LineString>
                <LineString id="97356">
                    <coordinates>13.129562450000002,53.973361649999994,0.0 13.12959811,53.97333505,0.0</coordinates>
                </LineString>
                <LineString id="97358">
                    <coordinates>13.132361759999998,53.960149539999996,0.0 13.13236336,53.9601469,0.0</coordinates>
                </LineString>
                <LineString id="97360">
                    <coordinates>13.132351439999999,53.960166349999994,0.0 13.13236002,53.96015227,0.0</coordinates>
                </LineString>
                <LineString id="97362">
                    <coordinates>13.135319069999998,53.9573403,0.0 13.13536407,53.9572844,0.0</coordinates>
                </LineString>
                <LineString id="97364">
                    <coordinates>13.151447859999998,53.92351411999999,0.0 13.15149624,53.923539510000005,0.0 13.151855679999999,53.92332627999998,0.0 13.15198592,53.92324997000001,0.0</coordinates>
                </LineString>
                <LineString id="97366">
                    <coordinates>13.15773675,53.92684111,0.0 13.15774985,53.92681704,0.0</coordinates>
                </LineString>
                <LineString id="97368">
                    <coordinates>13.15538605,53.92539617,0.0 13.155365259999996,53.92535904999999,0.0</coordinates>
                </LineString>
                <LineString id="97370">
                    <coordinates>13.150813299999998,53.92125725,0.0 13.15052629,53.92110942000001,0.0</coordinates>
                </LineString>
                <LineString id="97372">
                    <coordinates>13.155121979999999,53.92306989,0.0 13.155145979999999,53.923053669999994,0.0</coordinates>
                </LineString>
                <LineString id="97374">
                    <coordinates>13.102772,53.929781,0.0 13.103260079999998,53.92965823,0.0</coordinates>
                </LineString>
                <LineString id="97376">
                    <coordinates>13.091543879999998,53.932710419999985,0.0 13.091601959999998,53.93271637,0.0</coordinates>
                </LineString>
                <LineString id="97378">
                    <coordinates>13.152786,53.931803259999995,0.0 13.15297868,53.931377319999996,0.0 13.15308967,53.931107690000005,0.0 13.153190709999999,53.930936419999995,0.0 13.15339941,53.93074437,0.0 13.153634599999998,53.93052245999999,0.0 13.15385933,53.93031246000001,0.0 13.154012640000001,53.93016968,0.0 13.154206149999998,53.92999074,0.0 13.154429410000002,53.92979262000001,0.0 13.154651060000003,53.92959463,0.0 13.154851059999999,53.92942385999999,0.0</coordinates>
                </LineString>
                <LineString id="97380">
                    <coordinates>13.14890671,53.920239699999996,0.0 13.149056769999996,53.92032164999999,0.0</coordinates>
                </LineString>
                <LineString id="97382">
                    <coordinates>13.14907407,53.920331129999994,0.0 13.149130929999998,53.92036242999999,0.0 13.149297889999998,53.92045329,0.0</coordinates>
                </LineString>
                <LineString id="97384">
                    <coordinates>13.149431699999996,53.92052743,0.0 13.149510439999998,53.920567,0.0</coordinates>
                </LineString>
                <LineString id="97386">
                    <coordinates>13.149297889999998,53.92045329,0.0 13.149431699999996,53.92052743,0.0</coordinates>
                </LineString>
                <LineString id="97388">
                    <coordinates>13.149056769999996,53.92032164999999,0.0 13.14907407,53.920331129999994,0.0</coordinates>
                </LineString>
                <LineString id="97390">
                    <coordinates>13.149510439999998,53.920567,0.0 13.1496119,53.92061969,0.0</coordinates>
                </LineString>
                <LineString id="97392">
                    <coordinates>13.1496119,53.92061969,0.0 13.150032810000003,53.920847900000005,0.0 13.150374060000003,53.92103166,0.0</coordinates>
                </LineString>
                <LineString id="97394">
                    <coordinates>13.155045019999998,53.92486268,0.0 13.15514127,53.92499835999998,0.0</coordinates>
                </LineString>
                <LineString id="97396">
                    <coordinates>13.154993479999998,53.924802099999994,0.0 13.155045019999998,53.92486268,0.0</coordinates>
                </LineString>
                <LineString id="97398">
                    <coordinates>13.15514127,53.92499835999998,0.0 13.15518888,53.92507202,0.0</coordinates>
                </LineString>
                <LineString id="97400">
                    <coordinates>13.15518888,53.92507202,0.0 13.15529435,53.92522637,0.0</coordinates>
                </LineString>
                <LineString id="97402">
                    <coordinates>13.155426059999998,53.92548201999999,0.0 13.155410169999998,53.925440089999995,0.0</coordinates>
                </LineString>
                <LineString id="97404">
                    <coordinates>13.15529435,53.92522637,0.0 13.155365259999996,53.92535904999999,0.0</coordinates>
                </LineString>
                <LineString id="97406">
                    <coordinates>13.155426059999998,53.92548201999999,0.0 13.15560052,53.925448239999994,0.0</coordinates>
                </LineString>
                <LineString id="97408">
                    <coordinates>13.15560052,53.925448239999994,0.0 13.155872409999999,53.925409519999995,0.0</coordinates>
                </LineString>
                <LineString id="97410">
                    <coordinates>13.15619165,53.92535779,0.0 13.1560593,53.925376489999984,0.0</coordinates>
                </LineString>
                <LineString id="97412">
                    <coordinates>13.155872409999999,53.925409519999995,0.0 13.1560593,53.925376489999984,0.0</coordinates>
                </LineString>
                <LineString id="97414">
                    <coordinates>13.15619165,53.92535779,0.0 13.156365499999998,53.92532719,0.0</coordinates>
                </LineString>
                <LineString id="97416">
                    <coordinates>13.15198592,53.92324997000001,0.0 13.15240059,53.92296129,0.0</coordinates>
                </LineString>
                <LineString id="97418">
                    <coordinates>13.15263084,53.92280274000001,0.0 13.15267937,53.922762039999995,0.0 13.15274355,53.922739230000005,0.0</coordinates>
                </LineString>
                <LineString id="97420">
                    <coordinates>13.152550459999997,53.92285822,0.0 13.15263084,53.92280274000001,0.0</coordinates>
                </LineString>
                <LineString id="97422">
                    <coordinates>13.15293544,53.92267655,0.0 13.152855449999999,53.92270280999999,0.0</coordinates>
                </LineString>
                <LineString id="97424">
                    <coordinates>13.15274355,53.922739230000005,0.0 13.152855449999999,53.92270280999999,0.0</coordinates>
                </LineString>
                <LineString id="97426">
                    <coordinates>13.15293544,53.92267655,0.0 13.153106559999998,53.92257137,0.0</coordinates>
                </LineString>
                <LineString id="97428">
                    <coordinates>13.153200999999997,53.92250823999999,0.0 13.153138229999998,53.92254772999999,0.0</coordinates>
                </LineString>
                <LineString id="97430">
                    <coordinates>13.153106559999998,53.92257137,0.0 13.153138229999998,53.92254772999999,0.0</coordinates>
                </LineString>
                <LineString id="97432">
                    <coordinates>13.15247478,53.92212597999999,0.0 13.152464199999999,53.92212041,0.0</coordinates>
                </LineString>
                <LineString id="97434">
                    <coordinates>13.153200999999997,53.92250823999999,0.0 13.153042069999998,53.92242469,0.0</coordinates>
                </LineString>
                <LineString id="97436">
                    <coordinates>13.153042069999998,53.92242469,0.0 13.15273987,53.92226539000001,0.0 13.15247478,53.92212597999999,0.0</coordinates>
                </LineString>
                <LineString id="97438">
                    <coordinates>13.15212869,53.92194186999999,0.0 13.15187754,53.92181595,0.0</coordinates>
                </LineString>
                <LineString id="97440">
                    <coordinates>13.152464199999999,53.92212041,0.0 13.15212869,53.92194186999999,0.0</coordinates>
                </LineString>
                <LineString id="97442">
                    <coordinates>13.151794229999998,53.92177424999999,0.0 13.151865179999998,53.92181014,0.0 13.15187754,53.92181595,0.0</coordinates>
                </LineString>
                <LineString id="97444">
                    <coordinates>13.151781419999999,53.92176755,0.0 13.151794229999998,53.92177424999999,0.0</coordinates>
                </LineString>
                <LineString id="97446">
                    <coordinates>13.15152491,53.92163197,0.0 13.151781419999999,53.92176755,0.0</coordinates>
                </LineString>
                <LineString id="97448">
                    <coordinates>13.151201459999998,53.9214639,0.0 13.150813299999998,53.92125725,0.0</coordinates>
                </LineString>
                <LineString id="97450">
                    <coordinates>13.15152491,53.92163197,0.0 13.151201459999998,53.9214639,0.0</coordinates>
                </LineString>
                <LineString id="97452">
                    <coordinates>13.15052629,53.92110942000001,0.0 13.150374060000003,53.92103166,0.0</coordinates>
                </LineString>
                <LineString id="97454">
                    <coordinates>13.15052629,53.92110942000001,0.0 13.15046243,53.92116581999999,0.0</coordinates>
                </LineString>
                <LineString id="97456">
                    <coordinates>13.15046243,53.92116581999999,0.0 13.150386019999997,53.92122123,0.0 13.15031303,53.92126848,0.0</coordinates>
                </LineString>
                <LineString id="97458">
                    <coordinates>13.150180829999998,53.92135459,0.0 13.150262609999999,53.921395839999995,0.0</coordinates>
                </LineString>
                <LineString id="97460">
                    <coordinates>13.15021121,53.921336450000005,0.0 13.150180829999998,53.92135459,0.0</coordinates>
                </LineString>
                <LineString id="97462">
                    <coordinates>13.15008192,53.92151641000001,0.0 13.15026881,53.92139914,0.0</coordinates>
                </LineString>
                <LineString id="97464">
                    <coordinates>13.150262609999999,53.921395839999995,0.0 13.15026881,53.92139914,0.0</coordinates>
                </LineString>
                <LineString id="97466">
                    <coordinates>13.150180829999998,53.92135459,0.0 13.149989910000002,53.92146951000001,0.0</coordinates>
                </LineString>
                <LineString id="97468">
                    <coordinates>13.149989910000002,53.92146951000001,0.0 13.149843349999998,53.92156487999999,0.0</coordinates>
                </LineString>
                <LineString id="97470">
                    <coordinates>13.149622779999998,53.92171418999999,0.0 13.149707510000002,53.92176275,0.0</coordinates>
                </LineString>
                <LineString id="97472">
                    <coordinates>13.149843349999998,53.92156487999999,0.0 13.149622779999998,53.92171418999999,0.0</coordinates>
                </LineString>
                <LineString id="97474">
                    <coordinates>13.149707510000002,53.92176275,0.0 13.14985045,53.921670320000004,0.0</coordinates>
                </LineString>
                <LineString id="97476">
                    <coordinates>13.15031303,53.92126848,0.0 13.15021121,53.921336450000005,0.0</coordinates>
                </LineString>
                <LineString id="97478">
                    <coordinates>13.153200999999997,53.92250823999999,0.0 13.153453479999998,53.922640300000005,0.0</coordinates>
                </LineString>
                <LineString id="97480">
                    <coordinates>13.15358038,53.92271022,0.0 13.153669979999998,53.92275822999999,0.0</coordinates>
                </LineString>
                <LineString id="97482">
                    <coordinates>13.15399832,53.92293071999999,0.0 13.154607480000001,53.92325709000001,0.0</coordinates>
                </LineString>
                <LineString id="97484">
                    <coordinates>13.153669979999998,53.92275822999999,0.0 13.15399832,53.92293071999999,0.0</coordinates>
                </LineString>
                <LineString id="97486">
                    <coordinates>13.153453479999998,53.922640300000005,0.0 13.15358038,53.92271022,0.0</coordinates>
                </LineString>
                <LineString id="97488">
                    <coordinates>13.154607480000001,53.92325709000001,0.0 13.15468328,53.923301919999986,0.0</coordinates>
                </LineString>
                <LineString id="97490">
                    <coordinates>13.15475728,53.92332129999999,0.0 13.154865499999998,53.92324065999999,0.0</coordinates>
                </LineString>
                <LineString id="97492">
                    <coordinates>13.154865499999998,53.92324065999999,0.0 13.154988979999999,53.92315543999999,0.0</coordinates>
                </LineString>
                <LineString id="97494">
                    <coordinates>13.15475728,53.92332129999999,0.0 13.154849140000001,53.92337269,0.0 13.154868059999998,53.92338353,0.0 13.154776869999997,53.92344761,0.0</coordinates>
                </LineString>
                <LineString id="97496">
                    <coordinates>13.15468328,53.923301919999986,0.0 13.154719449999998,53.92331933,0.0 13.154753660000003,53.92332405999999,0.0 13.15475728,53.92332129999999,0.0</coordinates>
                </LineString>
                <LineString id="97498">
                    <coordinates>13.154816969999997,53.923469729999994,0.0 13.15515089,53.923653650000006,0.0 13.155590339999996,53.923877579999996,0.0</coordinates>
                </LineString>
                <LineString id="97500">
                    <coordinates>13.15469468,53.9235541,0.0 13.154513329999999,53.92368302,0.0</coordinates>
                </LineString>
                <LineString id="97502">
                    <coordinates>13.154776869999997,53.92344761,0.0 13.154816969999997,53.923469729999994,0.0</coordinates>
                </LineString>
                <LineString id="97504">
                    <coordinates>13.154816969999997,53.923469729999994,0.0 13.154755799999998,53.92351195,0.0</coordinates>
                </LineString>
                <LineString id="97506">
                    <coordinates>13.154755799999998,53.92351195,0.0 13.15469468,53.9235541,0.0</coordinates>
                </LineString>
                <LineString id="97508">
                    <coordinates>13.155145979999999,53.923053669999994,0.0 13.155252919999999,53.92297490999999,0.0</coordinates>
                </LineString>
                <LineString id="97510">
                    <coordinates>13.154988979999999,53.92315543999999,0.0 13.155121979999999,53.92306989,0.0</coordinates>
                </LineString>
                <LineString id="97512">
                    <coordinates>13.151167199999998,53.93524435,0.0 13.15124529,53.93506998,0.0 13.15140276,53.934752969999984,0.0</coordinates>
                </LineString>
                <LineString id="97514">
                    <coordinates>13.150472149999999,53.93651607999999,0.0 13.150639639999998,53.936300689999996,0.0 13.150784739999999,53.936047389999985,0.0 13.15087116,53.93589585,0.0 13.150954690000003,53.93571813,0.0 13.1510909,53.93541022,0.0 13.151157309999999,53.93526640999999,0.0</coordinates>
                </LineString>
                <LineString id="97516">
                    <coordinates>13.15140276,53.934752969999984,0.0 13.151564879999999,53.934420239999994,0.0</coordinates>
                </LineString>
                <LineString id="97518">
                    <coordinates>13.151564879999999,53.934420239999994,0.0 13.15171389,53.93412354,0.0 13.15185841,53.93385247999999,0.0 13.151919019999998,53.93373202,0.0 13.152051059999998,53.93347089,0.0 13.152154439999997,53.93323173999999,0.0 13.15227254,53.93296999,0.0 13.152398780000002,53.932684990000006,0.0 13.152526129999998,53.932389549999996,0.0 13.152660590000002,53.93207314000001,0.0 13.152786,53.931803259999995,0.0</coordinates>
                </LineString>
                <LineString id="97520">
                    <coordinates>13.157572400000001,53.927138459999995,0.0 13.15757646,53.92713620999999,0.0</coordinates>
                </LineString>
                <LineString id="97522">
                    <coordinates>13.15773999,53.9266677,0.0 13.15772826,53.926624659999995,0.0 13.15762609,53.926541319999984,0.0</coordinates>
                </LineString>
                <LineString id="97524">
                    <coordinates>13.14777794,53.93978522,0.0 13.14815336,53.93938711,0.0 13.14843715,53.93904488999999,0.0 13.148594510000002,53.93885861,0.0</coordinates>
                </LineString>
                <LineString id="97526">
                    <coordinates>13.148594510000002,53.93885861,0.0 13.148975320000002,53.93839297000001,0.0 13.149388709999998,53.93789185,0.0</coordinates>
                </LineString>
                <LineString id="97528">
                    <coordinates>13.149388709999998,53.93789185,0.0 13.14975199,53.937437859999996,0.0 13.149985849999998,53.93715230999999,0.0 13.150122329999999,53.93698284999999,0.0</coordinates>
                </LineString>
                <LineString id="97530">
                    <coordinates>13.150122329999999,53.93698284999999,0.0 13.150314729999998,53.936724689999984,0.0 13.150472149999999,53.93651607999999,0.0</coordinates>
                </LineString>
                <LineString id="97532">
                    <coordinates>13.156638009999998,53.92579958,0.0 13.156587929999999,53.925747169999994,0.0 13.156545020000001,53.92566787999999,0.0 13.156424639999997,53.92544298999999,0.0</coordinates>
                </LineString>
                <LineString id="97534">
                    <coordinates>13.156365499999998,53.92532719,0.0 13.156424639999997,53.92544298999999,0.0</coordinates>
                </LineString>
                <LineString id="97536">
                    <coordinates>13.15632166,53.92525116,0.0 13.156259829999998,53.92512721,0.0</coordinates>
                </LineString>
                <LineString id="97538">
                    <coordinates>13.156342770000002,53.925280990000005,0.0 13.15632166,53.92525116,0.0</coordinates>
                </LineString>
                <LineString id="97540">
                    <coordinates>13.156259829999998,53.92512721,0.0 13.15623922,53.92508368,0.0</coordinates>
                </LineString>
                <LineString id="97542">
                    <coordinates>13.15623922,53.92508368,0.0 13.15620263,53.92501097000001,0.0</coordinates>
                </LineString>
                <LineString id="97544">
                    <coordinates>13.15620263,53.92501097000001,0.0 13.156100420000001,53.92480765,0.0</coordinates>
                </LineString>
                <LineString id="97546">
                    <coordinates>13.156100420000001,53.92480765,0.0 13.15605791,53.92470809000001,0.0 13.15604304,53.924627819999984,0.0</coordinates>
                </LineString>
                <LineString id="97548">
                    <coordinates>13.15604304,53.924627819999984,0.0 13.156024090000003,53.924526900000004,0.0 13.15603679,53.924470549999995,0.0 13.15605579,53.9244268,0.0</coordinates>
                </LineString>
                <LineString id="97550">
                    <coordinates>13.15605579,53.9244268,0.0 13.156080449999997,53.92436468999998,0.0 13.15609042,53.92428539,0.0 13.15608143,53.92424531999999,0.0</coordinates>
                </LineString>
                <LineString id="97552">
                    <coordinates>13.156365499999998,53.92532719,0.0 13.156342770000002,53.925280990000005,0.0</coordinates>
                </LineString>
                <LineString id="97554">
                    <coordinates>13.156686429999999,53.92584616,0.0 13.156710030000001,53.92586894999999,0.0 13.156769719999996,53.92591700999999,0.0</coordinates>
                </LineString>
                <LineString id="97556">
                    <coordinates>13.15710414,53.92615622,0.0 13.15712538,53.926172,0.0</coordinates>
                </LineString>
                <LineString id="97558">
                    <coordinates>13.15712538,53.926172,0.0 13.157341499999996,53.92633017999999,0.0 13.15762609,53.926541319999984,0.0</coordinates>
                </LineString>
                <LineString id="97560">
                    <coordinates>13.15765887,53.92698426999999,0.0 13.15779252,53.92705509,0.0</coordinates>
                </LineString>
                <LineString id="97562">
                    <coordinates>13.15757646,53.92713620999999,0.0 13.15763334,53.927032839999995,0.0 13.15765887,53.92698426999999,0.0</coordinates>
                </LineString>
                <LineString id="97564">
                    <coordinates>13.15779252,53.92705509,0.0 13.158070710000002,53.9272,0.0</coordinates>
                </LineString>
                <LineString id="97566">
                    <coordinates>13.158070710000002,53.9272,0.0 13.15814497,53.92714924999999,0.0</coordinates>
                </LineString>
                <LineString id="97568">
                    <coordinates>13.15814497,53.92714924999999,0.0 13.15828665,53.92726018999999,0.0 13.15842441,53.9273654,0.0 13.158524649999999,53.927438069999994,0.0 13.15861301,53.92749054000001,0.0</coordinates>
                </LineString>
                <LineString id="97570">
                    <coordinates>13.15861301,53.92749054000001,0.0 13.158748290000002,53.92756866,0.0 13.15888526,53.92763657,0.0 13.15902794,53.92770339999999,0.0 13.159094119999997,53.92772547,0.0 13.159336829999999,53.92777996,0.0</coordinates>
                </LineString>
                <LineString id="97572">
                    <coordinates>13.159336829999999,53.92777996,0.0 13.159678600000001,53.92785621,0.0 13.159751460000003,53.92783834000001,0.0 13.160004999999998,53.927863139999985,0.0</coordinates>
                </LineString>
                <LineString id="97574">
                    <coordinates>13.15773999,53.9266677,0.0 13.157918939999998,53.926684699999996,0.0</coordinates>
                </LineString>
                <LineString id="97576">
                    <coordinates>13.15774985,53.92681704,0.0 13.15773999,53.9266677,0.0</coordinates>
                </LineString>
                <LineString id="97578">
                    <coordinates>13.157918939999998,53.926684699999996,0.0 13.157946600000002,53.92660857,0.0</coordinates>
                </LineString>
                <LineString id="97580">
                    <coordinates>13.157946600000002,53.92660857,0.0 13.158047870000003,53.92631562999998,0.0</coordinates>
                </LineString>
                <LineString id="97582">
                    <coordinates>13.157946600000002,53.92660857,0.0 13.15878117,53.92659922,0.0 13.15887162,53.926683970000006,0.0 13.15887171,53.926688829999996,0.0</coordinates>
                </LineString>
                <LineString id="97584">
                    <coordinates>13.158047870000003,53.92631562999998,0.0 13.15806806,53.92627191999999,0.0</coordinates>
                </LineString>
                <LineString id="97586">
                    <coordinates>13.15806806,53.92627191999999,0.0 13.158077979999998,53.92619754999999,0.0 13.158112639999999,53.92598754,0.0 13.15813498,53.92578042000001,0.0</coordinates>
                </LineString>
                <LineString id="97588">
                    <coordinates>13.15813498,53.92578042000001,0.0 13.158139489999998,53.92573718999999,0.0</coordinates>
                </LineString>
                <LineString id="97590">
                    <coordinates>13.158139489999998,53.92573718999999,0.0 13.15814759,53.92569276,0.0</coordinates>
                </LineString>
                <LineString id="97592">
                    <coordinates>13.15814759,53.92569276,0.0 13.158144019999998,53.92564505999999,0.0</coordinates>
                </LineString>
                <LineString id="97594">
                    <coordinates>13.158144019999998,53.92564505999999,0.0 13.158145039999999,53.92544833,0.0 13.158151479999999,53.92535483,0.0</coordinates>
                </LineString>
                <LineString id="97596">
                    <coordinates>13.158151479999999,53.92535483,0.0 13.15815655,53.92527954999999,0.0 13.158184490000002,53.92520046999999,0.0</coordinates>
                </LineString>
                <LineString id="97598">
                    <coordinates>13.158184490000002,53.92520046999999,0.0 13.158241979999998,53.92498597,0.0</coordinates>
                </LineString>
                <LineString id="97600">
                    <coordinates>13.158251259999997,53.924955709999985,0.0 13.158269400000004,53.92489641000001,0.0</coordinates>
                </LineString>
                <LineString id="97602">
                    <coordinates>13.158269400000004,53.92489641000001,0.0 13.158287690000002,53.92482287,0.0</coordinates>
                </LineString>
                <LineString id="97604">
                    <coordinates>13.158287690000002,53.92482287,0.0 13.15829782,53.92469563,0.0 13.15827643,53.92459511999999,0.0 13.15822256,53.92450310999999,0.0 13.158196699999998,53.92448061,0.0</coordinates>
                </LineString>
                <LineString id="97606">
                    <coordinates>13.158196699999998,53.92448061,0.0 13.15811539,53.92441769999999,0.0 13.15802688,53.92436635,0.0 13.157999299999997,53.924349559999996,0.0</coordinates>
                </LineString>
                <LineString id="97608">
                    <coordinates>13.157999299999997,53.924349559999996,0.0 13.157871580000004,53.92428169,0.0 13.15774188,53.92421255,0.0</coordinates>
                </LineString>
                <LineString id="97610">
                    <coordinates>13.162255699999998,53.9277759,0.0 13.1626157,53.92775402000001,0.0 13.16283333,53.927731900000005,0.0 13.16292702,53.92772197999999,0.0 13.163105380000001,53.92771106000001,0.0 13.16363129,53.92766582,0.0 13.163821689999999,53.927647579999984,0.0 13.164059929999999,53.92760723999999,0.0 13.1641983,53.92757698,0.0 13.164303180000001,53.92753629,0.0 13.164634579999998,53.92737098,0.0 13.165085679999999,53.927157539999996,0.0 13.16529758,53.92704926999998,0.0</coordinates>
                </LineString>
                <LineString id="97612">
                    <coordinates>13.092481099999997,53.93306111999999,0.0 13.092502449999998,53.93306858999999,0.0</coordinates>
                </LineString>
                <LineString id="97614">
                    <coordinates>13.16529758,53.92704926999998,0.0 13.16551254,53.92694267000001,0.0 13.165754689999998,53.92683938,0.0 13.165928449999997,53.926774679999994,0.0 13.166057170000002,53.92672835,0.0 13.166237619999997,53.92668506,0.0 13.166538389999998,53.92661890999999,0.0 13.167059419999994,53.92652522999999,0.0</coordinates>
                </LineString>
                <LineString id="97616">
                    <coordinates>13.167059419999994,53.92652522999999,0.0 13.16727359,53.92649605999999,0.0 13.16825012,53.92634714999999,0.0 13.1689854,53.92623498,0.0 13.169717889999998,53.92612649,0.0 13.170344490000002,53.926022620000005,0.0</coordinates>
                </LineString>
                <LineString id="97618">
                    <coordinates>13.170344490000002,53.926022620000005,0.0 13.170543279999999,53.92599168999999,0.0 13.170786119999999,53.92601058000001,0.0 13.17121552,53.925995060000005,0.0 13.172077229999998,53.92596033,0.0</coordinates>
                </LineString>
                <LineString id="97620">
                    <coordinates>13.172077229999998,53.92596033,0.0 13.17282743,53.92593933,0.0 13.173583459999998,53.92591638,0.0 13.174333239999998,53.92588802999999,0.0 13.17503487,53.92586554999999,0.0 13.175152470000002,53.92584980000001,0.0 13.175306630000001,53.92584621,0.0 13.175523999999996,53.9258258,0.0 13.17571456,53.92581998000001,0.0</coordinates>
                </LineString>
                <LineString id="97622">
                    <coordinates>13.17571456,53.92581998000001,0.0 13.175952460000001,53.92578303999999,0.0 13.176250540000002,53.92572921,0.0 13.176776859999999,53.92562592999999,0.0 13.176873679999998,53.925599610000006,0.0 13.176868059999999,53.92558914999999,0.0 13.17698082,53.92556418000001,0.0 13.177251800000002,53.92552149000001,0.0 13.17742328,53.92548709,0.0 13.17756202,53.925471049999985,0.0 13.17786047,53.925338,0.0 13.178200530000002,53.925175719999984,0.0</coordinates>
                </LineString>
                <LineString id="97624">
                    <coordinates>13.178200530000002,53.925175719999984,0.0 13.178755659999998,53.92493334,0.0 13.17922745,53.92473515,0.0 13.17961273,53.924575739999995,0.0</coordinates>
                </LineString>
                <LineString id="97626">
                    <coordinates>13.17961273,53.924575739999995,0.0 13.1800152,53.92439435,0.0 13.1804058,53.92422573999999,0.0 13.18059985,53.924149500000006,0.0 13.18092717,53.92399418,0.0</coordinates>
                </LineString>
                <LineString id="97628">
                    <coordinates>13.18092717,53.92399418,0.0 13.181022619999998,53.92395515999999,0.0 13.18121049,53.92388076,0.0 13.181763159999997,53.92365418000001,0.0 13.181883269999998,53.92360225,0.0</coordinates>
                </LineString>
                <LineString id="97630">
                    <coordinates>13.160004999999998,53.927863139999985,0.0 13.16016995,53.927873430000005,0.0 13.160280939999996,53.92788114999999,0.0 13.16038292,53.92788707,0.0 13.160676159999998,53.92787866999999,0.0 13.160975079999998,53.92785779999999,0.0 13.161238139999998,53.92784258,0.0 13.16155497,53.92782677999999,0.0 13.162255699999998,53.9277759,0.0</coordinates>
                </LineString>
                <LineString id="97632">
                    <coordinates>13.15608143,53.92424531999999,0.0 13.156042489999997,53.92414965999999,0.0 13.155963779999999,53.92407957999999,0.0 13.155819439999998,53.92399515,0.0 13.155590339999996,53.923877579999996,0.0</coordinates>
                </LineString>
                <LineString id="97634">
                    <coordinates>13.15774188,53.92421255,0.0 13.157555869999998,53.924113659999996,0.0</coordinates>
                </LineString>
                <LineString id="97636">
                    <coordinates>13.157555869999998,53.924113659999996,0.0 13.157146789999999,53.92391461999999,0.0</coordinates>
                </LineString>
                <LineString id="97638">
                    <coordinates>13.157555869999998,53.924113659999996,0.0 13.157659999999998,53.923989479999996,0.0</coordinates>
                </LineString>
                <LineString id="97640">
                    <coordinates>13.157659999999998,53.923989479999996,0.0 13.157689289999997,53.92399745,0.0 13.158013679999996,53.92375660999999,0.0</coordinates>
                </LineString>
                <LineString id="97642">
                    <coordinates>13.158388869999998,53.92392551,0.0 13.158416319999997,53.92393789,0.0 13.15846233,53.9239528,0.0 13.158719099999999,53.924043649999994,0.0 13.158565429999998,53.92422096999999,0.0 13.15858917,53.92422801,0.0</coordinates>
                </LineString>
                <LineString id="97644">
                    <coordinates>13.157146789999999,53.92391461999999,0.0 13.157113879999999,53.92398885999999,0.0</coordinates>
                </LineString>
                <LineString id="97646">
                    <coordinates>13.1568353,53.92384189999999,0.0 13.15677747,53.92380472,0.0 13.156698179999998,53.92374362,0.0 13.156634000000002,53.92366581,0.0 13.156580999999997,53.92355787999999,0.0 13.156554839999998,53.92348539999998,0.0</coordinates>
                </LineString>
                <LineString id="97648">
                    <coordinates>13.156554839999998,53.92348539999998,0.0 13.1565476,53.92346865,0.0</coordinates>
                </LineString>
                <LineString id="97650">
                    <coordinates>13.1565476,53.92346865,0.0 13.15653148,53.92342925,0.0</coordinates>
                </LineString>
                <LineString id="97652">
                    <coordinates>13.15653148,53.92342925,0.0 13.156432379999998,53.92320602,0.0</coordinates>
                </LineString>
                <LineString id="97654">
                    <coordinates>13.156432379999998,53.92320602,0.0 13.15640574,53.923140919999994,0.0</coordinates>
                </LineString>
                <LineString id="97656">
                    <coordinates>13.15640574,53.923140919999994,0.0 13.156389189999999,53.92311065,0.0</coordinates>
                </LineString>
                <LineString id="97658">
                    <coordinates>13.156389189999999,53.92311065,0.0 13.15638375,53.9230959,0.0</coordinates>
                </LineString>
                <LineString id="97660">
                    <coordinates>13.15638375,53.9230959,0.0 13.15634109,53.922961640000004,0.0</coordinates>
                </LineString>
                <LineString id="97662">
                    <coordinates>13.15634109,53.922961640000004,0.0 13.156317590000002,53.92288269000001,0.0</coordinates>
                </LineString>
                <LineString id="97664">
                    <coordinates>13.156317590000002,53.92288269000001,0.0 13.15627255,53.92276697,0.0 13.156233669999999,53.92263394,0.0</coordinates>
                </LineString>
                <LineString id="97666">
                    <coordinates>13.156188859999999,53.92241352999999,0.0 13.15621233,53.92253887999999,0.0</coordinates>
                </LineString>
                <LineString id="97668">
                    <coordinates>13.15621233,53.92253887999999,0.0 13.15622533,53.92261005,0.0 13.156233669999999,53.92263394,0.0</coordinates>
                </LineString>
                <LineString id="97670">
                    <coordinates>13.156188859999999,53.92241352999999,0.0 13.156138140000001,53.92241178,0.0 13.156134529999997,53.922309989999995,0.0 13.156126719999998,53.922197950000005,0.0</coordinates>
                </LineString>
                <LineString id="97672">
                    <coordinates>13.156126719999998,53.922197950000005,0.0 13.156186169999998,53.921937039999996,0.0</coordinates>
                </LineString>
                <LineString id="97674">
                    <coordinates>13.1565476,53.92346865,0.0 13.1566482,53.92345762000001,0.0</coordinates>
                </LineString>
                <LineString id="97676">
                    <coordinates>13.1566482,53.92345762000001,0.0 13.15668491,53.923453089999995,0.0</coordinates>
                </LineString>
                <LineString id="97678">
                    <coordinates>13.156186169999998,53.921937039999996,0.0 13.156223999999998,53.921755239999996,0.0 13.156226619999998,53.92172175,0.0</coordinates>
                </LineString>
                <LineString id="97680">
                    <coordinates>13.18215714,53.92356140999999,0.0 13.1824944,53.92340595999998,0.0</coordinates>
                </LineString>
                <LineString id="97682">
                    <coordinates>13.182092709999997,53.92350643999999,0.0 13.18215714,53.92356140999999,0.0</coordinates>
                </LineString>
                <LineString id="97684">
                    <coordinates>13.181883269999998,53.92360225,0.0 13.182000289999998,53.923552,0.0 13.182079379999998,53.923520159999995,0.0 13.182092709999997,53.92350643999999,0.0</coordinates>
                </LineString>
                <LineString id="97686">
                    <coordinates>13.1824944,53.92340595999998,0.0 13.182788139999996,53.92326113999999,0.0</coordinates>
                </LineString>
                <LineString id="97688">
                    <coordinates>13.182788139999996,53.92326113999999,0.0 13.18309538,53.92312729,0.0 13.183227079999998,53.92307351,0.0</coordinates>
                </LineString>
                <LineString id="97690">
                    <coordinates>13.183415489999998,53.92300068000001,0.0 13.18354769,53.92294437,0.0</coordinates>
                </LineString>
                <LineString id="97692">
                    <coordinates>13.183227079999998,53.92307351,0.0 13.183415489999998,53.92300068000001,0.0</coordinates>
                </LineString>
                <LineString id="97694">
                    <coordinates>13.184081709999997,53.92285358,0.0 13.184082379999998,53.92279409999999,0.0</coordinates>
                </LineString>
                <LineString id="97696">
                    <coordinates>13.18394221,53.922846299999996,0.0 13.184081709999997,53.92285358,0.0</coordinates>
                </LineString>
                <LineString id="97698">
                    <coordinates>13.18412304,53.922604850000006,0.0 13.184087709999998,53.92258533,0.0</coordinates>
                </LineString>
                <LineString id="97700">
                    <coordinates>13.184087709999998,53.92258533,0.0 13.183893559999998,53.92249588999999,0.0</coordinates>
                </LineString>
                <LineString id="97702">
                    <coordinates>13.184082379999998,53.92279409999999,0.0 13.184168759999999,53.92277247,0.0 13.184223829999999,53.92274648,0.0 13.184246669999999,53.92271686999999,0.0 13.184238079999998,53.92266824,0.0 13.18412304,53.922604850000006,0.0</coordinates>
                </LineString>
                <LineString id="97704">
                    <coordinates>13.18354769,53.92294437,0.0 13.18363332,53.92290804,0.0 13.18375502,53.92286033999999,0.0 13.18381869,53.92284543,0.0 13.183895759999999,53.92284276,0.0 13.18394221,53.922846299999996,0.0</coordinates>
                </LineString>
                <LineString id="97706">
                    <coordinates>13.183893559999998,53.92249588999999,0.0 13.18381912,53.92246623,0.0</coordinates>
                </LineString>
                <LineString id="97708">
                    <coordinates>13.158013679999996,53.92375660999999,0.0 13.158388869999998,53.92392551,0.0</coordinates>
                </LineString>
                <LineString id="97710">
                    <coordinates>13.154851059999999,53.92942385999999,0.0 13.155380669999998,53.92896824999999,0.0 13.155616869999998,53.928745580000005,0.0 13.155902019999997,53.92850584999999,0.0 13.156187959999999,53.92825655999999,0.0 13.156555549999998,53.92794746999999,0.0 13.15690056,53.92765419999999,0.0 13.157261529999998,53.92735930999999,0.0 13.15742363,53.92721874,0.0 13.157572400000001,53.927138459999995,0.0</coordinates>
                </LineString>
                <LineString id="97712">
                    <coordinates>13.15529435,53.92522637,0.0 13.1552884,53.92524072999999,0.0</coordinates>
                </LineString>
                <LineString id="97714">
                    <coordinates>13.08402861,53.92899299,0.0 13.084057479999998,53.92900152,0.0</coordinates>
                </LineString>
                <LineString id="97716">
                    <coordinates>13.076389379999998,53.92413713999999,0.0 13.07645022,53.924180809999996,0.0 13.076662630000001,53.924366629999994,0.0 13.07670982,53.924408129999996,0.0 13.076759979999999,53.92444503,0.0 13.076810219999999,53.92447834,0.0</coordinates>
                </LineString>
                <LineString id="97718">
                    <coordinates>13.076810219999999,53.92447834,0.0 13.07701385,53.92460876999999,0.0 13.07724586,53.92470091999999,0.0 13.07744302,53.924816019999994,0.0 13.077727739999997,53.92498773999999,0.0</coordinates>
                </LineString>
                <LineString id="97720">
                    <coordinates>13.077727739999997,53.92498773999999,0.0 13.07830648,53.92533031,0.0 13.0786558,53.92555608,0.0 13.078907939999999,53.925718010000004,0.0 13.07895949,53.92574222999999,0.0 13.079130100000002,53.925851089999995,0.0</coordinates>
                </LineString>
                <LineString id="97722">
                    <coordinates>13.079130100000002,53.925851089999995,0.0 13.079315779999998,53.92600253999999,0.0 13.07933781,53.926024160000004,0.0 13.079609560000002,53.92622504,0.0 13.07998256,53.92653332,0.0</coordinates>
                </LineString>
                <LineString id="97724">
                    <coordinates>13.07998256,53.92653332,0.0 13.08047061,53.9269354,0.0 13.08050836,53.92696787999999,0.0</coordinates>
                </LineString>
                <LineString id="97726">
                    <coordinates>13.08050836,53.92696787999999,0.0 13.080741349999998,53.92715531999999,0.0 13.080922320000003,53.927299500000004,0.0 13.08115848,53.927488710000006,0.0 13.081210400000002,53.92753196000001,0.0 13.08146583,53.92774468,0.0 13.081719529999999,53.92795379999999,0.0 13.08178718,53.928008729999995,0.0 13.082017299999999,53.92819525000001,0.0 13.08229411,53.92840510999999,0.0 13.082407739999999,53.928446169999994,0.0 13.082494869999998,53.92847733,0.0 13.082609779999999,53.9285102,0.0 13.08280901,53.92858341,0.0 13.08299244,53.928647649999995,0.0</coordinates>
                </LineString>
                <LineString id="97728">
                    <coordinates>13.08299244,53.928647649999995,0.0 13.08325688,53.92874306999999,0.0 13.08330672,53.92876001,0.0 13.083371859999998,53.92877953,0.0</coordinates>
                </LineString>
                <LineString id="97730">
                    <coordinates>13.083371859999998,53.92877953,0.0 13.08353501,53.92882817,0.0</coordinates>
                </LineString>
                <LineString id="97732">
                    <coordinates>13.08353501,53.92882817,0.0 13.083664439999998,53.92886956,0.0</coordinates>
                </LineString>
                <LineString id="97734">
                    <coordinates>13.083664439999998,53.92886956,0.0 13.08402861,53.92899299,0.0</coordinates>
                </LineString>
                <LineString id="97736">
                    <coordinates>13.084057479999998,53.92900152,0.0 13.084438479999998,53.92912896,0.0</coordinates>
                </LineString>
                <LineString id="97738">
                    <coordinates>13.084438479999998,53.92912896,0.0 13.08479255,53.929248300000005,0.0 13.084969489999999,53.92930750999999,0.0</coordinates>
                </LineString>
                <LineString id="97740">
                    <coordinates>13.084969489999999,53.92930750999999,0.0 13.085148589999998,53.929368419999996,0.0 13.0851797,53.92937567,0.0 13.08523568,53.92939516,0.0</coordinates>
                </LineString>
                <LineString id="97742">
                    <coordinates>13.085513199999998,53.92949099,0.0 13.085985449999999,53.92965289,0.0</coordinates>
                </LineString>
                <LineString id="97744">
                    <coordinates>13.08523568,53.92939516,0.0 13.08533624,53.929430069999995,0.0 13.085436670000002,53.929465799999996,0.0 13.085513199999998,53.92949099,0.0</coordinates>
                </LineString>
                <LineString id="97746">
                    <coordinates>13.085985449999999,53.92965289,0.0 13.086781379999998,53.92992724,0.0 13.087018899999999,53.93001089999999,0.0 13.087066209999998,53.930031330000006,0.0 13.08717387,53.930071029999986,0.0 13.0872463,53.9300974,0.0</coordinates>
                </LineString>
                <LineString id="97748">
                    <coordinates>13.08728357,53.930112689999994,0.0 13.08736834,53.930040610000006,0.0</coordinates>
                </LineString>
                <LineString id="97750">
                    <coordinates>13.08728357,53.930112689999994,0.0 13.08730488,53.93011829,0.0 13.087414079999999,53.93015852,0.0 13.087483009999998,53.930175119999994,0.0 13.08771448,53.93025601,0.0</coordinates>
                </LineString>
                <LineString id="97752">
                    <coordinates>13.0872463,53.9300974,0.0 13.08728357,53.930112689999994,0.0</coordinates>
                </LineString>
                <LineString id="97754">
                    <coordinates>13.08736834,53.930040610000006,0.0 13.08739396,53.93001808,0.0</coordinates>
                </LineString>
                <LineString id="97756">
                    <coordinates>13.08739396,53.93001808,0.0 13.087359299999996,53.93000331,0.0</coordinates>
                </LineString>
                <LineString id="97758">
                    <coordinates>13.087359299999996,53.93000331,0.0 13.087236720000002,53.929957959999996,0.0</coordinates>
                </LineString>
                <LineString id="97760">
                    <coordinates>13.08771448,53.93025601,0.0 13.0882692,53.930456219999996,0.0 13.088647999999996,53.93059293,0.0 13.08883489,53.930659010000014,0.0</coordinates>
                </LineString>
                <LineString id="97762">
                    <coordinates>13.089425959999998,53.93087254,0.0 13.089538499999998,53.930918639999994,0.0 13.089680589999999,53.930981419999995,0.0 13.08978513,53.931034219999994,0.0 13.08985212,53.93107183,0.0 13.089947109999999,53.93113492999999,0.0 13.09002192,53.93118928,0.0 13.090237659999998,53.93134681999999,0.0</coordinates>
                </LineString>
                <LineString id="97764">
                    <coordinates>13.09112662,53.932037629999996,0.0 13.091132409999997,53.93204306999999,0.0</coordinates>
                </LineString>
                <LineString id="97766">
                    <coordinates>13.090237659999998,53.93134681999999,0.0 13.090467449999998,53.931515929999996,0.0 13.09071613,53.93169586,0.0 13.09084555,53.931790230000004,0.0</coordinates>
                </LineString>
                <LineString id="97768">
                    <coordinates>13.091132409999997,53.93204306999999,0.0 13.091237440000002,53.93216805000001,0.0 13.09127618,53.93222499,0.0 13.091287440000002,53.93224485,0.0 13.09132976,53.93233282999999,0.0</coordinates>
                </LineString>
                <LineString id="97770">
                    <coordinates>13.09132976,53.93233282999999,0.0 13.091342030000002,53.93236041,0.0 13.09134708,53.932390010000006,0.0 13.091353240000002,53.93245455,0.0 13.09137116,53.93257810999999,0.0</coordinates>
                </LineString>
                <LineString id="97772">
                    <coordinates>13.09136461,53.93264903,0.0 13.09136432,53.93264957,0.0</coordinates>
                </LineString>
                <LineString id="97774">
                    <coordinates>13.091372620000001,53.932623910000004,0.0 13.0913728,53.932629569999996,0.0</coordinates>
                </LineString>
                <LineString id="97776">
                    <coordinates>13.09136432,53.93264957,0.0 13.091388360000002,53.932660170000005,0.0 13.091543879999998,53.932710419999985,0.0</coordinates>
                </LineString>
                <LineString id="97778">
                    <coordinates>13.09134987,53.93266809,0.0 13.091334719999997,53.93267906999999,0.0</coordinates>
                </LineString>
                <LineString id="97780">
                    <coordinates>13.09136432,53.93264957,0.0 13.09134987,53.93266809,0.0</coordinates>
                </LineString>
                <LineString id="97782">
                    <coordinates>13.091334719999997,53.93267906999999,0.0 13.09131466,53.93268838000001,0.0 13.091254829999999,53.932727709999995,0.0 13.091186119999998,53.93276513,0.0 13.09114744,53.93278625000001,0.0 13.091063220000002,53.93282332999999,0.0 13.091042509999998,53.93283157,0.0 13.091020219999997,53.932837749999976,0.0 13.09098001,53.932849269999984,0.0 13.090938309999999,53.93286161,0.0 13.090844929999998,53.93286867,0.0 13.09081988,53.93286966,0.0</coordinates>
                </LineString>
                <LineString id="97784">
                    <coordinates>13.091601959999998,53.93271637,0.0 13.091622689999998,53.93271846999999,0.0 13.09184835,53.93280510999999,0.0 13.09197773,53.93285554,0.0</coordinates>
                </LineString>
                <LineString id="97786">
                    <coordinates>13.09197773,53.93285554,0.0 13.092028199999998,53.932875379999984,0.0 13.092241599999998,53.932963990000005,0.0</coordinates>
                </LineString>
                <LineString id="97788">
                    <coordinates>13.092241599999998,53.932963990000005,0.0 13.092481099999997,53.93306111999999,0.0</coordinates>
                </LineString>
                <LineString id="97790">
                    <coordinates>13.092502449999998,53.93306858999999,0.0 13.09258797,53.933101549999996,0.0</coordinates>
                </LineString>
                <LineString id="97792">
                    <coordinates>13.09258797,53.933101549999996,0.0 13.09269441,53.93314243999999,0.0 13.092743490000002,53.93315725,0.0 13.09279151,53.933171810000005,0.0</coordinates>
                </LineString>
                <LineString id="97794">
                    <coordinates>13.09279151,53.933171810000005,0.0 13.09280583,53.933177990000004,0.0</coordinates>
                </LineString>
                <LineString id="97796">
                    <coordinates>13.09280583,53.933177990000004,0.0 13.09285269,53.93319425999999,0.0</coordinates>
                </LineString>
                <LineString id="97798">
                    <coordinates>13.09285269,53.93319425999999,0.0 13.092921050000001,53.933208660000005,0.0 13.092999759999998,53.93322819,0.0 13.0930601,53.933243369999985,0.0 13.093103929999998,53.93325553,0.0</coordinates>
                </LineString>
                <LineString id="97800">
                    <coordinates>13.093103929999998,53.93325553,0.0 13.09312287,53.93325871,0.0 13.09328633,53.93329682999999,0.0 13.09333785,53.93330722,0.0 13.093455610000001,53.93332708,0.0 13.093619999999998,53.93335674,0.0 13.0936662,53.933362319999986,0.0</coordinates>
                </LineString>
                <LineString id="97802">
                    <coordinates>13.09409352,53.933429600000004,0.0 13.094105239999998,53.93335010999999,0.0</coordinates>
                </LineString>
                <LineString id="97804">
                    <coordinates>13.09409352,53.933429600000004,0.0 13.0943739,53.933471929999996,0.0 13.094402340000002,53.93347782,0.0</coordinates>
                </LineString>
                <LineString id="97806">
                    <coordinates>13.0936662,53.933362319999986,0.0 13.09409352,53.933429600000004,0.0</coordinates>
                </LineString>
                <LineString id="97808">
                    <coordinates>13.094458500000002,53.93338677,0.0 13.094505229999998,53.93338057999999,0.0 13.09454179,53.93336978999999,0.0 13.09455626,53.93336158999998,0.0 13.094643389999998,53.93331288000001,0.0 13.09473523,53.933259459999995,0.0 13.094762329999998,53.93324245,0.0 13.09483976,53.93319928999999,0.0 13.09493842,53.93314572999999,0.0 13.095156210000003,53.9330283,0.0 13.095329939999997,53.93293411,0.0 13.09551434,53.93283219999999,0.0 13.095535580000002,53.93282225,0.0</coordinates>
                </LineString>
                <LineString id="97810">
                    <coordinates>13.085891779999999,53.93452488,0.0 13.08583902,53.934488040000005,0.0</coordinates>
                </LineString>
                <LineString id="97812">
                    <coordinates>13.095535580000002,53.93282225,0.0 13.095553870000002,53.93281016000001,0.0 13.095624909999998,53.93275771,0.0 13.095709999999999,53.93269392999999,0.0 13.0957359,53.93267316,0.0</coordinates>
                </LineString>
                <LineString id="97814">
                    <coordinates>13.096159240000002,53.93244864,0.0 13.096210869999998,53.93242076,0.0 13.09637464,53.93234425,0.0 13.096540809999999,53.932257919999984,0.0 13.09660968,53.93222345000001,0.0</coordinates>
                </LineString>
                <LineString id="97816">
                    <coordinates>13.0957359,53.93267316,0.0 13.09580939,53.932630749999994,0.0 13.09593301,53.93256586,0.0 13.09606156,53.93249841999999,0.0 13.096159240000002,53.93244864,0.0</coordinates>
                </LineString>
                <LineString id="97818">
                    <coordinates>13.09660968,53.93222345000001,0.0 13.096760380000001,53.93228585,0.0 13.096880719999998,53.93230241999999,0.0 13.09696338,53.932262529999996,0.0 13.09707852,53.932337770000004,0.0 13.097245749999999,53.932367169999985,0.0</coordinates>
                </LineString>
                <LineString id="97820">
                    <coordinates>13.09660968,53.93222345000001,0.0 13.096674709999998,53.93218775,0.0 13.096834430000001,53.93210857,0.0 13.09696877,53.932038479999996,0.0 13.097096099999998,53.931972209999984,0.0</coordinates>
                </LineString>
                <LineString id="97822">
                    <coordinates>13.097096099999998,53.931972209999984,0.0 13.097529169999998,53.93174857999999,0.0 13.097644750000002,53.93169004,0.0 13.09784573,53.93158404999999,0.0 13.0981874,53.931403589999995,0.0 13.098355610000002,53.93131715999999,0.0 13.0984805,53.93125197999999,0.0 13.09863765,53.93117083999999,0.0</coordinates>
                </LineString>
                <LineString id="97824">
                    <coordinates>13.09863765,53.93117083999999,0.0 13.098691640000002,53.93114213,0.0 13.098932969999996,53.93101389999998,0.0 13.099205539999998,53.93087151,0.0</coordinates>
                </LineString>
                <LineString id="97826">
                    <coordinates>13.099205539999998,53.93087151,0.0 13.099330410000002,53.930806409999995,0.0 13.09946662,53.93073575,0.0 13.099592259999998,53.9306711,0.0 13.09962695,53.930650889999995,0.0 13.09966909,53.930631160000004,0.0 13.09975757,53.93058574999999,0.0 13.09988435,53.93053247999999,0.0 13.09994087,53.930511640000006,0.0 13.100028269999996,53.93048356,0.0 13.1000923,53.930464629999996,0.0 13.10016643,53.930443649999994,0.0 13.100250539999998,53.93042159999999,0.0 13.100333169999999,53.93040055,0.0 13.10070563,53.93030449999999,0.0 13.10084821,53.93026957,0.0 13.101186699999998,53.930183199999995,0.0 13.10132,53.93014781,0.0</coordinates>
                </LineString>
                <LineString id="97828">
                    <coordinates>13.10132,53.93014781,0.0 13.10137677,53.93013396,0.0 13.101491759999998,53.930104639999996,0.0 13.10164113,53.93006856000001,0.0 13.10173702,53.9300489,0.0 13.10186203,53.93001499999999,0.0 13.101910359999998,53.930003199999994,0.0</coordinates>
                </LineString>
                <LineString id="97830">
                    <coordinates>13.101910359999998,53.930003199999994,0.0 13.10202551,53.929973860000004,0.0 13.102230369999997,53.92991747,0.0 13.102281229999997,53.92990411,0.0 13.102351179999998,53.92988512,0.0</coordinates>
                </LineString>
                <LineString id="97832">
                    <coordinates>13.102351179999998,53.92988512,0.0 13.102772,53.929781,0.0</coordinates>
                </LineString>
                <LineString id="97834">
                    <coordinates>13.103313209999998,53.92964447999999,0.0 13.103498390000002,53.929597910000005,0.0 13.103661690000001,53.92955511,0.0 13.10381635,53.92951714,0.0</coordinates>
                </LineString>
                <LineString id="97836">
                    <coordinates>13.103260079999998,53.92965823,0.0 13.103313209999998,53.92964447999999,0.0</coordinates>
                </LineString>
                <LineString id="97838">
                    <coordinates>13.106262049999998,53.92890935999999,0.0 13.10643333,53.92886640999999,0.0 13.10683184,53.92877529,0.0 13.106931280000001,53.92875443999999,0.0 13.10697699,53.928744589999994,0.0</coordinates>
                </LineString>
                <LineString id="97840">
                    <coordinates>13.104420939999999,53.92936632,0.0 13.104465369999998,53.92935534,0.0 13.105104839999997,53.92919624,0.0 13.105555659999998,53.92908438,0.0 13.106032740000002,53.92896586,0.0 13.106262049999998,53.92890935999999,0.0</coordinates>
                </LineString>
                <LineString id="97842">
                    <coordinates>13.10787109,53.928534039999995,0.0 13.107880859999998,53.92854776999999,0.0</coordinates>
                </LineString>
                <LineString id="97844">
                    <coordinates>13.107884369999999,53.92855250000001,0.0 13.10792434,53.928607150000005,0.0</coordinates>
                </LineString>
                <LineString id="97846">
                    <coordinates>13.10792434,53.928607150000005,0.0 13.107930879999998,53.92862441999999,0.0</coordinates>
                </LineString>
                <LineString id="97848">
                    <coordinates>13.108398719999997,53.92839965999999,0.0 13.10851223,53.92837100999999,0.0 13.108697999999999,53.9283256,0.0 13.109006479999998,53.928248659999994,0.0</coordinates>
                </LineString>
                <LineString id="97850">
                    <coordinates>13.109698679999997,53.928072799999995,0.0 13.109819100000001,53.92804451,0.0</coordinates>
                </LineString>
                <LineString id="97852">
                    <coordinates>13.109170510000002,53.92820712000001,0.0 13.109466179999998,53.928132160000004,0.0 13.109698679999997,53.928072799999995,0.0</coordinates>
                </LineString>
                <LineString id="97854">
                    <coordinates>13.11027147,53.92794050999999,0.0 13.110279059999998,53.92794833999999,0.0</coordinates>
                </LineString>
                <LineString id="97856">
                    <coordinates>13.109819100000001,53.92804451,0.0 13.109984319999999,53.928005089999985,0.0</coordinates>
                </LineString>
                <LineString id="97858">
                    <coordinates>13.109984319999999,53.928005089999985,0.0 13.1101657,53.92796597,0.0 13.11027147,53.92794050999999,0.0</coordinates>
                </LineString>
                <LineString id="97860">
                    <coordinates>13.110279059999998,53.92794833999999,0.0 13.11033458,53.92801193,0.0</coordinates>
                </LineString>
                <LineString id="97862">
                    <coordinates>13.11027147,53.92794050999999,0.0 13.11033752,53.92792333,0.0</coordinates>
                </LineString>
                <LineString id="97864">
                    <coordinates>13.11142379,53.92765812,0.0 13.111605629999996,53.92761221999999,0.0</coordinates>
                </LineString>
                <LineString id="97866">
                    <coordinates>13.111049360000003,53.92774624,0.0 13.11116668,53.92772316999999,0.0 13.11142379,53.92765812,0.0</coordinates>
                </LineString>
                <LineString id="97868">
                    <coordinates>13.111605629999996,53.92761221999999,0.0 13.111608749999998,53.9276228,0.0</coordinates>
                </LineString>
                <LineString id="97870">
                    <coordinates>13.111608749999998,53.9276228,0.0 13.111635830000003,53.92767374999999,0.0</coordinates>
                </LineString>
                <LineString id="97872">
                    <coordinates>13.107930879999998,53.92862441999999,0.0 13.108023609999998,53.92859794999999,0.0 13.1081294,53.92856660999998,0.0 13.108333779999999,53.92850631,0.0 13.10842625,53.92848065,0.0 13.108447369999999,53.92847578000001,0.0</coordinates>
                </LineString>
                <LineString id="97874">
                    <coordinates>13.108447369999999,53.92847578000001,0.0 13.108470290000001,53.928474579999985,0.0 13.10867803,53.92842249,0.0 13.10907302,53.92832309,0.0 13.109409429999998,53.92823885,0.0 13.10947964,53.92833508,0.0</coordinates>
                </LineString>
                <LineString id="97876">
                    <coordinates>13.11033458,53.92801193,0.0 13.110284389999999,53.92802561999999,0.0 13.11017263,53.92805401,0.0</coordinates>
                </LineString>
                <LineString id="97878">
                    <coordinates>13.11017263,53.92805401,0.0 13.11013868,53.92806197,0.0</coordinates>
                </LineString>
                <LineString id="97880">
                    <coordinates>13.11033458,53.92801193,0.0 13.11037855,53.928002879999994,0.0</coordinates>
                </LineString>
                <LineString id="97882">
                    <coordinates>13.11086655,53.92787945999999,0.0 13.1109854,53.92784839000001,0.0</coordinates>
                </LineString>
                <LineString id="97884">
                    <coordinates>13.11037855,53.928002879999994,0.0 13.110521869999998,53.92796726,0.0 13.11079047,53.927897359999996,0.0 13.11086655,53.92787945999999,0.0</coordinates>
                </LineString>
                <LineString id="97886">
                    <coordinates>13.1109854,53.92784839000001,0.0 13.11112692,53.92781277000001,0.0</coordinates>
                </LineString>
                <LineString id="97888">
                    <coordinates>13.111435870000001,53.92773689,0.0 13.111549939999998,53.92771646,0.0</coordinates>
                </LineString>
                <LineString id="97890">
                    <coordinates>13.11112692,53.92781277000001,0.0 13.111435870000001,53.92773689,0.0</coordinates>
                </LineString>
                <LineString id="97892">
                    <coordinates>13.11164424,53.92769225999999,0.0 13.111635830000003,53.92767374999999,0.0</coordinates>
                </LineString>
                <LineString id="97894">
                    <coordinates>13.111549939999998,53.92771646,0.0 13.11164424,53.92769225999999,0.0</coordinates>
                </LineString>
                <LineString id="97896">
                    <coordinates>13.086332410000002,53.93431078,0.0 13.086295890000002,53.934329909999995,0.0 13.08614516,53.93439974999999,0.0 13.08607029,53.93443822,0.0 13.08596288,53.93449193000001,0.0</coordinates>
                </LineString>
                <LineString id="97898">
                    <coordinates>13.08596288,53.93449193000001,0.0 13.085891779999999,53.93452488,0.0</coordinates>
                </LineString>
                <LineString id="97900">
                    <coordinates>13.08583902,53.934488040000005,0.0 13.08580675,53.934464180000006,0.0</coordinates>
                </LineString>
                <LineString id="97902">
                    <coordinates>13.094402340000002,53.93347782,0.0 13.094369209999998,53.933491639999986,0.0 13.09433298,53.93350817,0.0 13.094261250000002,53.93353987999999,0.0</coordinates>
                </LineString>
                <LineString id="97904">
                    <coordinates>13.0930419,53.93404451,0.0 13.09286545,53.9341187,0.0 13.09257421,53.934233899999995,0.0 13.092446739999998,53.93428202999998,0.0 13.09230128,53.93433791999999,0.0 13.091984169999998,53.93445798999999,0.0 13.091632600000002,53.93458955,0.0</coordinates>
                </LineString>
                <LineString id="97906">
                    <coordinates>13.091206950000002,53.934792290000004,0.0 13.09093601,53.934909600000005,0.0</coordinates>
                </LineString>
                <LineString id="97908">
                    <coordinates>13.09644602,53.93382318999999,0.0 13.0964851,53.933829710000005,0.0</coordinates>
                </LineString>
                <LineString id="97910">
                    <coordinates>13.09557721,53.93367871,0.0 13.095924979999998,53.93373465999999,0.0 13.09616385,53.93377626999999,0.0</coordinates>
                </LineString>
                <LineString id="97912">
                    <coordinates>13.09999475,53.934568,0.0 13.10018641,53.93461484,0.0</coordinates>
                </LineString>
                <LineString id="97914">
                    <coordinates>13.099167059999997,53.93436078999999,0.0 13.09927592,53.93438829000001,0.0 13.099648199999999,53.934483969999995,0.0 13.09996628,53.93456104,0.0 13.09999475,53.934568,0.0</coordinates>
                </LineString>
                <LineString id="97916">
                    <coordinates>13.098522700000002,53.9341966,0.0 13.09888456,53.93428952000001,0.0 13.099167059999997,53.93436078999999,0.0</coordinates>
                </LineString>
                <LineString id="97918">
                    <coordinates>13.098238649999999,53.934133499999994,0.0 13.09824476,53.934134699999994,0.0 13.098522700000002,53.9341966,0.0</coordinates>
                </LineString>
                <LineString id="97920">
                    <coordinates>13.09751302,53.93400142,0.0 13.09781922,53.93405431000001,0.0 13.098029140000001,53.93409332000001,0.0 13.09816573,53.9341189,0.0 13.098238649999999,53.934133499999994,0.0</coordinates>
                </LineString>
                <LineString id="97922">
                    <coordinates>13.09741773,53.93398529,0.0 13.09751302,53.93400142,0.0</coordinates>
                </LineString>
                <LineString id="97924">
                    <coordinates>13.095379060000003,53.933642430000006,0.0 13.09555655,53.93367375,0.0</coordinates>
                </LineString>
                <LineString id="97926">
                    <coordinates>13.09555655,53.93367375,0.0 13.09557721,53.93367871,0.0</coordinates>
                </LineString>
                <LineString id="97928">
                    <coordinates>13.09506477,53.93358888999999,0.0 13.095283139999998,53.93362547,0.0 13.095379060000003,53.933642430000006,0.0</coordinates>
                </LineString>
                <LineString id="97930">
                    <coordinates>13.09445484,53.933485870000005,0.0 13.0946812,53.93352051,0.0</coordinates>
                </LineString>
                <LineString id="97932">
                    <coordinates>13.09137116,53.93257810999999,0.0 13.091372620000001,53.932623910000004,0.0</coordinates>
                </LineString>
                <LineString id="97934">
                    <coordinates>13.0913728,53.932629569999996,0.0 13.09136461,53.93264903,0.0</coordinates>
                </LineString>
                <LineString id="97936">
                    <coordinates>13.109006479999998,53.928248659999994,0.0 13.109170510000002,53.92820712000001,0.0</coordinates>
                </LineString>
                <LineString id="97938">
                    <coordinates>13.109170510000002,53.92820712000001,0.0 13.10907731,53.92807664999999,0.0 13.10891965,53.92784203000001,0.0 13.108742059999999,53.92778109,0.0 13.108921459999998,53.927735979999994,0.0 13.108876279999999,53.927672669999986,0.0</coordinates>
                </LineString>
                <LineString id="97940">
                    <coordinates>13.157113879999999,53.92398885999999,0.0 13.15698584,53.92393056,0.0 13.156893,53.9238791,0.0 13.1568353,53.92384189999999,0.0</coordinates>
                </LineString>
                <LineString id="97942">
                    <coordinates>13.15769371,53.9269202,0.0 13.15773675,53.92684111,0.0</coordinates>
                </LineString>
                <LineString id="97944">
                    <coordinates>13.15765887,53.92698426999999,0.0 13.15769371,53.9269202,0.0</coordinates>
                </LineString>
                <LineString id="97946">
                    <coordinates>13.155410169999998,53.925440089999995,0.0 13.15538605,53.92539617,0.0</coordinates>
                </LineString>
                <LineString id="97948">
                    <coordinates>13.15240059,53.92296129,0.0 13.152550459999997,53.92285822,0.0</coordinates>
                </LineString>
                <LineString id="97950">
                    <coordinates>13.155426059999998,53.92548201999999,0.0 13.15475367,53.92558635999999,0.0 13.154745289999997,53.92558764999998,0.0 13.15473796,53.92558824,0.0 13.154777310000002,53.92569414999999,0.0</coordinates>
                </LineString>
                <LineString id="97952">
                    <coordinates>13.154216410000002,53.92526223,0.0 13.154270070000003,53.92542801999999,0.0 13.154287610000003,53.92548555,0.0 13.15429242,53.9255014,0.0</coordinates>
                </LineString>
                <LineString id="97954">
                    <coordinates>13.15448001,53.92562227999999,0.0 13.15493312,53.92555292999999,0.0 13.155418090000001,53.92547908,0.0 13.155426059999998,53.92548201999999,0.0</coordinates>
                </LineString>
                <LineString id="97956">
                    <coordinates>13.15429242,53.9255014,0.0 13.15448001,53.92562227999999,0.0</coordinates>
                </LineString>
                <LineString id="97958">
                    <coordinates>13.156769719999996,53.92591700999999,0.0 13.15694654,53.92603921999999,0.0 13.15710414,53.92615622,0.0</coordinates>
                </LineString>
                <LineString id="97960">
                    <coordinates>13.17427025,53.9049478,0.0 13.17432278,53.905060320000004,0.0 13.17439746,53.90522631999999,0.0 13.174472639999998,53.905389250000006,0.0 13.17452143,53.90550397,0.0 13.174629419999999,53.90550651000001,0.0 13.174642130000002,53.90553205999999,0.0</coordinates>
                </LineString>
                <LineString id="97962">
                    <coordinates>13.09063275,53.93293956000001,0.0 13.090598619999998,53.93294151,0.0 13.090419049999998,53.93294855999999,0.0 13.090391939999998,53.93295153999998,0.0 13.09027032,53.932964729999995,0.0 13.09025243,53.932966210000004,0.0</coordinates>
                </LineString>
                <LineString id="97964">
                    <coordinates>13.089861239999998,53.933015929999996,0.0 13.08982092,53.9330243,0.0 13.08975577,53.93303582,0.0 13.08965769,53.93305853999999,0.0 13.08955336,53.93308606,0.0 13.08944981,53.93311412,0.0</coordinates>
                </LineString>
                <LineString id="97966">
                    <coordinates>13.09025243,53.932966210000004,0.0 13.090204579999996,53.932971849999994,0.0 13.090098069999998,53.93298259999999,0.0 13.08999654,53.93299724999999,0.0 13.089960370000002,53.93300227999999,0.0 13.089861239999998,53.933015929999996,0.0</coordinates>
                </LineString>
                <LineString id="97968">
                    <coordinates>13.08944981,53.93311412,0.0 13.08933001,53.93303699,0.0</coordinates>
                </LineString>
                <LineString id="97970">
                    <coordinates>13.08944981,53.93311412,0.0 13.089393689999998,53.93313239999999,0.0 13.08928715,53.93316218999999,0.0 13.08918598,53.933193730000006,0.0 13.089076279999999,53.93322471,0.0 13.088874869999998,53.933284109999995,0.0</coordinates>
                </LineString>
                <LineString id="97972">
                    <coordinates>13.088609329999999,53.93336426999999,0.0 13.08851134,53.93340083,0.0 13.08841552,53.933443479999994,0.0 13.088310799999999,53.93349347,0.0 13.088205479999997,53.93354391,0.0 13.08814564,53.933565640000005,0.0 13.088105389999999,53.933581829999994,0.0 13.0880714,53.93359366999999,0.0 13.08805195,53.93359911000001,0.0</coordinates>
                </LineString>
                <LineString id="97974">
                    <coordinates>13.08884264,53.93329385999999,0.0 13.088768390000002,53.93331632,0.0 13.08865571,53.93334974,0.0 13.088609329999999,53.93336426999999,0.0</coordinates>
                </LineString>
                <LineString id="97976">
                    <coordinates>13.08805195,53.93359911000001,0.0 13.087991629999998,53.93362496999999,0.0 13.087877749999999,53.933664789999995,0.0 13.08785695,53.933675629999996,0.0 13.0876877,53.933739559999985,0.0</coordinates>
                </LineString>
                <LineString id="97978">
                    <coordinates>13.08750261,53.93380775,0.0 13.087381890000001,53.933853,0.0 13.087278939999997,53.93389273999999,0.0 13.08717791,53.93393076,0.0 13.08712576,53.93396069999998,0.0 13.086917169999998,53.93404685000001,0.0</coordinates>
                </LineString>
                <LineString id="97980">
                    <coordinates>13.0876877,53.933739559999985,0.0 13.08752145,53.933802220000004,0.0 13.08750261,53.93380775,0.0</coordinates>
                </LineString>
                <LineString id="97982">
                    <coordinates>13.086917169999998,53.93404685000001,0.0 13.08688765,53.93406125999999,0.0 13.08676611,53.934114799999996,0.0 13.0867147,53.93413943,0.0 13.08657852,53.934201970000004,0.0 13.08647474,53.93424999,0.0 13.086434230000002,53.93426808,0.0 13.08637106,53.93429629999999,0.0 13.086356239999999,53.934304139999995,0.0 13.086332410000002,53.93431078,0.0</coordinates>
                </LineString>
                <LineString id="97984">
                    <coordinates>13.094261250000002,53.93353987999999,0.0 13.09416716,53.93357563,0.0 13.09406193,53.933619359999994,0.0 13.093425140000003,53.93388558,0.0 13.093050919999998,53.93404138999999,0.0</coordinates>
                </LineString>
                <LineString id="97986">
                    <coordinates>13.093050919999998,53.93404138999999,0.0 13.0930419,53.93404451,0.0</coordinates>
                </LineString>
                <LineString id="97988">
                    <coordinates>13.091632600000002,53.93458955,0.0 13.091539470000003,53.93462421000001,0.0 13.09135028,53.934711160000006,0.0 13.09121257,53.93478272999999,0.0 13.091206950000002,53.934792290000004,0.0</coordinates>
                </LineString>
                <LineString id="97990">
                    <coordinates>13.090299079999998,53.93515822,0.0 13.08993917,53.935305029999995,0.0</coordinates>
                </LineString>
                <LineString id="97992">
                    <coordinates>13.09093601,53.934909600000005,0.0 13.090695170000002,53.93500323,0.0 13.090299079999998,53.93515822,0.0</coordinates>
                </LineString>
                <LineString id="97994">
                    <coordinates>13.08950505,53.935490779999995,0.0 13.08905755,53.935678159999995,0.0</coordinates>
                </LineString>
                <LineString id="97996">
                    <coordinates>13.089822919999998,53.93535478,0.0 13.08950505,53.935490779999995,0.0</coordinates>
                </LineString>
                <LineString id="97998">
                    <coordinates>13.08763328,53.936402570000006,0.0 13.0875328,53.93634055,0.0 13.087454649999998,53.93629230999999,0.0 13.087351019999998,53.93622717,0.0 13.087249409999998,53.93616363,0.0 13.08716175,53.93609881999999,0.0</coordinates>
                </LineString>
                <LineString id="98000">
                    <coordinates>13.08716175,53.93609881999999,0.0 13.08715924,53.936096320000004,0.0</coordinates>
                </LineString>
                <LineString id="98002">
                    <coordinates>13.08715924,53.936096320000004,0.0 13.087115599999999,53.936067869999995,0.0</coordinates>
                </LineString>
                <LineString id="98004">
                    <coordinates>13.087115599999999,53.936067869999995,0.0 13.087038289999997,53.93601781999999,0.0 13.087022689999998,53.936005439999995,0.0</coordinates>
                </LineString>
                <LineString id="98006">
                    <coordinates>13.087022689999998,53.936005439999995,0.0 13.086992429999999,53.93600098999999,0.0 13.08677779,53.93598636,0.0</coordinates>
                </LineString>
                <LineString id="98008">
                    <coordinates>13.08677779,53.93598636,0.0 13.086488,53.9361031,0.0 13.08640681,53.93613399,0.0 13.086258919999999,53.93623036,0.0 13.086201290000002,53.936265490000004,0.0 13.086132399999999,53.93630014999999,0.0</coordinates>
                </LineString>
                <LineString id="98010">
                    <coordinates>13.08905755,53.935678159999995,0.0 13.0889456,53.935725270000006,0.0 13.088829910000001,53.935774390000006,0.0 13.088727729999999,53.93581819999999,0.0 13.08861072,53.93586903999999,0.0 13.088495730000002,53.935916539999994,0.0 13.088389449999998,53.93596091999999,0.0 13.088276749999999,53.93600866999999,0.0 13.08817097,53.93605934,0.0 13.088085430000001,53.93610572000001,0.0 13.088005439999998,53.93615440999999,0.0 13.08792356,53.936205799999996,0.0 13.08784974,53.93625263999999,0.0 13.087772670000001,53.93630265,0.0 13.0877058,53.93634809,0.0 13.087650910000002,53.93638733,0.0 13.08763328,53.936402570000006,0.0</coordinates>
                </LineString>
                <LineString id="98012">
                    <coordinates>13.089057249999998,53.93600489,0.0 13.089065839999998,53.93601238,0.0 13.089106969999998,53.93599536,0.0 13.089159209999998,53.935973849999996,0.0 13.089150769999996,53.93596654,0.0 13.088895239999998,53.93575332999999,0.0 13.089053979999997,53.93568564000001,0.0 13.08905755,53.935678159999995,0.0</coordinates>
                </LineString>
                <LineString id="98014">
                    <coordinates>13.156638009999998,53.92579958,0.0 13.156686429999999,53.92584616,0.0</coordinates>
                </LineString>
                <LineString id="98016">
                    <coordinates>13.094105239999998,53.93335010999999,0.0 13.09412123,53.93335143,0.0 13.09419354,53.93336111999999,0.0 13.094248019999998,53.93336906,0.0 13.094315519999999,53.933380580000005,0.0 13.094341429999998,53.93338325999999,0.0 13.094371159999998,53.93338672,0.0 13.09439765,53.93338867000001,0.0 13.0944241,53.93338919,0.0 13.094458500000002,53.93338677,0.0</coordinates>
                </LineString>
                <LineString id="98018">
                    <coordinates>13.0946812,53.93352051,0.0 13.094959260000001,53.933571199999996,0.0 13.09506477,53.93358888999999,0.0</coordinates>
                </LineString>
                <LineString id="98020">
                    <coordinates>13.094402340000002,53.93347782,0.0 13.09445484,53.933485870000005,0.0</coordinates>
                </LineString>
                <LineString id="98022">
                    <coordinates>13.087236720000002,53.929957959999996,0.0 13.087051220000001,53.92988869,0.0</coordinates>
                </LineString>
                <LineString id="98024">
                    <coordinates>13.08883489,53.930659010000014,0.0 13.08918356,53.93078558,0.0 13.08939794,53.93086105999999,0.0 13.089425959999998,53.93087254,0.0</coordinates>
                </LineString>
                <LineString id="98026">
                    <coordinates>13.09063275,53.93293956000001,0.0 13.09073323,53.93293542,0.0 13.09081988,53.93286966,0.0</coordinates>
                </LineString>
                <LineString id="98028">
                    <coordinates>13.08993917,53.935305029999995,0.0 13.089822919999998,53.93535478,0.0</coordinates>
                </LineString>
                <LineString id="98030">
                    <coordinates>13.0910795,53.93199404999999,0.0 13.09112662,53.932037629999996,0.0</coordinates>
                </LineString>
                <LineString id="98032">
                    <coordinates>13.10735511,53.928638449999994,0.0 13.107120209999998,53.92869800999999,0.0 13.10697699,53.928744589999994,0.0</coordinates>
                </LineString>
                <LineString id="98034">
                    <coordinates>13.10787109,53.928534039999995,0.0 13.10785434,53.92851184,0.0</coordinates>
                </LineString>
                <LineString id="98036">
                    <coordinates>13.108398719999997,53.92839965999999,0.0 13.108327869999998,53.9283918,0.0 13.10785434,53.92851184,0.0</coordinates>
                </LineString>
                <LineString id="98038">
                    <coordinates>13.107880859999998,53.92854776999999,0.0 13.107884369999999,53.92855250000001,0.0</coordinates>
                </LineString>
                <LineString id="98040">
                    <coordinates>13.09084555,53.931790230000004,0.0 13.09086125,53.931801429999986,0.0 13.090956600000002,53.93188032,0.0 13.0910795,53.93199404999999,0.0</coordinates>
                </LineString>
                <LineString id="98042">
                    <coordinates>13.10785434,53.92851184,0.0 13.10735511,53.928638449999994,0.0</coordinates>
                </LineString>
                <LineString id="98044">
                    <coordinates>13.088874869999998,53.933284109999995,0.0 13.08884264,53.93329385999999,0.0</coordinates>
                </LineString>
                <LineString id="98046">
                    <coordinates>13.174142239999998,53.90466838999999,0.0 13.17415438,53.90469494,0.0</coordinates>
                </LineString>
                <LineString id="98048">
                    <coordinates>13.172017740000001,53.90247899,0.0 13.17204567,53.902500350000004,0.0 13.17211976,53.90256526999999,0.0 13.172347070000002,53.90262352999999,0.0 13.172550129999996,53.902802649999984,0.0 13.172732149999998,53.90296287,0.0 13.172915359999998,53.90312765000001,0.0 13.173108889999998,53.90330380999998,0.0 13.17330986,53.90348645,0.0 13.17349551,53.90365856,0.0 13.173523670000002,53.90368394,0.0 13.173665250000003,53.90384613,0.0 13.173756599999999,53.90394940999999,0.0 13.17380695,53.90402816999999,0.0 13.173864400000001,53.90412698,0.0 13.1739543,53.90429892,0.0</coordinates>
                </LineString>
                <LineString id="98050">
                    <coordinates>13.08677779,53.93598636,0.0 13.08664812,53.93587322,0.0 13.086510689999999,53.935755809999996,0.0 13.0864755,53.93572523,0.0 13.0863502,53.93561673,0.0 13.086185070000003,53.93547102,0.0 13.086124080000001,53.93541904,0.0</coordinates>
                </LineString>
                <LineString id="98052">
                    <coordinates>13.151157309999999,53.93526640999999,0.0 13.151167199999998,53.93524435,0.0</coordinates>
                </LineString>
                <LineString id="98054">
                    <coordinates>13.10381635,53.92951714,0.0 13.10414657,53.929434629999996,0.0 13.10426161,53.92940588,0.0</coordinates>
                </LineString>
                <LineString id="98056">
                    <coordinates>13.10426161,53.92940588,0.0 13.104420939999999,53.92936632,0.0</coordinates>
                </LineString>
                <LineString id="98058">
                    <coordinates>13.17415438,53.90469494,0.0 13.174173009999999,53.90473597,0.0 13.174248269999998,53.9049007,0.0 13.17427025,53.9049478,0.0</coordinates>
                </LineString>
                <LineString id="98060">
                    <coordinates>13.158241979999998,53.92498597,0.0 13.15824762,53.92496735999999,0.0</coordinates>
                </LineString>
                <LineString id="98062">
                    <coordinates>13.15824762,53.92496735999999,0.0 13.158251259999997,53.924955709999985,0.0</coordinates>
                </LineString>
                <LineString id="98064">
                    <coordinates>13.09616385,53.93377626999999,0.0 13.09644602,53.93382318999999,0.0</coordinates>
                </LineString>
                <LineString id="98066">
                    <coordinates>13.096601459999999,53.93384936999999,0.0 13.09682639,53.9338873,0.0 13.09685051,53.93389133,0.0 13.097217549999998,53.93395184999999,0.0 13.09741773,53.93398529,0.0</coordinates>
                </LineString>
                <LineString id="98068">
                    <coordinates>13.0964851,53.933829710000005,0.0 13.096601459999999,53.93384936999999,0.0</coordinates>
                </LineString>
                <LineString id="98070">
                    <coordinates>13.091640059999998,53.93457557,0.0 13.091714919999998,53.934545089999986,0.0</coordinates>
                </LineString>
                <LineString id="98072">
                    <coordinates>13.091632600000002,53.93458955,0.0 13.091624,53.93458207,0.0 13.091640059999998,53.93457557,0.0</coordinates>
                </LineString>
                <LineString id="98074">
                    <coordinates>13.091714919999998,53.934545089999986,0.0 13.09191851,53.934462169999996,0.0 13.09191428,53.93445834,0.0</coordinates>
                </LineString>
                <LineString id="98076">
                    <coordinates>13.1739543,53.90429892,0.0 13.17405094,53.90448937,0.0 13.1741139,53.904606089999994,0.0 13.174142239999998,53.90466838999999,0.0</coordinates>
                </LineString>
                <LineString id="98078">
                    <coordinates>13.1239173,53.90010638999999,0.0 13.12406517,53.900107209999994,0.0 13.124387020000002,53.90007975999999,0.0 13.124521650000002,53.90007548999999,0.0 13.124625729999998,53.90007327999999,0.0</coordinates>
                </LineString>
                <LineString id="98080">
                    <coordinates>13.143587910000003,53.89879493000001,0.0 13.143424029999998,53.898764439999994,0.0</coordinates>
                </LineString>
                <LineString id="98082">
                    <coordinates>13.14459247,53.89886223,0.0 13.14455526,53.89885441999999,0.0 13.144514,53.898851,0.0 13.14446288,53.898850339999996,0.0 13.144449339999998,53.898850149999994,0.0 13.144437509999998,53.898853909999985,0.0 13.144426929999998,53.898860879999994,0.0 13.14441593,53.89887099,0.0 13.14440886,53.89887913,0.0 13.14440099,53.89888297,0.0 13.144384559999999,53.898882959999995,0.0 13.14417149,53.89888215999999,0.0 13.144119930000002,53.89888041,0.0 13.14406805,53.89887741,0.0 13.14402224,53.89887298,0.0 13.14396608,53.898866739999995,0.0 13.1439009,53.89885512,0.0 13.14381211,53.89883899999999,0.0 13.143622629999998,53.89880132999999,0.0 13.143587910000003,53.89879493000001,0.0</coordinates>
                </LineString>
                <LineString id="98084">
                    <coordinates>13.142385069999998,53.89867621999999,0.0 13.14227203,53.89867526,0.0</coordinates>
                </LineString>
                <LineString id="98086">
                    <coordinates>13.143424029999998,53.898764439999994,0.0 13.14335015,53.89875019,0.0 13.14329786,53.89873606,0.0 13.14318477,53.89872624,0.0 13.14283826,53.89869250999999,0.0 13.142802480000002,53.89868934,0.0 13.14259642,53.89868074000001,0.0 13.142385069999998,53.89867621999999,0.0</coordinates>
                </LineString>
                <LineString id="98088">
                    <coordinates>13.138149499999999,53.898637369999996,0.0 13.138089,53.89863727,0.0</coordinates>
                </LineString>
                <LineString id="98090">
                    <coordinates>13.14227203,53.89867526,0.0 13.142061629999999,53.89867223,0.0 13.141801349999998,53.89866780999999,0.0 13.14141133,53.89866866,0.0 13.141105789999997,53.89866921,0.0 13.14080989,53.89866784000001,0.0 13.140426260000002,53.89866479,0.0 13.1401252,53.89866101,0.0 13.139873830000003,53.89865409000001,0.0 13.1396872,53.89864882,0.0 13.139577880000001,53.89864598,0.0 13.13939485,53.898645099999996,0.0 13.139163309999999,53.89864562,0.0 13.138917720000002,53.898646969999994,0.0 13.138688350000002,53.8986443,0.0 13.13852287,53.89864218,0.0 13.138149499999999,53.898637369999996,0.0</coordinates>
                </LineString>
                <LineString id="98092">
                    <coordinates>13.134765969999998,53.89863070999999,0.0 13.13464385,53.89863232999999,0.0</coordinates>
                </LineString>
                <LineString id="98094">
                    <coordinates>13.138089,53.89863727,0.0 13.13787934,53.89863645999999,0.0 13.13750417,53.89863337,0.0 13.137326720000003,53.89863403999998,0.0 13.137104430000003,53.89863388,0.0 13.13691384,53.89863519000001,0.0 13.136520719999998,53.89863504999999,0.0 13.136096889999997,53.898632809999995,0.0 13.135701330000002,53.89863247000001,0.0 13.135287649999997,53.898630789999984,0.0 13.13491035,53.8986287,0.0 13.134765969999998,53.89863070999999,0.0</coordinates>
                </LineString>
                <LineString id="98096">
                    <coordinates>13.130914969999997,53.89882752999999,0.0 13.13074406,53.89888745,0.0</coordinates>
                </LineString>
                <LineString id="98098">
                    <coordinates>13.13464385,53.89863232999999,0.0 13.13442971,53.898634390000005,0.0 13.13414373,53.89863818,0.0 13.133887949999998,53.89864547999999,0.0 13.133531,53.89865467,0.0 13.13329566,53.89865915999998,0.0 13.13308701,53.89864724,0.0 13.132917119999998,53.89863644999999,0.0 13.13273397,53.89862805,0.0 13.1324292,53.89862694,0.0 13.13225211,53.898646989999996,0.0 13.132174360000002,53.898655670000004,0.0 13.131920319999999,53.89866555,0.0 13.131812709999998,53.89866909999999,0.0 13.13163014,53.898684499999995,0.0 13.131296859999999,53.89871049,0.0 13.13117496,53.89873890999999,0.0 13.13096838,53.89880838,0.0 13.130914969999997,53.89882752999999,0.0</coordinates>
                </LineString>
                <LineString id="98100">
                    <coordinates>13.13074406,53.89888745,0.0 13.130520919999997,53.898967559999996,0.0 13.13024576,53.89907395,0.0 13.13008792,53.899135349999995,0.0 13.12989856,53.89920583000001,0.0 13.129727199999998,53.89926783999999,0.0 13.12953503,53.89933692,0.0 13.129332720000003,53.89940927,0.0 13.129047419999997,53.89951784,0.0 13.12877398,53.899622869999995,0.0 13.12864741,53.89966989,0.0 13.1286195,53.89967819,0.0 13.12856943,53.899692679999994,0.0 13.12851798,53.89970663,0.0 13.128483299999997,53.899717419999995,0.0 13.12845417,53.89972431,0.0 13.128423679999997,53.899731099999975,0.0 13.12838637,53.89973719,0.0 13.1283193,53.89974768,0.0 13.128003949999998,53.89980310999999,0.0 13.127666549999999,53.899863429999996,0.0 13.1275338,53.899886989999985,0.0 13.12749364,53.89989569,0.0 13.127258389999998,53.89991525999999,0.0 13.127070760000002,53.899931360000004,0.0 13.126804470000002,53.89995138999999,0.0 13.12660846,53.89996321000001,0.0 13.126439220000002,53.89997472999999,0.0 13.12608463,53.89999245,0.0 13.125844990000001,53.90000233,0.0 13.125633049999998,53.90001238999999,0.0 13.12543595,53.90002164,0.0 13.125288769999997,53.90002818,0.0 13.125202730000002,53.900034180000006,0.0 13.124844389999998,53.90006004000001,0.0 13.124693660000002,53.90007208,0.0 13.124625729999998,53.90007327999999,0.0</coordinates>
                </LineString>
                <LineString id="98102">
                    <coordinates>13.1239173,53.90010638999999,0.0 13.12352546,53.90010689999999,0.0</coordinates>
                </LineString>
                <LineString id="98104">
                    <coordinates>13.116600909999999,53.90082515999998,0.0 13.116485349999998,53.900841019999994,0.0</coordinates>
                </LineString>
                <LineString id="98106">
                    <coordinates>13.12352546,53.90010689999999,0.0 13.12337515,53.90010635,0.0 13.12313612,53.90010535,0.0 13.12292689,53.900105,0.0 13.122678739999998,53.90010497,0.0 13.122559149999999,53.90010766,0.0 13.122329279999999,53.90011949999999,0.0 13.12212236,53.90012683999999,0.0 13.121907870000001,53.90013619999999,0.0 13.121702880000003,53.900144139999995,0.0 13.12148092,53.90015269,0.0 13.12126153,53.90016196,0.0 13.12115419,53.90016751999998,0.0 13.12101414,53.900185119999996,0.0 13.120788759999998,53.90021331,0.0 13.120591969999998,53.90023857,0.0 13.12042948,53.900257769999996,0.0 13.120285119999998,53.90027273,0.0 13.12012745,53.90029110999999,0.0 13.119996400000002,53.9003052,0.0 13.119771519999999,53.900330679999996,0.0 13.119681469999998,53.90034101999999,0.0 13.119537959999999,53.90036470999999,0.0 13.119298359999997,53.90040216999999,0.0 13.119092929999999,53.900433819999996,0.0 13.11886252,53.90046969,0.0 13.118667349999999,53.90049953999999,0.0 13.11861045,53.90050812999999,0.0 13.118514529999999,53.900523539999995,0.0 13.118296819999998,53.90055920999999,0.0 13.118079069999999,53.90059363999999,0.0 13.11783375,53.90063181000001,0.0 13.117573879999998,53.90067272999999,0.0 13.11735697,53.900706140000004,0.0 13.11712037,53.90074353999999,0.0 13.11689011,53.900780059999995,0.0 13.116691329999998,53.90081209999999,0.0 13.116600909999999,53.90082515999998,0.0</coordinates>
                </LineString>
                <LineString id="98108">
                    <coordinates>13.116485349999998,53.900841019999994,0.0 13.11622408,53.900878849999984,0.0 13.115827519999998,53.90093681,0.0 13.11541544,53.90099702,0.0 13.115055780000002,53.901052809999996,0.0 13.11479206,53.90109820999998,0.0 13.1144079,53.90116681,0.0 13.11399973,53.901247569999995,0.0 13.11382935,53.90128248,0.0 13.11378313,53.901290810000006,0.0 13.11371018,53.90129927,0.0 13.113542369999998,53.90131516999998,0.0 13.113308480000002,53.9013344,0.0 13.113060060000002,53.90135744,0.0 13.11263672,53.90139479,0.0 13.11239037,53.901417980000005,0.0 13.112348059999999,53.901424370000015,0.0 13.11214404,53.90145297000001,0.0 13.111946070000004,53.901480310000004,0.0 13.11172943,53.90150954,0.0 13.111589410000002,53.901529540000006,0.0 13.111427499999998,53.90155077,0.0 13.11139776,53.90155462999999,0.0 13.111220699999999,53.901560599999996,0.0 13.11095372,53.90156545999999,0.0 13.11056893,53.90157522,0.0 13.110146619999998,53.90159083,0.0 13.11003245,53.90159512999999,0.0 13.109804700000002,53.90161191,0.0 13.10964075,53.90162315,0.0 13.10937559,53.90165046999999,0.0</coordinates>
                </LineString>
                <LineString id="98110">
                    <coordinates>13.147461469999998,53.89871537999999,0.0 13.147610799999999,53.898713040000004,0.0</coordinates>
                </LineString>
                <LineString id="98112">
                    <coordinates>13.14463324,53.898860809999995,0.0 13.14466321,53.89885975,0.0</coordinates>
                </LineString>
                <LineString id="98114">
                    <coordinates>13.14466321,53.89885975,0.0 13.14496966,53.89883925000001,0.0 13.145421509999998,53.89880710999999,0.0 13.145713259999999,53.89878898,0.0 13.146066489999999,53.89876800999999,0.0 13.146435620000002,53.898747959999994,0.0 13.146771850000002,53.89872757,0.0 13.14691775,53.898720350000005,0.0 13.147118679999998,53.89871930999999,0.0 13.147406790000002,53.89871682,0.0 13.147461469999998,53.89871537999999,0.0</coordinates>
                </LineString>
                <LineString id="98116">
                    <coordinates>13.15395296,53.89874195,0.0 13.154201929999997,53.89874284,0.0</coordinates>
                </LineString>
                <LineString id="98118">
                    <coordinates>13.1523332,53.89871502999999,0.0 13.15254429,53.898718329999994,0.0 13.152764670000002,53.898720649999994,0.0 13.15301537,53.898725590000005,0.0 13.15330541,53.89873127999999,0.0 13.15372851,53.89873922,0.0 13.15395296,53.89874195,0.0</coordinates>
                </LineString>
                <LineString id="98120">
                    <coordinates>13.154201929999997,53.89874284,0.0 13.15450001,53.89874386,0.0 13.15482608,53.89874668,0.0 13.1552141,53.898743210000006,0.0 13.155506809999999,53.89874291999999,0.0 13.15597483,53.8987413,0.0 13.156288640000001,53.898740229999994,0.0 13.15648671,53.89873852,0.0 13.156843700000001,53.89874008000001,0.0 13.15722475,53.89874148999999,0.0 13.15738138,53.89874217,0.0 13.157606650000002,53.89874098,0.0 13.15785164,53.89874003999999,0.0 13.1579176,53.89874053,0.0 13.158158349999999,53.89880241000001,0.0 13.158618569999998,53.89892291,0.0 13.158976110000001,53.89901671,0.0 13.15923908,53.8990864,0.0</coordinates>
                </LineString>
                <LineString id="98122">
                    <coordinates>13.15923908,53.8990864,0.0 13.15949953,53.89915329999999,0.0</coordinates>
                </LineString>
                <LineString id="98124">
                    <coordinates>13.16020317,53.89923251,0.0 13.159965969999998,53.8992291,0.0 13.159788659999995,53.89922673,0.0 13.15951931,53.89915572000001,0.0 13.15949953,53.89915329999999,0.0</coordinates>
                </LineString>
                <LineString id="98126">
                    <coordinates>13.16020317,53.89923251,0.0 13.16054859,53.89923909,0.0 13.160982560000003,53.89924945999999,0.0 13.16144524,53.89926005,0.0 13.16174073,53.89927133999999,0.0 13.16179157,53.899388359999996,0.0 13.16189311,53.89937676999999,0.0</coordinates>
                </LineString>
                <LineString id="98128">
                    <coordinates>13.162167079999998,53.8993403,0.0 13.162311149999999,53.89931652,0.0</coordinates>
                </LineString>
                <LineString id="98130">
                    <coordinates>13.16189311,53.89937676999999,0.0 13.162167079999998,53.8993403,0.0</coordinates>
                </LineString>
                <LineString id="98132">
                    <coordinates>13.16653801,53.899473119999996,0.0 13.166704829999999,53.89947949999999,0.0</coordinates>
                </LineString>
                <LineString id="98134">
                    <coordinates>13.16423132,53.89936770999999,0.0 13.164630490000002,53.89938297,0.0 13.165123399999999,53.89940382999999,0.0 13.165339979999999,53.89941587999999,0.0 13.16561758,53.899432880000006,0.0 13.166041059999998,53.89945171,0.0 13.16653801,53.899473119999996,0.0</coordinates>
                </LineString>
                <LineString id="98136">
                    <coordinates>13.17307721,53.89951898999999,0.0 13.17328261,53.89951824,0.0</coordinates>
                </LineString>
                <LineString id="98138">
                    <coordinates>13.166704829999999,53.89947949999999,0.0 13.167221239999998,53.89950240999999,0.0 13.167714910000003,53.89952330999999,0.0 13.16823659,53.899542289999985,0.0 13.16880338,53.899567700000006,0.0 13.168980389999998,53.89957477,0.0 13.16941295,53.899577029999996,0.0 13.169909629999996,53.89957995999999,0.0 13.170458239999999,53.89958097999999,0.0 13.17099429,53.8995681,0.0 13.17153433,53.899558739999996,0.0 13.1721382,53.89954097,0.0 13.17266934,53.899527000000006,0.0 13.17307721,53.89951898999999,0.0</coordinates>
                </LineString>
                <LineString id="98140">
                    <coordinates>13.17502523,53.89863909999999,0.0 13.174772649999998,53.898652989999995,0.0 13.1744961,53.898670179999996,0.0 13.17439382,53.898674069999984,0.0 13.174204559999998,53.898677549999995,0.0 13.174180370000002,53.898678620000005,0.0</coordinates>
                </LineString>
                <LineString id="98142">
                    <coordinates>13.173774069999999,53.89951300999999,0.0 13.1739585,53.89926958999999,0.0 13.17404171,53.89915884999999,0.0 13.174135899999998,53.899035119999986,0.0 13.174212289999998,53.89893846999999,0.0 13.174221279999998,53.89891157999998,0.0 13.1742212,53.89886771,0.0 13.174206839999998,53.89879854,0.0 13.174180370000002,53.898678620000005,0.0</coordinates>
                </LineString>
                <LineString id="98144">
                    <coordinates>13.17376876,53.89952062,0.0 13.173774069999999,53.89951300999999,0.0</coordinates>
                </LineString>
                <LineString id="98146">
                    <coordinates>13.17328261,53.89951824,0.0 13.17356757,53.89951998000001,0.0 13.17376876,53.89952062,0.0</coordinates>
                </LineString>
                <LineString id="98148">
                    <coordinates>13.16277061,53.89931766999998,0.0 13.163024550000001,53.89932669000001,0.0 13.163534020000002,53.89934385,0.0 13.164086189999999,53.89936212,0.0 13.16423132,53.89936770999999,0.0</coordinates>
                </LineString>
                <LineString id="98150">
                    <coordinates>13.175537419999998,53.89860324999999,0.0 13.175286329999999,53.89862413,0.0 13.175032379999996,53.89863866999999,0.0 13.17502523,53.89863909999999,0.0</coordinates>
                </LineString>
                <LineString id="98152">
                    <coordinates>13.175537419999998,53.89860324999999,0.0 13.175984179999999,53.89856233,0.0 13.1761967,53.89854626,0.0 13.17648003,53.89853372,0.0 13.176791200000002,53.898525109999994,0.0 13.177044909999996,53.89852233999999,0.0 13.177331639999998,53.898530439999995,0.0 13.18122928,53.89873874999999,0.0</coordinates>
                </LineString>
                <LineString id="98154">
                    <coordinates>13.173774069999999,53.89951300999999,0.0 13.17377724,53.89953132,0.0 13.173601960000001,53.89977919999998,0.0 13.1735594,53.89984104,0.0</coordinates>
                </LineString>
                <LineString id="98156">
                    <coordinates>13.1735594,53.89984104,0.0 13.17339962,53.90007121,0.0 13.173160749999997,53.900416509999985,0.0 13.17292546,53.90076074,0.0 13.172711179999999,53.90108144999999,0.0 13.172529839999997,53.90134562,0.0 13.17231649,53.901666709999986,0.0 13.17210396,53.90198120000001,0.0 13.17187495,53.90232116999999,0.0 13.171840440000002,53.90237677,0.0</coordinates>
                </LineString>
                <LineString id="98158">
                    <coordinates>13.182877219999998,53.89882816999999,0.0 13.183428449999996,53.898860049999996,0.0 13.18542052,53.89898146,0.0</coordinates>
                </LineString>
                <LineString id="98160">
                    <coordinates>13.182059990000003,53.89878311999999,0.0 13.18257382,53.89881055000001,0.0 13.182877219999998,53.89882816999999,0.0</coordinates>
                </LineString>
                <LineString id="98162">
                    <coordinates>13.1854413,53.898744980000004,0.0 13.185413799999997,53.898051159999994,0.0</coordinates>
                </LineString>
                <LineString id="98164">
                    <coordinates>13.14459247,53.89886223,0.0 13.14463324,53.898860809999995,0.0</coordinates>
                </LineString>
                <LineString id="98166">
                    <coordinates>13.172017740000001,53.90247899,0.0 13.17204567,53.902500350000004,0.0 13.17211976,53.90256526999999,0.0 13.172347070000002,53.90262352999999,0.0 13.172550129999996,53.902802649999984,0.0 13.172732149999998,53.90296287,0.0 13.172915359999998,53.90312765000001,0.0 13.173108889999998,53.90330380999998,0.0 13.17330986,53.90348645,0.0 13.17349551,53.90365856,0.0 13.173523670000002,53.90368394,0.0 13.173665250000003,53.90384613,0.0 13.173756599999999,53.90394940999999,0.0 13.17380695,53.90402816999999,0.0 13.173864400000001,53.90412698,0.0 13.1739543,53.90429892,0.0</coordinates>
                </LineString>
                <LineString id="98168">
                    <coordinates>13.1519895,53.89870762,0.0 13.152194359999998,53.8987128,0.0 13.1523332,53.89871502999999,0.0</coordinates>
                </LineString>
                <LineString id="98170">
                    <coordinates>13.147610799999999,53.898713040000004,0.0 13.147811279999999,53.89871493,0.0 13.1480905,53.89871734,0.0 13.148692100000002,53.898718990000006,0.0 13.14918201,53.89871815,0.0 13.149693249999999,53.89871587999998,0.0 13.15002384,53.89871352,0.0 13.150228060000002,53.89871342000001,0.0 13.150455219999998,53.89870785,0.0 13.15065417,53.89870509000001,0.0 13.150969789999996,53.89870541999999,0.0 13.151269570000002,53.89870479,0.0 13.15163806,53.89870596000001,0.0 13.15196847,53.89870704999999,0.0 13.1519895,53.89870762,0.0</coordinates>
                </LineString>
                <LineString id="98172">
                    <coordinates>13.171840440000002,53.90237677,0.0 13.17197206,53.90245403000001,0.0 13.17201277,53.90247526999999,0.0 13.172017740000001,53.90247899,0.0</coordinates>
                </LineString>
                <LineString id="98174">
                    <coordinates>13.18542052,53.89898146,0.0 13.1854413,53.898744980000004,0.0</coordinates>
                </LineString>
                <LineString id="98176">
                    <coordinates>13.18122928,53.89873874999999,0.0 13.182059990000003,53.89878311999999,0.0</coordinates>
                </LineString>
                <LineString id="98178">
                    <coordinates>13.162311149999999,53.89931652,0.0 13.16239837,53.89930425,0.0 13.162479909999998,53.899307199999996,0.0</coordinates>
                </LineString>
                <LineString id="98180">
                    <coordinates>13.162479909999998,53.899307199999996,0.0 13.16249246,53.89930771,0.0</coordinates>
                </LineString>
                <LineString id="98182">
                    <coordinates>13.16264786,53.899313329999984,0.0 13.16277061,53.89931766999998,0.0</coordinates>
                </LineString>
                <LineString id="98184">
                    <coordinates>13.16249246,53.89930771,0.0 13.162628,53.89928526,0.0 13.16264786,53.899313329999984,0.0</coordinates>
                </LineString>
            </MultiGeometry>
        </Placemark>
        <Placemark id="98191">
            <name>MultiPoint</name>
            <styleUrl>#98512</styleUrl>
            <MultiGeometry id="98190">
                <Point id="98192">
                    <coordinates>13.158248322,53.925265616999994,0.0</coordinates>
                </Point>
                <Point id="98194">
                    <coordinates>13.153165422,53.923156984,0.0</coordinates>
                </Point>
                <Point id="98196">
                    <coordinates>13.151323216999998,53.921788195999994,0.0</coordinates>
                </Point>
                <Point id="98198">
                    <coordinates>13.151372316999996,53.921813337999986,0.0</coordinates>
                </Point>
                <Point id="98200">
                    <coordinates>13.153925055999999,53.92302720299999,0.0</coordinates>
                </Point>
                <Point id="98202">
                    <coordinates>13.154602744999998,53.923419475,0.0</coordinates>
                </Point>
                <Point id="98204">
                    <coordinates>13.154308692999999,53.924130639999994,0.0</coordinates>
                </Point>
                <Point id="98206">
                    <coordinates>13.156441162999998,53.92450422999999,0.0</coordinates>
                </Point>
                <Point id="98208">
                    <coordinates>13.159450372999999,53.92655769999999,0.0</coordinates>
                </Point>
                <Point id="98210">
                    <coordinates>13.158432823,53.925249818,0.0</coordinates>
                </Point>
                <Point id="98212">
                    <coordinates>13.157737369000001,53.923576225999994,0.0</coordinates>
                </Point>
                <Point id="98214">
                    <coordinates>13.156235224999996,53.923044397999995,0.0</coordinates>
                </Point>
                <Point id="98216">
                    <coordinates>13.159150261999999,53.92767677399999,0.0</coordinates>
                </Point>
                <Point id="98218">
                    <coordinates>13.091625326,53.932537114,0.0</coordinates>
                </Point>
                <Point id="98220">
                    <coordinates>13.109779181999999,53.928218513999994,0.0</coordinates>
                </Point>
                <Point id="98222">
                    <coordinates>13.085649640999998,53.934638776,0.0</coordinates>
                </Point>
                <Point id="98224">
                    <coordinates>13.089163110000001,53.93307080299999,0.0</coordinates>
                </Point>
                <Point id="98226">
                    <coordinates>13.088554587999997,53.933245314,0.0</coordinates>
                </Point>
                <Point id="98228">
                    <coordinates>13.086031409,53.934252347999994,0.0</coordinates>
                </Point>
                <Point id="98230">
                    <coordinates>13.1837380462272,53.92215830079949,0.0</coordinates>
                </Point>
                <Point id="98232">
                    <coordinates>13.174084585849098,53.9056727598783,0.0</coordinates>
                </Point>
                <Point id="98234">
                    <coordinates>13.089582597634799,53.93584684941838,0.0</coordinates>
                </Point>
                <Point id="98236">
                    <coordinates>13.089748533127498,53.93567403731749,0.0</coordinates>
                </Point>
                <Point id="98238">
                    <coordinates>13.0862829596372,53.936342037969695,0.0</coordinates>
                </Point>
                <Point id="98240">
                    <coordinates>13.0908328065631,53.9352918370242,0.0</coordinates>
                </Point>
                <Point id="98242">
                    <coordinates>13.0894702319751,53.933221162673895,0.0</coordinates>
                </Point>
                <Point id="98244">
                    <coordinates>13.089569217505097,53.93284768198589,0.0</coordinates>
                </Point>
                <Point id="98246">
                    <coordinates>13.089913289161698,53.9331040469462,0.0</coordinates>
                </Point>
                <Point id="98248">
                    <coordinates>13.088849529116297,53.93272362004749,0.0</coordinates>
                </Point>
                <Point id="98250">
                    <coordinates>13.085553458173298,53.93446849833339,0.0</coordinates>
                </Point>
                <Point id="98252">
                    <coordinates>13.085763895018399,53.9343753137524,0.0</coordinates>
                </Point>
                <Point id="98254">
                    <coordinates>13.086160093679698,53.9342421605791,0.0</coordinates>
                </Point>
                <Point id="98256">
                    <coordinates>13.086196712647398,53.93444163230739,0.0</coordinates>
                </Point>
                <Point id="98258">
                    <coordinates>13.0864891933047,53.9340723668139,0.0</coordinates>
                </Point>
                <Point id="98260">
                    <coordinates>13.086621311104398,53.93400635372459,0.0</coordinates>
                </Point>
                <Point id="98262">
                    <coordinates>13.087626804556196,53.933838765742095,0.0</coordinates>
                </Point>
                <Point id="98264">
                    <coordinates>13.088120781581,53.9336547819026,0.0</coordinates>
                </Point>
                <Point id="98266">
                    <coordinates>13.087976877352398,53.9335386251022,0.0</coordinates>
                </Point>
                <Point id="98268">
                    <coordinates>13.087694249531598,53.93357155230489,0.0</coordinates>
                </Point>
                <Point id="98270">
                    <coordinates>13.0873893518965,53.93370915530921,0.0</coordinates>
                </Point>
                <Point id="98272">
                    <coordinates>13.1003587694869,53.93440612782529,0.0</coordinates>
                </Point>
                <Point id="98274">
                    <coordinates>13.0992924480899,53.934123204508595,0.0</coordinates>
                </Point>
                <Point id="98276">
                    <coordinates>13.0973518064869,53.93236022695759,0.0</coordinates>
                </Point>
                <Point id="98278">
                    <coordinates>13.0989161471447,53.93135405748039,0.0</coordinates>
                </Point>
                <Point id="98280">
                    <coordinates>13.111208233177297,53.927916555215795,0.0</coordinates>
                </Point>
                <Point id="98282">
                    <coordinates>13.110940219497099,53.927982500846596,0.0</coordinates>
                </Point>
                <Point id="98284">
                    <coordinates>13.1099744037369,53.9282783118167,0.0</coordinates>
                </Point>
                <Point id="98286">
                    <coordinates>13.109492632233097,53.92834958937979,0.0</coordinates>
                </Point>
                <Point id="98288">
                    <coordinates>13.1103194724931,53.928182195437806,0.0</coordinates>
                </Point>
                <Point id="98290">
                    <coordinates>13.110453891793,53.9281102921283,0.0</coordinates>
                </Point>
                <Point id="98292">
                    <coordinates>13.109913254074499,53.927898369060095,0.0</coordinates>
                </Point>
                <Point id="98294">
                    <coordinates>13.109693741679198,53.9279343628331,0.0</coordinates>
                </Point>
                <Point id="98296">
                    <coordinates>13.108862237633602,53.9276503661793,0.0</coordinates>
                </Point>
                <Point id="98298">
                    <coordinates>13.1102820338486,53.927809806442795,0.0</coordinates>
                </Point>
                <Point id="98300">
                    <coordinates>13.1115235187977,53.92783477700739,0.0</coordinates>
                </Point>
                <Point id="98302">
                    <coordinates>13.111717205875399,53.927788051393904,0.0</coordinates>
                </Point>
                <Point id="98304">
                    <coordinates>13.111343298149999,53.9275478667189,0.0</coordinates>
                </Point>
                <Point id="98306">
                    <coordinates>13.1114569082671,53.9274629221314,0.0</coordinates>
                </Point>
                <Point id="98308">
                    <coordinates>13.0875090420969,53.929937988109195,0.0</coordinates>
                </Point>
                <Point id="98310">
                    <coordinates>13.087299749203998,53.92966615773469,0.0</coordinates>
                </Point>
                <Point id="98312">
                    <coordinates>13.0910813595522,53.931694948086395,0.0</coordinates>
                </Point>
                <Point id="98314">
                    <coordinates>13.1593791137147,53.92767805732709,0.0</coordinates>
                </Point>
                <Point id="98316">
                    <coordinates>13.1584849726517,53.9275974583491,0.0</coordinates>
                </Point>
                <Point id="98318">
                    <coordinates>13.158680173258702,53.927440896801905,0.0</coordinates>
                </Point>
                <Point id="98320">
                    <coordinates>13.1575042117385,53.9268372847818,0.0</coordinates>
                </Point>
                <Point id="98322">
                    <coordinates>13.158200065862,53.9262583524572,0.0</coordinates>
                </Point>
                <Point id="98324">
                    <coordinates>13.1578267539824,53.9263017159925,0.0</coordinates>
                </Point>
                <Point id="98326">
                    <coordinates>13.157298809735602,53.926020569124,0.0</coordinates>
                </Point>
                <Point id="98328">
                    <coordinates>13.158617297060198,53.9256290964304,0.0</coordinates>
                </Point>
                <Point id="98330">
                    <coordinates>13.1582349718534,53.9252207337642,0.0</coordinates>
                </Point>
                <Point id="98332">
                    <coordinates>13.158340676700002,53.92531718510221,0.0</coordinates>
                </Point>
                <Point id="98334">
                    <coordinates>13.157983880544798,53.92571741853838,0.0</coordinates>
                </Point>
                <Point id="98336">
                    <coordinates>13.158572445277699,53.92498956558969,0.0</coordinates>
                </Point>
                <Point id="98338">
                    <coordinates>13.158505610572899,53.92482871683858,0.0</coordinates>
                </Point>
                <Point id="98340">
                    <coordinates>13.1586468100275,53.9242458409438,0.0</coordinates>
                </Point>
                <Point id="98342">
                    <coordinates>13.158031189791298,53.9243005122718,0.0</coordinates>
                </Point>
                <Point id="98344">
                    <coordinates>13.157230044389802,53.9238569436379,0.0</coordinates>
                </Point>
                <Point id="98346">
                    <coordinates>13.157659032733099,53.9235807878201,0.0</coordinates>
                </Point>
                <Point id="98348">
                    <coordinates>13.1565608466575,53.925936071885495,0.0</coordinates>
                </Point>
                <Point id="98350">
                    <coordinates>13.156842457869699,53.9261538538046,0.0</coordinates>
                </Point>
                <Point id="98352">
                    <coordinates>13.1558130369949,53.925537568750705,0.0</coordinates>
                </Point>
                <Point id="98354">
                    <coordinates>13.1555106070034,53.92558340059699,0.0</coordinates>
                </Point>
                <Point id="98356">
                    <coordinates>13.1561559694573,53.92522675287329,0.0</coordinates>
                </Point>
                <Point id="98358">
                    <coordinates>13.154924157592296,53.9257179830312,0.0</coordinates>
                </Point>
                <Point id="98360">
                    <coordinates>13.155146306022997,53.92521352685079,0.0</coordinates>
                </Point>
                <Point id="98362">
                    <coordinates>13.155236489773502,53.92539098063751,0.0</coordinates>
                </Point>
                <Point id="98364">
                    <coordinates>13.15424068949,53.92494292747669,0.0</coordinates>
                </Point>
                <Point id="98366">
                    <coordinates>13.1550372030959,53.92504780845929,0.0</coordinates>
                </Point>
                <Point id="98368">
                    <coordinates>13.155491460503098,53.925172999356384,0.0</coordinates>
                </Point>
                <Point id="98370">
                    <coordinates>13.155175087113399,53.92478127982259,0.0</coordinates>
                </Point>
                <Point id="98372">
                    <coordinates>13.1549003071726,53.9248788004623,0.0</coordinates>
                </Point>
                <Point id="98374">
                    <coordinates>13.156043549341998,53.92504607005899,0.0</coordinates>
                </Point>
                <Point id="98376">
                    <coordinates>13.155956831539498,53.9248463554748,0.0</coordinates>
                </Point>
                <Point id="98378">
                    <coordinates>13.1558615611873,53.924671545587294,0.0</coordinates>
                </Point>
                <Point id="98380">
                    <coordinates>13.155962525710796,53.924401534219896,0.0</coordinates>
                </Point>
                <Point id="98382">
                    <coordinates>13.156450195423796,53.92446163538428,0.0</coordinates>
                </Point>
                <Point id="98384">
                    <coordinates>13.156400888442,53.92345776387169,0.0</coordinates>
                </Point>
                <Point id="98386">
                    <coordinates>13.156714960132803,53.92386038176631,0.0</coordinates>
                </Point>
                <Point id="98388">
                    <coordinates>13.1567553697403,53.923460287519596,0.0</coordinates>
                </Point>
                <Point id="98390">
                    <coordinates>13.1567386797277,53.92332614339519,0.0</coordinates>
                </Point>
                <Point id="98392">
                    <coordinates>13.1567028600067,53.92308747047739,0.0</coordinates>
                </Point>
                <Point id="98394">
                    <coordinates>13.1563095166504,53.9232684970583,0.0</coordinates>
                </Point>
                <Point id="98396">
                    <coordinates>13.156173518335299,53.9230340787356,0.0</coordinates>
                </Point>
                <Point id="98398">
                    <coordinates>13.156159590270597,53.9229021361825,0.0</coordinates>
                </Point>
                <Point id="98400">
                    <coordinates>13.1540539551696,53.924008251494094,0.0</coordinates>
                </Point>
                <Point id="98402">
                    <coordinates>13.154782015248902,53.92385829130199,0.0</coordinates>
                </Point>
                <Point id="98404">
                    <coordinates>13.1548002112549,53.9235328215538,0.0</coordinates>
                </Point>
                <Point id="98406">
                    <coordinates>13.1545955878516,53.9234230046383,0.0</coordinates>
                </Point>
                <Point id="98408">
                    <coordinates>13.1547371885194,53.92317979011179,0.0</coordinates>
                </Point>
                <Point id="98410">
                    <coordinates>13.154889869063702,53.9230959300389,0.0</coordinates>
                </Point>
                <Point id="98412">
                    <coordinates>13.155014122453098,53.923012559085386,0.0</coordinates>
                </Point>
                <Point id="98414">
                    <coordinates>13.155154416423201,53.9229178547073,0.0</coordinates>
                </Point>
                <Point id="98416">
                    <coordinates>13.154029193383,53.9228525881403,0.0</coordinates>
                </Point>
                <Point id="98418">
                    <coordinates>13.151769517239499,53.92308799768891,0.0</coordinates>
                </Point>
                <Point id="98420">
                    <coordinates>13.1512916155765,53.92346327810889,0.0</coordinates>
                </Point>
                <Point id="98422">
                    <coordinates>13.1494183390667,53.9217068534023,0.0</coordinates>
                </Point>
                <Point id="98424">
                    <coordinates>13.1502048511318,53.9215886601272,0.0</coordinates>
                </Point>
                <Point id="98426">
                    <coordinates>13.149963807333098,53.9217433502633,0.0</coordinates>
                </Point>
                <Point id="98428">
                    <coordinates>13.149743422500002,53.921518078995206,0.0</coordinates>
                </Point>
                <Point id="98430">
                    <coordinates>13.1498904457477,53.921420572343095,0.0</coordinates>
                </Point>
                <Point id="98432">
                    <coordinates>13.150520951591398,53.9213829224504,0.0</coordinates>
                </Point>
                <Point id="98434">
                    <coordinates>13.150203378900498,53.9212202522038,0.0</coordinates>
                </Point>
                <Point id="98436">
                    <coordinates>13.149575776361198,53.92028388629279,0.0</coordinates>
                </Point>
                <Point id="98438">
                    <coordinates>13.149711526737399,53.92035929169081,0.0</coordinates>
                </Point>
                <Point id="98440">
                    <coordinates>13.149161897760301,53.9200647837002,0.0</coordinates>
                </Point>
                <Point id="98442">
                    <coordinates>13.149331943330099,53.9201555523019,0.0</coordinates>
                </Point>
                <Point id="98444">
                    <coordinates>13.1523024035354,53.9227317592014,0.0</coordinates>
                </Point>
                <Point id="98446">
                    <coordinates>13.1535636208817,53.922538412364,0.0</coordinates>
                </Point>
                <Point id="98448">
                    <coordinates>13.153091544334297,53.92232989240549,0.0</coordinates>
                </Point>
                <Point id="98450">
                    <coordinates>13.1526441760012,53.9220702126671,0.0</coordinates>
                </Point>
                <Point id="98452">
                    <coordinates>13.152324658946002,53.9222534388463,0.0</coordinates>
                </Point>
                <Point id="98454">
                    <coordinates>13.155511669086499,53.92272537274269,0.0</coordinates>
                </Point>
                <Point id="98456">
                    <coordinates>13.1558966998117,53.9222451943672,0.0</coordinates>
                </Point>
                <Point id="98458">
                    <coordinates>13.153775420576899,53.922687284913,0.0</coordinates>
                </Point>
                <Point id="98460">
                    <coordinates>13.1559811061184,53.9217082068013,0.0</coordinates>
                </Point>
                <Point id="98462">
                    <coordinates>13.155993988658402,53.9215487645643,0.0</coordinates>
                </Point>
                <Point id="98464">
                    <coordinates>13.151345906048599,53.9217828144134,0.0</coordinates>
                </Point>
                <Point id="98466">
                    <coordinates>13.1510149941236,53.921584991768384,0.0</coordinates>
                </Point>
                <Point id="98468">
                    <coordinates>13.151682114924,53.9219608019221,0.0</coordinates>
                </Point>
                <Point id="98470">
                    <coordinates>13.1522984871223,53.9218883387906,0.0</coordinates>
                </Point>
                <Point id="98472">
                    <coordinates>13.1518102522346,53.9217079374525,0.0</coordinates>
                </Point>
                <Point id="98474">
                    <coordinates>13.089009375158302,53.9359762131443,0.0</coordinates>
                </Point>
                <Point id="98476">
                    <coordinates>13.154836164118402,53.92454278365649,0.0</coordinates>
                </Point>
                <Point id="98478">
                    <coordinates>13.0901655487936,53.935534599883894,0.0</coordinates>
                </Point>
                <Point id="98480">
                    <coordinates>13.0909672876836,53.9321490758879,0.0</coordinates>
                </Point>
                <Point id="98482">
                    <coordinates>13.1545570715463,53.925152972580996,0.0</coordinates>
                </Point>
                <Point id="98484">
                    <coordinates>13.088820869098399,53.93339384830439,0.0</coordinates>
                </Point>
                <Point id="98486">
                    <coordinates>13.0868339862244,53.934192243391394,0.0</coordinates>
                </Point>
                <Point id="98488">
                    <coordinates>13.110971111673498,53.927634807865,0.0</coordinates>
                </Point>
                <Point id="98490">
                    <coordinates>13.096345676083102,53.934028042811896,0.0</coordinates>
                </Point>
                <Point id="98492">
                    <coordinates>13.0858935371542,53.9355149210609,0.0</coordinates>
                </Point>
                <Point id="98494">
                    <coordinates>13.0967672884266,53.93400003464849,0.0</coordinates>
                </Point>
                <Point id="98496">
                    <coordinates>13.095083002975398,53.933759404956085,0.0</coordinates>
                </Point>
                <Point id="98498">
                    <coordinates>13.091578879707898,53.9343754799735,0.0</coordinates>
                </Point>
                <Point id="98500">
                    <coordinates>13.091852595,53.934421281999995,0.0</coordinates>
                </Point>
                <Point id="98502">
                    <coordinates>13.154264434000002,53.923207880999996,0.0</coordinates>
                </Point>
                <Point id="98504">
                    <coordinates>13.155120365,53.92366498199999,0.0</coordinates>
                </Point>
                <Point id="98506">
                    <coordinates>13.159221752,53.927515239,0.0</coordinates>
                </Point>
                <Point id="98508">
                    <coordinates>13.185051158,53.897797704,0.0</coordinates>
                </Point>
                <Point id="98510">
                    <coordinates>13.185159977,53.897899581999994,0.0</coordinates>
                </Point>
            </MultiGeometry>
        </Placemark>
    </Document>
</kml>
