<?xml version="1.0" encoding="UTF-8"?>
<kml xmlns="http://www.opengis.net/kml/2.2" xmlns:gx="http://www.google.com/kml/ext/2.2">
    <Document id="93101">
        <Style id="94858">
            <IconStyle id="94859">
                <color>ff0000ff</color>
                <colorMode>normal</colorMode>
                <scale>1</scale>
                <heading>0</heading>
                <Icon id="94860">
                    <href>http://maps.google.com/mapfiles/kml/pushpin/ylw-pushpin.png</href>
                </Icon>
            </IconStyle>
            <LineStyle id="94861">
                <color>ff0000ff</color>
                <colorMode>normal</colorMode>
                <width>5</width>
            </LineStyle>
        </Style>
        <Style id="95598">
            <IconStyle id="95600">
                <colorMode>normal</colorMode>
                <scale>1</scale>
                <heading>0</heading>
                <Icon id="95601">
                    <href>http://maps.google.com/mapfiles/kml/shapes/placemark_circle.png</href>
                </Icon>
            </IconStyle>
            <LabelStyle id="95599">
                <colorMode>normal</colorMode>
                <scale>0.0</scale>
            </LabelStyle>
        </Style>
        <open>1</open>
        <Placemark id="93103">
            <name>MultiLine</name>
            <styleUrl>#94858</styleUrl>
            <MultiGeometry id="93102">
                <LineString id="93104">
                    <coordinates>12.75548362,53.599562,0.0 12.755370719999998,53.59947190999999,0.0</coordinates>
                </LineString>
                <LineString id="93106">
                    <coordinates>12.832170569999999,53.53691621999999,0.0 12.83218351,53.53691572,0.0</coordinates>
                </LineString>
                <LineString id="93108">
                    <coordinates>12.72801568,53.582549239999985,0.0 12.728156299999998,53.58255892999999,0.0 12.72835016,53.58258012000001,0.0 12.72837714,53.58258825,0.0 12.728446759999999,53.58263032,0.0 12.728521749999999,53.582683679999995,0.0</coordinates>
                </LineString>
                <LineString id="93110">
                    <coordinates>12.73558131,53.585514859999996,0.0 12.735562390000002,53.58548164,0.0</coordinates>
                </LineString>
                <LineString id="93112">
                    <coordinates>12.733616750000001,53.584164689999994,0.0 12.733540740000002,53.58412245,0.0</coordinates>
                </LineString>
                <LineString id="93114">
                    <coordinates>12.7318664,53.60769247,0.0 12.73165154,53.60770951,0.0</coordinates>
                </LineString>
                <LineString id="93116">
                    <coordinates>12.74883487,53.59900473999999,0.0 12.749230589999998,53.598859409999996,0.0 12.74955274,53.59877421,0.0 12.74992381,53.59866931999999,0.0 12.75019393,53.59859183,0.0 12.75070656,53.59845583,0.0 12.750953240000001,53.59839472000001,0.0 12.75128534,53.59830327,0.0</coordinates>
                </LineString>
                <LineString id="93118">
                    <coordinates>12.75664008,53.60037637999999,0.0 12.75656692,53.60031888000001,0.0</coordinates>
                </LineString>
                <LineString id="93120">
                    <coordinates>12.778663019999998,53.5834229,0.0 12.778658109999999,53.583459729999994,0.0</coordinates>
                </LineString>
                <LineString id="93122">
                    <coordinates>12.781636169999999,53.57931436,0.0 12.78165117,53.57929291,0.0</coordinates>
                </LineString>
                <LineString id="93124">
                    <coordinates>12.79893426,53.56824603999999,0.0 12.79937582,53.56784104999999,0.0 12.799813299999999,53.56747365999998,0.0</coordinates>
                </LineString>
                <LineString id="93126">
                    <coordinates>12.73658893,53.58639317,0.0 12.736596090000003,53.58638312000001,0.0</coordinates>
                </LineString>
                <LineString id="93128">
                    <coordinates>12.79903779,53.58031497999998,0.0 12.79933316,53.58034041,0.0</coordinates>
                </LineString>
                <LineString id="93130">
                    <coordinates>12.7588642,53.601545550000004,0.0 12.75892007,53.601576200000004,0.0</coordinates>
                </LineString>
                <LineString id="93132">
                    <coordinates>12.728521749999999,53.582683679999995,0.0 12.728636060000001,53.58277144,0.0 12.72885897,53.582945949999996,0.0</coordinates>
                </LineString>
                <LineString id="93134">
                    <coordinates>12.728573539999998,53.58263933999999,0.0 12.728557189999998,53.5826522,0.0 12.728521749999999,53.582683679999995,0.0</coordinates>
                </LineString>
                <LineString id="93136">
                    <coordinates>12.728614009999998,53.58260719999999,0.0 12.728599120000002,53.58255881,0.0 12.728576399999998,53.58250955,0.0 12.72859545,53.58247211999999,0.0 12.72865437,53.58237508999999,0.0 12.7286932,53.58231693,0.0 12.7287853,53.582300839999995,0.0</coordinates>
                </LineString>
                <LineString id="93138">
                    <coordinates>12.73666875,53.589677419999994,0.0 12.736659669999998,53.589347180000004,0.0 12.73662391,53.58917826,0.0 12.73660491,53.58899965,0.0 12.7365852,53.5888223,0.0 12.73656926,53.58864163999999,0.0 12.736554859999998,53.58846034999999,0.0 12.73654228,53.58833183,0.0 12.73654797,53.58818459,0.0</coordinates>
                </LineString>
                <LineString id="93140">
                    <coordinates>12.736536179999998,53.58803189000001,0.0 12.736545439999997,53.58793358999999,0.0</coordinates>
                </LineString>
                <LineString id="93142">
                    <coordinates>12.73654797,53.58818459,0.0 12.736548689999998,53.58813464999999,0.0 12.736537829999998,53.58804641999999,0.0 12.736536179999998,53.58803189000001,0.0</coordinates>
                </LineString>
                <LineString id="93144">
                    <coordinates>12.73659073,53.58640164,0.0 12.73658893,53.58639317,0.0</coordinates>
                </LineString>
                <LineString id="93146">
                    <coordinates>12.73619092,53.58643020999999,0.0 12.736163640000001,53.58636642,0.0</coordinates>
                </LineString>
                <LineString id="93148">
                    <coordinates>12.736289960000002,53.5867788,0.0 12.736235739999998,53.586640119999984,0.0 12.7361896,53.58654133,0.0 12.73616194,53.58647409999999,0.0 12.73616737,53.58644781,0.0 12.73619092,53.58643020999999,0.0</coordinates>
                </LineString>
                <LineString id="93150">
                    <coordinates>12.736163640000001,53.58636642,0.0 12.73611739,53.58635287999999,0.0 12.73608295,53.58633337,0.0 12.73606129,53.58631094999999,0.0 12.73604341,53.58626155,0.0 12.736024919999998,53.586223069999996,0.0 12.735990079999999,53.58614373999999,0.0 12.735995379999999,53.58612724,0.0 12.73600395,53.58611692999998,0.0 12.735998499999999,53.586106869999995,0.0</coordinates>
                </LineString>
                <LineString id="93152">
                    <coordinates>12.735998499999999,53.586106869999995,0.0 12.735964959999999,53.58605511,0.0</coordinates>
                </LineString>
                <LineString id="93154">
                    <coordinates>12.728679059999996,53.58497504999999,0.0 12.728715780000002,53.58505275,0.0</coordinates>
                </LineString>
                <LineString id="93156">
                    <coordinates>12.728715780000002,53.58505275,0.0 12.72865358,53.58507546,0.0 12.72860273,53.58508909,0.0 12.728503059999998,53.58511868,0.0 12.728442850000002,53.58513911,0.0 12.728378889999998,53.585165059999994,0.0 12.72829632,53.585203439999994,0.0 12.728232430000002,53.585232809999994,0.0 12.72818004,53.58526651,0.0 12.728106979999996,53.585317079999996,0.0 12.728041529999997,53.58536534999998,0.0 12.72798169,53.58540909,0.0</coordinates>
                </LineString>
                <LineString id="93158">
                    <coordinates>12.72961031,53.58453126,0.0 12.729624639999999,53.58452262,0.0 12.729756679999998,53.58444279,0.0</coordinates>
                </LineString>
                <LineString id="93160">
                    <coordinates>12.72982578,53.58434136999998,0.0 12.729741240000003,53.58429012,0.0</coordinates>
                </LineString>
                <LineString id="93162">
                    <coordinates>12.729741240000003,53.58429012,0.0 12.72985702,53.584233,0.0</coordinates>
                </LineString>
                <LineString id="93164">
                    <coordinates>12.729804779999998,53.584198939999986,0.0 12.72980664,53.58420018,0.0 12.72985702,53.584233,0.0</coordinates>
                </LineString>
                <LineString id="93166">
                    <coordinates>12.72985702,53.584233,0.0 12.729892909999998,53.58426252,0.0</coordinates>
                </LineString>
                <LineString id="93168">
                    <coordinates>12.72998639,53.584280379999996,0.0 12.73000952,53.58427401,0.0 12.730257679999998,53.584109569999995,0.0</coordinates>
                </LineString>
                <LineString id="93170">
                    <coordinates>12.736935639999999,53.586395089999996,0.0 12.736942619999999,53.58639467,0.0 12.73707576,53.58638569000001,0.0</coordinates>
                </LineString>
                <LineString id="93172">
                    <coordinates>12.73659608,53.58641354,0.0 12.73664888,53.58640901,0.0</coordinates>
                </LineString>
                <LineString id="93174">
                    <coordinates>12.73707576,53.58638569000001,0.0 12.73712953,53.58638213,0.0 12.73721658,53.58637664999999,0.0 12.737302039999998,53.586374129999996,0.0 12.73741788,53.586361479999994,0.0</coordinates>
                </LineString>
                <LineString id="93176">
                    <coordinates>12.73741788,53.586361479999994,0.0 12.737524709999999,53.586357969999995,0.0 12.737575870000002,53.58635684,0.0 12.73795789,53.58638596000001,0.0 12.738144239999999,53.58645614,0.0</coordinates>
                </LineString>
                <LineString id="93178">
                    <coordinates>12.738144239999999,53.58645614,0.0 12.73820101,53.58648216999999,0.0</coordinates>
                </LineString>
                <LineString id="93180">
                    <coordinates>12.73820101,53.58648216999999,0.0 12.73823504,53.58650287,0.0</coordinates>
                </LineString>
                <LineString id="93182">
                    <coordinates>12.73833031,53.58654376999999,0.0 12.73835302,53.58655353,0.0 12.738366179999998,53.58666862,0.0 12.7383635,53.58680491,0.0 12.73836252,53.58685434,0.0 12.738361969999998,53.58686906999999,0.0</coordinates>
                </LineString>
                <LineString id="93184">
                    <coordinates>12.735964959999999,53.58605511,0.0 12.735903369999999,53.58595706999999,0.0</coordinates>
                </LineString>
                <LineString id="93186">
                    <coordinates>12.735729169999999,53.585643379999986,0.0 12.73573334,53.585651490000004,0.0</coordinates>
                </LineString>
                <LineString id="93188">
                    <coordinates>12.7358057,53.58578394,0.0 12.73581327,53.58579594999999,0.0</coordinates>
                </LineString>
                <LineString id="93190">
                    <coordinates>12.735853760000001,53.58587375999999,0.0 12.735868480000002,53.58589897,0.0</coordinates>
                </LineString>
                <LineString id="93192">
                    <coordinates>12.735868480000002,53.58589897,0.0 12.735903369999999,53.58595706999999,0.0</coordinates>
                </LineString>
                <LineString id="93194">
                    <coordinates>12.73581327,53.58579594999999,0.0 12.735853760000001,53.58587375999999,0.0</coordinates>
                </LineString>
                <LineString id="93196">
                    <coordinates>12.73573859,53.58566128,0.0 12.73579674,53.585769619999986,0.0</coordinates>
                </LineString>
                <LineString id="93198">
                    <coordinates>12.735697690000002,53.58558450999998,0.0 12.7357196,53.58562502,0.0</coordinates>
                </LineString>
                <LineString id="93200">
                    <coordinates>12.735486579999998,53.58536151,0.0 12.73544478,53.58530134000001,0.0</coordinates>
                </LineString>
                <LineString id="93202">
                    <coordinates>12.73544478,53.58530134000001,0.0 12.73543651,53.585288519999985,0.0</coordinates>
                </LineString>
                <LineString id="93204">
                    <coordinates>12.73543651,53.585288519999985,0.0 12.735405469999996,53.58524634999999,0.0</coordinates>
                </LineString>
                <LineString id="93206">
                    <coordinates>12.7357196,53.58562502,0.0 12.735729169999999,53.585643379999986,0.0</coordinates>
                </LineString>
                <LineString id="93208">
                    <coordinates>12.73579674,53.585769619999986,0.0 12.7358057,53.58578394,0.0</coordinates>
                </LineString>
                <LineString id="93210">
                    <coordinates>12.735194859999998,53.58500656,0.0 12.73525458,53.58506473,0.0</coordinates>
                </LineString>
                <LineString id="93212">
                    <coordinates>12.73533828,53.585156309999995,0.0 12.735370339999998,53.58519506999998,0.0 12.735405469999996,53.58524634999999,0.0</coordinates>
                </LineString>
                <LineString id="93214">
                    <coordinates>12.735194859999998,53.58500656,0.0 12.735144329999999,53.584958379999996,0.0</coordinates>
                </LineString>
                <LineString id="93216">
                    <coordinates>12.735144329999999,53.584958379999996,0.0 12.73510276,53.58492767999999,0.0</coordinates>
                </LineString>
                <LineString id="93218">
                    <coordinates>12.73510276,53.58492767999999,0.0 12.73506301,53.58487962,0.0 12.734978019999998,53.58483338,0.0 12.734862599999998,53.584756629999994,0.0</coordinates>
                </LineString>
                <LineString id="93220">
                    <coordinates>12.734862599999998,53.584756629999994,0.0 12.734739769999997,53.58469511999999,0.0</coordinates>
                </LineString>
                <LineString id="93222">
                    <coordinates>12.73441684,53.58450996999999,0.0 12.73438451,53.58449197,0.0 12.734265699999998,53.58442658,0.0</coordinates>
                </LineString>
                <LineString id="93224">
                    <coordinates>12.734265699999998,53.58442658,0.0 12.734101239999998,53.58433849000001,0.0</coordinates>
                </LineString>
                <LineString id="93226">
                    <coordinates>12.734862599999998,53.584756629999994,0.0 12.734723809999998,53.5848329,0.0</coordinates>
                </LineString>
                <LineString id="93228">
                    <coordinates>12.734723809999998,53.5848329,0.0 12.734600720000001,53.58477469,0.0</coordinates>
                </LineString>
                <LineString id="93230">
                    <coordinates>12.733944309999998,53.58517034999999,0.0 12.73390744,53.58519473,0.0 12.73375582,53.58530001999999,0.0</coordinates>
                </LineString>
                <LineString id="93232">
                    <coordinates>12.733341039999997,53.58554403,0.0 12.733323769999998,53.585553000000004,0.0 12.733269739999999,53.585566089999986,0.0 12.73322271,53.58556279,0.0 12.73318662,53.58555629000001,0.0 12.733124929999999,53.58552153,0.0</coordinates>
                </LineString>
                <LineString id="93234">
                    <coordinates>12.733124929999999,53.58552153,0.0 12.73301638,53.585472769999996,0.0</coordinates>
                </LineString>
                <LineString id="93236">
                    <coordinates>12.73231942,53.58514291,0.0 12.732317150000002,53.585141560000004,0.0 12.73222365,53.58511619,0.0 12.73215718,53.585116619999994,0.0</coordinates>
                </LineString>
                <LineString id="93238">
                    <coordinates>12.734600720000001,53.58477469,0.0 12.734616450000003,53.58476435,0.0 12.734618220000002,53.58475567,0.0 12.734615579999998,53.58474459999999,0.0 12.73460494,53.58473732,0.0 12.734472789999998,53.58466229,0.0 12.73441499,53.58462733,0.0</coordinates>
                </LineString>
                <LineString id="93240">
                    <coordinates>12.73441499,53.58462733,0.0 12.734176670000002,53.58449116,0.0</coordinates>
                </LineString>
                <LineString id="93242">
                    <coordinates>12.734176670000002,53.58449116,0.0 12.733987299999999,53.58438469,0.0</coordinates>
                </LineString>
                <LineString id="93244">
                    <coordinates>12.733987299999999,53.58438469,0.0 12.73392146,53.58434693000001,0.0</coordinates>
                </LineString>
                <LineString id="93246">
                    <coordinates>12.730257679999998,53.584109569999995,0.0 12.730273439999998,53.58410047999999,0.0 12.73028097,53.58409942999999,0.0 12.73028883,53.58410179,0.0 12.730298859999998,53.58410528999999,0.0 12.730308739999998,53.58410977999999,0.0 12.730498829999998,53.58398583,0.0 12.730693309999998,53.58384612999998,0.0 12.73094371,53.58368264,0.0</coordinates>
                </LineString>
                <LineString id="93248">
                    <coordinates>12.73094371,53.58368264,0.0 12.73130462,53.58344347999999,0.0</coordinates>
                </LineString>
                <LineString id="93250">
                    <coordinates>12.73166885,53.58320555,0.0 12.731742,53.58324213,0.0</coordinates>
                </LineString>
                <LineString id="93252">
                    <coordinates>12.73094371,53.58368264,0.0 12.730653139999998,53.58351706,0.0 12.73051103,53.583432200000004,0.0</coordinates>
                </LineString>
                <LineString id="93254">
                    <coordinates>12.72949734,53.58380474999999,0.0 12.72958301,53.58395502999999,0.0 12.72962006,53.58400769,0.0</coordinates>
                </LineString>
                <LineString id="93256">
                    <coordinates>12.729627949999998,53.58406539,0.0 12.729623569999998,53.58404910000001,0.0 12.729623300000002,53.58402973,0.0 12.72962006,53.58400769,0.0</coordinates>
                </LineString>
                <LineString id="93258">
                    <coordinates>12.72949734,53.58380474999999,0.0 12.72942394,53.58368700999999,0.0 12.72938204,53.583629059999986,0.0 12.729329549999997,53.58351112999999,0.0 12.729299629999998,53.583458369999995,0.0 12.72930067,53.583437189999984,0.0 12.729316750000002,53.58341591,0.0 12.72934267,53.58336369999999,0.0</coordinates>
                </LineString>
                <LineString id="93260">
                    <coordinates>12.72934267,53.58336369999999,0.0 12.72938,53.58328395,0.0</coordinates>
                </LineString>
                <LineString id="93262">
                    <coordinates>12.72938,53.58328395,0.0 12.72939057,53.58327105,0.0</coordinates>
                </LineString>
                <LineString id="93264">
                    <coordinates>12.729299239999998,53.58321044000001,0.0 12.728979430000003,53.58301771000001,0.0 12.72885897,53.582945949999996,0.0</coordinates>
                </LineString>
                <LineString id="93266">
                    <coordinates>12.73392146,53.58434693000001,0.0 12.73378393,53.584261940000005,0.0</coordinates>
                </LineString>
                <LineString id="93268">
                    <coordinates>12.73378393,53.584261940000005,0.0 12.733616750000001,53.584164689999994,0.0</coordinates>
                </LineString>
                <LineString id="93270">
                    <coordinates>12.733540740000002,53.58412245,0.0 12.733377080000002,53.58402302,0.0</coordinates>
                </LineString>
                <LineString id="93272">
                    <coordinates>12.72807038,53.60895301,0.0 12.728201030000001,53.60912186,0.0</coordinates>
                </LineString>
                <LineString id="93274">
                    <coordinates>12.733377080000002,53.58402302,0.0 12.73324933,53.58394727,0.0 12.73312645,53.58387279,0.0</coordinates>
                </LineString>
                <LineString id="93276">
                    <coordinates>12.73312645,53.58387279,0.0 12.733088320000002,53.58384958,0.0</coordinates>
                </LineString>
                <LineString id="93278">
                    <coordinates>12.733088320000002,53.58384958,0.0 12.732925809999998,53.583753259999995,0.0</coordinates>
                </LineString>
                <LineString id="93280">
                    <coordinates>12.732925809999998,53.583753259999995,0.0 12.732731599999997,53.58364047999999,0.0</coordinates>
                </LineString>
                <LineString id="93282">
                    <coordinates>12.732731599999997,53.58364047999999,0.0 12.73268402,53.58361775,0.0</coordinates>
                </LineString>
                <LineString id="93284">
                    <coordinates>12.73268402,53.58361775,0.0 12.73257625,53.583554680000006,0.0</coordinates>
                </LineString>
                <LineString id="93286">
                    <coordinates>12.73241714,53.583469619999995,0.0 12.73247402,53.58349986999999,0.0</coordinates>
                </LineString>
                <LineString id="93288">
                    <coordinates>12.73257625,53.583554680000006,0.0 12.73247402,53.58349986999999,0.0</coordinates>
                </LineString>
                <LineString id="93290">
                    <coordinates>12.73241714,53.583469619999995,0.0 12.73221937,53.58336541,0.0</coordinates>
                </LineString>
                <LineString id="93292">
                    <coordinates>12.73221937,53.58336541,0.0 12.73207862,53.58328856,0.0 12.731988230000002,53.58324661,0.0 12.73193793,53.58322187,0.0 12.731893,53.58320368999999,0.0 12.731835810000002,53.58320061,0.0 12.731790939999998,53.58321522000001,0.0 12.731742,53.58324213,0.0</coordinates>
                </LineString>
                <LineString id="93294">
                    <coordinates>12.73204901,53.58313128,0.0 12.73200074,53.58314505,0.0 12.7320479,53.58317071,0.0</coordinates>
                </LineString>
                <LineString id="93296">
                    <coordinates>12.732244250000003,53.58326929,0.0 12.73214825,53.583223079999996,0.0</coordinates>
                </LineString>
                <LineString id="93298">
                    <coordinates>12.73214825,53.583223079999996,0.0 12.7320479,53.58317071,0.0</coordinates>
                </LineString>
                <LineString id="93300">
                    <coordinates>12.731606990000001,53.58324438999999,0.0 12.73144318,53.58335622999999,0.0</coordinates>
                </LineString>
                <LineString id="93302">
                    <coordinates>12.73144318,53.58335622999999,0.0 12.73130462,53.58344347999999,0.0</coordinates>
                </LineString>
                <LineString id="93304">
                    <coordinates>12.731606990000001,53.58324438999999,0.0 12.73166885,53.58320555,0.0</coordinates>
                </LineString>
                <LineString id="93306">
                    <coordinates>12.731516330000002,53.582921299999995,0.0 12.731666549999998,53.58299787,0.0 12.73175755,53.58300434,0.0 12.73192507,53.58304466,0.0</coordinates>
                </LineString>
                <LineString id="93308">
                    <coordinates>12.73192507,53.58304466,0.0 12.731964849999999,53.583057249999996,0.0 12.73204901,53.58313128,0.0</coordinates>
                </LineString>
                <LineString id="93310">
                    <coordinates>12.73240087,53.58304498999999,0.0 12.73204901,53.58313128,0.0</coordinates>
                </LineString>
                <LineString id="93312">
                    <coordinates>12.73240087,53.58304498999999,0.0 12.732468920000002,53.58303062000001,0.0 12.73269623,53.58297772,0.0</coordinates>
                </LineString>
                <LineString id="93314">
                    <coordinates>12.73281396,53.58294810999999,0.0 12.732856930000002,53.58293728,0.0</coordinates>
                </LineString>
                <LineString id="93316">
                    <coordinates>12.732244250000003,53.58326929,0.0 12.73250452,53.58340639000001,0.0</coordinates>
                </LineString>
                <LineString id="93318">
                    <coordinates>12.73285876,53.58361128,0.0 12.732796620000002,53.58357316,0.0</coordinates>
                </LineString>
                <LineString id="93320">
                    <coordinates>12.732743950000001,53.58354247999999,0.0 12.732796620000002,53.58357316,0.0</coordinates>
                </LineString>
                <LineString id="93322">
                    <coordinates>12.73285876,53.58361128,0.0 12.7329179,53.583646910000006,0.0 12.73310246,53.58375031999999,0.0</coordinates>
                </LineString>
                <LineString id="93324">
                    <coordinates>12.73310246,53.58375031999999,0.0 12.73315457,53.58377700999999,0.0</coordinates>
                </LineString>
                <LineString id="93326">
                    <coordinates>12.73315457,53.58377700999999,0.0 12.73318035,53.58379144,0.0</coordinates>
                </LineString>
                <LineString id="93328">
                    <coordinates>12.73318035,53.58379144,0.0 12.733375339999998,53.5839112,0.0</coordinates>
                </LineString>
                <LineString id="93330">
                    <coordinates>12.733375339999998,53.5839112,0.0 12.733643639999999,53.584074159999986,0.0</coordinates>
                </LineString>
                <LineString id="93332">
                    <coordinates>12.733643639999999,53.584074159999986,0.0 12.73366851,53.58408638000001,0.0</coordinates>
                </LineString>
                <LineString id="93334">
                    <coordinates>12.73366851,53.58408638000001,0.0 12.733775539999998,53.58415699999999,0.0 12.733861679999999,53.584206200000004,0.0 12.73398131,53.58427647999999,0.0 12.734041709999998,53.584305099999995,0.0 12.73408119,53.5843289,0.0</coordinates>
                </LineString>
                <LineString id="93336">
                    <coordinates>12.73408119,53.5843289,0.0 12.734101239999998,53.58433849000001,0.0</coordinates>
                </LineString>
                <LineString id="93338">
                    <coordinates>12.731516330000002,53.582921299999995,0.0 12.731364619999997,53.582839729999996,0.0 12.731310579999999,53.58279925,0.0 12.731144449999999,53.58271677999999,0.0</coordinates>
                </LineString>
                <LineString id="93340">
                    <coordinates>12.731144449999999,53.58271677999999,0.0 12.731040260000002,53.58267065,0.0</coordinates>
                </LineString>
                <LineString id="93342">
                    <coordinates>12.732856930000002,53.58293728,0.0 12.733046250000001,53.58288354,0.0 12.73311204,53.58286877999999,0.0</coordinates>
                </LineString>
                <LineString id="93344">
                    <coordinates>12.73360356,53.58273431999999,0.0 12.73372284,53.58270285999998,0.0</coordinates>
                </LineString>
                <LineString id="93346">
                    <coordinates>12.733825000000001,53.58267725000001,0.0 12.733948229999996,53.58264519999999,0.0</coordinates>
                </LineString>
                <LineString id="93348">
                    <coordinates>12.734068129999999,53.58260977,0.0 12.73405674,53.5826131,0.0</coordinates>
                </LineString>
                <LineString id="93350">
                    <coordinates>12.73372284,53.58270285999998,0.0 12.733825000000001,53.58267725000001,0.0</coordinates>
                </LineString>
                <LineString id="93352">
                    <coordinates>12.733948229999996,53.58264519999999,0.0 12.73405674,53.5826131,0.0</coordinates>
                </LineString>
                <LineString id="93354">
                    <coordinates>12.734139199999998,53.58258878,0.0 12.73432255,53.58254306,0.0 12.73449408,53.58249631999999,0.0 12.734612739999998,53.58246165,0.0 12.734650560000002,53.58245209,0.0</coordinates>
                </LineString>
                <LineString id="93356">
                    <coordinates>12.73913815,53.59409436999999,0.0 12.738888239999998,53.59390236999999,0.0 12.738681369999998,53.59374953,0.0 12.738365669999999,53.59349838999999,0.0 12.738244470000001,53.593410729999995,0.0</coordinates>
                </LineString>
                <LineString id="93358">
                    <coordinates>12.738033539999998,53.59327537,0.0 12.73779493,53.59312228,0.0 12.73748111,53.592715520000006,0.0</coordinates>
                </LineString>
                <LineString id="93360">
                    <coordinates>12.73748111,53.592715520000006,0.0 12.73738659,53.59257189,0.0 12.73728923,53.59242329,0.0 12.73712144,53.59214233999999,0.0 12.737031679999998,53.59195818999999,0.0</coordinates>
                </LineString>
                <LineString id="93362">
                    <coordinates>12.737031679999998,53.59195818999999,0.0 12.73691671,53.591717229999986,0.0 12.736857049999998,53.591501709999996,0.0 12.736798940000002,53.59128515999999,0.0</coordinates>
                </LineString>
                <LineString id="93364">
                    <coordinates>12.736798940000002,53.59128515999999,0.0 12.736771019999999,53.59104064,0.0 12.73677575,53.59069134999999,0.0 12.73676543,53.59060314,0.0</coordinates>
                </LineString>
                <LineString id="93366">
                    <coordinates>12.73676543,53.59060314,0.0 12.736756769999998,53.59052727999999,0.0 12.736696569999998,53.59013757999998,0.0 12.73668053,53.58984753000001,0.0</coordinates>
                </LineString>
                <LineString id="93368">
                    <coordinates>12.73668053,53.58984753000001,0.0 12.73666875,53.589677419999994,0.0</coordinates>
                </LineString>
                <LineString id="93370">
                    <coordinates>12.728692029999998,53.60847325,0.0 12.728495069999997,53.60843302,0.0</coordinates>
                </LineString>
                <LineString id="93372">
                    <coordinates>12.731177229999998,53.607669529999995,0.0 12.73120383,53.6077033,0.0 12.731235390000002,53.60772532,0.0 12.73127321,53.60772469,0.0 12.731330599999998,53.60771244,0.0 12.731364359999999,53.60770088999999,0.0 12.73144102,53.60768760999999,0.0 12.731510349999999,53.607674139999986,0.0</coordinates>
                </LineString>
                <LineString id="93374">
                    <coordinates>12.731510349999999,53.607674139999986,0.0 12.731595619999998,53.60766061,0.0 12.73165399,53.607651159999996,0.0 12.73170164,53.60764594999999,0.0</coordinates>
                </LineString>
                <LineString id="93376">
                    <coordinates>12.73170164,53.60764594999999,0.0 12.731850100000004,53.60763746000001,0.0</coordinates>
                </LineString>
                <LineString id="93378">
                    <coordinates>12.731850100000004,53.60763746000001,0.0 12.73200511,53.60762871,0.0</coordinates>
                </LineString>
                <LineString id="93380">
                    <coordinates>12.731177229999998,53.607669529999995,0.0 12.731135959999998,53.607579560000005,0.0 12.731109860000002,53.60746556999999,0.0 12.73108177,53.6073489,0.0 12.73103895,53.60713708,0.0 12.7310104,53.607048029999994,0.0 12.73097095,53.60691058999999,0.0 12.730960339999998,53.606870419999986,0.0 12.730882610000002,53.60675248,0.0</coordinates>
                </LineString>
                <LineString id="93382">
                    <coordinates>12.730661469999998,53.60642215,0.0 12.730600559999997,53.60631652,0.0</coordinates>
                </LineString>
                <LineString id="93384">
                    <coordinates>12.730882610000002,53.60675248,0.0 12.730842799999998,53.60669358,0.0 12.73077116,53.606590719999986,0.0 12.730701239999998,53.60648705,0.0 12.730661469999998,53.60642215,0.0</coordinates>
                </LineString>
                <LineString id="93386">
                    <coordinates>12.730600559999997,53.60631652,0.0 12.730522619999999,53.6061859,0.0 12.730568439999999,53.606174169999996,0.0</coordinates>
                </LineString>
                <LineString id="93388">
                    <coordinates>12.731850100000004,53.60763746000001,0.0 12.7318664,53.60769247,0.0</coordinates>
                </LineString>
                <LineString id="93390">
                    <coordinates>12.73268479,53.607618550000005,0.0 12.732730619999998,53.60759320999999,0.0 12.73336424,53.60749824999999,0.0</coordinates>
                </LineString>
                <LineString id="93392">
                    <coordinates>12.73336424,53.60749824999999,0.0 12.73344276,53.60748837999999,0.0</coordinates>
                </LineString>
                <LineString id="93394">
                    <coordinates>12.73344276,53.60748837999999,0.0 12.733505970000001,53.60747664,0.0 12.73374277,53.60745321000001,0.0 12.73423821,53.60738743999999,0.0</coordinates>
                </LineString>
                <LineString id="93396">
                    <coordinates>12.73423821,53.60738743999999,0.0 12.73441758,53.607364620000006,0.0 12.734829899999998,53.60731616,0.0</coordinates>
                </LineString>
                <LineString id="93398">
                    <coordinates>12.734829899999998,53.60731616,0.0 12.73515813,53.60725971,0.0 12.73553004,53.60720439,0.0</coordinates>
                </LineString>
                <LineString id="93400">
                    <coordinates>12.73553004,53.60720439,0.0 12.735888039999999,53.607156429999996,0.0 12.736234069999998,53.60711190999999,0.0 12.73663032,53.60706455,0.0 12.73683406,53.607037819999995,0.0</coordinates>
                </LineString>
                <LineString id="93402">
                    <coordinates>12.73683406,53.607037819999995,0.0 12.737380170000002,53.60697063,0.0 12.73803583,53.60690808999998,0.0 12.738134469999999,53.606896419999984,0.0</coordinates>
                </LineString>
                <LineString id="93404">
                    <coordinates>12.738134469999999,53.606896419999984,0.0 12.73826283,53.60687343000001,0.0 12.73861636,53.606818419999996,0.0 12.738801179999998,53.606783359999994,0.0 12.73901846,53.60675075,0.0 12.73937674,53.60669895,0.0</coordinates>
                </LineString>
                <LineString id="93406">
                    <coordinates>12.73937674,53.60669895,0.0 12.73976277,53.60664313,0.0 12.740506249999997,53.60653747,0.0</coordinates>
                </LineString>
                <LineString id="93408">
                    <coordinates>12.740506249999997,53.60653747,0.0 12.74105878,53.606445959999995,0.0 12.741239570000001,53.60641550999999,0.0 12.741338009999998,53.606390739999995,0.0 12.74142872,53.60636269999999,0.0 12.74153443,53.60631963,0.0 12.741681960000001,53.60625411,0.0</coordinates>
                </LineString>
                <LineString id="93410">
                    <coordinates>12.741681960000001,53.60625411,0.0 12.74194283,53.606138259999994,0.0 12.742033849999999,53.60608878,0.0 12.742482790000002,53.605836870000005,0.0 12.742708779999997,53.605711559999996,0.0</coordinates>
                </LineString>
                <LineString id="93412">
                    <coordinates>12.742708779999997,53.605711559999996,0.0 12.743042469999999,53.60552447,0.0 12.74314535,53.60545546,0.0 12.74338193,53.605303629999995,0.0 12.743616519999998,53.605157039999995,0.0</coordinates>
                </LineString>
                <LineString id="93414">
                    <coordinates>12.743616519999998,53.605157039999995,0.0 12.743703,53.60510184,0.0 12.74392908,53.604972309999994,0.0 12.744100259999998,53.60487427,0.0 12.74426737,53.60478874999999,0.0 12.74433338,53.6047552,0.0 12.74470575,53.604555299999994,0.0</coordinates>
                </LineString>
                <LineString id="93416">
                    <coordinates>12.74470575,53.604555299999994,0.0 12.744801419999998,53.60450599000001,0.0</coordinates>
                </LineString>
                <LineString id="93418">
                    <coordinates>12.7318664,53.60769247,0.0 12.73188789,53.60771877999999,0.0</coordinates>
                </LineString>
                <LineString id="93420">
                    <coordinates>12.73188789,53.60771877999999,0.0 12.731926539999998,53.60778807999999,0.0</coordinates>
                </LineString>
                <LineString id="93422">
                    <coordinates>12.732351829999999,53.607719749999994,0.0 12.73238341,53.60770662,0.0</coordinates>
                </LineString>
                <LineString id="93424">
                    <coordinates>12.732392600000003,53.60770748,0.0 12.732407659999998,53.607709039999996,0.0 12.73256397,53.607685319999995,0.0</coordinates>
                </LineString>
                <LineString id="93426">
                    <coordinates>12.73165154,53.60770951,0.0 12.7315137,53.6077383,0.0</coordinates>
                </LineString>
                <LineString id="93428">
                    <coordinates>12.7315137,53.6077383,0.0 12.7312139,53.607819619999994,0.0 12.73116664,53.60783643999999,0.0</coordinates>
                </LineString>
                <LineString id="93430">
                    <coordinates>12.73116664,53.60783643999999,0.0 12.7309518,53.60789242999999,0.0</coordinates>
                </LineString>
                <LineString id="93432">
                    <coordinates>12.7309518,53.60789242999999,0.0 12.73086932,53.607912799999994,0.0</coordinates>
                </LineString>
                <LineString id="93434">
                    <coordinates>12.730605619999999,53.60797986,0.0 12.730757910000001,53.60794437,0.0</coordinates>
                </LineString>
                <LineString id="93436">
                    <coordinates>12.730757910000001,53.60794437,0.0 12.73086932,53.607912799999994,0.0</coordinates>
                </LineString>
                <LineString id="93438">
                    <coordinates>12.730605619999999,53.60797986,0.0 12.73048909,53.608009929999994,0.0</coordinates>
                </LineString>
                <LineString id="93440">
                    <coordinates>12.73048909,53.608009929999994,0.0 12.730454559999998,53.608018929999986,0.0</coordinates>
                </LineString>
                <LineString id="93442">
                    <coordinates>12.730454559999998,53.608018929999986,0.0 12.7304077,53.60803003,0.0</coordinates>
                </LineString>
                <LineString id="93444">
                    <coordinates>12.7304077,53.60803003,0.0 12.73033242,53.60804891000001,0.0</coordinates>
                </LineString>
                <LineString id="93446">
                    <coordinates>12.730023059999999,53.60812208000001,0.0 12.73017577,53.60809389999999,0.0</coordinates>
                </LineString>
                <LineString id="93448">
                    <coordinates>12.73017831,53.60809315000001,0.0 12.73033242,53.60804891000001,0.0</coordinates>
                </LineString>
                <LineString id="93450">
                    <coordinates>12.72958175,53.608234689999996,0.0 12.7294617,53.60826518999999,0.0</coordinates>
                </LineString>
                <LineString id="93452">
                    <coordinates>12.7294617,53.60826518999999,0.0 12.72938741,53.60829644,0.0</coordinates>
                </LineString>
                <LineString id="93454">
                    <coordinates>12.72938741,53.60829644,0.0 12.7290126,53.60839204,0.0 12.728692029999998,53.60847325,0.0</coordinates>
                </LineString>
                <LineString id="93456">
                    <coordinates>12.728692029999998,53.60847325,0.0 12.728671909999997,53.608483369999995,0.0 12.72877608,53.60862450999999,0.0</coordinates>
                </LineString>
                <LineString id="93458">
                    <coordinates>12.72877608,53.60862450999999,0.0 12.72857906,53.60865213000001,0.0 12.7284408,53.608684489999995,0.0</coordinates>
                </LineString>
                <LineString id="93460">
                    <coordinates>12.7284408,53.608684489999995,0.0 12.728335169999996,53.60870979999999,0.0 12.728236019999999,53.60873192999999,0.0</coordinates>
                </LineString>
                <LineString id="93462">
                    <coordinates>12.728236019999999,53.60873192999999,0.0 12.72814373,53.60875912,0.0 12.72806816,53.60878861,0.0 12.72802787,53.60881789999999,0.0 12.72800479,53.60886274999999,0.0 12.72807038,53.60895301,0.0</coordinates>
                </LineString>
                <LineString id="93464">
                    <coordinates>12.73048909,53.608009929999994,0.0 12.73043517,53.60793298,0.0</coordinates>
                </LineString>
                <LineString id="93466">
                    <coordinates>12.73043517,53.60793298,0.0 12.73089019,53.60781742000001,0.0</coordinates>
                </LineString>
                <LineString id="93468">
                    <coordinates>12.731926539999998,53.60778807999999,0.0 12.731994929999999,53.60789125,0.0 12.732066149999998,53.60797882000001,0.0 12.732106229999998,53.60801513999999,0.0 12.732185579999998,53.60805804000001,0.0 12.73203403,53.60810420000001,0.0</coordinates>
                </LineString>
                <LineString id="93470">
                    <coordinates>12.742500569999999,53.59902670000001,0.0 12.742391599999998,53.59883762999999,0.0 12.742123459999998,53.598411109999994,0.0 12.74198977,53.59820493,0.0 12.74188048,53.598001659999994,0.0 12.741699369999997,53.59766096,0.0</coordinates>
                </LineString>
                <LineString id="93472">
                    <coordinates>12.741699369999997,53.59766096,0.0 12.74165347,53.59757181999999,0.0 12.741418839999998,53.59714811999999,0.0 12.7412365,53.59674925,0.0 12.74098771,53.5962753,0.0</coordinates>
                </LineString>
                <LineString id="93474">
                    <coordinates>12.74098771,53.5962753,0.0 12.740870459999998,53.59604214000001,0.0 12.74076778,53.595849669999986,0.0 12.74064467,53.59559603,0.0 12.7405339,53.59539089,0.0 12.740423559999998,53.59520299,0.0 12.740378650000002,53.595137169999994,0.0 12.740107539999999,53.594861619999996,0.0</coordinates>
                </LineString>
                <LineString id="93476">
                    <coordinates>12.7396288,53.59446618999999,0.0 12.739516220000002,53.594374319999986,0.0 12.739192759999998,53.594140629999984,0.0 12.73913815,53.59409436999999,0.0</coordinates>
                </LineString>
                <LineString id="93478">
                    <coordinates>12.75128534,53.59830327,0.0 12.7519621,53.598119520000004,0.0 12.75232385,53.598019220000005,0.0 12.75242639,53.59798851999999,0.0 12.752512419999999,53.59797331000001,0.0 12.752613759999997,53.59795784999999,0.0 12.75267848,53.59795045999999,0.0 12.752778869999998,53.59796416,0.0 12.752838199999998,53.59797589999998,0.0 12.75313351,53.59810312999999,0.0 12.753382399999998,53.598210789999996,0.0 12.75369897,53.598355749999996,0.0</coordinates>
                </LineString>
                <LineString id="93480">
                    <coordinates>12.7541833,53.59858326999999,0.0 12.75420238,53.59858418999999,0.0</coordinates>
                </LineString>
                <LineString id="93482">
                    <coordinates>12.744956850000001,53.60442434,0.0 12.7450016,53.60440127,0.0 12.745043030000003,53.604380090000014,0.0 12.74507161,53.604373939999995,0.0 12.745101210000001,53.60436601,0.0 12.745114369999998,53.60436111999999,0.0</coordinates>
                </LineString>
                <LineString id="93484">
                    <coordinates>12.745114369999998,53.60436111999999,0.0 12.745117880000002,53.604340799999996,0.0 12.74510386,53.60432237999999,0.0 12.745072039999998,53.60428735,0.0 12.74506341,53.60427548,0.0 12.745092019999998,53.604235259999996,0.0 12.74509668,53.60421733999999,0.0 12.7450858,53.604201839999995,0.0 12.74505655,53.60418111999999,0.0 12.74499484,53.60411531999999,0.0</coordinates>
                </LineString>
                <LineString id="93486">
                    <coordinates>12.74499484,53.60411531999999,0.0 12.74488962,53.60399837,0.0 12.744569929999999,53.60369586000001,0.0 12.74445779,53.60359086999999,0.0</coordinates>
                </LineString>
                <LineString id="93488">
                    <coordinates>12.74445779,53.60359086999999,0.0 12.74441116,53.60354401999999,0.0 12.74424293,53.60338983,0.0 12.74405599,53.603197619999996,0.0 12.743971289999998,53.60311994999999,0.0 12.74389921,53.60304941999999,0.0</coordinates>
                </LineString>
                <LineString id="93490">
                    <coordinates>12.74389921,53.60304941999999,0.0 12.74380717,53.60296761000001,0.0 12.74367476,53.60284479,0.0 12.743598519999999,53.60277366,0.0 12.743527990000002,53.60269059,0.0 12.74340941,53.60255226,0.0 12.74337103,53.60251131999999,0.0</coordinates>
                </LineString>
                <LineString id="93492">
                    <coordinates>12.74337103,53.60251131999999,0.0 12.74331786,53.602453759999996,0.0 12.74324912,53.602271169999995,0.0 12.74319367,53.60197475,0.0</coordinates>
                </LineString>
                <LineString id="93494">
                    <coordinates>12.74319367,53.60197475,0.0 12.74316386,53.60182482,0.0 12.74314395,53.60172313,0.0 12.743125709999997,53.60164282,0.0 12.74309609,53.60155663,0.0 12.74304469,53.60143770999999,0.0</coordinates>
                </LineString>
                <LineString id="93496">
                    <coordinates>12.74304469,53.60143770999999,0.0 12.74302336,53.60138306999999,0.0 12.742974939999998,53.601206510000004,0.0 12.74291154,53.6010342,0.0 12.74287798,53.60092837999999,0.0</coordinates>
                </LineString>
                <LineString id="93498">
                    <coordinates>12.74287798,53.60092837999999,0.0 12.74285854,53.60081603,0.0 12.742884580000002,53.60056850000001,0.0 12.74291685,53.60038515000001,0.0</coordinates>
                </LineString>
                <LineString id="93500">
                    <coordinates>12.74291685,53.60038515000001,0.0 12.74293141,53.60030718,0.0 12.742938989999999,53.60026372,0.0 12.742958999999999,53.60025175999999,0.0 12.74299595,53.60025276,0.0 12.74318056,53.60026147999999,0.0 12.74323406,53.60026843,0.0 12.743298530000002,53.600242019999996,0.0 12.743317379999999,53.600223499999984,0.0 12.743334849999998,53.600200830000006,0.0 12.74336424,53.600191139999986,0.0 12.74340852,53.60019635,0.0 12.74349371,53.60020245,0.0</coordinates>
                </LineString>
                <LineString id="93502">
                    <coordinates>12.74349371,53.60020245,0.0 12.74346072,53.60016431,0.0 12.7434228,53.600132929999994,0.0 12.7433617,53.60010172999999,0.0 12.743310749999997,53.60008511,0.0 12.74323869,53.60007079999999,0.0 12.7431966,53.600062909999984,0.0 12.743158290000002,53.600053759999994,0.0 12.74314022,53.600043379999995,0.0 12.743096859999998,53.60000066999999,0.0 12.743064460000001,53.59996563,0.0</coordinates>
                </LineString>
                <LineString id="93504">
                    <coordinates>12.743064460000001,53.59996563,0.0 12.742860339999998,53.59962028,0.0</coordinates>
                </LineString>
                <LineString id="93506">
                    <coordinates>12.742860339999998,53.59962028,0.0 12.742734499999997,53.59940832000001,0.0 12.742557970000002,53.599123479999996,0.0 12.742500569999999,53.59902670000001,0.0</coordinates>
                </LineString>
                <LineString id="93508">
                    <coordinates>12.74349371,53.60020245,0.0 12.743613389999998,53.60020858,0.0 12.743667940000002,53.600215070000004,0.0 12.744036979999999,53.600247159999995,0.0 12.744256329999999,53.600261909999986,0.0 12.74442124,53.60027344,0.0 12.744628709999999,53.600280309999995,0.0</coordinates>
                </LineString>
                <LineString id="93510">
                    <coordinates>12.744628709999999,53.600280309999995,0.0 12.74490202,53.60028904999999,0.0 12.74515188,53.60029113,0.0 12.745386169999998,53.60028882999999,0.0</coordinates>
                </LineString>
                <LineString id="93512">
                    <coordinates>12.745386169999998,53.60028882999999,0.0 12.745521679999998,53.600289159999996,0.0 12.745840949999998,53.60028296999999,0.0 12.745970620000001,53.60028224,0.0 12.746188920000002,53.600269729999994,0.0 12.74627391,53.600265869999994,0.0 12.74637964,53.600247259999996,0.0 12.746483009999999,53.60021961,0.0 12.74683782,53.60009153999999,0.0</coordinates>
                </LineString>
                <LineString id="93514">
                    <coordinates>12.74683782,53.60009153999999,0.0 12.747163510000002,53.599968000000004,0.0 12.747593389999999,53.59979769,0.0 12.74768104,53.59977006,0.0 12.747781349999999,53.59971876999998,0.0 12.74790191,53.59964711999999,0.0 12.74811717,53.59949030999999,0.0 12.748367740000003,53.59930295,0.0</coordinates>
                </LineString>
                <LineString id="93516">
                    <coordinates>12.748367740000003,53.59930295,0.0 12.74857777,53.599165199999995,0.0 12.74877467,53.59903882,0.0 12.74883487,53.59900473999999,0.0</coordinates>
                </LineString>
                <LineString id="93518">
                    <coordinates>12.764019869999998,53.58962282000001,0.0 12.764196269999998,53.58949228,0.0 12.76425433,53.589449480000006,0.0 12.76449609,53.58927285,0.0 12.764686589999998,53.58913902,0.0 12.76493369,53.58896548999999,0.0 12.76516827,53.58879213,0.0</coordinates>
                </LineString>
                <LineString id="93520">
                    <coordinates>12.76516827,53.58879213,0.0 12.76540815,53.58861976,0.0 12.76564794,53.58844419999999,0.0 12.766115129999998,53.588099629999995,0.0 12.766358509999998,53.587924029999996,0.0</coordinates>
                </LineString>
                <LineString id="93522">
                    <coordinates>12.767111259999998,53.58739595,0.0 12.76718591,53.58734868,0.0 12.767452959999998,53.58719376999999,0.0 12.767730579999998,53.587041799999994,0.0</coordinates>
                </LineString>
                <LineString id="93524">
                    <coordinates>12.768274899999998,53.58673938999999,0.0 12.768300079999998,53.586726219999996,0.0 12.76848576,53.586625899999994,0.0 12.76871744,53.58650918,0.0 12.769014740000001,53.58635695,0.0 12.769301410000002,53.58621739,0.0</coordinates>
                </LineString>
                <LineString id="93526">
                    <coordinates>12.769301410000002,53.58621739,0.0 12.76959145,53.586075640000004,0.0 12.769883339999998,53.585930669999996,0.0 12.77017156,53.58578582,0.0 12.770742589999998,53.58550338999999,0.0 12.771039509999998,53.58535832999999,0.0</coordinates>
                </LineString>
                <LineString id="93528">
                    <coordinates>12.771039509999998,53.58535832999999,0.0 12.77118264,53.58528689999999,0.0 12.7712552,53.585256359999995,0.0 12.77130856,53.58524296,0.0 12.77135113,53.58523071,0.0 12.77138834,53.58522066,0.0 12.77141295,53.58520457,0.0</coordinates>
                </LineString>
                <LineString id="93530">
                    <coordinates>12.77141295,53.58520457,0.0 12.771444619999999,53.58517999,0.0 12.771465469999997,53.58514828999999,0.0 12.771769189999999,53.584997769999994,0.0 12.77203773,53.58486349,0.0</coordinates>
                </LineString>
                <LineString id="93532">
                    <coordinates>12.77141295,53.58520457,0.0 12.77196091,53.58558644,0.0</coordinates>
                </LineString>
                <LineString id="93534">
                    <coordinates>12.774362569999997,53.581474109999995,0.0 12.774365040000001,53.58145051,0.0 12.7744681,53.581455309999996,0.0</coordinates>
                </LineString>
                <LineString id="93536">
                    <coordinates>12.75854958,53.60137275999999,0.0 12.75843419,53.601310569999995,0.0 12.75831079,53.60121726,0.0</coordinates>
                </LineString>
                <LineString id="93538">
                    <coordinates>12.7541833,53.59858326999999,0.0 12.754374070000003,53.59851831,0.0 12.754410379999998,53.59847735,0.0 12.754487430000001,53.59841064,0.0 12.75454709,53.598361610000005,0.0</coordinates>
                </LineString>
                <LineString id="93540">
                    <coordinates>12.75369897,53.598355749999996,0.0 12.75394314,53.59848197,0.0 12.754092569999997,53.59854601000001,0.0 12.754116520000002,53.59855493,0.0 12.754164080000002,53.59857469,0.0 12.7541833,53.59858326999999,0.0</coordinates>
                </LineString>
                <LineString id="93542">
                    <coordinates>12.75454709,53.598361610000005,0.0 12.75480459,53.598200639999995,0.0 12.754939589999998,53.59811670999999,0.0</coordinates>
                </LineString>
                <LineString id="93544">
                    <coordinates>12.754939589999998,53.59811670999999,0.0 12.75499282,53.598082260000005,0.0 12.755073509999997,53.59804546,0.0 12.75517841,53.59797782,0.0 12.755325700000002,53.59788206999999,0.0 12.755534249999998,53.59772604999999,0.0</coordinates>
                </LineString>
                <LineString id="93546">
                    <coordinates>12.755534249999998,53.59772604999999,0.0 12.755707879999997,53.59760198,0.0 12.755791019999998,53.59754172999999,0.0 12.755838480000001,53.59750189,0.0</coordinates>
                </LineString>
                <LineString id="93548">
                    <coordinates>12.755838480000001,53.59750189,0.0 12.75587202,53.59747504,0.0</coordinates>
                </LineString>
                <LineString id="93550">
                    <coordinates>12.75587202,53.59747504,0.0 12.755949019999997,53.59740721000001,0.0 12.75620504,53.59719169999999,0.0</coordinates>
                </LineString>
                <LineString id="93552">
                    <coordinates>12.75620504,53.59719169999999,0.0 12.7563876,53.59703426,0.0 12.75650704,53.59692697,0.0</coordinates>
                </LineString>
                <LineString id="93554">
                    <coordinates>12.75650704,53.59692697,0.0 12.75665479,53.596799049999994,0.0 12.75689441,53.5965874,0.0 12.75707414,53.59642576,0.0 12.757296019999998,53.5962157,0.0 12.757452349999998,53.59605497,0.0</coordinates>
                </LineString>
                <LineString id="93556">
                    <coordinates>12.757452349999998,53.59605497,0.0 12.757490819999997,53.596012099999996,0.0</coordinates>
                </LineString>
                <LineString id="93558">
                    <coordinates>12.757490819999997,53.596012099999996,0.0 12.75764018,53.59585446,0.0</coordinates>
                </LineString>
                <LineString id="93560">
                    <coordinates>12.75764018,53.59585446,0.0 12.757710910000002,53.59578995999999,0.0</coordinates>
                </LineString>
                <LineString id="93562">
                    <coordinates>12.757710910000002,53.59578995999999,0.0 12.75801905,53.5954709,0.0</coordinates>
                </LineString>
                <LineString id="93564">
                    <coordinates>12.75801905,53.5954709,0.0 12.758147639999999,53.59533555,0.0 12.758519940000001,53.59494827,0.0 12.758898019999998,53.59455949999998,0.0</coordinates>
                </LineString>
                <LineString id="93566">
                    <coordinates>12.758898019999998,53.59455949999998,0.0 12.75926041,53.59417169999999,0.0 12.759563120000001,53.59385900000001,0.0 12.7596836,53.59373282,0.0</coordinates>
                </LineString>
                <LineString id="93568">
                    <coordinates>12.7596836,53.59373282,0.0 12.75969783,53.593717899999994,0.0</coordinates>
                </LineString>
                <LineString id="93570">
                    <coordinates>12.75969783,53.593717899999994,0.0 12.75980111,53.59360198999999,0.0 12.75999059,53.593410160000005,0.0 12.76008051,53.59331681,0.0 12.76018138,53.59321412,0.0</coordinates>
                </LineString>
                <LineString id="93572">
                    <coordinates>12.76018138,53.59321412,0.0 12.760469419999998,53.59292702999999,0.0 12.760836059999999,53.59254242,0.0</coordinates>
                </LineString>
                <LineString id="93574">
                    <coordinates>12.760836059999999,53.59254242,0.0 12.76099498,53.59236413,0.0 12.76109428,53.59224643,0.0 12.761198210000002,53.59213775999999,0.0 12.76139258,53.59195312,0.0 12.761516130000002,53.59183594999998,0.0</coordinates>
                </LineString>
                <LineString id="93576">
                    <coordinates>12.761516130000002,53.59183594999998,0.0 12.76169108,53.59166974,0.0 12.76204315,53.59136235,0.0 12.762101580000001,53.59131082,0.0 12.762368630000001,53.5910702,0.0</coordinates>
                </LineString>
                <LineString id="93578">
                    <coordinates>12.762368630000001,53.5910702,0.0 12.762517569999998,53.59093681,0.0 12.762723500000002,53.59075357,0.0 12.762930860000003,53.59056605,0.0 12.76314385,53.59037933,0.0 12.7632246,53.5903051,0.0</coordinates>
                </LineString>
                <LineString id="93580">
                    <coordinates>12.7632246,53.5903051,0.0 12.76337638,53.59017491,0.0 12.7635043,53.590056699999984,0.0 12.76358231,53.589988259999984,0.0 12.764019869999998,53.58962282000001,0.0</coordinates>
                </LineString>
                <LineString id="93582">
                    <coordinates>12.75827915,53.60208115,0.0 12.75825352,53.60209781999999,0.0</coordinates>
                </LineString>
                <LineString id="93584">
                    <coordinates>12.75825352,53.60209781999999,0.0 12.75816897,53.602139769999994,0.0</coordinates>
                </LineString>
                <LineString id="93586">
                    <coordinates>12.75816897,53.602139769999994,0.0 12.7581114,53.60216812,0.0</coordinates>
                </LineString>
                <LineString id="93588">
                    <coordinates>12.7581114,53.60216812,0.0 12.75774937,53.60235124999999,0.0</coordinates>
                </LineString>
                <LineString id="93590">
                    <coordinates>12.75774937,53.60235124999999,0.0 12.757658209999999,53.602400850000016,0.0</coordinates>
                </LineString>
                <LineString id="93592">
                    <coordinates>12.757658209999999,53.602400850000016,0.0 12.75753307,53.60246165,0.0</coordinates>
                </LineString>
                <LineString id="93594">
                    <coordinates>12.757420779999997,53.60251394,0.0 12.757383809999997,53.602531169999985,0.0 12.75717825,53.60262645,0.0</coordinates>
                </LineString>
                <LineString id="93596">
                    <coordinates>12.75758146,53.60249092,0.0 12.75753307,53.60246165,0.0</coordinates>
                </LineString>
                <LineString id="93598">
                    <coordinates>12.757316189999997,53.60273895000001,0.0 12.75728377,53.602722699999994,0.0 12.75726945,53.60269312999999,0.0 12.757277199999999,53.60267155999999,0.0 12.757332729999998,53.602625669999995,0.0 12.75740838,53.60258077999999,0.0 12.75754162,53.602509049999995,0.0 12.75758146,53.60249092,0.0</coordinates>
                </LineString>
                <LineString id="93600">
                    <coordinates>12.75753307,53.60246165,0.0 12.757420779999997,53.60251394,0.0</coordinates>
                </LineString>
                <LineString id="93602">
                    <coordinates>12.75717825,53.60262645,0.0 12.75689764,53.602523119999994,0.0</coordinates>
                </LineString>
                <LineString id="93604">
                    <coordinates>12.757316189999997,53.60273895000001,0.0 12.7571764,53.60280733,0.0</coordinates>
                </LineString>
                <LineString id="93606">
                    <coordinates>12.7571764,53.60280733,0.0 12.75691322,53.60267137999999,0.0 12.756606979999999,53.60251731999998,0.0 12.75656022,53.60249298,0.0</coordinates>
                </LineString>
                <LineString id="93608">
                    <coordinates>12.75656022,53.60249298,0.0 12.75647259,53.60242881,0.0 12.75625979,53.60229265,0.0</coordinates>
                </LineString>
                <LineString id="93610">
                    <coordinates>12.75827915,53.60208115,0.0 12.758795379999999,53.60240902999999,0.0 12.759342150000002,53.6024694,0.0</coordinates>
                </LineString>
                <LineString id="93612">
                    <coordinates>12.75827915,53.60208115,0.0 12.75845986,53.60199306,0.0</coordinates>
                </LineString>
                <LineString id="93614">
                    <coordinates>12.75845986,53.60199306,0.0 12.75898805,53.60170672999999,0.0 12.75899519,53.60167887999999,0.0 12.759049409999998,53.60164408000001,0.0</coordinates>
                </LineString>
                <LineString id="93616">
                    <coordinates>12.759049409999998,53.60164408000001,0.0 12.759110110000002,53.601635140000006,0.0 12.759141449999998,53.60162424,0.0 12.75922282,53.601570720000005,0.0</coordinates>
                </LineString>
                <LineString id="93618">
                    <coordinates>12.75892096,53.60157671999999,0.0 12.758943659999998,53.601589090000004,0.0</coordinates>
                </LineString>
                <LineString id="93620">
                    <coordinates>12.758943659999998,53.601589090000004,0.0 12.759049409999998,53.60164408000001,0.0</coordinates>
                </LineString>
                <LineString id="93622">
                    <coordinates>12.75892007,53.601576200000004,0.0 12.75892096,53.60157671999999,0.0</coordinates>
                </LineString>
                <LineString id="93624">
                    <coordinates>12.75922282,53.601570720000005,0.0 12.759640089999998,53.60129417,0.0</coordinates>
                </LineString>
                <LineString id="93626">
                    <coordinates>12.7588642,53.601545550000004,0.0 12.75866487,53.601435869999996,0.0 12.75856952,53.601381950000004,0.0</coordinates>
                </LineString>
                <LineString id="93628">
                    <coordinates>12.75856952,53.601381950000004,0.0 12.75854958,53.60137275999999,0.0</coordinates>
                </LineString>
                <LineString id="93630">
                    <coordinates>12.75831079,53.60121726,0.0 12.758244259999998,53.6011794,0.0</coordinates>
                </LineString>
                <LineString id="93632">
                    <coordinates>12.758244259999998,53.6011794,0.0 12.758197879999999,53.601217979999994,0.0</coordinates>
                </LineString>
                <LineString id="93634">
                    <coordinates>12.75794661,53.60104086999999,0.0 12.757818,53.60095287,0.0 12.75762001,53.60081831,0.0</coordinates>
                </LineString>
                <LineString id="93636">
                    <coordinates>12.75768416,53.600782859999995,0.0 12.757636099999997,53.60075230999999,0.0</coordinates>
                </LineString>
                <LineString id="93638">
                    <coordinates>12.75762001,53.60081831,0.0 12.75768416,53.600782859999995,0.0</coordinates>
                </LineString>
                <LineString id="93640">
                    <coordinates>12.757636099999997,53.60075230999999,0.0 12.75741185,53.60060665,0.0 12.75738711,53.60058958,0.0 12.757361809999999,53.60056942000001,0.0 12.75735843,53.60055053000001,0.0 12.75737259,53.60054591,0.0 12.757405319999998,53.60053124,0.0</coordinates>
                </LineString>
                <LineString id="93642">
                    <coordinates>12.757405319999998,53.60053124,0.0 12.75733096,53.600479039999996,0.0</coordinates>
                </LineString>
                <LineString id="93644">
                    <coordinates>12.757405319999998,53.60053124,0.0 12.75764242,53.60045486,0.0 12.757682429999997,53.60044859,0.0 12.757716759999997,53.600445199999996,0.0 12.75775603,53.60044148,0.0</coordinates>
                </LineString>
                <LineString id="93646">
                    <coordinates>12.757548140000003,53.60040145000001,0.0 12.75760202,53.60038140999999,0.0</coordinates>
                </LineString>
                <LineString id="93648">
                    <coordinates>12.75771553,53.60034541999999,0.0 12.757822749999999,53.60031141000001,0.0 12.75798267,53.600266510000004,0.0 12.758053200000003,53.60024002000001,0.0</coordinates>
                </LineString>
                <LineString id="93650">
                    <coordinates>12.758053200000003,53.60024002000001,0.0 12.75810841,53.60022419,0.0</coordinates>
                </LineString>
                <LineString id="93652">
                    <coordinates>12.75810841,53.60022419,0.0 12.75817485,53.60019769,0.0 12.758289399999999,53.600136459999995,0.0 12.758343850000001,53.60010976,0.0</coordinates>
                </LineString>
                <LineString id="93654">
                    <coordinates>12.758343850000001,53.60010976,0.0 12.758501660000002,53.60004355,0.0 12.75869308,53.59994058,0.0</coordinates>
                </LineString>
                <LineString id="93656">
                    <coordinates>12.75869308,53.59994058,0.0 12.75916141,53.59968111,0.0</coordinates>
                </LineString>
                <LineString id="93658">
                    <coordinates>12.75869308,53.59994058,0.0 12.758859199999998,53.600005239999994,0.0</coordinates>
                </LineString>
                <LineString id="93660">
                    <coordinates>12.75775603,53.60044148,0.0 12.757896229999998,53.60044093999999,0.0 12.75799072,53.60044559,0.0 12.75826266,53.60044246,0.0</coordinates>
                </LineString>
                <LineString id="93662">
                    <coordinates>12.75826266,53.60044246,0.0 12.758509029999999,53.60043783999999,0.0</coordinates>
                </LineString>
                <LineString id="93664">
                    <coordinates>12.758509029999999,53.60043783999999,0.0 12.758734429999999,53.60050515999999,0.0</coordinates>
                </LineString>
                <LineString id="93666">
                    <coordinates>12.758734429999999,53.60050515999999,0.0 12.75885167,53.600538809999996,0.0</coordinates>
                </LineString>
                <LineString id="93668">
                    <coordinates>12.75919005,53.6006349,0.0 12.75910557,53.60061202,0.0</coordinates>
                </LineString>
                <LineString id="93670">
                    <coordinates>12.75948204,53.60071714,0.0 12.75919886,53.600637299999995,0.0</coordinates>
                </LineString>
                <LineString id="93672">
                    <coordinates>12.75910557,53.60061202,0.0 12.75885167,53.600538809999996,0.0</coordinates>
                </LineString>
                <LineString id="93674">
                    <coordinates>12.75656692,53.60031888000001,0.0 12.756464069999998,53.60022740999999,0.0</coordinates>
                </LineString>
                <LineString id="93676">
                    <coordinates>12.7562664,53.60006026,0.0 12.756344959999998,53.60012578999999,0.0</coordinates>
                </LineString>
                <LineString id="93678">
                    <coordinates>12.756464069999998,53.60022740999999,0.0 12.756344959999998,53.60012578999999,0.0</coordinates>
                </LineString>
                <LineString id="93680">
                    <coordinates>12.7562664,53.60006026,0.0 12.756195189999998,53.600001639999995,0.0</coordinates>
                </LineString>
                <LineString id="93682">
                    <coordinates>12.756195189999998,53.600001639999995,0.0 12.75614297,53.59996146999999,0.0</coordinates>
                </LineString>
                <LineString id="93684">
                    <coordinates>12.75614297,53.59996146999999,0.0 12.756042719999998,53.59999279000001,0.0</coordinates>
                </LineString>
                <LineString id="93686">
                    <coordinates>12.75592147,53.599896230000006,0.0 12.756006279999998,53.59996521,0.0</coordinates>
                </LineString>
                <LineString id="93688">
                    <coordinates>12.756006279999998,53.59996521,0.0 12.756042719999998,53.59999279000001,0.0</coordinates>
                </LineString>
                <LineString id="93690">
                    <coordinates>12.756158429999997,53.60008563,0.0 12.756208339999999,53.600128809999994,0.0</coordinates>
                </LineString>
                <LineString id="93692">
                    <coordinates>12.756208339999999,53.600128809999994,0.0 12.75637439,53.60026250999999,0.0</coordinates>
                </LineString>
                <LineString id="93694">
                    <coordinates>12.75637439,53.60026250999999,0.0 12.756397490000001,53.600286970000006,0.0</coordinates>
                </LineString>
                <LineString id="93696">
                    <coordinates>12.756397490000001,53.600286970000006,0.0 12.756401999999998,53.60032092,0.0 12.75641184,53.60033116,0.0</coordinates>
                </LineString>
                <LineString id="93698">
                    <coordinates>12.75641184,53.60033116,0.0 12.75652355,53.60041756,0.0</coordinates>
                </LineString>
                <LineString id="93700">
                    <coordinates>12.75652355,53.60041756,0.0 12.75659635,53.600468940000006,0.0 12.756689969999998,53.60055354,0.0</coordinates>
                </LineString>
                <LineString id="93702">
                    <coordinates>12.756689969999998,53.60055354,0.0 12.756772999999999,53.60062823,0.0</coordinates>
                </LineString>
                <LineString id="93704">
                    <coordinates>12.756122549999999,53.60005534,0.0 12.756042719999998,53.59999279000001,0.0</coordinates>
                </LineString>
                <LineString id="93706">
                    <coordinates>12.756158429999997,53.60008563,0.0 12.756122549999999,53.60005534,0.0</coordinates>
                </LineString>
                <LineString id="93708">
                    <coordinates>12.75652355,53.60041756,0.0 12.75645381,53.60044941,0.0</coordinates>
                </LineString>
                <LineString id="93710">
                    <coordinates>12.75615349,53.60057656000001,0.0 12.756254919999996,53.600538969999995,0.0 12.756343909999998,53.600498929999986,0.0 12.75645381,53.60044941,0.0</coordinates>
                </LineString>
                <LineString id="93712">
                    <coordinates>12.75667369,53.600752899999996,0.0 12.75674578,53.600803629999994,0.0</coordinates>
                </LineString>
                <LineString id="93714">
                    <coordinates>12.756772999999999,53.60062823,0.0 12.756780089999998,53.60066235999999,0.0 12.75676434,53.60068254000001,0.0 12.75672991,53.60072079999999,0.0 12.75667369,53.600752899999996,0.0</coordinates>
                </LineString>
                <LineString id="93716">
                    <coordinates>12.75674578,53.600803629999994,0.0 12.75671155,53.60083116999999,0.0 12.75665088,53.60086946,0.0 12.75659214,53.60090879,0.0 12.756709149999997,53.60099034999999,0.0 12.75696179,53.601163289999995,0.0</coordinates>
                </LineString>
                <LineString id="93718">
                    <coordinates>12.7560202,53.60062633,0.0 12.75615349,53.60057656000001,0.0</coordinates>
                </LineString>
                <LineString id="93720">
                    <coordinates>12.755813609999999,53.60069925999999,0.0 12.75565331,53.6007544,0.0 12.75539163,53.60084738999999,0.0</coordinates>
                </LineString>
                <LineString id="93722">
                    <coordinates>12.755989219999998,53.60063784999999,0.0 12.755813609999999,53.60069925999999,0.0</coordinates>
                </LineString>
                <LineString id="93724">
                    <coordinates>12.754901170000002,53.60101610000001,0.0 12.754857719999999,53.601031299999995,0.0 12.75489135,53.60105402,0.0 12.755141399999998,53.60119915999999,0.0 12.75527189,53.60128989999999,0.0 12.75539437,53.601371730000004,0.0 12.75551091,53.601453019999994,0.0 12.75556954,53.6014959,0.0 12.7554059,53.60157032,0.0 12.755337509999999,53.601605119999995,0.0 12.755429589999997,53.60166626999999,0.0 12.75541409,53.601678899999996,0.0</coordinates>
                </LineString>
                <LineString id="93726">
                    <coordinates>12.75592147,53.599896230000006,0.0 12.755794229999998,53.59980395999999,0.0</coordinates>
                </LineString>
                <LineString id="93728">
                    <coordinates>12.75549456,53.59956941000001,0.0 12.75548362,53.599562,0.0</coordinates>
                </LineString>
                <LineString id="93730">
                    <coordinates>12.755794229999998,53.59980395999999,0.0 12.755703979999996,53.599728819999996,0.0 12.75549456,53.59956941000001,0.0</coordinates>
                </LineString>
                <LineString id="93732">
                    <coordinates>12.755277639999997,53.59939825999999,0.0 12.75520825,53.59934796,0.0</coordinates>
                </LineString>
                <LineString id="93734">
                    <coordinates>12.755370719999998,53.59947190999999,0.0 12.755277639999997,53.59939825999999,0.0</coordinates>
                </LineString>
                <LineString id="93736">
                    <coordinates>12.75504976,53.59922335,0.0 12.75481203,53.599036379999994,0.0</coordinates>
                </LineString>
                <LineString id="93738">
                    <coordinates>12.755196189999998,53.599333859999994,0.0 12.75504976,53.59922335,0.0</coordinates>
                </LineString>
                <LineString id="93740">
                    <coordinates>12.75520825,53.59934796,0.0 12.755196189999998,53.599333859999994,0.0</coordinates>
                </LineString>
                <LineString id="93742">
                    <coordinates>12.75504976,53.59922335,0.0 12.75501282,53.59923885,0.0</coordinates>
                </LineString>
                <LineString id="93744">
                    <coordinates>12.75501282,53.59923885,0.0 12.75491245,53.59928265,0.0 12.754789139999998,53.599368719999994,0.0 12.75473115,53.599330519999995,0.0 12.754557779999999,53.599396089999985,0.0 12.7542589,53.59952096,0.0 12.754030539999999,53.59961839,0.0 12.753969720000002,53.59964997000001,0.0 12.753938909999999,53.59966959999999,0.0 12.753864509999998,53.59975828,0.0</coordinates>
                </LineString>
                <LineString id="93746">
                    <coordinates>12.75462801,53.59890435,0.0 12.75446206,53.598775839999995,0.0 12.75431943,53.59867088,0.0 12.75421934,53.59859812,0.0 12.75420238,53.59858418999999,0.0</coordinates>
                </LineString>
                <LineString id="93748">
                    <coordinates>12.75481203,53.599036379999994,0.0 12.7546361,53.59891060000001,0.0</coordinates>
                </LineString>
                <LineString id="93750">
                    <coordinates>12.7546361,53.59891060000001,0.0 12.75462801,53.59890435,0.0</coordinates>
                </LineString>
                <LineString id="93752">
                    <coordinates>12.777843060000002,53.57902560000001,0.0 12.777850359999999,53.57902589,0.0 12.77788016,53.579058360000005,0.0</coordinates>
                </LineString>
                <LineString id="93754">
                    <coordinates>12.77788718,53.57914611999999,0.0 12.777885040000001,53.579080129999994,0.0 12.77788016,53.579058360000005,0.0</coordinates>
                </LineString>
                <LineString id="93756">
                    <coordinates>12.77787307,53.57929064,0.0 12.777886079999998,53.57920411,0.0</coordinates>
                </LineString>
                <LineString id="93758">
                    <coordinates>12.777886079999998,53.57920411,0.0 12.777887509999998,53.579160949999995,0.0 12.77788718,53.57914611999999,0.0</coordinates>
                </LineString>
                <LineString id="93760">
                    <coordinates>12.77787307,53.57929064,0.0 12.777851299999998,53.57939282,0.0</coordinates>
                </LineString>
                <LineString id="93762">
                    <coordinates>12.777777729999999,53.57971199,0.0 12.77777344,53.57973266999999,0.0</coordinates>
                </LineString>
                <LineString id="93764">
                    <coordinates>12.777818509999998,53.57953034999999,0.0 12.777920079999996,53.579527959999986,0.0</coordinates>
                </LineString>
                <LineString id="93766">
                    <coordinates>12.777920079999996,53.579527959999986,0.0 12.77811856,53.57953351999999,0.0 12.778268610000001,53.579540419999994,0.0</coordinates>
                </LineString>
                <LineString id="93768">
                    <coordinates>12.777818509999998,53.57953034999999,0.0 12.77781563,53.579543,0.0</coordinates>
                </LineString>
                <LineString id="93770">
                    <coordinates>12.778268610000001,53.579540419999994,0.0 12.77844235,53.57954445,0.0</coordinates>
                </LineString>
                <LineString id="93772">
                    <coordinates>12.77844235,53.57954445,0.0 12.77866141,53.57955299999999,0.0</coordinates>
                </LineString>
                <LineString id="93774">
                    <coordinates>12.77866141,53.57955299999999,0.0 12.77879054,53.57955729999999,0.0 12.77880869,53.57950816,0.0 12.778825250000002,53.579416699999996,0.0 12.7788744,53.57929763999998,0.0 12.778954300000002,53.579304910000005,0.0</coordinates>
                </LineString>
                <LineString id="93776">
                    <coordinates>12.778036759999999,53.579902299999986,0.0 12.777874109999999,53.579893049999995,0.0 12.77783871,53.5798107,0.0 12.77785957,53.579731179999996,0.0 12.777920079999996,53.579527959999986,0.0</coordinates>
                </LineString>
                <LineString id="93778">
                    <coordinates>12.777657680000003,53.580063219999985,0.0 12.777636909999998,53.580178989999986,0.0 12.777624590000002,53.5802517,0.0 12.77757986,53.580413760000006,0.0 12.777548779999998,53.58052078999999,0.0 12.777491709999998,53.580737119999995,0.0 12.777445070000002,53.58091253,0.0 12.777395049999999,53.58110277999999,0.0 12.777334030000002,53.58128865999999,0.0 12.777319830000001,53.58133504,0.0 12.77731266,53.581368139999995,0.0 12.777243050000001,53.58141468,0.0</coordinates>
                </LineString>
                <LineString id="93780">
                    <coordinates>12.77722936,53.58148509,0.0 12.777243050000001,53.58141468,0.0</coordinates>
                </LineString>
                <LineString id="93782">
                    <coordinates>12.77725233,53.581511389999996,0.0 12.777409719999998,53.58151853999999,0.0 12.777738649999998,53.581531029999994,0.0</coordinates>
                </LineString>
                <LineString id="93784">
                    <coordinates>12.777225429999998,53.58151035,0.0 12.777029659999998,53.58150541,0.0</coordinates>
                </LineString>
                <LineString id="93786">
                    <coordinates>12.77722936,53.58148509,0.0 12.777225429999998,53.58151035,0.0</coordinates>
                </LineString>
                <LineString id="93788">
                    <coordinates>12.777225429999998,53.58151035,0.0 12.77725233,53.581511389999996,0.0</coordinates>
                </LineString>
                <LineString id="93790">
                    <coordinates>12.777029659999998,53.58150541,0.0 12.77694027,53.58150324,0.0</coordinates>
                </LineString>
                <LineString id="93792">
                    <coordinates>12.77694027,53.58150324,0.0 12.776728100000001,53.581496969999996,0.0 12.7764149,53.581488159999985,0.0</coordinates>
                </LineString>
                <LineString id="93794">
                    <coordinates>12.7764149,53.581488159999985,0.0 12.776217199999998,53.58148712999999,0.0 12.775837659999999,53.58148556999999,0.0 12.775681059999998,53.58148821999999,0.0 12.77532896,53.58148574999999,0.0 12.774927339999996,53.581478819999994,0.0 12.7744681,53.581455309999996,0.0</coordinates>
                </LineString>
                <LineString id="93796">
                    <coordinates>12.77787648,53.58153699999999,0.0 12.777963859999998,53.58154227,0.0 12.77807803,53.58155279999999,0.0 12.778140799999997,53.58155986999999,0.0 12.77819884,53.581575799999996,0.0 12.778222479999998,53.58162276000001,0.0 12.778208759999998,53.58165834,0.0 12.77814391,53.58169426,0.0</coordinates>
                </LineString>
                <LineString id="93798">
                    <coordinates>12.777738649999998,53.581531029999994,0.0 12.77787648,53.58153699999999,0.0</coordinates>
                </LineString>
                <LineString id="93800">
                    <coordinates>12.778326059999996,53.581751799999985,0.0 12.778421979999997,53.58172755999999,0.0 12.778526639999999,53.58167272,0.0</coordinates>
                </LineString>
                <LineString id="93802">
                    <coordinates>12.77814391,53.58169426,0.0 12.778326059999996,53.581751799999985,0.0</coordinates>
                </LineString>
                <LineString id="93804">
                    <coordinates>12.77864117,53.58164951999999,0.0 12.778663399999997,53.58163703999999,0.0 12.778690210000002,53.58162977,0.0 12.77876837,53.581635909999996,0.0</coordinates>
                </LineString>
                <LineString id="93806">
                    <coordinates>12.778526639999999,53.58167272,0.0 12.77863675,53.58165198999998,0.0 12.77864117,53.58164951999999,0.0</coordinates>
                </LineString>
                <LineString id="93808">
                    <coordinates>12.77876837,53.581635909999996,0.0 12.778988849999998,53.58165052999999,0.0 12.77919712,53.58166318000001,0.0 12.77931515,53.58166751,0.0 12.77946698,53.58166864999999,0.0 12.77952473,53.5816573,0.0 12.779564330000001,53.581660979999995,0.0 12.779655579999998,53.581669209999994,0.0 12.779767009999999,53.58167734999999,0.0</coordinates>
                </LineString>
                <LineString id="93810">
                    <coordinates>12.778650450000002,53.58168119,0.0 12.77863043,53.58172912,0.0 12.778622939999998,53.58181539,0.0</coordinates>
                </LineString>
                <LineString id="93812">
                    <coordinates>12.778470689999999,53.58200071,0.0 12.77861628,53.5819964,0.0</coordinates>
                </LineString>
                <LineString id="93814">
                    <coordinates>12.778622939999998,53.58181539,0.0 12.77861449,53.581906939999996,0.0 12.77861628,53.5819964,0.0</coordinates>
                </LineString>
                <LineString id="93816">
                    <coordinates>12.778615589999998,53.58204436999999,0.0 12.77862071,53.58230412999999,0.0 12.77862286,53.582413360000004,0.0</coordinates>
                </LineString>
                <LineString id="93818">
                    <coordinates>12.77861628,53.5819964,0.0 12.778615589999998,53.58204436999999,0.0</coordinates>
                </LineString>
                <LineString id="93820">
                    <coordinates>12.77849037,53.58246162999998,0.0 12.778490599999996,53.582465739999996,0.0 12.778497319999998,53.582678879999996,0.0</coordinates>
                </LineString>
                <LineString id="93822">
                    <coordinates>12.778470689999999,53.58200071,0.0 12.778470529999998,53.582150019999986,0.0 12.778484119999998,53.58235592,0.0</coordinates>
                </LineString>
                <LineString id="93824">
                    <coordinates>12.778484119999998,53.58235592,0.0 12.77849037,53.58246162999998,0.0</coordinates>
                </LineString>
                <LineString id="93826">
                    <coordinates>12.778625769999998,53.582599329999994,0.0 12.77862775,53.582700130000006,0.0</coordinates>
                </LineString>
                <LineString id="93828">
                    <coordinates>12.77862286,53.582413360000004,0.0 12.778625769999998,53.582599329999994,0.0</coordinates>
                </LineString>
                <LineString id="93830">
                    <coordinates>12.778497319999998,53.582678879999996,0.0 12.778506689999999,53.58277652999998,0.0</coordinates>
                </LineString>
                <LineString id="93832">
                    <coordinates>12.778506689999999,53.58277652999998,0.0 12.778427659999998,53.58281782,0.0</coordinates>
                </LineString>
                <LineString id="93834">
                    <coordinates>12.778427659999998,53.58281782,0.0 12.77834153,53.58285446,0.0 12.778290049999999,53.58287365000001,0.0</coordinates>
                </LineString>
                <LineString id="93836">
                    <coordinates>12.778290049999999,53.58287365000001,0.0 12.77824354,53.58288787999999,0.0 12.778104129999997,53.58293749,0.0</coordinates>
                </LineString>
                <LineString id="93838">
                    <coordinates>12.778104129999997,53.58293749,0.0 12.77809109,53.582941670000004,0.0</coordinates>
                </LineString>
                <LineString id="93840">
                    <coordinates>12.777993679999998,53.58297635000001,0.0 12.77786703,53.58301892,0.0 12.777791069999997,53.58304645999999,0.0 12.77773031,53.58307389999999,0.0</coordinates>
                </LineString>
                <LineString id="93842">
                    <coordinates>12.77809109,53.582941670000004,0.0 12.778029769999998,53.58296159999998,0.0</coordinates>
                </LineString>
                <LineString id="93844">
                    <coordinates>12.778029769999998,53.58296159999998,0.0 12.777993679999998,53.58297635000001,0.0</coordinates>
                </LineString>
                <LineString id="93846">
                    <coordinates>12.77773031,53.58307389999999,0.0 12.77764884,53.58311032999999,0.0</coordinates>
                </LineString>
                <LineString id="93848">
                    <coordinates>12.77764884,53.58311032999999,0.0 12.77754675,53.58315355999999,0.0</coordinates>
                </LineString>
                <LineString id="93850">
                    <coordinates>12.777193000000002,53.58331883000001,0.0 12.77698793,53.58340648999999,0.0</coordinates>
                </LineString>
                <LineString id="93852">
                    <coordinates>12.77754675,53.58315355999999,0.0 12.77747542,53.583198849999995,0.0</coordinates>
                </LineString>
                <LineString id="93854">
                    <coordinates>12.776688990000002,53.58347964,0.0 12.776708099999999,53.58350158999999,0.0</coordinates>
                </LineString>
                <LineString id="93856">
                    <coordinates>12.776708099999999,53.58350158999999,0.0 12.77689386,53.583445499999996,0.0 12.77698793,53.58340648999999,0.0</coordinates>
                </LineString>
                <LineString id="93858">
                    <coordinates>12.77656169,53.583532610000006,0.0 12.776499579999998,53.5835584,0.0</coordinates>
                </LineString>
                <LineString id="93860">
                    <coordinates>12.77862775,53.582700130000006,0.0 12.77863294,53.58282717999999,0.0</coordinates>
                </LineString>
                <LineString id="93862">
                    <coordinates>12.77863294,53.58282717999999,0.0 12.778641539999999,53.58300583,0.0</coordinates>
                </LineString>
                <LineString id="93864">
                    <coordinates>12.778641539999999,53.58300583,0.0 12.77865073,53.58311532,0.0 12.778661599999998,53.58324928999999,0.0</coordinates>
                </LineString>
                <LineString id="93866">
                    <coordinates>12.778653579999999,53.58365422999999,0.0 12.7786609,53.58371318999999,0.0 12.77873635,53.58373816,0.0</coordinates>
                </LineString>
                <LineString id="93868">
                    <coordinates>12.778659809999999,53.58330076999999,0.0 12.778658379999998,53.583340660000005,0.0 12.778663019999998,53.5834229,0.0</coordinates>
                </LineString>
                <LineString id="93870">
                    <coordinates>12.77865728,53.58349952999999,0.0 12.77865587,53.583569399999995,0.0 12.778653579999999,53.58365422999999,0.0</coordinates>
                </LineString>
                <LineString id="93872">
                    <coordinates>12.77870755,53.58378662,0.0 12.77873635,53.58373816,0.0</coordinates>
                </LineString>
                <LineString id="93874">
                    <coordinates>12.778326059999996,53.581751799999985,0.0 12.77810942,53.581815279999994,0.0 12.777946480000002,53.5818755,0.0 12.777640999999997,53.58203010999999,0.0 12.77755427,53.58207236,0.0</coordinates>
                </LineString>
                <LineString id="93876">
                    <coordinates>12.77737455,53.58216668,0.0 12.7770327,53.582331509999996,0.0</coordinates>
                </LineString>
                <LineString id="93878">
                    <coordinates>12.77755427,53.58207236,0.0 12.77737455,53.58216668,0.0</coordinates>
                </LineString>
                <LineString id="93880">
                    <coordinates>12.77676526,53.58246939000001,0.0 12.776627779999998,53.58253500999999,0.0</coordinates>
                </LineString>
                <LineString id="93882">
                    <coordinates>12.7770327,53.582331509999996,0.0 12.77676526,53.58246939000001,0.0</coordinates>
                </LineString>
                <LineString id="93884">
                    <coordinates>12.77561205,53.58307361000001,0.0 12.77558005,53.583089449999996,0.0 12.775285270000001,53.58324167999999,0.0 12.7750102,53.58338177,0.0 12.77472247,53.58352944999999,0.0 12.77444102,53.58367388,0.0 12.774153019999998,53.583817159999995,0.0 12.77385989,53.58396295000001,0.0 12.77357804,53.58410788,0.0</coordinates>
                </LineString>
                <LineString id="93886">
                    <coordinates>12.77357804,53.58410788,0.0 12.773237609999999,53.58427484999999,0.0 12.7728762,53.58445578,0.0 12.77259193,53.58458954,0.0 12.772341020000002,53.58471336,0.0 12.77203773,53.58486349,0.0</coordinates>
                </LineString>
                <LineString id="93888">
                    <coordinates>12.780645659999998,53.57977295999999,0.0 12.780658919999999,53.57975275,0.0 12.780740139999999,53.57976211999999,0.0 12.780865669999999,53.579636709999996,0.0</coordinates>
                </LineString>
                <LineString id="93890">
                    <coordinates>12.780904499999998,53.57957395,0.0 12.78090657,53.57957073,0.0</coordinates>
                </LineString>
                <LineString id="93892">
                    <coordinates>12.78102137,53.57958261999999,0.0 12.78108756,53.57958780999999,0.0 12.78115435,53.57958379,0.0 12.781297049999997,53.57954284,0.0 12.781427850000002,53.57950435,0.0 12.781543599999997,53.57946247999998,0.0</coordinates>
                </LineString>
                <LineString id="93894">
                    <coordinates>12.78090657,53.57957073,0.0 12.78102137,53.57958261999999,0.0</coordinates>
                </LineString>
                <LineString id="93896">
                    <coordinates>12.780865669999999,53.579636709999996,0.0 12.78103532,53.57966136000001,0.0</coordinates>
                </LineString>
                <LineString id="93898">
                    <coordinates>12.78114857,53.57968138999998,0.0 12.78116602,53.57964954,0.0</coordinates>
                </LineString>
                <LineString id="93900">
                    <coordinates>12.78103532,53.57966136000001,0.0 12.78114857,53.57968138999998,0.0</coordinates>
                </LineString>
                <LineString id="93902">
                    <coordinates>12.78116602,53.57964954,0.0 12.781278969999997,53.57963287999999,0.0 12.781433090000002,53.57963946000001,0.0 12.78156512,53.57966397,0.0</coordinates>
                </LineString>
                <LineString id="93904">
                    <coordinates>12.781686529999998,53.57970132999999,0.0 12.78183698,53.5797608,0.0 12.781971969999999,53.57982745,0.0</coordinates>
                </LineString>
                <LineString id="93906">
                    <coordinates>12.78156512,53.57966397,0.0 12.781686529999998,53.57970132999999,0.0</coordinates>
                </LineString>
                <LineString id="93908">
                    <coordinates>12.782000220000002,53.57984197,0.0 12.78200807,53.579845989999995,0.0 12.782146429999997,53.57991105,0.0 12.78230816,53.57998325999999,0.0</coordinates>
                </LineString>
                <LineString id="93910">
                    <coordinates>12.781971969999999,53.57982745,0.0 12.782000220000002,53.57984197,0.0</coordinates>
                </LineString>
                <LineString id="93912">
                    <coordinates>12.783016559999997,53.5801732,0.0 12.78304104,53.58019689999999,0.0 12.78304426,53.58021450999999,0.0</coordinates>
                </LineString>
                <LineString id="93914">
                    <coordinates>12.78230816,53.57998325999999,0.0 12.78242522,53.580025299999996,0.0 12.782558219999999,53.580059369999994,0.0 12.782731439999997,53.580100389999984,0.0 12.782830199999998,53.58012294,0.0</coordinates>
                </LineString>
                <LineString id="93916">
                    <coordinates>12.782830199999998,53.58012294,0.0 12.7828368,53.58012445,0.0 12.782951509999998,53.58015103,0.0 12.783016559999997,53.5801732,0.0</coordinates>
                </LineString>
                <LineString id="93918">
                    <coordinates>12.783267579999999,53.58006717,0.0 12.783301579999998,53.579999569999984,0.0</coordinates>
                </LineString>
                <LineString id="93920">
                    <coordinates>12.783016559999997,53.5801732,0.0 12.783163209999998,53.5802236,0.0</coordinates>
                </LineString>
                <LineString id="93922">
                    <coordinates>12.783163209999998,53.5802236,0.0 12.783241379999998,53.58011972999999,0.0 12.783267579999999,53.58006717,0.0</coordinates>
                </LineString>
                <LineString id="93924">
                    <coordinates>12.78295851,53.58049867999999,0.0 12.7829389,53.58052472999999,0.0</coordinates>
                </LineString>
                <LineString id="93926">
                    <coordinates>12.783686739999997,53.57939,0.0 12.78375679,53.57927122,0.0</coordinates>
                </LineString>
                <LineString id="93928">
                    <coordinates>12.783616389999999,53.57949874,0.0 12.783686739999997,53.57939,0.0</coordinates>
                </LineString>
                <LineString id="93930">
                    <coordinates>12.783301579999998,53.579999569999984,0.0 12.783360670000002,53.57988827,0.0 12.78338421,53.57988048,0.0 12.78345238,53.57976308999999,0.0 12.783559840000002,53.57959254,0.0 12.783616389999999,53.57949874,0.0</coordinates>
                </LineString>
                <LineString id="93932">
                    <coordinates>12.78414503,53.57882148,0.0 12.784171090000001,53.578814349999995,0.0 12.784212870000001,53.57880876,0.0 12.78424477,53.57880862999999,0.0</coordinates>
                </LineString>
                <LineString id="93934">
                    <coordinates>12.728614009999998,53.58260719999999,0.0 12.728573539999998,53.58263933999999,0.0</coordinates>
                </LineString>
                <LineString id="93936">
                    <coordinates>12.78375679,53.57927122,0.0 12.783898320000002,53.579062220000004,0.0 12.783968800000002,53.578959760000004,0.0 12.78403272,53.578900649999994,0.0</coordinates>
                </LineString>
                <LineString id="93938">
                    <coordinates>12.784281110000002,53.57880615999999,0.0 12.78433598,53.578809269999994,0.0 12.78443373,53.578818639999994,0.0</coordinates>
                </LineString>
                <LineString id="93940">
                    <coordinates>12.78424477,53.57880862999999,0.0 12.784281110000002,53.57880615999999,0.0</coordinates>
                </LineString>
                <LineString id="93942">
                    <coordinates>12.78429879,53.578473079999995,0.0 12.78438027,53.57832283,0.0</coordinates>
                </LineString>
                <LineString id="93944">
                    <coordinates>12.78403272,53.578900649999994,0.0 12.78404258,53.57888743,0.0 12.78403739,53.57887457,0.0 12.78407727,53.57884313000001,0.0 12.784106419999999,53.57883295999999,0.0</coordinates>
                </LineString>
                <LineString id="93946">
                    <coordinates>12.784120499999998,53.57881130999999,0.0 12.784169629999997,53.57873524,0.0 12.784209449999999,53.57863989999999,0.0 12.78425871,53.578544829999984,0.0</coordinates>
                </LineString>
                <LineString id="93948">
                    <coordinates>12.78425871,53.578544829999984,0.0 12.78429879,53.578473079999995,0.0</coordinates>
                </LineString>
                <LineString id="93950">
                    <coordinates>12.78464597,53.57738621,0.0 12.78465264,53.577367669999994,0.0</coordinates>
                </LineString>
                <LineString id="93952">
                    <coordinates>12.78447725,53.57797277,0.0 12.784479239999998,53.57796645,0.0 12.78451407,53.57785348,0.0 12.784544549999998,53.57774023000001,0.0 12.784575769999998,53.57762250999999,0.0 12.78458978,53.57757264000001,0.0</coordinates>
                </LineString>
                <LineString id="93954">
                    <coordinates>12.78459429,53.57755619999999,0.0 12.784608709999999,53.57750328000001,0.0 12.78461829,53.577471899999985,0.0</coordinates>
                </LineString>
                <LineString id="93956">
                    <coordinates>12.784880360000002,53.57708137000001,0.0 12.78496811,53.577030740000005,0.0 12.785099650000001,53.576962959999996,0.0 12.78526268,53.57693435,0.0</coordinates>
                </LineString>
                <LineString id="93958">
                    <coordinates>12.784848349999999,53.577108179999996,0.0 12.784880360000002,53.57708137000001,0.0</coordinates>
                </LineString>
                <LineString id="93960">
                    <coordinates>12.78465264,53.577367669999994,0.0 12.784696009999998,53.57723362999999,0.0 12.784740649999998,53.577188639999996,0.0 12.78478965,53.57715200999999,0.0 12.78484169,53.57711351,0.0 12.784848349999999,53.577108179999996,0.0</coordinates>
                </LineString>
                <LineString id="93962">
                    <coordinates>12.78526268,53.57693435,0.0 12.78569046,53.57686814999999,0.0 12.78580755,53.57685575,0.0 12.786009059999998,53.57685319,0.0 12.786075289999998,53.57685696000001,0.0 12.78620978,53.57686976,0.0</coordinates>
                </LineString>
                <LineString id="93964">
                    <coordinates>12.7878261,53.57703378,0.0 12.78811043,53.57706586999999,0.0</coordinates>
                </LineString>
                <LineString id="93966">
                    <coordinates>12.787731319999999,53.57702309,0.0 12.78773811,53.576992219999994,0.0 12.787458909999998,53.576941989999995,0.0 12.78756494,53.576769819999996,0.0</coordinates>
                </LineString>
                <LineString id="93968">
                    <coordinates>12.78620978,53.57686976,0.0 12.78657801,53.57690173999999,0.0 12.78681462,53.57692436999999,0.0 12.787204,53.57696539999999,0.0 12.78760439,53.57700785000001,0.0 12.787731319999999,53.57702309,0.0</coordinates>
                </LineString>
                <LineString id="93970">
                    <coordinates>12.78443373,53.578818639999994,0.0 12.7845608,53.57884218000001,0.0 12.784791930000003,53.57887673,0.0 12.784802289999998,53.57889656999999,0.0 12.784826350000001,53.57890358,0.0 12.78485225,53.57889856,0.0 12.78486617,53.57888758,0.0 12.785081789999998,53.57892524999999,0.0 12.785192289999998,53.57894633999999,0.0</coordinates>
                </LineString>
                <LineString id="93972">
                    <coordinates>12.785518579999998,53.57897895999999,0.0 12.785432259999999,53.57897020999999,0.0</coordinates>
                </LineString>
                <LineString id="93974">
                    <coordinates>12.78572953,53.57900041,0.0 12.785643119999998,53.57899188999998,0.0</coordinates>
                </LineString>
                <LineString id="93976">
                    <coordinates>12.785432259999999,53.57897020999999,0.0 12.785192289999998,53.57894633999999,0.0</coordinates>
                </LineString>
                <LineString id="93978">
                    <coordinates>12.785590450000003,53.57898641,0.0 12.785643119999998,53.57899188999998,0.0</coordinates>
                </LineString>
                <LineString id="93980">
                    <coordinates>12.785948650000002,53.579027799999984,0.0 12.785975490000002,53.57903102000001,0.0</coordinates>
                </LineString>
                <LineString id="93982">
                    <coordinates>12.78572953,53.57900041,0.0 12.78575685,53.57900504999999,0.0</coordinates>
                </LineString>
                <LineString id="93984">
                    <coordinates>12.78159716,53.57938404999999,0.0 12.781636169999999,53.57931436,0.0</coordinates>
                </LineString>
                <LineString id="93986">
                    <coordinates>12.78165117,53.57929291,0.0 12.781673139999999,53.57925055999999,0.0</coordinates>
                </LineString>
                <LineString id="93988">
                    <coordinates>12.78171947,53.57916903000001,0.0 12.781738599999999,53.57914097,0.0</coordinates>
                </LineString>
                <LineString id="93990">
                    <coordinates>12.781738599999999,53.57914097,0.0 12.78181216,53.57903301999998,0.0</coordinates>
                </LineString>
                <LineString id="93992">
                    <coordinates>12.781673139999999,53.57925055999999,0.0 12.78171947,53.57916903000001,0.0</coordinates>
                </LineString>
                <LineString id="93994">
                    <coordinates>12.78276607,53.58074558,0.0 12.78263808,53.58091214999998,0.0</coordinates>
                </LineString>
                <LineString id="93996">
                    <coordinates>12.7828586,53.580635009999995,0.0 12.78276752,53.58074375,0.0 12.78276607,53.58074558,0.0</coordinates>
                </LineString>
                <LineString id="93998">
                    <coordinates>12.7829389,53.58052472999999,0.0 12.7828586,53.580635009999995,0.0</coordinates>
                </LineString>
                <LineString id="94000">
                    <coordinates>12.782366809999997,53.58127996999999,0.0 12.7822915,53.58137830999999,0.0</coordinates>
                </LineString>
                <LineString id="94002">
                    <coordinates>12.78263808,53.58091214999998,0.0 12.78252763,53.58106356,0.0 12.782366809999997,53.58127996999999,0.0</coordinates>
                </LineString>
                <LineString id="94004">
                    <coordinates>12.78227101,53.58140490000001,0.0 12.782180610000001,53.581521890000005,0.0</coordinates>
                </LineString>
                <LineString id="94006">
                    <coordinates>12.7822915,53.58137830999999,0.0 12.78227101,53.58140490000001,0.0</coordinates>
                </LineString>
                <LineString id="94008">
                    <coordinates>12.782180610000001,53.581521890000005,0.0 12.782051409999998,53.581692749999995,0.0 12.78199434,53.58176641,0.0</coordinates>
                </LineString>
                <LineString id="94010">
                    <coordinates>12.781961710000001,53.581812180000014,0.0 12.78196071,53.58181362,0.0 12.78191208,53.58188282999999,0.0</coordinates>
                </LineString>
                <LineString id="94012">
                    <coordinates>12.78191208,53.58188282999999,0.0 12.78176761,53.58207884,0.0</coordinates>
                </LineString>
                <LineString id="94014">
                    <coordinates>12.781142449999999,53.58281639999999,0.0 12.781116710000001,53.58281235999999,0.0</coordinates>
                </LineString>
                <LineString id="94016">
                    <coordinates>12.78153266,53.582475949999996,0.0 12.78146881,53.58255072,0.0 12.781394499999998,53.58264243,0.0 12.781305079999997,53.58274771,0.0 12.78123869,53.58283155,0.0</coordinates>
                </LineString>
                <LineString id="94018">
                    <coordinates>12.781661679999997,53.58223081999999,0.0 12.78162193,53.58229718,0.0 12.781563459999997,53.58237982000001,0.0 12.78153266,53.582475949999996,0.0</coordinates>
                </LineString>
                <LineString id="94020">
                    <coordinates>12.781116710000001,53.58281235999999,0.0 12.781016639999999,53.582956209999985,0.0</coordinates>
                </LineString>
                <LineString id="94022">
                    <coordinates>12.78084829,53.58323157,0.0 12.78084652,53.58323865999999,0.0</coordinates>
                </LineString>
                <LineString id="94024">
                    <coordinates>12.78123869,53.58283155,0.0 12.78113896,53.58297485,0.0 12.781070579999998,53.58307068999999,0.0 12.78100668,53.58316252,0.0 12.781324450000001,53.58323818,0.0 12.78138499,53.58325128,0.0 12.78139564,53.58324355,0.0</coordinates>
                </LineString>
                <LineString id="94026">
                    <coordinates>12.78179022,53.5818342,0.0 12.781961710000001,53.581812180000014,0.0</coordinates>
                </LineString>
                <LineString id="94028">
                    <coordinates>12.78199434,53.58176641,0.0 12.781961710000001,53.581812180000014,0.0</coordinates>
                </LineString>
                <LineString id="94030">
                    <coordinates>12.779767009999999,53.58167734999999,0.0 12.78042204,53.581721159999994,0.0 12.78064455,53.58173510999998,0.0 12.7809357,53.58177881,0.0 12.78107378,53.58178895999999,0.0 12.781241359999996,53.58179855,0.0 12.781540450000001,53.58182654000001,0.0 12.78172972,53.58184308999999,0.0 12.78179022,53.5818342,0.0</coordinates>
                </LineString>
                <LineString id="94032">
                    <coordinates>12.78179022,53.5818342,0.0 12.78172617,53.58193743,0.0 12.78167502,53.58201589,0.0</coordinates>
                </LineString>
                <LineString id="94034">
                    <coordinates>12.78167502,53.58201589,0.0 12.781649509999998,53.582052039999994,0.0</coordinates>
                </LineString>
                <LineString id="94036">
                    <coordinates>12.78304426,53.58021450999999,0.0 12.783012819999998,53.580256119999994,0.0 12.78294926,53.58034418,0.0 12.78292418,53.580372770000004,0.0</coordinates>
                </LineString>
                <LineString id="94038">
                    <coordinates>12.78292418,53.580372770000004,0.0 12.782799709999999,53.58053894,0.0</coordinates>
                </LineString>
                <LineString id="94040">
                    <coordinates>12.782799709999999,53.58053894,0.0 12.78270837,53.58065547,0.0</coordinates>
                </LineString>
                <LineString id="94042">
                    <coordinates>12.78270837,53.58065547,0.0 12.782677349999998,53.580695559999995,0.0</coordinates>
                </LineString>
                <LineString id="94044">
                    <coordinates>12.782677349999998,53.580695559999995,0.0 12.78261558,53.58078003,0.0</coordinates>
                </LineString>
                <LineString id="94046">
                    <coordinates>12.78252519,53.58089481999999,0.0 12.78255249,53.58085724000001,0.0</coordinates>
                </LineString>
                <LineString id="94048">
                    <coordinates>12.78261558,53.58078003,0.0 12.78255249,53.58085724000001,0.0</coordinates>
                </LineString>
                <LineString id="94050">
                    <coordinates>12.78231248,53.58117147000001,0.0 12.782385039999998,53.581078169999984,0.0</coordinates>
                </LineString>
                <LineString id="94052">
                    <coordinates>12.78241884,53.58103274,0.0 12.782429439999998,53.58101834,0.0</coordinates>
                </LineString>
                <LineString id="94054">
                    <coordinates>12.782515309999999,53.58090951999999,0.0 12.78250543,53.58092422,0.0 12.782477459999999,53.58096175,0.0 12.782429439999998,53.58101834,0.0</coordinates>
                </LineString>
                <LineString id="94056">
                    <coordinates>12.782385039999998,53.581078169999984,0.0 12.78241884,53.58103274,0.0</coordinates>
                </LineString>
                <LineString id="94058">
                    <coordinates>12.78252519,53.58089481999999,0.0 12.782515309999999,53.58090951999999,0.0</coordinates>
                </LineString>
                <LineString id="94060">
                    <coordinates>12.78231248,53.58117147000001,0.0 12.782277179999996,53.5811783,0.0 12.78224524,53.58119202999999,0.0 12.782218559999999,53.581211579999994,0.0</coordinates>
                </LineString>
                <LineString id="94062">
                    <coordinates>12.78203141,53.58144297,0.0 12.782079919999997,53.58138083,0.0</coordinates>
                </LineString>
                <LineString id="94064">
                    <coordinates>12.782218559999999,53.581211579999994,0.0 12.782079919999997,53.58138083,0.0</coordinates>
                </LineString>
                <LineString id="94066">
                    <coordinates>12.77196091,53.58558644,0.0 12.77218883,53.58576330999999,0.0</coordinates>
                </LineString>
                <LineString id="94068">
                    <coordinates>12.778645810000002,53.58166539999999,0.0 12.778650450000002,53.58168119,0.0</coordinates>
                </LineString>
                <LineString id="94070">
                    <coordinates>12.78811043,53.57706586999999,0.0 12.788669430000002,53.57713179,0.0 12.78897284,53.57716575,0.0</coordinates>
                </LineString>
                <LineString id="94072">
                    <coordinates>12.78897284,53.57716575,0.0 12.78934828,53.57721212,0.0</coordinates>
                </LineString>
                <LineString id="94074">
                    <coordinates>12.78934828,53.57721212,0.0 12.789489479999999,53.57723194,0.0 12.789571049999997,53.57724038,0.0 12.789652519999999,53.577244279999995,0.0 12.7897179,53.577241619999995,0.0 12.78977939,53.57723907,0.0 12.78987785,53.57728778999999,0.0</coordinates>
                </LineString>
                <LineString id="94076">
                    <coordinates>12.78897284,53.57716575,0.0 12.78898347,53.57702993,0.0 12.788858959999999,53.57685018000001,0.0 12.78822351,53.57668523,0.0</coordinates>
                </LineString>
                <LineString id="94078">
                    <coordinates>12.78987785,53.57728778999999,0.0 12.79006197,53.57726864000001,0.0 12.790220239999998,53.57724197999998,0.0 12.79035459,53.5772078,0.0 12.79055385,53.57714217000001,0.0 12.790699149999996,53.57706613999999,0.0 12.79078738,53.57700414999999,0.0 12.790906520000002,53.57690325,0.0 12.791142140000002,53.576637930000004,0.0</coordinates>
                </LineString>
                <LineString id="94080">
                    <coordinates>12.791142140000002,53.576637930000004,0.0 12.79151752,53.57623681,0.0 12.7916842,53.576056479999984,0.0 12.79187869,53.57584431,0.0 12.79206554,53.575647399999994,0.0</coordinates>
                </LineString>
                <LineString id="94082">
                    <coordinates>12.79206554,53.575647399999994,0.0 12.792248930000001,53.57545636,0.0 12.79236723,53.575329069999995,0.0 12.79260617,53.57508138000001,0.0 12.792970259999999,53.57468994,0.0</coordinates>
                </LineString>
                <LineString id="94084">
                    <coordinates>12.792970259999999,53.57468994,0.0 12.793344869999999,53.574290100000006,0.0 12.79355333,53.57408798000001,0.0 12.79390129,53.57374638,0.0</coordinates>
                </LineString>
                <LineString id="94086">
                    <coordinates>12.79390129,53.57374638,0.0 12.79408235,53.57356558,0.0 12.79432925,53.573323079999994,0.0 12.794564409999998,53.57309940999999,0.0 12.794725889999999,53.57294201,0.0 12.79500516,53.572671,0.0</coordinates>
                </LineString>
                <LineString id="94088">
                    <coordinates>12.79500516,53.572671,0.0 12.795166819999999,53.57250998999998,0.0 12.795512429999999,53.572170199999995,0.0 12.79566624,53.57201972999999,0.0 12.795988110000001,53.5717139,0.0 12.79612202,53.57156491,0.0</coordinates>
                </LineString>
                <LineString id="94090">
                    <coordinates>12.79612202,53.57156491,0.0 12.79634016,53.57131655,0.0 12.796620319999999,53.57097489999999,0.0 12.7967184,53.57085429999999,0.0 12.79693664,53.570589309999995,0.0</coordinates>
                </LineString>
                <LineString id="94092">
                    <coordinates>12.79693664,53.570589309999995,0.0 12.79716909,53.57032171999999,0.0 12.79751776,53.569917759999996,0.0 12.79780059,53.56958141,0.0</coordinates>
                </LineString>
                <LineString id="94094">
                    <coordinates>12.79780059,53.56958141,0.0 12.798093419999999,53.56921183,0.0 12.79832606,53.56894147999999,0.0 12.798514769999999,53.56871263999999,0.0 12.798663319999998,53.568539439999995,0.0</coordinates>
                </LineString>
                <LineString id="94096">
                    <coordinates>12.798663319999998,53.568539439999995,0.0 12.798849959999998,53.56831524999998,0.0 12.79893426,53.56824603999999,0.0</coordinates>
                </LineString>
                <LineString id="94098">
                    <coordinates>12.799813299999999,53.56747365999998,0.0 12.800122520000002,53.567197150000005,0.0 12.800242959999999,53.56708866999999,0.0 12.800580390000002,53.566790520000005,0.0 12.80065669,53.56671555999999,0.0 12.80068274,53.56667992999999,0.0 12.800901679999997,53.56640326,0.0</coordinates>
                </LineString>
                <LineString id="94100">
                    <coordinates>12.77855925,53.58377718999999,0.0 12.778560969999997,53.58377362999999,0.0 12.77856482,53.583772569999994,0.0</coordinates>
                </LineString>
                <LineString id="94102">
                    <coordinates>12.800901679999997,53.56640326,0.0 12.801006179999998,53.56628432000001,0.0 12.801118820000001,53.56611584,0.0 12.801253420000002,53.56590718,0.0 12.80126754,53.56582106999999,0.0 12.801300139999997,53.56549344999999,0.0 12.80128839,53.565335819999994,0.0</coordinates>
                </LineString>
                <LineString id="94104">
                    <coordinates>12.80128839,53.565335819999994,0.0 12.801280669999999,53.56513578,0.0 12.801241439999998,53.56471563,0.0 12.801241539999998,53.56466263,0.0 12.801286039999999,53.56444166,0.0 12.801326519999998,53.56425018999999,0.0</coordinates>
                </LineString>
                <LineString id="94106">
                    <coordinates>12.801326519999998,53.56425018999999,0.0 12.801336500000001,53.564196949999996,0.0 12.80134072,53.56413681,0.0 12.80138089,53.564109220000006,0.0 12.80138507,53.56399119999998,0.0 12.801363079999998,53.56396669,0.0 12.80139967,53.563663039999994,0.0 12.80139179,53.563573469999994,0.0 12.80137213,53.56344742,0.0</coordinates>
                </LineString>
                <LineString id="94108">
                    <coordinates>12.80137213,53.56344742,0.0 12.80132241,53.563228419999994,0.0 12.801270719999998,53.56300473,0.0 12.801157339999998,53.5625596,0.0 12.801151450000003,53.56253834,0.0</coordinates>
                </LineString>
                <LineString id="94110">
                    <coordinates>12.801123770000002,53.562399669999984,0.0 12.801108879999997,53.562316579999994,0.0</coordinates>
                </LineString>
                <LineString id="94112">
                    <coordinates>12.801108879999997,53.562316579999994,0.0 12.801111039999999,53.56229826999999,0.0</coordinates>
                </LineString>
                <LineString id="94114">
                    <coordinates>12.801111039999999,53.56229826999999,0.0 12.80108893,53.562184329999994,0.0 12.801076400000001,53.56213831000001,0.0</coordinates>
                </LineString>
                <LineString id="94116">
                    <coordinates>12.801076400000001,53.56213831000001,0.0 12.801033669999999,53.56200333,0.0 12.800985999999998,53.56190713,0.0 12.800955879999998,53.56184793,0.0 12.80092828,53.56173955,0.0</coordinates>
                </LineString>
                <LineString id="94118">
                    <coordinates>12.80092828,53.56173955,0.0 12.800892060000002,53.56152045,0.0</coordinates>
                </LineString>
                <LineString id="94120">
                    <coordinates>12.800892060000002,53.56152045,0.0 12.80088622,53.56147278999998,0.0</coordinates>
                </LineString>
                <LineString id="94122">
                    <coordinates>12.80088622,53.56147278999998,0.0 12.800850869999998,53.56126232,0.0 12.800856249999999,53.56112511,0.0 12.800876689999999,53.56096392,0.0 12.80096006,53.56073939999999,0.0 12.80103595,53.56052983999999,0.0</coordinates>
                </LineString>
                <LineString id="94124">
                    <coordinates>12.80103595,53.56052983999999,0.0 12.80115724,53.56030024,0.0 12.801263439999998,53.56009773,0.0 12.801430009999999,53.55976619999999,0.0</coordinates>
                </LineString>
                <LineString id="94126">
                    <coordinates>12.801430009999999,53.55976619999999,0.0 12.80154111,53.559626220000006,0.0 12.80174292,53.55935841999999,0.0 12.80210113,53.55894254999999,0.0 12.80235824,53.55863679,0.0</coordinates>
                </LineString>
                <LineString id="94128">
                    <coordinates>12.80235824,53.55863679,0.0 12.802633039999998,53.5583293,0.0 12.80279424,53.55814242,0.0 12.803058880000002,53.55781413000001,0.0 12.803232579999998,53.557609199999995,0.0 12.80332586,53.55749173,0.0 12.803383629999997,53.55741195,0.0 12.80339617,53.557362499999996,0.0 12.80340865,53.55726372,0.0</coordinates>
                </LineString>
                <LineString id="94130">
                    <coordinates>12.80340865,53.55726372,0.0 12.8034011,53.55717709999999,0.0 12.803370449999997,53.556986059999986,0.0 12.803385479999998,53.55689028,0.0 12.803407929999999,53.55678839,0.0 12.80347818,53.5565948,0.0 12.80354079,53.55640126,0.0</coordinates>
                </LineString>
                <LineString id="94132">
                    <coordinates>12.801151450000003,53.56253834,0.0 12.801123770000002,53.562399669999984,0.0</coordinates>
                </LineString>
                <LineString id="94134">
                    <coordinates>12.783089119999998,53.58032349,0.0 12.78303545,53.58039501,0.0 12.78295851,53.58049867999999,0.0</coordinates>
                </LineString>
                <LineString id="94136">
                    <coordinates>12.77856482,53.583772569999994,0.0 12.77857919,53.58376859999999,0.0 12.778631659999997,53.58377684999999,0.0 12.77870755,53.58378662,0.0</coordinates>
                </LineString>
                <LineString id="94138">
                    <coordinates>12.75733096,53.600479039999996,0.0 12.757131169999997,53.60054714999999,0.0 12.75700272,53.60058056999999,0.0 12.75693394,53.600584080000004,0.0 12.756881759999999,53.600559929999996,0.0 12.75680727,53.60050444,0.0 12.75664008,53.60037637999999,0.0</coordinates>
                </LineString>
                <LineString id="94140">
                    <coordinates>12.736303649999998,53.58681671,0.0 12.736291260000002,53.58678412,0.0 12.736289960000002,53.5867788,0.0</coordinates>
                </LineString>
                <LineString id="94142">
                    <coordinates>12.787731319999999,53.57702309,0.0 12.7878261,53.57703378,0.0</coordinates>
                </LineString>
                <LineString id="94144">
                    <coordinates>12.767730579999998,53.587041799999994,0.0 12.767999369999997,53.58688685,0.0 12.7681602,53.586799539999994,0.0 12.768274899999998,53.58673938999999,0.0</coordinates>
                </LineString>
                <LineString id="94146">
                    <coordinates>12.766358509999998,53.587924029999996,0.0 12.76658943,53.58775179,0.0 12.76682392,53.58757738999999,0.0 12.76687153,53.58754835,0.0 12.767111259999998,53.58739595,0.0</coordinates>
                </LineString>
                <LineString id="94148">
                    <coordinates>12.73238341,53.60770662,0.0 12.732392600000003,53.60770748,0.0</coordinates>
                </LineString>
                <LineString id="94150">
                    <coordinates>12.77622711,53.583642529999985,0.0 12.776293210000002,53.5836058,0.0</coordinates>
                </LineString>
                <LineString id="94152">
                    <coordinates>12.776293210000002,53.5836058,0.0 12.77637138,53.58356739,0.0</coordinates>
                </LineString>
                <LineString id="94154">
                    <coordinates>12.776499579999998,53.5835584,0.0 12.77645478,53.58357502,0.0 12.77637138,53.58356739,0.0</coordinates>
                </LineString>
                <LineString id="94156">
                    <coordinates>12.781543599999997,53.57946247999998,0.0 12.781589839999999,53.579397009999994,0.0 12.781593760000002,53.579389809999995,0.0</coordinates>
                </LineString>
                <LineString id="94158">
                    <coordinates>12.781593760000002,53.579389809999995,0.0 12.78159716,53.57938404999999,0.0</coordinates>
                </LineString>
                <LineString id="94160">
                    <coordinates>12.734139199999998,53.58258878,0.0 12.73408557,53.582604569999994,0.0</coordinates>
                </LineString>
                <LineString id="94162">
                    <coordinates>12.73408557,53.582604569999994,0.0 12.734068129999999,53.58260977,0.0</coordinates>
                </LineString>
                <LineString id="94164">
                    <coordinates>12.75919886,53.600637299999995,0.0 12.75919005,53.6006349,0.0</coordinates>
                </LineString>
                <LineString id="94166">
                    <coordinates>12.73823504,53.58650287,0.0 12.73833031,53.58654376999999,0.0</coordinates>
                </LineString>
                <LineString id="94168">
                    <coordinates>12.77635372,53.58267125999999,0.0 12.776207500000002,53.58275244,0.0 12.776050039999996,53.58284163999999,0.0</coordinates>
                </LineString>
                <LineString id="94170">
                    <coordinates>12.738361969999998,53.58686906999999,0.0 12.73836143,53.58688479999999,0.0 12.738377649999999,53.58689401,0.0</coordinates>
                </LineString>
                <LineString id="94172">
                    <coordinates>12.78123869,53.58283155,0.0 12.781142449999999,53.58281639999999,0.0</coordinates>
                </LineString>
                <LineString id="94174">
                    <coordinates>12.729892909999998,53.58426252,0.0 12.72992867,53.584279119999984,0.0 12.7299537,53.584281170000004,0.0 12.72998639,53.584280379999996,0.0</coordinates>
                </LineString>
                <LineString id="94176">
                    <coordinates>12.777247870000002,53.58336842999999,0.0 12.777193000000002,53.58331883000001,0.0</coordinates>
                </LineString>
                <LineString id="94178">
                    <coordinates>12.77747542,53.583198849999995,0.0 12.777213429999998,53.58331011,0.0 12.777193000000002,53.58331883000001,0.0</coordinates>
                </LineString>
                <LineString id="94180">
                    <coordinates>12.763165999999998,53.60231989999998,0.0 12.763182420000001,53.60230003,0.0 12.76297795,53.602241339999985,0.0 12.7625923,53.60213075,0.0 12.76264068,53.60205841,0.0 12.762813259999998,53.60185873999999,0.0 12.76294047,53.6017115,0.0 12.762782529999999,53.601663779999996,0.0</coordinates>
                </LineString>
                <LineString id="94182">
                    <coordinates>12.762782529999999,53.601663779999996,0.0 12.76280921,53.601631989999994,0.0</coordinates>
                </LineString>
                <LineString id="94184">
                    <coordinates>12.76280921,53.601631989999994,0.0 12.762821480000001,53.6016174,0.0</coordinates>
                </LineString>
                <LineString id="94186">
                    <coordinates>12.780865669999999,53.579636709999996,0.0 12.780904499999998,53.57957395,0.0</coordinates>
                </LineString>
                <LineString id="94188">
                    <coordinates>12.778499889999999,53.58389779,0.0 12.77855925,53.58377718999999,0.0</coordinates>
                </LineString>
                <LineString id="94190">
                    <coordinates>12.775755000000002,53.58300212000001,0.0 12.77561205,53.58307361000001,0.0</coordinates>
                </LineString>
                <LineString id="94192">
                    <coordinates>12.776050039999996,53.58284163999999,0.0 12.77585704,53.58295104,0.0 12.775755000000002,53.58300212000001,0.0</coordinates>
                </LineString>
                <LineString id="94194">
                    <coordinates>12.73659073,53.58640164,0.0 12.73659608,53.58641354,0.0</coordinates>
                </LineString>
                <LineString id="94196">
                    <coordinates>12.73664888,53.58640901,0.0 12.73677123,53.58640499999999,0.0 12.7369323,53.58639535,0.0</coordinates>
                </LineString>
                <LineString id="94198">
                    <coordinates>12.7369323,53.58639535,0.0 12.736935639999999,53.586395089999996,0.0</coordinates>
                </LineString>
                <LineString id="94200">
                    <coordinates>12.758197879999999,53.601217979999994,0.0 12.75816562,53.60119468,0.0</coordinates>
                </LineString>
                <LineString id="94202">
                    <coordinates>12.736381480000002,53.58705144999998,0.0 12.736379989999998,53.58704402999999,0.0 12.736346890000002,53.58693991999999,0.0 12.73633098,53.58688839,0.0 12.736303649999998,53.58681671,0.0</coordinates>
                </LineString>
                <LineString id="94204">
                    <coordinates>12.776627779999998,53.58253500999999,0.0 12.776481949999999,53.582603519999985,0.0 12.776435179999996,53.582626099999985,0.0 12.77635372,53.58267125999999,0.0</coordinates>
                </LineString>
                <LineString id="94206">
                    <coordinates>12.77660792,53.58292721,0.0 12.776660480000002,53.58290279999999,0.0 12.776602309999998,53.58285475999999,0.0 12.77635372,53.58267125999999,0.0</coordinates>
                </LineString>
                <LineString id="94208">
                    <coordinates>12.730023059999999,53.60812208000001,0.0 12.729913489999998,53.60815001000001,0.0</coordinates>
                </LineString>
                <LineString id="94210">
                    <coordinates>12.777851299999998,53.57939282,0.0 12.77785078,53.57939517999999,0.0 12.777821140000002,53.57951909,0.0</coordinates>
                </LineString>
                <LineString id="94212">
                    <coordinates>12.77781563,53.579543,0.0 12.777799209999998,53.57954215000001,0.0 12.777803679999998,53.57951816999999,0.0 12.777821140000002,53.57951909,0.0</coordinates>
                </LineString>
                <LineString id="94214">
                    <coordinates>12.77781563,53.579543,0.0 12.77779231,53.57964251999999,0.0 12.777777729999999,53.57971199,0.0</coordinates>
                </LineString>
                <LineString id="94216">
                    <coordinates>12.78181216,53.57903301999998,0.0 12.78191584,53.57888896,0.0 12.782114329999999,53.57857378999999,0.0 12.781925309999998,53.57853269999999,0.0</coordinates>
                </LineString>
                <LineString id="94218">
                    <coordinates>12.776688990000002,53.58347964,0.0 12.77656169,53.583532610000006,0.0</coordinates>
                </LineString>
                <LineString id="94220">
                    <coordinates>12.736592579999998,53.58641387,0.0 12.73619092,53.58643020999999,0.0</coordinates>
                </LineString>
                <LineString id="94222">
                    <coordinates>12.73188789,53.60771877999999,0.0 12.732216500000002,53.60768313,0.0 12.73223345,53.60771877,0.0 12.73224251,53.60772735999999,0.0 12.732273060000002,53.60772499,0.0 12.732306509999999,53.607723969999995,0.0 12.732351829999999,53.607719749999994,0.0</coordinates>
                </LineString>
                <LineString id="94224">
                    <coordinates>12.78414503,53.57882148,0.0 12.784120499999998,53.57881130999999,0.0</coordinates>
                </LineString>
                <LineString id="94226">
                    <coordinates>12.784106419999999,53.57883295999999,0.0 12.784125009999999,53.57882581,0.0 12.78414503,53.57882148,0.0</coordinates>
                </LineString>
                <LineString id="94228">
                    <coordinates>12.77864117,53.58164951999999,0.0 12.778645810000002,53.58166539999999,0.0</coordinates>
                </LineString>
                <LineString id="94230">
                    <coordinates>12.759493999999998,53.60072031000001,0.0 12.760452819999998,53.600978729999994,0.0 12.76046203,53.60099258000001,0.0</coordinates>
                </LineString>
                <LineString id="94232">
                    <coordinates>12.755989219999998,53.60063784999999,0.0 12.7560202,53.60062633,0.0</coordinates>
                </LineString>
                <LineString id="94234">
                    <coordinates>12.73301638,53.585472769999996,0.0 12.732855559999999,53.58539377,0.0 12.732642630000003,53.58528820000001,0.0 12.732541739999998,53.585236609999995,0.0 12.73244113,53.585191689999995,0.0 12.73236739,53.58517041,0.0 12.73231942,53.58514291,0.0</coordinates>
                </LineString>
                <LineString id="94236">
                    <coordinates>12.715281409999998,53.58380075,0.0 12.715402759999998,53.583662419999996,0.0</coordinates>
                </LineString>
                <LineString id="94238">
                    <coordinates>12.713364829999998,53.584616469999986,0.0 12.71355421,53.58457499,0.0 12.71375751,53.58451619999999,0.0 12.714046359999998,53.584423549999975,0.0 12.71432928,53.58432938999999,0.0 12.714626870000002,53.584231939999995,0.0 12.714758330000002,53.58418502999999,0.0 12.714881800000002,53.584119470000005,0.0 12.715018530000002,53.58401307,0.0 12.71516132,53.58389783,0.0 12.715281409999998,53.58380075,0.0</coordinates>
                </LineString>
                <LineString id="94240">
                    <coordinates>12.722046069999998,53.58239839000001,0.0 12.72216198,53.58240158000001,0.0 12.722445499999997,53.58240999,0.0 12.722595419999998,53.58241438,0.0</coordinates>
                </LineString>
                <LineString id="94242">
                    <coordinates>12.715991039999999,53.58333105,0.0 12.716110689999999,53.58324034999998,0.0 12.71628708,53.58310906999999,0.0 12.716385619999999,53.58303264,0.0 12.716496139999999,53.582977109999995,0.0 12.71668893,53.58290235999999,0.0 12.71683222,53.582844079999994,0.0 12.71691543,53.58275353,0.0 12.717031599999999,53.58262563999999,0.0 12.71717071,53.58253376999998,0.0 12.717355459999999,53.582501549999996,0.0 12.717598250000002,53.58249003000001,0.0 12.717837579999998,53.582479599999985,0.0 12.718159289999997,53.58246783,0.0 12.718464719999998,53.58247546,0.0 12.71867683,53.58247664,0.0 12.71891535,53.58246728999999,0.0 12.71922288,53.582448660000004,0.0 12.719560529999999,53.58242892,0.0 12.719916769999998,53.58240172,0.0 12.72007784,53.58237274,0.0 12.720181310000001,53.58235973,0.0 12.72039268,53.58236351000001,0.0 12.72061746,53.58236679,0.0 12.721000279999998,53.58237461000001,0.0 12.72126771,53.58237779,0.0</coordinates>
                </LineString>
                <LineString id="94244">
                    <coordinates>12.727173730000002,53.58253550999999,0.0 12.727269860000002,53.58253719,0.0 12.72757923,53.58254131000001,0.0 12.727886589999999,53.582546939999986,0.0 12.72801568,53.582549239999985,0.0</coordinates>
                </LineString>
                <LineString id="94246">
                    <coordinates>12.728737989999999,53.603007219999995,0.0 12.7288046,53.60301576999999,0.0 12.728920940000002,53.60304735,0.0 12.72899663,53.60309615999999,0.0 12.72903593,53.60315754,0.0</coordinates>
                </LineString>
                <LineString id="94248">
                    <coordinates>12.73065307,53.582505889999986,0.0 12.730540009999999,53.58245892999999,0.0 12.73041648,53.58241347999999,0.0</coordinates>
                </LineString>
                <LineString id="94250">
                    <coordinates>12.730568439999999,53.606174169999996,0.0 12.73036316,53.60581737999999,0.0 12.73014689,53.60543823,0.0 12.730066949999998,53.60529462,0.0</coordinates>
                </LineString>
                <LineString id="94252">
                    <coordinates>12.72989898,53.604986569999994,0.0 12.72988825,53.604966819999994,0.0 12.729768759999999,53.60470237999999,0.0 12.729696160000001,53.60455563999999,0.0</coordinates>
                </LineString>
                <LineString id="94254">
                    <coordinates>12.729696160000001,53.60455563999999,0.0 12.729503399999999,53.604145789999976,0.0 12.72935057,53.60381921,0.0</coordinates>
                </LineString>
                <LineString id="94256">
                    <coordinates>12.72935057,53.60381921,0.0 12.7292131,53.60353069000001,0.0 12.72913022,53.60335361,0.0 12.72906251,53.60321142000001,0.0 12.72903593,53.60315754,0.0</coordinates>
                </LineString>
                <LineString id="94258">
                    <coordinates>12.764576289999999,53.58108152,0.0 12.76490693,53.58131858000001,0.0</coordinates>
                </LineString>
                <LineString id="94260">
                    <coordinates>12.76490693,53.58131858000001,0.0 12.7651307,53.581388909999994,0.0 12.765772099999998,53.5813986,0.0</coordinates>
                </LineString>
                <LineString id="94262">
                    <coordinates>12.767740810000001,53.58139984,0.0 12.768526950000002,53.581402059999995,0.0 12.769878669999999,53.58141367999999,0.0 12.77095942,53.58142022,0.0 12.7719009,53.58143287,0.0 12.772523790000001,53.58144385999999,0.0 12.77339271,53.58145576,0.0 12.774362569999997,53.581474109999995,0.0</coordinates>
                </LineString>
                <LineString id="94264">
                    <coordinates>12.764840750000001,53.602198969999996,0.0 12.763865760000002,53.601913679999996,0.0</coordinates>
                </LineString>
                <LineString id="94266">
                    <coordinates>12.763865760000002,53.601913679999996,0.0 12.76339137,53.60177679000001,0.0</coordinates>
                </LineString>
                <LineString id="94268">
                    <coordinates>12.76339137,53.60177679000001,0.0 12.763090329999999,53.60169163999999,0.0</coordinates>
                </LineString>
                <LineString id="94270">
                    <coordinates>12.763090329999999,53.60169163999999,0.0 12.762821480000001,53.6016174,0.0</coordinates>
                </LineString>
                <LineString id="94272">
                    <coordinates>12.762821480000001,53.6016174,0.0 12.76271431,53.60164124999999,0.0 12.761603769999999,53.6013227,0.0</coordinates>
                </LineString>
                <LineString id="94274">
                    <coordinates>12.761603769999999,53.6013227,0.0 12.76046203,53.60099258000001,0.0</coordinates>
                </LineString>
                <LineString id="94276">
                    <coordinates>12.786663429999999,53.579111479999995,0.0 12.78669395,53.57911519000001,0.0</coordinates>
                </LineString>
                <LineString id="94278">
                    <coordinates>12.788994439999998,53.579304269999994,0.0 12.789272510000002,53.57933917,0.0</coordinates>
                </LineString>
                <LineString id="94280">
                    <coordinates>12.78669395,53.57911519000001,0.0 12.787059419999999,53.579156819999994,0.0 12.78748363,53.57920831999999,0.0 12.7879055,53.579259279999995,0.0 12.788348450000003,53.57931489,0.0 12.78842545,53.57932520999999,0.0 12.78859829,53.579255039999985,0.0 12.788835249999998,53.579285219999996,0.0 12.788994439999998,53.579304269999994,0.0</coordinates>
                </LineString>
                <LineString id="94282">
                    <coordinates>12.789945259999998,53.57942076,0.0 12.790823660000001,53.579537779999995,0.0</coordinates>
                </LineString>
                <LineString id="94284">
                    <coordinates>12.790823660000001,53.579537779999995,0.0 12.79139597,53.57960302000001,0.0 12.792156560000002,53.57968987,0.0 12.792593240000002,53.5797363,0.0 12.793192099999999,53.57978196999999,0.0</coordinates>
                </LineString>
                <LineString id="94286">
                    <coordinates>12.793192099999999,53.57978196999999,0.0 12.793939,53.57984788999999,0.0</coordinates>
                </LineString>
                <LineString id="94288">
                    <coordinates>12.79467411,53.579914169999995,0.0 12.795488230000002,53.57998834,0.0</coordinates>
                </LineString>
                <LineString id="94290">
                    <coordinates>12.79565341,53.58000375,0.0 12.79725312,53.580154789999995,0.0</coordinates>
                </LineString>
                <LineString id="94292">
                    <coordinates>12.79933316,53.58034041,0.0 12.79970178,53.58037308,0.0</coordinates>
                </LineString>
                <LineString id="94294">
                    <coordinates>12.79970178,53.58037308,0.0 12.800130989999996,53.58041570999999,0.0</coordinates>
                </LineString>
                <LineString id="94296">
                    <coordinates>12.800130989999996,53.58041570999999,0.0 12.800679470000002,53.58046792,0.0</coordinates>
                </LineString>
                <LineString id="94298">
                    <coordinates>12.800679470000002,53.58046792,0.0 12.800777420000001,53.58047892,0.0</coordinates>
                </LineString>
                <LineString id="94300">
                    <coordinates>12.800777420000001,53.58047892,0.0 12.80206008,53.58059791,0.0</coordinates>
                </LineString>
                <LineString id="94302">
                    <coordinates>12.80206008,53.58059791,0.0 12.802885139999999,53.58066224,0.0</coordinates>
                </LineString>
                <LineString id="94304">
                    <coordinates>12.802885139999999,53.58066224,0.0 12.80360828,53.580723879999994,0.0 12.804087690000001,53.58076571,0.0 12.804395100000002,53.58079172000001,0.0</coordinates>
                </LineString>
                <LineString id="94306">
                    <coordinates>12.804395100000002,53.58079172000001,0.0 12.80497709,53.58084212,0.0 12.80552303,53.58088584999999,0.0 12.80605238,53.58092966,0.0</coordinates>
                </LineString>
                <LineString id="94308">
                    <coordinates>12.80605238,53.58092966,0.0 12.80679268,53.580972210000006,0.0 12.80728884,53.581005049999995,0.0 12.80778654,53.58103539,0.0</coordinates>
                </LineString>
                <LineString id="94310">
                    <coordinates>12.80778654,53.58103539,0.0 12.80829649,53.58106838,0.0 12.80957254,53.5811456,0.0</coordinates>
                </LineString>
                <LineString id="94312">
                    <coordinates>12.80957254,53.5811456,0.0 12.81012356,53.58117628,0.0 12.810620060000002,53.58120882,0.0 12.81091981,53.58122593000001,0.0 12.811110849999999,53.58124501,0.0 12.81133997,53.58128251999999,0.0</coordinates>
                </LineString>
                <LineString id="94314">
                    <coordinates>12.81133997,53.58128251999999,0.0 12.81163604,53.581328709999994,0.0 12.811741139999999,53.581416559999994,0.0 12.812923369999998,53.58160260999999,0.0</coordinates>
                </LineString>
                <LineString id="94316">
                    <coordinates>12.812923369999998,53.58160260999999,0.0 12.814076589999999,53.581782759999996,0.0 12.814667919999998,53.58186418999999,0.0</coordinates>
                </LineString>
                <LineString id="94318">
                    <coordinates>12.814667919999998,53.58186418999999,0.0 12.81549611,53.581990309999995,0.0 12.81616029,53.58208855,0.0 12.81642713,53.58212977,0.0</coordinates>
                </LineString>
                <LineString id="94320">
                    <coordinates>12.81642713,53.58212977,0.0 12.817304609999999,53.58226141000001,0.0</coordinates>
                </LineString>
                <LineString id="94322">
                    <coordinates>12.817304609999999,53.58226141000001,0.0 12.818180319999996,53.582391309999984,0.0</coordinates>
                </LineString>
                <LineString id="94324">
                    <coordinates>12.818180319999996,53.582391309999984,0.0 12.81846052,53.582431670000005,0.0 12.818607289999997,53.582445719999996,0.0 12.819012100000002,53.58246487000001,0.0 12.82000262,53.58249764999999,0.0</coordinates>
                </LineString>
                <LineString id="94326">
                    <coordinates>12.82000262,53.58249764999999,0.0 12.820751030000002,53.58252527,0.0 12.82167875,53.58255893,0.0</coordinates>
                </LineString>
                <LineString id="94328">
                    <coordinates>12.82167875,53.58255893,0.0 12.822521189999998,53.58257922,0.0</coordinates>
                </LineString>
                <LineString id="94330">
                    <coordinates>12.8273452,53.58009231,0.0 12.8275932,53.579907420000005,0.0</coordinates>
                </LineString>
                <LineString id="94332">
                    <coordinates>12.826916969999997,53.580414799999986,0.0 12.827331879999997,53.5801023,0.0</coordinates>
                </LineString>
                <LineString id="94334">
                    <coordinates>12.827331879999997,53.5801023,0.0 12.8273452,53.58009231,0.0</coordinates>
                </LineString>
                <LineString id="94336">
                    <coordinates>12.828790329999999,53.57901478999999,0.0 12.82878059,53.57884694,0.0</coordinates>
                </LineString>
                <LineString id="94338">
                    <coordinates>12.828790329999999,53.57901478999999,0.0 12.82901724,53.57884185999999,0.0 12.829258930000002,53.57867748999999,0.0</coordinates>
                </LineString>
                <LineString id="94340">
                    <coordinates>12.82850571,53.57922989000001,0.0 12.82870218,53.57907926,0.0 12.828790329999999,53.57901478999999,0.0</coordinates>
                </LineString>
                <LineString id="94342">
                    <coordinates>12.82878059,53.57884694,0.0 12.828771559999996,53.57881701,0.0 12.82866341,53.578681550000006,0.0</coordinates>
                </LineString>
                <LineString id="94344">
                    <coordinates>12.83031246,53.578283429999985,0.0 12.830741159999999,53.57813268999999,0.0 12.83076028,53.578057959999995,0.0</coordinates>
                </LineString>
                <LineString id="94346">
                    <coordinates>12.829258930000002,53.57867748999999,0.0 12.82967232,53.57853024,0.0</coordinates>
                </LineString>
                <LineString id="94348">
                    <coordinates>12.82967232,53.57853024,0.0 12.83028924,53.57829511,0.0 12.83031246,53.578283429999985,0.0</coordinates>
                </LineString>
                <LineString id="94350">
                    <coordinates>12.830476749999999,53.57782251999999,0.0 12.83078551,53.577963899999986,0.0 12.83076028,53.578057959999995,0.0</coordinates>
                </LineString>
                <LineString id="94352">
                    <coordinates>12.83030379,53.57765532999999,0.0 12.82984135,53.57753586999999,0.0</coordinates>
                </LineString>
                <LineString id="94354">
                    <coordinates>12.830476749999999,53.57782251999999,0.0 12.83030379,53.57765532999999,0.0</coordinates>
                </LineString>
                <LineString id="94356">
                    <coordinates>12.82984135,53.57753586999999,0.0 12.82982008,53.57750657999999,0.0 12.82969947,53.577367869999996,0.0 12.82963579,53.57728531,0.0 12.82958586,53.57713374,0.0</coordinates>
                </LineString>
                <LineString id="94358">
                    <coordinates>12.830097389999999,53.57825398,0.0 12.830188179999999,53.57826797,0.0 12.83031246,53.578283429999985,0.0</coordinates>
                </LineString>
                <LineString id="94360">
                    <coordinates>12.83031246,53.578283429999985,0.0 12.830819559999997,53.57830695999999,0.0</coordinates>
                </LineString>
                <LineString id="94362">
                    <coordinates>12.822521189999998,53.58257922,0.0 12.822745189999997,53.58258639999999,0.0 12.82346234,53.58260360999999,0.0</coordinates>
                </LineString>
                <LineString id="94364">
                    <coordinates>12.823897910000001,53.5826478,0.0 12.823927749999998,53.58265188,0.0</coordinates>
                </LineString>
                <LineString id="94366">
                    <coordinates>12.82404079,53.58256551,0.0 12.823927749999998,53.58265188,0.0</coordinates>
                </LineString>
                <LineString id="94368">
                    <coordinates>12.82346234,53.58260360999999,0.0 12.823897910000001,53.5826478,0.0</coordinates>
                </LineString>
                <LineString id="94370">
                    <coordinates>12.824602459999998,53.58214301999998,0.0 12.824728579999999,53.58204701999999,0.0 12.824836849999999,53.58196862,0.0</coordinates>
                </LineString>
                <LineString id="94372">
                    <coordinates>12.82404079,53.58256551,0.0 12.82427957,53.582386599999985,0.0 12.824404349999998,53.5822912,0.0 12.82454252,53.58218616,0.0 12.824602459999998,53.58214301999998,0.0</coordinates>
                </LineString>
                <LineString id="94374">
                    <coordinates>12.824836849999999,53.58196862,0.0 12.82510044,53.581774069999994,0.0</coordinates>
                </LineString>
                <LineString id="94376">
                    <coordinates>12.82510044,53.581774069999994,0.0 12.825530109999999,53.58144842,0.0</coordinates>
                </LineString>
                <LineString id="94378">
                    <coordinates>12.82583047,53.581222639999986,0.0 12.82591829,53.58125998,0.0</coordinates>
                </LineString>
                <LineString id="94380">
                    <coordinates>12.825530109999999,53.58144842,0.0 12.82583047,53.581222639999986,0.0</coordinates>
                </LineString>
                <LineString id="94382">
                    <coordinates>12.82583047,53.581222639999986,0.0 12.82630027,53.58087941,0.0</coordinates>
                </LineString>
                <LineString id="94384">
                    <coordinates>12.82630027,53.58087941,0.0 12.826234189999997,53.58105105999999,0.0</coordinates>
                </LineString>
                <LineString id="94386">
                    <coordinates>12.82630027,53.58087941,0.0 12.8265019,53.58072823999999,0.0</coordinates>
                </LineString>
                <LineString id="94388">
                    <coordinates>12.826663479999999,53.58060614,0.0 12.82670356,53.58057585,0.0</coordinates>
                </LineString>
                <LineString id="94390">
                    <coordinates>12.82670356,53.58057585,0.0 12.82687675,53.58044431,0.0 12.826916969999997,53.580414799999986,0.0</coordinates>
                </LineString>
                <LineString id="94392">
                    <coordinates>12.789272510000002,53.57933917,0.0 12.78990347,53.57941529000001,0.0 12.789945259999998,53.57942076,0.0</coordinates>
                </LineString>
                <LineString id="94394">
                    <coordinates>12.73658901,53.58634647,0.0 12.736596090000003,53.58638312000001,0.0</coordinates>
                </LineString>
                <LineString id="94396">
                    <coordinates>12.73658901,53.58634647,0.0 12.73648457,53.586352129999995,0.0 12.736176269999998,53.58636424,0.0</coordinates>
                </LineString>
                <LineString id="94398">
                    <coordinates>12.736176269999998,53.58636424,0.0 12.73613641,53.58636076,0.0 12.736107149999999,53.58635149999999,0.0 12.736087029999998,53.586341399999995,0.0 12.736067429999999,53.58632468999999,0.0 12.73605795,53.58631174999999,0.0</coordinates>
                </LineString>
                <LineString id="94400">
                    <coordinates>12.73605795,53.58631174999999,0.0 12.735957049999998,53.586331349999995,0.0</coordinates>
                </LineString>
                <LineString id="94402">
                    <coordinates>12.735957049999998,53.586331349999995,0.0 12.73589334,53.586302589999995,0.0 12.73582393,53.586196429999994,0.0</coordinates>
                </LineString>
                <LineString id="94404">
                    <coordinates>12.73582393,53.586196429999994,0.0 12.735745329999999,53.58606601999999,0.0</coordinates>
                </LineString>
                <LineString id="94406">
                    <coordinates>12.735745329999999,53.58606601999999,0.0 12.735588349999999,53.58580712999999,0.0</coordinates>
                </LineString>
                <LineString id="94408">
                    <coordinates>12.736303649999998,53.58681671,0.0 12.73641307,53.586811809999986,0.0 12.73649923,53.58679243,0.0</coordinates>
                </LineString>
                <LineString id="94410">
                    <coordinates>12.736681129999997,53.587739629999994,0.0 12.736692489999998,53.587735269999996,0.0 12.73668581,53.58768074,0.0 12.736621290000002,53.58764323,0.0 12.736562109999998,53.58758873999999,0.0 12.736527309999998,53.587564029999996,0.0 12.736489980000002,53.58750177,0.0 12.7364419,53.58742679999998,0.0 12.736430079999998,53.58740619,0.0 12.73642267,53.58735944000001,0.0 12.73642367,53.587312839999996,0.0 12.73645299,53.58729713,0.0 12.73646786,53.58727564,0.0 12.73646174,53.58725733,0.0 12.73643769,53.587243429999994,0.0 12.7364205,53.58723762,0.0 12.736381480000002,53.58705144999998,0.0</coordinates>
                </LineString>
                <LineString id="94412">
                    <coordinates>12.7596836,53.59373282,0.0 12.75958738,53.593700410000004,0.0</coordinates>
                </LineString>
                <LineString id="94414">
                    <coordinates>12.75958738,53.593700410000004,0.0 12.759596670000002,53.59369216999999,0.0 12.75979131,53.59346418,0.0 12.75980088,53.59341735000001,0.0 12.75974351,53.593371889999986,0.0 12.759657819999997,53.593352229999994,0.0 12.75929143,53.59327786,0.0 12.759242019999999,53.59322478999998,0.0 12.75926217,53.59320925999999,0.0</coordinates>
                </LineString>
                <LineString id="94416">
                    <coordinates>12.73269623,53.58297772,0.0 12.73281396,53.58294810999999,0.0</coordinates>
                </LineString>
                <LineString id="94418">
                    <coordinates>12.73311204,53.58286877999999,0.0 12.733281549999997,53.58281975,0.0 12.73342512,53.58278126,0.0 12.73360356,53.58273431999999,0.0</coordinates>
                </LineString>
                <LineString id="94420">
                    <coordinates>12.740107539999999,53.594861619999996,0.0 12.73996987,53.59474415,0.0 12.7396288,53.59446618999999,0.0</coordinates>
                </LineString>
                <LineString id="94422">
                    <coordinates>12.738244470000001,53.593410729999995,0.0 12.738033539999998,53.59327537,0.0</coordinates>
                </LineString>
                <LineString id="94424">
                    <coordinates>12.73573334,53.585651490000004,0.0 12.73573859,53.58566128,0.0</coordinates>
                </LineString>
                <LineString id="94426">
                    <coordinates>12.73559422,53.585533510000005,0.0 12.7355996,53.58554117999999,0.0 12.735697690000002,53.58558450999998,0.0</coordinates>
                </LineString>
                <LineString id="94428">
                    <coordinates>12.735562390000002,53.58548164,0.0 12.73551388,53.58540532999999,0.0 12.735486579999998,53.58536151,0.0</coordinates>
                </LineString>
                <LineString id="94430">
                    <coordinates>12.73525458,53.58506473,0.0 12.73528887,53.585100829999995,0.0 12.73532684,53.585142469999994,0.0 12.73533828,53.585156309999995,0.0</coordinates>
                </LineString>
                <LineString id="94432">
                    <coordinates>12.734739769999997,53.58469511999999,0.0 12.734568389999998,53.58459449,0.0 12.734428080000002,53.58451620999999,0.0</coordinates>
                </LineString>
                <LineString id="94434">
                    <coordinates>12.734428080000002,53.58451620999999,0.0 12.73441684,53.58450996999999,0.0</coordinates>
                </LineString>
                <LineString id="94436">
                    <coordinates>12.823897910000001,53.5826478,0.0 12.824168819999999,53.58266763999998,0.0</coordinates>
                </LineString>
                <LineString id="94438">
                    <coordinates>12.73441684,53.58450996999999,0.0 12.73460665,53.584425299999985,0.0 12.73482271,53.58435097,0.0 12.73560974,53.58404659999999,0.0 12.73581984,53.58396481999999,0.0 12.73594167,53.58392822,0.0 12.73596947,53.583917629999995,0.0</coordinates>
                </LineString>
                <LineString id="94440">
                    <coordinates>12.735982919999998,53.58392985,0.0 12.736064959999998,53.58400385,0.0</coordinates>
                </LineString>
                <LineString id="94442">
                    <coordinates>12.73596947,53.583917629999995,0.0 12.735982919999998,53.58392985,0.0</coordinates>
                </LineString>
                <LineString id="94444">
                    <coordinates>12.729753419999998,53.58416342999999,0.0 12.729804779999998,53.584198939999986,0.0</coordinates>
                </LineString>
                <LineString id="94446">
                    <coordinates>12.776063539999999,53.57641238,0.0 12.776092699999996,53.57641549,0.0 12.7764583,53.57649394999999,0.0 12.776678909999998,53.57651568999999,0.0 12.776673409999999,53.57655494,0.0 12.77661891,53.576724479999996,0.0 12.77672918,53.5768285,0.0 12.776923779999999,53.57703518,0.0 12.77702849,53.57709454999999,0.0 12.777216459999998,53.577105419999995,0.0 12.777185160000002,53.57728751,0.0 12.77725899,53.57729325999999,0.0</coordinates>
                </LineString>
                <LineString id="94448">
                    <coordinates>12.77783672,53.57871464999999,0.0 12.77817768,53.57736441,0.0 12.77725899,53.57729325999999,0.0</coordinates>
                </LineString>
                <LineString id="94450">
                    <coordinates>12.777843060000002,53.57902560000001,0.0 12.77786151,53.57896612,0.0 12.777894559999998,53.57880342,0.0 12.77791081,53.578723239999995,0.0 12.77783672,53.57871464999999,0.0</coordinates>
                </LineString>
                <LineString id="94452">
                    <coordinates>12.736545439999997,53.58793358999999,0.0 12.736548239999998,53.587864499999995,0.0 12.736579279999999,53.58782689,0.0</coordinates>
                </LineString>
                <LineString id="94454">
                    <coordinates>12.736579279999999,53.58782689,0.0 12.73663166,53.587763550000005,0.0</coordinates>
                </LineString>
                <LineString id="94456">
                    <coordinates>12.73663166,53.587763550000005,0.0 12.73663763,53.58775633,0.0 12.736681129999997,53.587739629999994,0.0</coordinates>
                </LineString>
                <LineString id="94458">
                    <coordinates>12.8275932,53.579907420000005,0.0 12.8279727,53.57962632,0.0 12.8281838,53.57947584000001,0.0 12.828430319999999,53.57928769,0.0 12.82850571,53.57922989000001,0.0</coordinates>
                </LineString>
                <LineString id="94460">
                    <coordinates>12.8265019,53.58072823999999,0.0 12.826663479999999,53.58060614,0.0</coordinates>
                </LineString>
                <LineString id="94462">
                    <coordinates>12.78461829,53.577471899999985,0.0 12.78464597,53.57738621,0.0</coordinates>
                </LineString>
                <LineString id="94464">
                    <coordinates>12.744801419999998,53.60450599000001,0.0 12.74487021,53.60446842999999,0.0 12.74493486,53.6044357,0.0 12.744956850000001,53.60442434,0.0</coordinates>
                </LineString>
                <LineString id="94466">
                    <coordinates>12.77777344,53.57973266999999,0.0 12.777758320000002,53.57980522,0.0 12.77773612,53.57990194,0.0 12.77771176,53.57995135000001,0.0 12.777661570000001,53.58004251,0.0 12.777659230000001,53.580054569999994,0.0</coordinates>
                </LineString>
                <LineString id="94468">
                    <coordinates>12.777659230000001,53.580054569999994,0.0 12.777657680000003,53.580063219999985,0.0</coordinates>
                </LineString>
                <LineString id="94470">
                    <coordinates>12.778658109999999,53.583459729999994,0.0 12.77865728,53.58349952999999,0.0</coordinates>
                </LineString>
                <LineString id="94472">
                    <coordinates>12.82882786,53.57789875,0.0 12.8290536,53.57800351,0.0 12.8292109,53.57809457999999,0.0 12.82923632,53.57810569,0.0</coordinates>
                </LineString>
                <LineString id="94474">
                    <coordinates>12.72930688,53.58321507,0.0 12.729299239999998,53.58321044000001,0.0</coordinates>
                </LineString>
                <LineString id="94476">
                    <coordinates>12.72939057,53.58327105,0.0 12.729368610000002,53.58325223,0.0 12.72930688,53.58321507,0.0</coordinates>
                </LineString>
                <LineString id="94478">
                    <coordinates>12.729627949999998,53.58406539,0.0 12.729657239999998,53.58409720999999,0.0 12.729701889999998,53.58413062000001,0.0 12.72974939,53.58416067999999,0.0 12.729753419999998,53.58416342999999,0.0</coordinates>
                </LineString>
                <LineString id="94480">
                    <coordinates>12.79725312,53.580154789999995,0.0 12.79823625,53.58024637999999,0.0 12.79903779,53.58031497999998,0.0</coordinates>
                </LineString>
                <LineString id="94482">
                    <coordinates>12.728679059999996,53.58497504999999,0.0 12.728929729999999,53.58491453,0.0 12.72896748,53.5848998,0.0 12.72903899,53.58486811,0.0 12.729223309999998,53.58476560999999,0.0 12.72932494,53.584704849999994,0.0 12.72960406,53.58453517,0.0</coordinates>
                </LineString>
                <LineString id="94484">
                    <coordinates>12.72960406,53.58453517,0.0 12.72961031,53.58453126,0.0</coordinates>
                </LineString>
                <LineString id="94486">
                    <coordinates>12.781649509999998,53.582052039999994,0.0 12.781545929999998,53.58218701999999,0.0 12.78150963,53.5822439,0.0</coordinates>
                </LineString>
                <LineString id="94488">
                    <coordinates>12.78150963,53.5822439,0.0 12.781535499999999,53.58224962,0.0 12.78152474,53.58226439999999,0.0 12.78143445,53.58239446,0.0 12.78136595,53.58248789999999,0.0 12.78130176,53.58257649999999,0.0 12.78129171,53.58259045999999,0.0 12.781193279999998,53.58256748,0.0 12.7811498,53.582557339999994,0.0 12.78116046,53.58254354999999,0.0</coordinates>
                </LineString>
                <LineString id="94490">
                    <coordinates>12.729913489999998,53.60815001000001,0.0 12.72958175,53.608234689999996,0.0</coordinates>
                </LineString>
                <LineString id="94492">
                    <coordinates>12.73017577,53.60809389999999,0.0 12.73017831,53.60809315000001,0.0</coordinates>
                </LineString>
                <LineString id="94494">
                    <coordinates>12.78575685,53.57900504999999,0.0 12.785948650000002,53.579027799999984,0.0</coordinates>
                </LineString>
                <LineString id="94496">
                    <coordinates>12.785975490000002,53.57903102000001,0.0 12.786351639999998,53.57907389999998,0.0 12.786663429999999,53.579111479999995,0.0</coordinates>
                </LineString>
                <LineString id="94498">
                    <coordinates>12.729603660000002,53.582223469999995,0.0 12.729214199999998,53.582153829999996,0.0 12.728494789999997,53.58203083000001,0.0</coordinates>
                </LineString>
                <LineString id="94500">
                    <coordinates>12.82386537,53.58309135,0.0 12.8238747,53.58308426,0.0 12.823623600000001,53.582979200000004,0.0 12.82379939,53.58284397,0.0 12.82383518,53.58285690000001,0.0 12.82404969,53.58268627999998,0.0 12.82412388,53.582679889999994,0.0 12.824168819999999,53.58266763999998,0.0</coordinates>
                </LineString>
                <LineString id="94502">
                    <coordinates>12.778660399999998,53.58328565999999,0.0 12.778659809999999,53.58330076999999,0.0</coordinates>
                </LineString>
                <LineString id="94504">
                    <coordinates>12.778661599999998,53.58324928999999,0.0 12.778660399999998,53.58328565999999,0.0</coordinates>
                </LineString>
                <LineString id="94506">
                    <coordinates>12.77865072,53.583285909999994,0.0 12.778567210000002,53.58328830999999,0.0</coordinates>
                </LineString>
                <LineString id="94508">
                    <coordinates>12.778660399999998,53.58328565999999,0.0 12.77865072,53.583285909999994,0.0</coordinates>
                </LineString>
                <LineString id="94510">
                    <coordinates>12.76432097,53.58089834,0.0 12.764308079999996,53.5809018,0.0 12.764092049999999,53.58077787999999,0.0 12.76406139,53.58079564,0.0</coordinates>
                </LineString>
                <LineString id="94512">
                    <coordinates>12.76371056,53.58095438,0.0 12.76406139,53.58079564,0.0</coordinates>
                </LineString>
                <LineString id="94514">
                    <coordinates>12.736592579999998,53.58641387,0.0 12.73659608,53.58641354,0.0</coordinates>
                </LineString>
                <LineString id="94516">
                    <coordinates>12.73558131,53.585514859999996,0.0 12.73559422,53.585533510000005,0.0</coordinates>
                </LineString>
                <LineString id="94518">
                    <coordinates>12.73250452,53.58340639000001,0.0 12.73270916,53.58352245,0.0</coordinates>
                </LineString>
                <LineString id="94520">
                    <coordinates>12.73270916,53.58352245,0.0 12.732743950000001,53.58354247999999,0.0</coordinates>
                </LineString>
                <LineString id="94522">
                    <coordinates>12.77838781,53.58337652,0.0 12.77825941,53.58343205999999,0.0 12.778234879999998,53.58344268,0.0</coordinates>
                </LineString>
                <LineString id="94524">
                    <coordinates>12.82813732,53.577477879999996,0.0 12.828253060000002,53.57762751,0.0 12.828627249999998,53.577805989999995,0.0 12.82882786,53.57789875,0.0</coordinates>
                </LineString>
                <LineString id="94526">
                    <coordinates>12.730066949999998,53.60529462,0.0 12.72989898,53.604986569999994,0.0</coordinates>
                </LineString>
                <LineString id="94528">
                    <coordinates>12.73024076,53.58235839,0.0 12.73013954,53.58233129,0.0 12.72981806,53.58226175,0.0 12.729793119999998,53.58225733,0.0 12.729603660000002,53.582223469999995,0.0</coordinates>
                </LineString>
                <LineString id="94530">
                    <coordinates>12.78458978,53.57757264000001,0.0 12.78459429,53.57755619999999,0.0</coordinates>
                </LineString>
                <LineString id="94532">
                    <coordinates>12.724677089999998,53.58247962000001,0.0 12.724947129999999,53.58248766999999,0.0 12.7252525,53.58249770999999,0.0 12.725536509999998,53.58250476999999,0.0 12.725667339999998,53.58250921,0.0</coordinates>
                </LineString>
                <LineString id="94534">
                    <coordinates>12.725667339999998,53.58250921,0.0 12.72583072,53.582514749999994,0.0 12.72611021,53.58251883999999,0.0 12.7261583,53.5825196,0.0</coordinates>
                </LineString>
                <LineString id="94536">
                    <coordinates>12.781016639999999,53.582956209999985,0.0 12.78094305,53.583059899999995,0.0 12.78087891,53.58314905,0.0 12.780857929999998,53.58319244999999,0.0 12.78084829,53.58323157,0.0</coordinates>
                </LineString>
                <LineString id="94538">
                    <coordinates>12.77825208,53.58349001,0.0 12.77815664,53.58353303,0.0 12.778051880000001,53.58358022,0.0 12.777961700000002,53.58364917,0.0 12.77792669,53.58365863,0.0 12.77808837,53.58378573,0.0 12.777897860000001,53.58387147,0.0</coordinates>
                </LineString>
                <LineString id="94540">
                    <coordinates>12.778222920000001,53.58344824,0.0 12.778209629999997,53.58345436999999,0.0</coordinates>
                </LineString>
                <LineString id="94542">
                    <coordinates>12.778250559999998,53.58348881999999,0.0 12.77825208,53.58349001,0.0</coordinates>
                </LineString>
                <LineString id="94544">
                    <coordinates>12.778209629999997,53.58345436999999,0.0 12.77821508,53.583458969999995,0.0</coordinates>
                </LineString>
                <LineString id="94546">
                    <coordinates>12.77821508,53.583458969999995,0.0 12.778250559999998,53.58348881999999,0.0</coordinates>
                </LineString>
                <LineString id="94548">
                    <coordinates>12.778234879999998,53.58344268,0.0 12.778222920000001,53.58344824,0.0</coordinates>
                </LineString>
                <LineString id="94550">
                    <coordinates>12.76432097,53.58089834,0.0 12.764576289999999,53.58108152,0.0</coordinates>
                </LineString>
                <LineString id="94552">
                    <coordinates>12.764633939999998,53.58115144999999,0.0 12.764789090000003,53.581266789999994,0.0 12.764798899999999,53.58127398,0.0 12.76485147,53.581298819999994,0.0 12.76490693,53.58131858000001,0.0</coordinates>
                </LineString>
                <LineString id="94554">
                    <coordinates>12.793939,53.57984788999999,0.0 12.79467411,53.579914169999995,0.0</coordinates>
                </LineString>
                <LineString id="94556">
                    <coordinates>12.795488230000002,53.57998834,0.0 12.79565341,53.58000375,0.0</coordinates>
                </LineString>
                <LineString id="94558">
                    <coordinates>12.78176761,53.58207884,0.0 12.781661679999997,53.58223081999999,0.0</coordinates>
                </LineString>
                <LineString id="94560">
                    <coordinates>12.722595419999998,53.58241438,0.0 12.72294378,53.58242572999999,0.0 12.723211709999998,53.58243382999999,0.0 12.723492169999998,53.58244186999998,0.0 12.723769360000002,53.58245144999999,0.0 12.724057689999999,53.58245998000001,0.0 12.72418991,53.58246452000001,0.0</coordinates>
                </LineString>
                <LineString id="94562">
                    <coordinates>12.72418991,53.58246452000001,0.0 12.7243429,53.58246978,0.0 12.724632399999999,53.58247837999999,0.0 12.724677089999998,53.58247962000001,0.0</coordinates>
                </LineString>
                <LineString id="94564">
                    <coordinates>12.82923632,53.57810569,0.0 12.829258989999998,53.57811554999999,0.0 12.829803389999997,53.57820895,0.0 12.830097389999999,53.57825398,0.0</coordinates>
                </LineString>
                <LineString id="94566">
                    <coordinates>12.72982578,53.58434136999998,0.0 12.729829669999999,53.584347709999996,0.0 12.72982896,53.58435454,0.0 12.729825049999997,53.5843648,0.0 12.729821599999998,53.58437389,0.0 12.729815249999998,53.58438471,0.0 12.729797689999998,53.58441384000001,0.0 12.729756679999998,53.58444279,0.0</coordinates>
                </LineString>
                <LineString id="94568">
                    <coordinates>12.73375582,53.58530001999999,0.0 12.733660289999998,53.585358629999995,0.0 12.73350543,53.58545194,0.0 12.73337588,53.5855259,0.0 12.733341039999997,53.58554403,0.0</coordinates>
                </LineString>
                <LineString id="94570">
                    <coordinates>12.75733096,53.600479039999996,0.0 12.757537369999998,53.60040551999999,0.0 12.757548140000003,53.60040145000001,0.0</coordinates>
                </LineString>
                <LineString id="94572">
                    <coordinates>12.75760202,53.60038140999999,0.0 12.75771553,53.60034541999999,0.0</coordinates>
                </LineString>
                <LineString id="94574">
                    <coordinates>12.785518579999998,53.57897895999999,0.0 12.78557611,53.57898494,0.0</coordinates>
                </LineString>
                <LineString id="94576">
                    <coordinates>12.78557611,53.57898494,0.0 12.785590450000003,53.57898641,0.0</coordinates>
                </LineString>
                <LineString id="94578">
                    <coordinates>12.73041648,53.58241347999999,0.0 12.730300579999998,53.582374349999995,0.0 12.73024076,53.58235839,0.0</coordinates>
                </LineString>
                <LineString id="94580">
                    <coordinates>12.731040260000002,53.58267065,0.0 12.73082763,53.58258089000001,0.0 12.73065307,53.582505889999986,0.0</coordinates>
                </LineString>
                <LineString id="94582">
                    <coordinates>12.75501993,53.60097458,0.0 12.755017999999998,53.60097530999999,0.0 12.754901170000002,53.60101610000001,0.0</coordinates>
                </LineString>
                <LineString id="94584">
                    <coordinates>12.75539163,53.60084738999999,0.0 12.755195089999999,53.60091398,0.0 12.75501993,53.60097458,0.0</coordinates>
                </LineString>
                <LineString id="94586">
                    <coordinates>12.778567210000002,53.58328830999999,0.0 12.77855321,53.58328867,0.0 12.77852255,53.58331226999999,0.0 12.77848943,53.58333242999999,0.0 12.77838781,53.58337652,0.0</coordinates>
                </LineString>
                <LineString id="94588">
                    <coordinates>12.71549555,53.58358135,0.0 12.715545239999999,53.58355311999999,0.0 12.71567778,53.58348382999999,0.0 12.715827879999999,53.58341141999999,0.0 12.715991039999999,53.58333105,0.0</coordinates>
                </LineString>
                <LineString id="94590">
                    <coordinates>12.715402759999998,53.583662419999996,0.0 12.71547078,53.58359537999999,0.0 12.71549555,53.58358135,0.0</coordinates>
                </LineString>
                <LineString id="94592">
                    <coordinates>12.78438027,53.57832283,0.0 12.784430819999999,53.578130120000004,0.0 12.7844454,53.578076249999995,0.0 12.78447725,53.57797277,0.0</coordinates>
                </LineString>
                <LineString id="94594">
                    <coordinates>12.75674578,53.600803629999994,0.0 12.75660633,53.60086551999999,0.0 12.75651076,53.6009211,0.0 12.75633204,53.601024859999995,0.0 12.756792629999998,53.60131317,0.0 12.756959049999999,53.601425849999984,0.0 12.75694262,53.60143304000001,0.0 12.756924580000002,53.60144214999999,0.0</coordinates>
                </LineString>
                <LineString id="94596">
                    <coordinates>12.783095709999998,53.58031458999999,0.0 12.783089119999998,53.58032349,0.0</coordinates>
                </LineString>
                <LineString id="94598">
                    <coordinates>12.783163209999998,53.5802236,0.0 12.783095709999998,53.58031458999999,0.0</coordinates>
                </LineString>
                <LineString id="94600">
                    <coordinates>12.734600720000001,53.58477469,0.0 12.734485569999999,53.58483380999999,0.0 12.734335790000001,53.58492544999999,0.0 12.73415934,53.585031259999994,0.0 12.73404682,53.58510263,0.0 12.733944309999998,53.58517034999999,0.0</coordinates>
                </LineString>
                <LineString id="94602">
                    <coordinates>12.75948204,53.60071714,0.0 12.759493999999998,53.60072031000001,0.0</coordinates>
                </LineString>
                <LineString id="94604">
                    <coordinates>12.72126771,53.58237779,0.0 12.721423129999998,53.58237965,0.0 12.72152806,53.582382889999984,0.0 12.721841049999998,53.58239278999999,0.0 12.722046069999998,53.58239839000001,0.0</coordinates>
                </LineString>
                <LineString id="94606">
                    <coordinates>12.782022329999998,53.5815155,0.0 12.78195143,53.581585439999984,0.0 12.78189946,53.58161736,0.0 12.78183075,53.581647159999996,0.0 12.78176172,53.58166197999999,0.0 12.781708820000002,53.581673089999995,0.0</coordinates>
                </LineString>
                <LineString id="94608">
                    <coordinates>12.782030649999998,53.58150487,0.0 12.782022329999998,53.5815155,0.0</coordinates>
                </LineString>
                <LineString id="94610">
                    <coordinates>12.78199079,53.58149486999999,0.0 12.78200295,53.581498329999995,0.0</coordinates>
                </LineString>
                <LineString id="94612">
                    <coordinates>12.78200295,53.581498329999995,0.0 12.782030649999998,53.58150487,0.0</coordinates>
                </LineString>
                <LineString id="94614">
                    <coordinates>12.7261583,53.5825196,0.0 12.72639634,53.582523159999994,0.0 12.72668452,53.58252717999999,0.0 12.72697386,53.58253208,0.0 12.727173730000002,53.58253550999999,0.0</coordinates>
                </LineString>
                <LineString id="94616">
                    <coordinates>12.766272850000002,53.58139913000001,0.0 12.76760664,53.581399409999996,0.0 12.767740810000001,53.58139984,0.0</coordinates>
                </LineString>
                <LineString id="94618">
                    <coordinates>12.765772099999998,53.5813986,0.0 12.766272850000002,53.58139913000001,0.0</coordinates>
                </LineString>
                <LineString id="94620">
                    <coordinates>12.75816562,53.60119468,0.0 12.75794661,53.60104086999999,0.0</coordinates>
                </LineString>
                <LineString id="94622">
                    <coordinates>12.78199079,53.58149486999999,0.0 12.78203141,53.58144297,0.0</coordinates>
                </LineString>
                <LineString id="94624">
                    <coordinates>12.73256397,53.607685319999995,0.0 12.73268479,53.607618550000005,0.0</coordinates>
                </LineString>
                <LineString id="94626">
                    <coordinates>12.812926999999998,53.54454844999999,0.0 12.812979609999998,53.54453484,0.0</coordinates>
                </LineString>
                <LineString id="94628">
                    <coordinates>12.81258358,53.544676159999995,0.0 12.812794979999998,53.54459787,0.0</coordinates>
                </LineString>
                <LineString id="94630">
                    <coordinates>12.80449292,53.553789880000004,0.0 12.804690099999998,53.55353227999999,0.0 12.804791239999998,53.55339352,0.0 12.805099149999998,53.552980430000005,0.0 12.805268390000002,53.55277294,0.0 12.80540479,53.55262638,0.0</coordinates>
                </LineString>
                <LineString id="94632">
                    <coordinates>12.80540479,53.55262638,0.0 12.805512399999998,53.552476080000005,0.0 12.8056948,53.55222049999998,0.0 12.80593439,53.55189834,0.0</coordinates>
                </LineString>
                <LineString id="94634">
                    <coordinates>12.8060596,53.55174038,0.0 12.80637148,53.55134372,0.0</coordinates>
                </LineString>
                <LineString id="94636">
                    <coordinates>12.806654869999997,53.55096169,0.0 12.80661276,53.551019839999995,0.0</coordinates>
                </LineString>
                <LineString id="94638">
                    <coordinates>12.80661276,53.551019839999995,0.0 12.80651968,53.55114652,0.0 12.80637148,53.55134372,0.0</coordinates>
                </LineString>
                <LineString id="94640">
                    <coordinates>12.806654869999997,53.55096169,0.0 12.806715349999997,53.55088034999999,0.0</coordinates>
                </LineString>
                <LineString id="94642">
                    <coordinates>12.806715349999997,53.55088034999999,0.0 12.806780899999998,53.55079272999999,0.0 12.806888269999998,53.550654099999996,0.0</coordinates>
                </LineString>
                <LineString id="94644">
                    <coordinates>12.80698852,53.55054345,0.0 12.80699663,53.550525489999984,0.0</coordinates>
                </LineString>
                <LineString id="94646">
                    <coordinates>12.8070087,53.55050867,0.0 12.807036459999999,53.550473939999996,0.0</coordinates>
                </LineString>
                <LineString id="94648">
                    <coordinates>12.80699663,53.550525489999984,0.0 12.8070087,53.55050867,0.0</coordinates>
                </LineString>
                <LineString id="94650">
                    <coordinates>12.807036459999999,53.550473939999996,0.0 12.80721489,53.550239839999996,0.0</coordinates>
                </LineString>
                <LineString id="94652">
                    <coordinates>12.80721489,53.550239839999996,0.0 12.807291129999998,53.550147869999996,0.0 12.80751007,53.54986045,0.0 12.80757249,53.54977643,0.0 12.80762697,53.54970006999999,0.0</coordinates>
                </LineString>
                <LineString id="94654">
                    <coordinates>12.80762697,53.54970006999999,0.0 12.80774226,53.54954059,0.0 12.80797921,53.54922822999998,0.0 12.80806014,53.54912225000001,0.0 12.808312050000001,53.54879729000001,0.0</coordinates>
                </LineString>
                <LineString id="94656">
                    <coordinates>12.808312050000001,53.54879729000001,0.0 12.80837718,53.54870848,0.0 12.80863921,53.54836331,0.0 12.808803300000001,53.548152030000004,0.0 12.808900520000002,53.54801618,0.0</coordinates>
                </LineString>
                <LineString id="94658">
                    <coordinates>12.808907100000003,53.54800598999999,0.0 12.80899861,53.54786043,0.0 12.809303030000002,53.54744787,0.0</coordinates>
                </LineString>
                <LineString id="94660">
                    <coordinates>12.809303030000002,53.54744787,0.0 12.80942576,53.54728508,0.0 12.80961257,53.5470417,0.0 12.809697889999997,53.54692376999999,0.0 12.809828730000001,53.54674731,0.0 12.80994148,53.54660523999999,0.0</coordinates>
                </LineString>
                <LineString id="94662">
                    <coordinates>12.806888269999998,53.550654099999996,0.0 12.806932310000002,53.55059782000001,0.0 12.806976779999998,53.550573459999995,0.0 12.80698852,53.55054345,0.0</coordinates>
                </LineString>
                <LineString id="94664">
                    <coordinates>12.80994148,53.54660523999999,0.0 12.81006075,53.54643916999999,0.0 12.81013148,53.54634408,0.0 12.810199249999997,53.546252239999994,0.0</coordinates>
                </LineString>
                <LineString id="94666">
                    <coordinates>12.810199249999997,53.546252239999994,0.0 12.81028492,53.546137699999996,0.0 12.81039068,53.54599141999999,0.0 12.810419020000001,53.545950760000004,0.0 12.81043329,53.54593001999999,0.0</coordinates>
                </LineString>
                <LineString id="94668">
                    <coordinates>12.81043329,53.54593001999999,0.0 12.81052545,53.54579543999999,0.0</coordinates>
                </LineString>
                <LineString id="94670">
                    <coordinates>12.81052545,53.54579543999999,0.0 12.81057523,53.545717469999985,0.0</coordinates>
                </LineString>
                <LineString id="94672">
                    <coordinates>12.81059184,53.54569611000001,0.0 12.810712239999999,53.54553840999999,0.0 12.810793649999999,53.54542793999999,0.0</coordinates>
                </LineString>
                <LineString id="94674">
                    <coordinates>12.810817,53.545384889999994,0.0 12.810895479999997,53.5452445,0.0</coordinates>
                </LineString>
                <LineString id="94676">
                    <coordinates>12.810895479999997,53.5452445,0.0 12.810936370000002,53.545202749999994,0.0 12.810953109999998,53.545182799999985,0.0</coordinates>
                </LineString>
                <LineString id="94678">
                    <coordinates>12.810953109999998,53.545182799999985,0.0 12.810989279999998,53.54516194000001,0.0 12.81103561,53.54515512999999,0.0</coordinates>
                </LineString>
                <LineString id="94680">
                    <coordinates>12.81114598,53.545172949999994,0.0 12.81119194,53.545192319999984,0.0 12.81124733,53.54521970999999,0.0</coordinates>
                </LineString>
                <LineString id="94682">
                    <coordinates>12.81057523,53.545717469999985,0.0 12.81059184,53.54569611000001,0.0</coordinates>
                </LineString>
                <LineString id="94684">
                    <coordinates>12.81103561,53.54515512999999,0.0 12.811070599999999,53.54515348999999,0.0 12.81112811,53.54516486,0.0 12.81114598,53.545172949999994,0.0</coordinates>
                </LineString>
                <LineString id="94686">
                    <coordinates>12.811326979999999,53.54525604,0.0 12.811393919999999,53.545205010000004,0.0</coordinates>
                </LineString>
                <LineString id="94688">
                    <coordinates>12.81124733,53.54521970999999,0.0 12.811326979999999,53.54525604,0.0</coordinates>
                </LineString>
                <LineString id="94690">
                    <coordinates>12.811393919999999,53.545205010000004,0.0 12.81137352,53.54518967999999,0.0 12.811364970000001,53.54517590999999,0.0</coordinates>
                </LineString>
                <LineString id="94692">
                    <coordinates>12.811364970000001,53.54517590999999,0.0 12.811352899999997,53.54512541,0.0 12.811430749999998,53.54509631,0.0</coordinates>
                </LineString>
                <LineString id="94694">
                    <coordinates>12.811705280000002,53.544995199999995,0.0 12.811828189999998,53.54494922999999,0.0</coordinates>
                </LineString>
                <LineString id="94696">
                    <coordinates>12.81212321,53.544841240000004,0.0 12.812377210000001,53.544749499999995,0.0</coordinates>
                </LineString>
                <LineString id="94698">
                    <coordinates>12.812794979999998,53.54459787,0.0 12.812885849999999,53.544564199999996,0.0 12.812926999999998,53.54454844999999,0.0</coordinates>
                </LineString>
                <LineString id="94700">
                    <coordinates>12.81318539,53.54445457999999,0.0 12.813228450000002,53.544430860000006,0.0 12.813768529999999,53.544227249999985,0.0</coordinates>
                </LineString>
                <LineString id="94702">
                    <coordinates>12.814148649999996,53.54408744,0.0 12.81440571,53.54399283,0.0 12.814743470000002,53.543865190000005,0.0</coordinates>
                </LineString>
                <LineString id="94704">
                    <coordinates>12.814743470000002,53.543865190000005,0.0 12.815050119999999,53.54375138999998,0.0 12.8156442,53.54350504,0.0</coordinates>
                </LineString>
                <LineString id="94706">
                    <coordinates>12.8156442,53.54350504,0.0 12.81626381,53.54324306000001,0.0 12.816572640000002,53.543109509999994,0.0</coordinates>
                </LineString>
                <LineString id="94708">
                    <coordinates>12.811430749999998,53.54509631,0.0 12.811705280000002,53.544995199999995,0.0</coordinates>
                </LineString>
                <LineString id="94710">
                    <coordinates>12.80340865,53.55726372,0.0 12.8034011,53.55717709999999,0.0 12.803370449999997,53.556986059999986,0.0 12.803385479999998,53.55689028,0.0 12.803407929999999,53.55678839,0.0 12.80347818,53.5565948,0.0 12.80354079,53.55640126,0.0</coordinates>
                </LineString>
                <LineString id="94712">
                    <coordinates>12.80354079,53.55640126,0.0 12.803580510000002,53.55630359,0.0 12.80362568,53.5562055,0.0 12.803652419999999,53.5561475,0.0 12.803675639999998,53.55608141,0.0 12.80370471,53.55599266,0.0</coordinates>
                </LineString>
                <LineString id="94714">
                    <coordinates>12.80370471,53.55599266,0.0 12.803736089999997,53.55586538999999,0.0 12.80379597,53.55562691,0.0 12.80381797,53.55543515,0.0 12.803843039999999,53.555394539999995,0.0 12.80392321,53.555223149999996,0.0 12.80396056,53.55510306999999,0.0</coordinates>
                </LineString>
                <LineString id="94716">
                    <coordinates>12.80396056,53.55510306999999,0.0 12.80407562,53.55490293999999,0.0</coordinates>
                </LineString>
                <LineString id="94718">
                    <coordinates>12.80407562,53.55490293999999,0.0 12.80410819,53.55484729,0.0 12.80412557,53.554793200000006,0.0 12.80414547,53.554724119999996,0.0 12.80415511,53.554707979999996,0.0 12.804168430000002,53.55469713,0.0 12.80418343,53.55469042,0.0 12.80419612,53.55467651,0.0 12.804200730000002,53.55465446000001,0.0 12.804203630000002,53.55462458000001,0.0 12.80420535,53.55460273999999,0.0 12.80429503,53.55436787,0.0 12.80432735,53.55427178999999,0.0 12.804386769999999,53.554052569999996,0.0 12.80440637,53.55394601999999,0.0 12.80444374,53.553870800000006,0.0 12.80449292,53.553789880000004,0.0</coordinates>
                </LineString>
                <LineString id="94720">
                    <coordinates>12.817634829999998,53.54265338,0.0 12.817640659999999,53.54265082,0.0 12.817813719999998,53.54257645,0.0 12.818241430000002,53.54239668000001,0.0</coordinates>
                </LineString>
                <LineString id="94722">
                    <coordinates>12.817442139999999,53.542736229999996,0.0 12.817634829999998,53.54265338,0.0</coordinates>
                </LineString>
                <LineString id="94724">
                    <coordinates>12.820354739999999,53.5414783,0.0 12.82054773,53.54140843,0.0 12.82074114,53.541330810000005,0.0 12.82105816,53.541207539999995,0.0 12.82139611,53.5410773,0.0 12.82173282,53.540947519999996,0.0 12.82219881,53.54079864,0.0 12.82254485,53.54069781,0.0 12.82280981,53.54062171999999,0.0 12.823137849999998,53.540528509999994,0.0 12.82331186,53.54048044000001,0.0 12.823579339999998,53.540405189999994,0.0 12.823896039999997,53.54031315999999,0.0 12.824198040000002,53.54022569999999,0.0</coordinates>
                </LineString>
                <LineString id="94726">
                    <coordinates>12.824198040000002,53.54022569999999,0.0 12.824336580000002,53.54017756,0.0 12.82455191,53.540118670000005,0.0 12.824804630000001,53.54004694,0.0 12.82483748,53.54003963000001,0.0 12.825183629999998,53.53998187999999,0.0 12.825351399999999,53.53995549999999,0.0 12.82551224,53.53994343,0.0 12.825640129999996,53.539934269999996,0.0 12.82596589,53.53991892999999,0.0 12.826191509999997,53.53990741999999,0.0 12.826470799999997,53.53988417,0.0 12.82653977,53.53989701999999,0.0 12.826577149999999,53.53988336999999,0.0 12.826612300000003,53.53986462,0.0 12.82666178,53.539860649999994,0.0 12.82684174,53.539850300000005,0.0 12.82693998,53.53984397999999,0.0 12.82705094,53.53984787,0.0 12.82717642,53.53985478,0.0 12.827423410000002,53.539859439999994,0.0 12.82760558,53.53986271,0.0 12.82779408,53.53985209,0.0 12.82814353,53.539838919999994,0.0 12.82830034,53.53982617,0.0 12.828413579999998,53.53981845999999,0.0 12.828515380000002,53.53979676,0.0 12.828569989999998,53.53978686,0.0 12.82864049,53.53978076,0.0 12.828905799999998,53.539758279999994,0.0 12.82909827,53.53974476999999,0.0 12.829361140000001,53.53972815000001,0.0 12.82943946,53.53972229,0.0</coordinates>
                </LineString>
                <LineString id="94728">
                    <coordinates>12.818241430000002,53.54239668000001,0.0 12.81868824,53.54220519999999,0.0 12.818974589999998,53.5420828,0.0 12.819252280000002,53.54196008000001,0.0 12.819502729999998,53.54184985,0.0 12.819821890000002,53.541708199999995,0.0 12.820110709999998,53.541581829999984,0.0 12.82030158,53.54149748,0.0 12.820354739999999,53.5414783,0.0</coordinates>
                </LineString>
                <LineString id="94730">
                    <coordinates>12.808900520000002,53.54801618,0.0 12.808907100000003,53.54800598999999,0.0</coordinates>
                </LineString>
                <LineString id="94732">
                    <coordinates>12.80593439,53.55189834,0.0 12.806048809999998,53.5517541,0.0 12.8060596,53.55174038,0.0</coordinates>
                </LineString>
                <LineString id="94734">
                    <coordinates>12.812377210000001,53.544749499999995,0.0 12.812461969999998,53.544719549999996,0.0</coordinates>
                </LineString>
                <LineString id="94736">
                    <coordinates>12.811828189999998,53.54494922999999,0.0 12.81212321,53.544841240000004,0.0</coordinates>
                </LineString>
                <LineString id="94738">
                    <coordinates>12.812461969999998,53.544719549999996,0.0 12.81256369,53.54468351999999,0.0 12.81258358,53.544676159999995,0.0</coordinates>
                </LineString>
                <LineString id="94740">
                    <coordinates>12.810793649999999,53.54542793999999,0.0 12.810817,53.545384889999994,0.0</coordinates>
                </LineString>
                <LineString id="94742">
                    <coordinates>12.816572640000002,53.543109509999994,0.0 12.81687534,53.54298222999999,0.0 12.81732384,53.54278709,0.0 12.817442139999999,53.542736229999996,0.0</coordinates>
                </LineString>
                <LineString id="94744">
                    <coordinates>12.813768529999999,53.544227249999985,0.0 12.814135840000002,53.54409218,0.0</coordinates>
                </LineString>
                <LineString id="94746">
                    <coordinates>12.814135840000002,53.54409218,0.0 12.814148649999996,53.54408744,0.0</coordinates>
                </LineString>
                <LineString id="94748">
                    <coordinates>12.812979609999998,53.54453484,0.0 12.81306045,53.54451394999999,0.0 12.813095049999998,53.54450411999999,0.0 12.8131057,53.54449828,0.0</coordinates>
                </LineString>
                <LineString id="94750">
                    <coordinates>12.8131057,53.54449828,0.0 12.81318539,53.54445457999999,0.0</coordinates>
                </LineString>
                <LineString id="94752">
                    <coordinates>12.830665259999998,53.537343099999994,0.0 12.83082149,53.537302409999995,0.0 12.830936149999996,53.53727909999999,0.0</coordinates>
                </LineString>
                <LineString id="94754">
                    <coordinates>12.830432729999998,53.537214350000006,0.0 12.830665259999998,53.537343099999994,0.0</coordinates>
                </LineString>
                <LineString id="94756">
                    <coordinates>12.83209038,53.53685175,0.0 12.832020929999997,53.53680537999999,0.0</coordinates>
                </LineString>
                <LineString id="94758">
                    <coordinates>12.831677920000002,53.53702468000001,0.0 12.83180214,53.536965089999995,0.0</coordinates>
                </LineString>
                <LineString id="94760">
                    <coordinates>12.83180214,53.536965089999995,0.0 12.831860839999997,53.536941080000005,0.0 12.83188083,53.536939399999994,0.0</coordinates>
                </LineString>
                <LineString id="94762">
                    <coordinates>12.83177414,53.53699586,0.0 12.8316521,53.537051529999985,0.0 12.83152751,53.53710751,0.0</coordinates>
                </LineString>
                <LineString id="94764">
                    <coordinates>12.83188083,53.536939399999994,0.0 12.83181749,53.53697239,0.0 12.83177414,53.53699586,0.0</coordinates>
                </LineString>
                <LineString id="94766">
                    <coordinates>12.83152751,53.53710751,0.0 12.83140314,53.53715895999999,0.0 12.831199610000002,53.53722014,0.0 12.83106479,53.53725644,0.0</coordinates>
                </LineString>
                <LineString id="94768">
                    <coordinates>12.832723369999998,53.5386464,0.0 12.832734960000002,53.53865354999999,0.0 12.83287722,53.53874058,0.0</coordinates>
                </LineString>
                <LineString id="94770">
                    <coordinates>12.83353353,53.539127019999995,0.0 12.83355002,53.53913644000001,0.0</coordinates>
                </LineString>
                <LineString id="94772">
                    <coordinates>12.833271389999998,53.538975629999996,0.0 12.83330377,53.538994550000005,0.0</coordinates>
                </LineString>
                <LineString id="94774">
                    <coordinates>12.831921849999999,53.53673734,0.0 12.83192139,53.53673688999999,0.0 12.831920540000002,53.536716399999996,0.0</coordinates>
                </LineString>
                <LineString id="94776">
                    <coordinates>12.832098510000002,53.53667543,0.0 12.83212865,53.53666789999999,0.0 12.832242830000002,53.53663541,0.0 12.83246887,53.53658645000001,0.0</coordinates>
                </LineString>
                <LineString id="94778">
                    <coordinates>12.83202376,53.53669636,0.0 12.83205624,53.53668608,0.0 12.832098510000002,53.53667543,0.0</coordinates>
                </LineString>
                <LineString id="94780">
                    <coordinates>12.834410230000001,53.536470140000006,0.0 12.83464492,53.53644972999999,0.0</coordinates>
                </LineString>
                <LineString id="94782">
                    <coordinates>12.834390729999999,53.53647183999999,0.0 12.834410230000001,53.536470140000006,0.0</coordinates>
                </LineString>
                <LineString id="94784">
                    <coordinates>12.83246887,53.53658645000001,0.0 12.832725630000002,53.53655482999999,0.0 12.832832770000001,53.53654987,0.0 12.83315607,53.53653442,0.0 12.833420570000001,53.53652152000001,0.0 12.83369089,53.536553710000014,0.0 12.833939670000001,53.53653209,0.0 12.83416489,53.536510729999996,0.0 12.834390729999999,53.53647183999999,0.0</coordinates>
                </LineString>
                <LineString id="94786">
                    <coordinates>12.835361939999999,53.53631644,0.0 12.83540209,53.53630773,0.0</coordinates>
                </LineString>
                <LineString id="94788">
                    <coordinates>12.83464492,53.53644972999999,0.0 12.83476395,53.536431570000005,0.0 12.83494121,53.53640291,0.0 12.835143809999998,53.53636371,0.0 12.835321640000002,53.536324999999984,0.0</coordinates>
                </LineString>
                <LineString id="94790">
                    <coordinates>12.83540209,53.53630773,0.0 12.835644139999998,53.53625251999999,0.0</coordinates>
                </LineString>
                <LineString id="94792">
                    <coordinates>12.835973850000002,53.53618163999999,0.0 12.83603871,53.53616766999999,0.0</coordinates>
                </LineString>
                <LineString id="94794">
                    <coordinates>12.835321640000002,53.536324999999984,0.0 12.835361939999999,53.53631644,0.0</coordinates>
                </LineString>
                <LineString id="94796">
                    <coordinates>12.835644139999998,53.53625251999999,0.0 12.835973850000002,53.53618163999999,0.0</coordinates>
                </LineString>
                <LineString id="94798">
                    <coordinates>12.82943946,53.53972229,0.0 12.82952381,53.539716019999986,0.0 12.829697700000002,53.539700630000006,0.0 12.829929309999997,53.53967361999998,0.0 12.83017332,53.5396417,0.0 12.83027076,53.53962816999999,0.0 12.830479269999998,53.539605259999995,0.0 12.830765630000002,53.53957481,0.0 12.83092695,53.53955548,0.0 12.831134849999998,53.53953092,0.0 12.83132316,53.53951249,0.0 12.83152925,53.539493529999994,0.0 12.831807769999998,53.53945770999999,0.0</coordinates>
                </LineString>
                <LineString id="94800">
                    <coordinates>12.824198040000002,53.54022569999999,0.0 12.824336580000002,53.54017756,0.0 12.82455191,53.540118670000005,0.0 12.824804630000001,53.54004694,0.0 12.82483748,53.54003963000001,0.0 12.825183629999998,53.53998187999999,0.0 12.825351399999999,53.53995549999999,0.0 12.82551224,53.53994343,0.0 12.825640129999996,53.539934269999996,0.0 12.82596589,53.53991892999999,0.0 12.826191509999997,53.53990741999999,0.0 12.826470799999997,53.53988417,0.0 12.82653977,53.53989701999999,0.0 12.826577149999999,53.53988336999999,0.0 12.826612300000003,53.53986462,0.0 12.82666178,53.539860649999994,0.0 12.82684174,53.539850300000005,0.0 12.82693998,53.53984397999999,0.0 12.82705094,53.53984787,0.0 12.82717642,53.53985478,0.0 12.827423410000002,53.539859439999994,0.0 12.82760558,53.53986271,0.0 12.82779408,53.53985209,0.0 12.82814353,53.539838919999994,0.0 12.82830034,53.53982617,0.0 12.828413579999998,53.53981845999999,0.0 12.828515380000002,53.53979676,0.0 12.828569989999998,53.53978686,0.0 12.82864049,53.53978076,0.0 12.828905799999998,53.539758279999994,0.0 12.82909827,53.53974476999999,0.0 12.829361140000001,53.53972815000001,0.0 12.82943946,53.53972229,0.0</coordinates>
                </LineString>
                <LineString id="94802">
                    <coordinates>12.832587719999998,53.53932465999999,0.0 12.83260409,53.53932165,0.0 12.83268681,53.53931846,0.0</coordinates>
                </LineString>
                <LineString id="94804">
                    <coordinates>12.831807769999998,53.53945770999999,0.0 12.831883369999998,53.53944907000001,0.0 12.83195577,53.539438759999996,0.0 12.832085750000001,53.53941496999999,0.0 12.832126549999998,53.53940623,0.0</coordinates>
                </LineString>
                <LineString id="94806">
                    <coordinates>12.83268681,53.53931846,0.0 12.83281114,53.53929257,0.0 12.832983629999998,53.539253249999994,0.0 12.833080309999998,53.539230169999996,0.0 12.83324334,53.53918959999999,0.0 12.833402280000001,53.53915371,0.0 12.83352054,53.53911945999999,0.0</coordinates>
                </LineString>
                <LineString id="94808">
                    <coordinates>12.83330377,53.538994550000005,0.0 12.83352054,53.53911945999999,0.0</coordinates>
                </LineString>
                <LineString id="94810">
                    <coordinates>12.83366681,53.53921329,0.0 12.833811139999998,53.539306999999994,0.0</coordinates>
                </LineString>
                <LineString id="94812">
                    <coordinates>12.833661609999998,53.5392099,0.0 12.83366681,53.53921329,0.0</coordinates>
                </LineString>
                <LineString id="94814">
                    <coordinates>12.833756629999998,53.5390869,0.0 12.833811139999998,53.539306999999994,0.0</coordinates>
                </LineString>
                <LineString id="94816">
                    <coordinates>12.833811139999998,53.539306999999994,0.0 12.83398326,53.53941390999998,0.0 12.83418217,53.539536829999996,0.0</coordinates>
                </LineString>
                <LineString id="94818">
                    <coordinates>12.834017279999998,53.53981191,0.0 12.834032989999999,53.539805339999994,0.0</coordinates>
                </LineString>
                <LineString id="94820">
                    <coordinates>12.834041059999999,53.53980123999999,0.0 12.83405046,53.539796419999995,0.0</coordinates>
                </LineString>
                <LineString id="94822">
                    <coordinates>12.83218351,53.53691572,0.0 12.83217716,53.53690677,0.0 12.83209038,53.53685175,0.0</coordinates>
                </LineString>
                <LineString id="94824">
                    <coordinates>12.831920540000002,53.536716399999996,0.0 12.831948169999999,53.53672024,0.0 12.83202376,53.53669636,0.0</coordinates>
                </LineString>
                <LineString id="94826">
                    <coordinates>12.83396945,53.539694559999994,0.0 12.83390396,53.53973128999999,0.0 12.83389735,53.539746629999996,0.0 12.83392537,53.53976474,0.0 12.83399354,53.539810239999994,0.0 12.834017279999998,53.53981191,0.0</coordinates>
                </LineString>
                <LineString id="94828">
                    <coordinates>12.83352054,53.53911945999999,0.0 12.83353353,53.539127019999995,0.0</coordinates>
                </LineString>
                <LineString id="94830">
                    <coordinates>12.834032989999999,53.539805339999994,0.0 12.834041059999999,53.53980123999999,0.0</coordinates>
                </LineString>
                <LineString id="94832">
                    <coordinates>12.833984669999998,53.53968600999999,0.0 12.83396945,53.539694559999994,0.0</coordinates>
                </LineString>
                <LineString id="94834">
                    <coordinates>12.83419014,53.53956413000001,0.0 12.83418589,53.53957017999999,0.0 12.83400257,53.53967601,0.0 12.833984669999998,53.53968600999999,0.0</coordinates>
                </LineString>
                <LineString id="94836">
                    <coordinates>12.83287722,53.53874058,0.0 12.83309591,53.53887315,0.0 12.833271389999998,53.538975629999996,0.0</coordinates>
                </LineString>
                <LineString id="94838">
                    <coordinates>12.832126549999998,53.53940623,0.0 12.832167199999997,53.53939757999999,0.0 12.832289510000003,53.53937993000001,0.0 12.832587719999998,53.53932465999999,0.0</coordinates>
                </LineString>
                <LineString id="94840">
                    <coordinates>12.83188083,53.536939399999994,0.0 12.83196742,53.53693213999999,0.0 12.832170569999999,53.53691621999999,0.0</coordinates>
                </LineString>
                <LineString id="94842">
                    <coordinates>12.83408079,53.53978149,0.0 12.83405046,53.539796419999995,0.0</coordinates>
                </LineString>
                <LineString id="94844">
                    <coordinates>12.83026502,53.5370976,0.0 12.830432729999998,53.537214350000006,0.0</coordinates>
                </LineString>
                <LineString id="94846">
                    <coordinates>12.83225779,53.5369705,0.0 12.83218351,53.53691572,0.0</coordinates>
                </LineString>
                <LineString id="94848">
                    <coordinates>12.83355002,53.53913644000001,0.0 12.833661609999998,53.5392099,0.0</coordinates>
                </LineString>
                <LineString id="94850">
                    <coordinates>12.832020929999997,53.53680537999999,0.0 12.831921849999999,53.53673734,0.0</coordinates>
                </LineString>
                <LineString id="94852">
                    <coordinates>12.83418217,53.539536829999996,0.0 12.83419557,53.53955664,0.0 12.83419014,53.53956413000001,0.0</coordinates>
                </LineString>
                <LineString id="94854">
                    <coordinates>12.833756629999998,53.5390869,0.0 12.83389039,53.539009910000004,0.0 12.833906089999997,53.53897947,0.0 12.833905019999998,53.53893351999999,0.0 12.834023050000003,53.5388985,0.0 12.83420855,53.53885936,0.0 12.834307510000002,53.53882833,0.0 12.834553,53.53873166,0.0 12.834635249999998,53.538670229999994,0.0 12.83471053,53.538574479999994,0.0 12.83471219,53.53848488999999,0.0 12.83468675,53.538325,0.0 12.83464385,53.53826806999999,0.0 12.834523329999998,53.53817165999999,0.0 12.83422567,53.53804785999999,0.0 12.833996740000002,53.5380037,0.0 12.833822699999999,53.53795922999999,0.0 12.833500569999998,53.537896849999996,0.0 12.83330711,53.537839399999996,0.0 12.83316485,53.53778161,0.0 12.833105810000001,53.53770229,0.0 12.83309507,53.53764140999999,0.0 12.833108859999998,53.53751945999999,0.0 12.833075879999999,53.537464529999994,0.0 12.83298525,53.53741573999999,0.0 12.832817389999999,53.53735625,0.0 12.83269478,53.53731271,0.0 12.83262303,53.53723973999998,0.0 12.83225779,53.5369705,0.0</coordinates>
                </LineString>
                <LineString id="94856">
                    <coordinates>12.830936149999996,53.53727909999999,0.0 12.83106182,53.5372427,0.0 12.831391569999997,53.537137279999996,0.0 12.83151217,53.53709264,0.0 12.831646300000001,53.53703987000001,0.0 12.831677920000002,53.53702468000001,0.0</coordinates>
                </LineString>
            </MultiGeometry>
        </Placemark>
        <Placemark id="94863">
            <name>MultiPoint</name>
            <styleUrl>#95598</styleUrl>
            <MultiGeometry id="94862">
                <Point id="94864">
                    <coordinates>12.7304719737371,53.58345444617311,0.0</coordinates>
                </Point>
                <Point id="94866">
                    <coordinates>12.730185709914098,53.58330517573529,0.0</coordinates>
                </Point>
                <Point id="94868">
                    <coordinates>12.729797885074397,53.583246573620784,0.0</coordinates>
                </Point>
                <Point id="94870">
                    <coordinates>12.7323150514271,53.5835163073489,0.0</coordinates>
                </Point>
                <Point id="94872">
                    <coordinates>12.7321447740859,53.5834170795494,0.0</coordinates>
                </Point>
                <Point id="94874">
                    <coordinates>12.731957024036,53.5829722803086,0.0</coordinates>
                </Point>
                <Point id="94876">
                    <coordinates>12.731373267690099,53.5826037466536,0.0</coordinates>
                </Point>
                <Point id="94878">
                    <coordinates>12.7288571841321,53.5824306199456,0.0</coordinates>
                </Point>
                <Point id="94880">
                    <coordinates>12.765077740162898,53.602188682122794,0.0</coordinates>
                </Point>
                <Point id="94882">
                    <coordinates>12.763122857177002,53.60235161051989,0.0</coordinates>
                </Point>
                <Point id="94884">
                    <coordinates>12.7649393907287,53.602408765341295,0.0</coordinates>
                </Point>
                <Point id="94886">
                    <coordinates>12.763487600943298,53.601990733688794,0.0</coordinates>
                </Point>
                <Point id="94888">
                    <coordinates>12.7636421804602,53.60172447424488,0.0</coordinates>
                </Point>
                <Point id="94890">
                    <coordinates>12.762994299252998,53.60157126749969,0.0</coordinates>
                </Point>
                <Point id="94892">
                    <coordinates>12.7577845441182,53.602023083708694,0.0</coordinates>
                </Point>
                <Point id="94894">
                    <coordinates>12.760690583692798,53.6008662381381,0.0</coordinates>
                </Point>
                <Point id="94896">
                    <coordinates>12.759701901530402,53.60103634741241,0.0</coordinates>
                </Point>
                <Point id="94898">
                    <coordinates>12.7582952285132,53.601496100165605,0.0</coordinates>
                </Point>
                <Point id="94900">
                    <coordinates>12.7581221609933,53.6013013673679,0.0</coordinates>
                </Point>
                <Point id="94902">
                    <coordinates>12.758773876973901,53.6016048058717,0.0</coordinates>
                </Point>
                <Point id="94904">
                    <coordinates>12.7590512235624,53.60151694497839,0.0</coordinates>
                </Point>
                <Point id="94906">
                    <coordinates>12.7587230970042,53.6012165559259,0.0</coordinates>
                </Point>
                <Point id="94908">
                    <coordinates>12.775964123999998,53.58309921199999,0.0</coordinates>
                </Point>
                <Point id="94910">
                    <coordinates>12.736899529000002,53.586495268,0.0</coordinates>
                </Point>
                <Point id="94912">
                    <coordinates>12.776634163,53.58278901,0.0</coordinates>
                </Point>
                <Point id="94914">
                    <coordinates>12.776465012,53.58318538499999,0.0</coordinates>
                </Point>
                <Point id="94916">
                    <coordinates>12.776707561,53.583012178,0.0</coordinates>
                </Point>
                <Point id="94918">
                    <coordinates>12.829092816,53.57864211,0.0</coordinates>
                </Point>
                <Point id="94920">
                    <coordinates>12.825076996999998,53.582067616999986,0.0</coordinates>
                </Point>
                <Point id="94922">
                    <coordinates>12.82565784,53.58163234999999,0.0</coordinates>
                </Point>
                <Point id="94924">
                    <coordinates>12.825862333999998,53.58115593,0.0</coordinates>
                </Point>
                <Point id="94926">
                    <coordinates>12.830660241,53.578530141,0.0</coordinates>
                </Point>
                <Point id="94928">
                    <coordinates>12.830709598,53.578492877,0.0</coordinates>
                </Point>
                <Point id="94930">
                    <coordinates>12.83057175,53.57859690200001,0.0</coordinates>
                </Point>
                <Point id="94932">
                    <coordinates>12.830738937208201,53.57846776927331,0.0</coordinates>
                </Point>
                <Point id="94934">
                    <coordinates>12.8312051542014,53.578322091440484,0.0</coordinates>
                </Point>
                <Point id="94936">
                    <coordinates>12.830244293646198,53.57789103281909,0.0</coordinates>
                </Point>
                <Point id="94938">
                    <coordinates>12.8302219812126,53.57746440593059,0.0</coordinates>
                </Point>
                <Point id="94940">
                    <coordinates>12.734480761,53.582647914,0.0</coordinates>
                </Point>
                <Point id="94942">
                    <coordinates>12.731466839574399,53.60761235702079,0.0</coordinates>
                </Point>
                <Point id="94944">
                    <coordinates>12.735422445340498,53.584843092556696,0.0</coordinates>
                </Point>
                <Point id="94946">
                    <coordinates>12.728979148000002,53.585487472000004,0.0</coordinates>
                </Point>
                <Point id="94948">
                    <coordinates>12.730453799999998,53.58410951999999,0.0</coordinates>
                </Point>
                <Point id="94950">
                    <coordinates>12.736633723999999,53.58644280699999,0.0</coordinates>
                </Point>
                <Point id="94952">
                    <coordinates>12.735225986,53.585077488,0.0</coordinates>
                </Point>
                <Point id="94954">
                    <coordinates>12.730827424999998,53.58387245099999,0.0</coordinates>
                </Point>
                <Point id="94956">
                    <coordinates>12.732469592,53.583256337,0.0</coordinates>
                </Point>
                <Point id="94958">
                    <coordinates>12.732269448,53.583448625,0.0</coordinates>
                </Point>
                <Point id="94960">
                    <coordinates>12.7326402939386,53.5836275423523,0.0</coordinates>
                </Point>
                <Point id="94962">
                    <coordinates>12.73286626,53.58380143099999,0.0</coordinates>
                </Point>
                <Point id="94964">
                    <coordinates>12.733761703999999,53.58283131999998,0.0</coordinates>
                </Point>
                <Point id="94966">
                    <coordinates>12.733825007999998,53.582812181,0.0</coordinates>
                </Point>
                <Point id="94968">
                    <coordinates>12.732035947,53.607535438,0.0</coordinates>
                </Point>
                <Point id="94970">
                    <coordinates>12.730575616999998,53.60805184800001,0.0</coordinates>
                </Point>
                <Point id="94972">
                    <coordinates>12.729348047,53.60816367799998,0.0</coordinates>
                </Point>
                <Point id="94974">
                    <coordinates>12.728313684,53.60861424099999,0.0</coordinates>
                </Point>
                <Point id="94976">
                    <coordinates>12.7546010374384,53.5979255098234,0.0</coordinates>
                </Point>
                <Point id="94978">
                    <coordinates>12.756783738,53.602442547,0.0</coordinates>
                </Point>
                <Point id="94980">
                    <coordinates>12.756923632999998,53.602499435999995,0.0</coordinates>
                </Point>
                <Point id="94982">
                    <coordinates>12.7564479340159,53.60164398943509,0.0</coordinates>
                </Point>
                <Point id="94984">
                    <coordinates>12.759825168999997,53.602739926999995,0.0</coordinates>
                </Point>
                <Point id="94986">
                    <coordinates>12.7594536862551,53.60248364610509,0.0</coordinates>
                </Point>
                <Point id="94988">
                    <coordinates>12.757823274,53.60084331699999,0.0</coordinates>
                </Point>
                <Point id="94990">
                    <coordinates>12.757863371,53.600871683,0.0</coordinates>
                </Point>
                <Point id="94992">
                    <coordinates>12.757778546999997,53.600811688,0.0</coordinates>
                </Point>
                <Point id="94994">
                    <coordinates>12.757992432999998,53.600857102,0.0</coordinates>
                </Point>
                <Point id="94996">
                    <coordinates>12.758725731,53.59959554900001,0.0</coordinates>
                </Point>
                <Point id="94998">
                    <coordinates>12.756766883,53.600369167,0.0</coordinates>
                </Point>
                <Point id="95000">
                    <coordinates>12.756715123999998,53.600332586,0.0</coordinates>
                </Point>
                <Point id="95002">
                    <coordinates>12.756871285,53.600457239000015,0.0</coordinates>
                </Point>
                <Point id="95004">
                    <coordinates>12.756922663000001,53.60049889500001,0.0</coordinates>
                </Point>
                <Point id="95006">
                    <coordinates>12.756345991,53.600309922,0.0</coordinates>
                </Point>
                <Point id="95008">
                    <coordinates>12.755895249,53.59995412,0.0</coordinates>
                </Point>
                <Point id="95010">
                    <coordinates>12.777884047999997,53.579577511999986,0.0</coordinates>
                </Point>
                <Point id="95012">
                    <coordinates>12.778260118,53.581841093,0.0</coordinates>
                </Point>
                <Point id="95014">
                    <coordinates>12.778385305000002,53.582620917999996,0.0</coordinates>
                </Point>
                <Point id="95016">
                    <coordinates>12.777818418000003,53.58311047899999,0.0</coordinates>
                </Point>
                <Point id="95018">
                    <coordinates>12.777225475999998,53.583167327,0.0</coordinates>
                </Point>
                <Point id="95020">
                    <coordinates>12.776719387,53.583665816999996,0.0</coordinates>
                </Point>
                <Point id="95022">
                    <coordinates>12.781251254999999,53.579640026999996,0.0</coordinates>
                </Point>
                <Point id="95024">
                    <coordinates>12.781731259999999,53.57974634699999,0.0</coordinates>
                </Point>
                <Point id="95026">
                    <coordinates>12.781953201999999,53.579795032999996,0.0</coordinates>
                </Point>
                <Point id="95028">
                    <coordinates>12.784177182999997,53.579650596,0.0</coordinates>
                </Point>
                <Point id="95030">
                    <coordinates>12.782103615999999,53.578256898,0.0</coordinates>
                </Point>
                <Point id="95032">
                    <coordinates>12.781648934999998,53.581907792,0.0</coordinates>
                </Point>
                <Point id="95034">
                    <coordinates>12.829721634,53.57714502299999,0.0</coordinates>
                </Point>
                <Point id="95036">
                    <coordinates>12.825410755,53.581504895,0.0</coordinates>
                </Point>
                <Point id="95038">
                    <coordinates>12.734112335,53.582499304999985,0.0</coordinates>
                </Point>
                <Point id="95040">
                    <coordinates>12.738214601999998,53.586627611999994,0.0</coordinates>
                </Point>
                <Point id="95042">
                    <coordinates>12.777324942,53.583341811,0.0</coordinates>
                </Point>
                <Point id="95044">
                    <coordinates>12.738647362671502,53.58655303108261,0.0</coordinates>
                </Point>
                <Point id="95046">
                    <coordinates>12.7361413200069,53.58583478601881,0.0</coordinates>
                </Point>
                <Point id="95048">
                    <coordinates>12.7360753624693,53.58572617468171,0.0</coordinates>
                </Point>
                <Point id="95050">
                    <coordinates>12.735998389284298,53.5855870924409,0.0</coordinates>
                </Point>
                <Point id="95052">
                    <coordinates>12.7357510702261,53.585250477778395,0.0</coordinates>
                </Point>
                <Point id="95054">
                    <coordinates>12.7349090032293,53.5846020523957,0.0</coordinates>
                </Point>
                <Point id="95056">
                    <coordinates>12.734297525681,53.58469292574941,0.0</coordinates>
                </Point>
                <Point id="95058">
                    <coordinates>12.734067857879998,53.58456215864809,0.0</coordinates>
                </Point>
                <Point id="95060">
                    <coordinates>12.733652211393899,53.58429822728969,0.0</coordinates>
                </Point>
                <Point id="95062">
                    <coordinates>12.733519932967898,53.5842290557325,0.0</coordinates>
                </Point>
                <Point id="95064">
                    <coordinates>12.734256208506402,53.58418089190741,0.0</coordinates>
                </Point>
                <Point id="95066">
                    <coordinates>12.733900239734902,53.5839526903288,0.0</coordinates>
                </Point>
                <Point id="95068">
                    <coordinates>12.7334375779897,53.58418584080739,0.0</coordinates>
                </Point>
                <Point id="95070">
                    <coordinates>12.7335469887627,53.58380978163599,0.0</coordinates>
                </Point>
                <Point id="95072">
                    <coordinates>12.732869977620501,53.5837805249142,0.0</coordinates>
                </Point>
                <Point id="95074">
                    <coordinates>12.732966803793397,53.5838828721775,0.0</coordinates>
                </Point>
                <Point id="95076">
                    <coordinates>12.7331302270023,53.583620795548995,0.0</coordinates>
                </Point>
                <Point id="95078">
                    <coordinates>12.733806727527,53.582804088575394,0.0</coordinates>
                </Point>
                <Point id="95080">
                    <coordinates>12.7327496252291,53.583054689288495,0.0</coordinates>
                </Point>
                <Point id="95082">
                    <coordinates>12.7330070277067,53.5826253048891,0.0</coordinates>
                </Point>
                <Point id="95084">
                    <coordinates>12.734791301844298,53.582535727204,0.0</coordinates>
                </Point>
                <Point id="95086">
                    <coordinates>12.733826994162103,53.582396603983405,0.0</coordinates>
                </Point>
                <Point id="95088">
                    <coordinates>12.7345286621475,53.58228741402349,0.0</coordinates>
                </Point>
                <Point id="95090">
                    <coordinates>12.731933032037798,53.58518255576269,0.0</coordinates>
                </Point>
                <Point id="95092">
                    <coordinates>12.7320748949303,53.58509099784249,0.0</coordinates>
                </Point>
                <Point id="95094">
                    <coordinates>12.7302263301407,53.5844002679576,0.0</coordinates>
                </Point>
                <Point id="95096">
                    <coordinates>12.759063182816298,53.600703305668084,0.0</coordinates>
                </Point>
                <Point id="95098">
                    <coordinates>12.7586578043562,53.600586378172984,0.0</coordinates>
                </Point>
                <Point id="95100">
                    <coordinates>12.757743366777397,53.60079490255679,0.0</coordinates>
                </Point>
                <Point id="95102">
                    <coordinates>12.7584376729912,53.6010413191255,0.0</coordinates>
                </Point>
                <Point id="95104">
                    <coordinates>12.758170391293199,53.6005631371062,0.0</coordinates>
                </Point>
                <Point id="95106">
                    <coordinates>12.756745499757496,53.602411241533495,0.0</coordinates>
                </Point>
                <Point id="95108">
                    <coordinates>12.7569376672664,53.60248461927279,0.0</coordinates>
                </Point>
                <Point id="95110">
                    <coordinates>12.757231599456999,53.602296135256196,0.0</coordinates>
                </Point>
                <Point id="95112">
                    <coordinates>12.756981445869698,53.601175573948495,0.0</coordinates>
                </Point>
                <Point id="95114">
                    <coordinates>12.756615881123501,53.6005822037682,0.0</coordinates>
                </Point>
                <Point id="95116">
                    <coordinates>12.756462642763,53.6007967755982,0.0</coordinates>
                </Point>
                <Point id="95118">
                    <coordinates>12.7553597357351,53.60170574175809,0.0</coordinates>
                </Point>
                <Point id="95120">
                    <coordinates>12.7566089834969,53.6003032702092,0.0</coordinates>
                </Point>
                <Point id="95122">
                    <coordinates>12.7574849242366,53.6003075725302,0.0</coordinates>
                </Point>
                <Point id="95124">
                    <coordinates>12.7565829583669,53.6001680185793,0.0</coordinates>
                </Point>
                <Point id="95126">
                    <coordinates>12.756113525299098,53.6001703233616,0.0</coordinates>
                </Point>
                <Point id="95128">
                    <coordinates>12.756328653847099,53.6002909504383,0.0</coordinates>
                </Point>
                <Point id="95130">
                    <coordinates>12.7558815102874,53.6000281513299,0.0</coordinates>
                </Point>
                <Point id="95132">
                    <coordinates>12.7560453793109,53.600126347793484,0.0</coordinates>
                </Point>
                <Point id="95134">
                    <coordinates>12.755711799394,53.599849310755204,0.0</coordinates>
                </Point>
                <Point id="95136">
                    <coordinates>12.7563502101463,53.59993971634789,0.0</coordinates>
                </Point>
                <Point id="95138">
                    <coordinates>12.7560824904544,53.5996740964779,0.0</coordinates>
                </Point>
                <Point id="95140">
                    <coordinates>12.7554442991884,53.5996016476787,0.0</coordinates>
                </Point>
                <Point id="95142">
                    <coordinates>12.755395850969302,53.5992196976967,0.0</coordinates>
                </Point>
                <Point id="95144">
                    <coordinates>12.7538003891574,53.5998023318267,0.0</coordinates>
                </Point>
                <Point id="95146">
                    <coordinates>12.753981587096398,53.59980935136709,0.0</coordinates>
                </Point>
                <Point id="95148">
                    <coordinates>12.7550335682105,53.599262872938006,0.0</coordinates>
                </Point>
                <Point id="95150">
                    <coordinates>12.7545982732575,53.5989282454031,0.0</coordinates>
                </Point>
                <Point id="95152">
                    <coordinates>12.759065280289102,53.5999516862608,0.0</coordinates>
                </Point>
                <Point id="95154">
                    <coordinates>12.758041064194401,53.6001502206894,0.0</coordinates>
                </Point>
                <Point id="95156">
                    <coordinates>12.7582113545118,53.60003885216899,0.0</coordinates>
                </Point>
                <Point id="95158">
                    <coordinates>12.7589863521486,53.599579923285,0.0</coordinates>
                </Point>
                <Point id="95160">
                    <coordinates>12.7549560358191,53.59855085276771,0.0</coordinates>
                </Point>
                <Point id="95162">
                    <coordinates>12.7560945606161,53.5975795852161,0.0</coordinates>
                </Point>
                <Point id="95164">
                    <coordinates>12.7555116784113,53.59737529352049,0.0</coordinates>
                </Point>
                <Point id="95166">
                    <coordinates>12.7564686304428,53.5973136712608,0.0</coordinates>
                </Point>
                <Point id="95168">
                    <coordinates>12.757201743684499,53.59597482204969,0.0</coordinates>
                </Point>
                <Point id="95170">
                    <coordinates>12.7573991026219,53.5956962105921,0.0</coordinates>
                </Point>
                <Point id="95172">
                    <coordinates>12.7577614131934,53.5961052612625,0.0</coordinates>
                </Point>
                <Point id="95174">
                    <coordinates>12.759361211387,53.5936194101553,0.0</coordinates>
                </Point>
                <Point id="95176">
                    <coordinates>12.759845603104802,53.5937761533542,0.0</coordinates>
                </Point>
                <Point id="95178">
                    <coordinates>12.8000222284388,53.5806004569851,0.0</coordinates>
                </Point>
                <Point id="95180">
                    <coordinates>12.800810246411,53.580753499088594,0.0</coordinates>
                </Point>
                <Point id="95182">
                    <coordinates>12.8022789701156,53.580526768656895,0.0</coordinates>
                </Point>
                <Point id="95184">
                    <coordinates>12.824886693080499,53.582173256540194,0.0</coordinates>
                </Point>
                <Point id="95186">
                    <coordinates>12.825017653895298,53.58204208352339,0.0</coordinates>
                </Point>
                <Point id="95188">
                    <coordinates>12.825760740946498,53.58150247908911,0.0</coordinates>
                </Point>
                <Point id="95190">
                    <coordinates>12.825912844949197,53.58133985068899,0.0</coordinates>
                </Point>
                <Point id="95192">
                    <coordinates>12.826088454035698,53.581259556946094,0.0</coordinates>
                </Point>
                <Point id="95194">
                    <coordinates>12.826268024251199,53.58116438821189,0.0</coordinates>
                </Point>
                <Point id="95196">
                    <coordinates>12.826379085375198,53.581089494567806,0.0</coordinates>
                </Point>
                <Point id="95198">
                    <coordinates>12.826602672410003,53.58087136017271,0.0</coordinates>
                </Point>
                <Point id="95200">
                    <coordinates>12.825648503568297,53.58157617269389,0.0</coordinates>
                </Point>
                <Point id="95202">
                    <coordinates>12.8226255340655,53.5826731701575,0.0</coordinates>
                </Point>
                <Point id="95204">
                    <coordinates>12.8231504681013,53.582666907705,0.0</coordinates>
                </Point>
                <Point id="95206">
                    <coordinates>12.827780675852802,53.58037507648711,0.0</coordinates>
                </Point>
                <Point id="95208">
                    <coordinates>12.8271459006791,53.580025791303896,0.0</coordinates>
                </Point>
                <Point id="95210">
                    <coordinates>12.828964589473701,53.578594020314796,0.0</coordinates>
                </Point>
                <Point id="95212">
                    <coordinates>12.8285227206274,53.57875079317979,0.0</coordinates>
                </Point>
                <Point id="95214">
                    <coordinates>12.829578374267598,53.5784011003538,0.0</coordinates>
                </Point>
                <Point id="95216">
                    <coordinates>12.830037246086,53.5771356097825,0.0</coordinates>
                </Point>
                <Point id="95218">
                    <coordinates>12.829411868425996,53.577063400899995,0.0</coordinates>
                </Point>
                <Point id="95220">
                    <coordinates>12.8295469491516,53.57705045735489,0.0</coordinates>
                </Point>
                <Point id="95222">
                    <coordinates>12.828568236058201,53.577172762561304,0.0</coordinates>
                </Point>
                <Point id="95224">
                    <coordinates>12.82688811409,53.580673154579,0.0</coordinates>
                </Point>
                <Point id="95226">
                    <coordinates>12.8270870053692,53.580560032211594,0.0</coordinates>
                </Point>
                <Point id="95228">
                    <coordinates>12.8268295861886,53.580286404962,0.0</coordinates>
                </Point>
                <Point id="95230">
                    <coordinates>12.765802482105798,53.5816893711936,0.0</coordinates>
                </Point>
                <Point id="95232">
                    <coordinates>12.764769101733798,53.5814530307304,0.0</coordinates>
                </Point>
                <Point id="95234">
                    <coordinates>12.763742862921697,53.58116446162919,0.0</coordinates>
                </Point>
                <Point id="95236">
                    <coordinates>12.763649365408499,53.5809293155637,0.0</coordinates>
                </Point>
                <Point id="95238">
                    <coordinates>12.771858445086497,53.585926660575694,0.0</coordinates>
                </Point>
                <Point id="95240">
                    <coordinates>12.7814260226932,53.58320568830461,0.0</coordinates>
                </Point>
                <Point id="95242">
                    <coordinates>12.781554927045699,53.58298641656499,0.0</coordinates>
                </Point>
                <Point id="95244">
                    <coordinates>12.7806807905674,53.583189284830205,0.0</coordinates>
                </Point>
                <Point id="95246">
                    <coordinates>12.781967030608998,53.5825987771343,0.0</coordinates>
                </Point>
                <Point id="95248">
                    <coordinates>12.780895496894297,53.582924678623,0.0</coordinates>
                </Point>
                <Point id="95250">
                    <coordinates>12.7810040376324,53.58276569542251,0.0</coordinates>
                </Point>
                <Point id="95252">
                    <coordinates>12.7819240761725,53.58210297142999,0.0</coordinates>
                </Point>
                <Point id="95254">
                    <coordinates>12.781368630626798,53.5822097046016,0.0</coordinates>
                </Point>
                <Point id="95256">
                    <coordinates>12.7815953113063,53.5819934759125,0.0</coordinates>
                </Point>
                <Point id="95258">
                    <coordinates>12.782082897905301,53.5819146343254,0.0</coordinates>
                </Point>
                <Point id="95260">
                    <coordinates>12.781751228621202,53.581420954739905,0.0</coordinates>
                </Point>
                <Point id="95262">
                    <coordinates>12.7823574935644,53.581439072772596,0.0</coordinates>
                </Point>
                <Point id="95264">
                    <coordinates>12.7825511982252,53.58129126934458,0.0</coordinates>
                </Point>
                <Point id="95266">
                    <coordinates>12.7818354422542,53.5813080765908,0.0</coordinates>
                </Point>
                <Point id="95268">
                    <coordinates>12.788128961301497,53.57669362170019,0.0</coordinates>
                </Point>
                <Point id="95270">
                    <coordinates>12.782880180229398,53.5807752094389,0.0</coordinates>
                </Point>
                <Point id="95272">
                    <coordinates>12.7827377415936,53.5809402014831,0.0</coordinates>
                </Point>
                <Point id="95274">
                    <coordinates>12.782147383755198,53.58100802641339,0.0</coordinates>
                </Point>
                <Point id="95276">
                    <coordinates>12.782520247541301,53.5806634384548,0.0</coordinates>
                </Point>
                <Point id="95278">
                    <coordinates>12.782578347718298,53.5805555113077,0.0</coordinates>
                </Point>
                <Point id="95280">
                    <coordinates>12.7828652809301,53.580183639138696,0.0</coordinates>
                </Point>
                <Point id="95282">
                    <coordinates>12.782797542699702,53.580267955051504,0.0</coordinates>
                </Point>
                <Point id="95284">
                    <coordinates>12.7833813770938,53.5806294093171,0.0</coordinates>
                </Point>
                <Point id="95286">
                    <coordinates>12.7833770957376,53.580123258060986,0.0</coordinates>
                </Point>
                <Point id="95288">
                    <coordinates>12.7833314804732,53.58027355421431,0.0</coordinates>
                </Point>
                <Point id="95290">
                    <coordinates>12.784109299111503,53.5795690688072,0.0</coordinates>
                </Point>
                <Point id="95292">
                    <coordinates>12.7838971287509,53.579305735655694,0.0</coordinates>
                </Point>
                <Point id="95294">
                    <coordinates>12.7833897773628,53.5793238013154,0.0</coordinates>
                </Point>
                <Point id="95296">
                    <coordinates>12.7815409674207,53.57970253152029,0.0</coordinates>
                </Point>
                <Point id="95298">
                    <coordinates>12.781081072092599,53.5797478615932,0.0</coordinates>
                </Point>
                <Point id="95300">
                    <coordinates>12.781954535832599,53.57984380309279,0.0</coordinates>
                </Point>
                <Point id="95302">
                    <coordinates>12.780834786838,53.579463632861,0.0</coordinates>
                </Point>
                <Point id="95304">
                    <coordinates>12.7810608064533,53.57950036274519,0.0</coordinates>
                </Point>
                <Point id="95306">
                    <coordinates>12.7812703700035,53.57922958814,0.0</coordinates>
                </Point>
                <Point id="95308">
                    <coordinates>12.7876345783412,53.57673372150201,0.0</coordinates>
                </Point>
                <Point id="95310">
                    <coordinates>12.7848255445922,53.5775972597785,0.0</coordinates>
                </Point>
                <Point id="95312">
                    <coordinates>12.784768078477997,53.577325262946495,0.0</coordinates>
                </Point>
                <Point id="95314">
                    <coordinates>12.7849221421602,53.5771632581775,0.0</coordinates>
                </Point>
                <Point id="95316">
                    <coordinates>12.7849750493083,53.57712731150419,0.0</coordinates>
                </Point>
                <Point id="95318">
                    <coordinates>12.781428530253399,53.578964650834,0.0</coordinates>
                </Point>
                <Point id="95320">
                    <coordinates>12.784092730824598,53.578916109510295,0.0</coordinates>
                </Point>
                <Point id="95322">
                    <coordinates>12.784397417833798,53.578577165106395,0.0</coordinates>
                </Point>
                <Point id="95324">
                    <coordinates>12.7845048903887,53.5784773809609,0.0</coordinates>
                </Point>
                <Point id="95326">
                    <coordinates>12.776152461653,53.583639863384406,0.0</coordinates>
                </Point>
                <Point id="95328">
                    <coordinates>12.779106418150999,53.58387092228739,0.0</coordinates>
                </Point>
                <Point id="95330">
                    <coordinates>12.7786469392389,53.5839892407765,0.0</coordinates>
                </Point>
                <Point id="95332">
                    <coordinates>12.7786801549095,53.583909696458996,0.0</coordinates>
                </Point>
                <Point id="95334">
                    <coordinates>12.778682158531398,53.5838050217341,0.0</coordinates>
                </Point>
                <Point id="95336">
                    <coordinates>12.7789162290962,53.583381136782194,0.0</coordinates>
                </Point>
                <Point id="95338">
                    <coordinates>12.778927798442798,53.5829959794775,0.0</coordinates>
                </Point>
                <Point id="95340">
                    <coordinates>12.7789692929622,53.5827480357073,0.0</coordinates>
                </Point>
                <Point id="95342">
                    <coordinates>12.778892022798201,53.582361074110004,0.0</coordinates>
                </Point>
                <Point id="95344">
                    <coordinates>12.778231328836698,53.583039168824904,0.0</coordinates>
                </Point>
                <Point id="95346">
                    <coordinates>12.7778507741183,53.5829049139549,0.0</coordinates>
                </Point>
                <Point id="95348">
                    <coordinates>12.7783184307249,53.5824451896811,0.0</coordinates>
                </Point>
                <Point id="95350">
                    <coordinates>12.778265287216998,53.5825917578317,0.0</coordinates>
                </Point>
                <Point id="95352">
                    <coordinates>12.778294049772098,53.5823118406078,0.0</coordinates>
                </Point>
                <Point id="95354">
                    <coordinates>12.7777493511843,53.582247224344,0.0</coordinates>
                </Point>
                <Point id="95356">
                    <coordinates>12.778879967092701,53.581989948316505,0.0</coordinates>
                </Point>
                <Point id="95358">
                    <coordinates>12.778205324504999,53.58194240854829,0.0</coordinates>
                </Point>
                <Point id="95360">
                    <coordinates>12.7777862416067,53.58172875300318,0.0</coordinates>
                </Point>
                <Point id="95362">
                    <coordinates>12.778759405523502,53.5814680995981,0.0</coordinates>
                </Point>
                <Point id="95364">
                    <coordinates>12.7759906322903,53.58311942637949,0.0</coordinates>
                </Point>
                <Point id="95366">
                    <coordinates>12.776520756934397,53.58345709468069,0.0</coordinates>
                </Point>
                <Point id="95368">
                    <coordinates>12.7773129650035,53.58314911019079,0.0</coordinates>
                </Point>
                <Point id="95370">
                    <coordinates>12.777207367680699,53.582607510234695,0.0</coordinates>
                </Point>
                <Point id="95372">
                    <coordinates>12.776635079386999,53.5830241607402,0.0</coordinates>
                </Point>
                <Point id="95374">
                    <coordinates>12.7768000082014,53.58272140388231,0.0</coordinates>
                </Point>
                <Point id="95376">
                    <coordinates>12.7776997165636,53.58232397568099,0.0</coordinates>
                </Point>
                <Point id="95378">
                    <coordinates>12.7781424221602,53.5799111791078,0.0</coordinates>
                </Point>
                <Point id="95380">
                    <coordinates>12.777638616076,53.5795216240387,0.0</coordinates>
                </Point>
                <Point id="95382">
                    <coordinates>12.7776844167567,53.579379155906196,0.0</coordinates>
                </Point>
                <Point id="95384">
                    <coordinates>12.780558676614598,53.57991086230849,0.0</coordinates>
                </Point>
                <Point id="95386">
                    <coordinates>12.7791477088245,53.579153436544395,0.0</coordinates>
                </Point>
                <Point id="95388">
                    <coordinates>12.7782918813606,53.57943544536939,0.0</coordinates>
                </Point>
                <Point id="95390">
                    <coordinates>12.7786654885235,53.5794692155693,0.0</coordinates>
                </Point>
                <Point id="95392">
                    <coordinates>12.7784149688051,53.57943039032319,0.0</coordinates>
                </Point>
                <Point id="95394">
                    <coordinates>12.777627487083098,53.5790139490122,0.0</coordinates>
                </Point>
                <Point id="95396">
                    <coordinates>12.7365531109047,53.586652637723105,0.0</coordinates>
                </Point>
                <Point id="95398">
                    <coordinates>12.7364174551006,53.586696612638,0.0</coordinates>
                </Point>
                <Point id="95400">
                    <coordinates>12.736781148337,53.58702662140241,0.0</coordinates>
                </Point>
                <Point id="95402">
                    <coordinates>12.734778213,53.58534428499999,0.0</coordinates>
                </Point>
                <Point id="95404">
                    <coordinates>12.7592608716104,53.5931839243573,0.0</coordinates>
                </Point>
                <Point id="95406">
                    <coordinates>12.733514488796,53.582499847193,0.0</coordinates>
                </Point>
                <Point id="95408">
                    <coordinates>12.8248990741417,53.581729327838,0.0</coordinates>
                </Point>
                <Point id="95410">
                    <coordinates>12.824537453304801,53.5825353990718,0.0</coordinates>
                </Point>
                <Point id="95412">
                    <coordinates>12.736056058387398,53.584101804506595,0.0</coordinates>
                </Point>
                <Point id="95414">
                    <coordinates>12.776032932077198,53.5763364321063,0.0</coordinates>
                </Point>
                <Point id="95416">
                    <coordinates>12.777855308999998,53.57871953399999,0.0</coordinates>
                </Point>
                <Point id="95418">
                    <coordinates>12.780510571838,53.5797054425217,0.0</coordinates>
                </Point>
                <Point id="95420">
                    <coordinates>12.827944962797798,53.578959124417295,0.0</coordinates>
                </Point>
                <Point id="95422">
                    <coordinates>12.8265061487891,53.580538527478,0.0</coordinates>
                </Point>
                <Point id="95424">
                    <coordinates>12.7784647531162,53.583637574667186,0.0</coordinates>
                </Point>
                <Point id="95426">
                    <coordinates>12.781160458902798,53.582543552863186,0.0</coordinates>
                </Point>
                <Point id="95428">
                    <coordinates>12.7300408056333,53.60802473738931,0.0</coordinates>
                </Point>
                <Point id="95430">
                    <coordinates>12.823865372357,53.583091353494694,0.0</coordinates>
                </Point>
                <Point id="95432">
                    <coordinates>12.7779980909398,53.58348523030699,0.0</coordinates>
                </Point>
                <Point id="95434">
                    <coordinates>12.732872827876198,53.583442493508294,0.0</coordinates>
                </Point>
                <Point id="95436">
                    <coordinates>12.777720147388102,53.5836159498554,0.0</coordinates>
                </Point>
                <Point id="95438">
                    <coordinates>12.829050844999998,53.577698998,0.0</coordinates>
                </Point>
                <Point id="95440">
                    <coordinates>12.764201060599,53.581335472152496,0.0</coordinates>
                </Point>
                <Point id="95442">
                    <coordinates>12.728715469238598,53.58171373287169,0.0</coordinates>
                </Point>
                <Point id="95444">
                    <coordinates>12.781278186213,53.583357022314196,0.0</coordinates>
                </Point>
                <Point id="95446">
                    <coordinates>12.777897861916202,53.583871472055186,0.0</coordinates>
                </Point>
                <Point id="95448">
                    <coordinates>12.7819780201196,53.5823453209457,0.0</coordinates>
                </Point>
                <Point id="95450">
                    <coordinates>12.7302277217387,53.5845328092498,0.0</coordinates>
                </Point>
                <Point id="95452">
                    <coordinates>12.7331732161911,53.5854132835506,0.0</coordinates>
                </Point>
                <Point id="95454">
                    <coordinates>12.757491021382899,53.600164671379495,0.0</coordinates>
                </Point>
                <Point id="95456">
                    <coordinates>12.7783406315261,53.5833350479375,0.0</coordinates>
                </Point>
                <Point id="95458">
                    <coordinates>12.7846488286367,53.5779992096353,0.0</coordinates>
                </Point>
                <Point id="95460">
                    <coordinates>12.755277926339499,53.599487097910696,0.0</coordinates>
                </Point>
                <Point id="95462">
                    <coordinates>12.7569245761193,53.60144215129511,0.0</coordinates>
                </Point>
                <Point id="95464">
                    <coordinates>12.783089257000002,53.58038014200001,0.0</coordinates>
                </Point>
                <Point id="95466">
                    <coordinates>12.7340289080607,53.58531197190231,0.0</coordinates>
                </Point>
                <Point id="95468">
                    <coordinates>12.7805316738232,53.579472542565,0.0</coordinates>
                </Point>
                <Point id="95470">
                    <coordinates>12.782350319953098,53.580840530034195,0.0</coordinates>
                </Point>
                <Point id="95472">
                    <coordinates>12.826087266321098,53.580852995937796,0.0</coordinates>
                </Point>
                <Point id="95474">
                    <coordinates>12.781012642,53.58171069,0.0</coordinates>
                </Point>
                <Point id="95476">
                    <coordinates>12.757850499964901,53.6011416208225,0.0</coordinates>
                </Point>
                <Point id="95478">
                    <coordinates>12.75790458,53.60090082399999,0.0</coordinates>
                </Point>
                <Point id="95480">
                    <coordinates>12.757944078999998,53.600928758999984,0.0</coordinates>
                </Point>
                <Point id="95482">
                    <coordinates>12.758072574000002,53.600912208000004,0.0</coordinates>
                </Point>
                <Point id="95484">
                    <coordinates>12.781214186676403,53.5815348437133,0.0</coordinates>
                </Point>
                <Point id="95486">
                    <coordinates>12.7126910591805,53.5847724890538,0.0</coordinates>
                </Point>
                <Point id="95488">
                    <coordinates>12.7327582385932,53.60741526144271,0.0</coordinates>
                </Point>
                <Point id="95490">
                    <coordinates>12.731270534,53.58354718999999,0.0</coordinates>
                </Point>
                <Point id="95492">
                    <coordinates>12.777935781,53.58286009,0.0</coordinates>
                </Point>
                <Point id="95494">
                    <coordinates>12.781004314,53.57958505299999,0.0</coordinates>
                </Point>
                <Point id="95496">
                    <coordinates>12.783043866000002,53.579695644,0.0</coordinates>
                </Point>
                <Point id="95498">
                    <coordinates>12.781659506,53.582760948,0.0</coordinates>
                </Point>
                <Point id="95500">
                    <coordinates>12.777058237,53.583477908,0.0</coordinates>
                </Point>
                <Point id="95502">
                    <coordinates>12.83355126,53.53929972499999,0.0</coordinates>
                </Point>
                <Point id="95504">
                    <coordinates>12.832628916928197,53.5394524800408,0.0</coordinates>
                </Point>
                <Point id="95506">
                    <coordinates>12.8323264311267,53.5395126849507,0.0</coordinates>
                </Point>
                <Point id="95508">
                    <coordinates>12.829488062050899,53.5399965393097,0.0</coordinates>
                </Point>
                <Point id="95510">
                    <coordinates>12.8324981024886,53.5386712395462,0.0</coordinates>
                </Point>
                <Point id="95512">
                    <coordinates>12.8359011076959,53.535917892241,0.0</coordinates>
                </Point>
                <Point id="95514">
                    <coordinates>12.8353994129145,53.5360177984823,0.0</coordinates>
                </Point>
                <Point id="95516">
                    <coordinates>12.834180925113102,53.5362457466666,0.0</coordinates>
                </Point>
                <Point id="95518">
                    <coordinates>12.835298961453699,53.53604204383469,0.0</coordinates>
                </Point>
                <Point id="95520">
                    <coordinates>12.8346598431936,53.53618899996629,0.0</coordinates>
                </Point>
                <Point id="95522">
                    <coordinates>12.831087057773198,53.537310796776595,0.0</coordinates>
                </Point>
                <Point id="95524">
                    <coordinates>12.830469940611199,53.537390145206295,0.0</coordinates>
                </Point>
                <Point id="95526">
                    <coordinates>12.8300193734712,53.5371597656851,0.0</coordinates>
                </Point>
                <Point id="95528">
                    <coordinates>12.831846112644198,53.5370113970761,0.0</coordinates>
                </Point>
                <Point id="95530">
                    <coordinates>12.832055723527601,53.53661300028439,0.0</coordinates>
                </Point>
                <Point id="95532">
                    <coordinates>12.8335353958173,53.539268185323984,0.0</coordinates>
                </Point>
                <Point id="95534">
                    <coordinates>12.7281985453818,53.609171906264386,0.0</coordinates>
                </Point>
                <Point id="95536">
                    <coordinates>12.7301561811765,53.6085061289856,0.0</coordinates>
                </Point>
                <Point id="95538">
                    <coordinates>12.7283377231378,53.6088710060674,0.0</coordinates>
                </Point>
                <Point id="95540">
                    <coordinates>12.728880276637998,53.60859864212439,0.0</coordinates>
                </Point>
                <Point id="95542">
                    <coordinates>12.7285472353393,53.6088190323269,0.0</coordinates>
                </Point>
                <Point id="95544">
                    <coordinates>12.7284412810423,53.608555963740095,0.0</coordinates>
                </Point>
                <Point id="95546">
                    <coordinates>12.7281642234083,53.60912928895401,0.0</coordinates>
                </Point>
                <Point id="95548">
                    <coordinates>12.728418536241302,53.60845012231369,0.0</coordinates>
                </Point>
                <Point id="95550">
                    <coordinates>12.729559385714198,53.6084100192267,0.0</coordinates>
                </Point>
                <Point id="95552">
                    <coordinates>12.7304671828327,53.60804044298471,0.0</coordinates>
                </Point>
                <Point id="95554">
                    <coordinates>12.730397454619801,53.60788610375721,0.0</coordinates>
                </Point>
                <Point id="95556">
                    <coordinates>12.728110305538202,53.60827095521851,0.0</coordinates>
                </Point>
                <Point id="95558">
                    <coordinates>12.733472698944698,53.607554709795686,0.0</coordinates>
                </Point>
                <Point id="95560">
                    <coordinates>12.7319343536275,53.60815490226799,0.0</coordinates>
                </Point>
                <Point id="95562">
                    <coordinates>12.7315490514976,53.60778181071941,0.0</coordinates>
                </Point>
                <Point id="95564">
                    <coordinates>12.731657275768002,53.6075745411935,0.0</coordinates>
                </Point>
                <Point id="95566">
                    <coordinates>12.730941503297002,53.608003218330694,0.0</coordinates>
                </Point>
                <Point id="95568">
                    <coordinates>12.7308375776791,53.60773466805481,0.0</coordinates>
                </Point>
                <Point id="95570">
                    <coordinates>12.7309134469412,53.607707002031496,0.0</coordinates>
                </Point>
                <Point id="95572">
                    <coordinates>12.731210980409502,53.6079335382855,0.0</coordinates>
                </Point>
                <Point id="95574">
                    <coordinates>12.731984424957002,53.60754469040819,0.0</coordinates>
                </Point>
                <Point id="95576">
                    <coordinates>12.7298527361317,53.60452808145029,0.0</coordinates>
                </Point>
                <Point id="95578">
                    <coordinates>12.7286398344168,53.6029367852589,0.0</coordinates>
                </Point>
                <Point id="95580">
                    <coordinates>12.732912882479901,53.5856031908814,0.0</coordinates>
                </Point>
                <Point id="95582">
                    <coordinates>12.727759634423197,53.58565981298809,0.0</coordinates>
                </Point>
                <Point id="95584">
                    <coordinates>12.7367413875791,53.58804186615791,0.0</coordinates>
                </Point>
                <Point id="95586">
                    <coordinates>12.7385621576328,53.586936457769404,0.0</coordinates>
                </Point>
                <Point id="95588">
                    <coordinates>12.738287613964799,53.58696397982488,0.0</coordinates>
                </Point>
                <Point id="95590">
                    <coordinates>12.737219506857599,53.586478307112195,0.0</coordinates>
                </Point>
                <Point id="95592">
                    <coordinates>12.7375236855193,53.58646615553009,0.0</coordinates>
                </Point>
                <Point id="95594">
                    <coordinates>12.737891003773699,53.58651935573799,0.0</coordinates>
                </Point>
                <Point id="95596">
                    <coordinates>12.7384069906733,53.586440835011295,0.0</coordinates>
                </Point>
            </MultiGeometry>
        </Placemark>
    </Document>
</kml>
