<?xml version="1.0" encoding="UTF-8"?>
<kml xmlns="http://www.opengis.net/kml/2.2" xmlns:gx="http://www.google.com/kml/ext/2.2">
    <Document id="28017">
        <Style id="34652">
            <IconStyle id="34653">
                <color>ff0000ff</color>
                <colorMode>normal</colorMode>
                <scale>1</scale>
                <heading>0</heading>
                <Icon id="34654">
                    <href>http://maps.google.com/mapfiles/kml/pushpin/ylw-pushpin.png</href>
                </Icon>
            </IconStyle>
            <LineStyle id="34655">
                <color>ff0000ff</color>
                <colorMode>normal</colorMode>
                <width>5</width>
            </LineStyle>
        </Style>
        <Style id="36310">
            <IconStyle id="36312">
                <colorMode>normal</colorMode>
                <scale>1</scale>
                <heading>0</heading>
                <Icon id="36313">
                    <href>http://maps.google.com/mapfiles/kml/shapes/placemark_circle.png</href>
                </Icon>
            </IconStyle>
            <LabelStyle id="36311">
                <colorMode>normal</colorMode>
                <scale>0.0</scale>
            </LabelStyle>
        </Style>
        <open>1</open>
        <Placemark id="28019">
            <name>MultiLine</name>
            <styleUrl>#34652</styleUrl>
            <MultiGeometry id="28018">
                <LineString id="28020">
                    <coordinates>10.216021965883199,51.218329711078894,0.0 10.2158642461321,51.2183805879089,0.0</coordinates>
                </LineString>
                <LineString id="28022">
                    <coordinates>10.2819500283032,51.17624589434,0.0 10.2819508032526,51.17623465984051,0.0</coordinates>
                </LineString>
                <LineString id="28024">
                    <coordinates>10.220292320035401,51.21624961768711,0.0 10.220264362772701,51.21626380053019,0.0</coordinates>
                </LineString>
                <LineString id="28026">
                    <coordinates>10.2180252541576,51.21534415984829,0.0 10.2178753820508,51.215173837333694,0.0</coordinates>
                </LineString>
                <LineString id="28028">
                    <coordinates>10.2274323277582,51.213181696353,0.0 10.2274039661097,51.2131837749066,0.0</coordinates>
                </LineString>
                <LineString id="28030">
                    <coordinates>10.2276073771875,51.213362060455495,0.0 10.2275950189402,51.2133551401897,0.0 10.2274971148183,51.21329634960579,0.0 10.2274256881294,51.2132521363483,0.0 10.2273992082991,51.213211525331694,0.0 10.2274039661097,51.2131837749066,0.0</coordinates>
                </LineString>
                <LineString id="28032">
                    <coordinates>10.2152778544433,51.21862219472159,0.0 10.2152982308107,51.2187531138215,0.0</coordinates>
                </LineString>
                <LineString id="28034">
                    <coordinates>10.2757547815198,51.177494539608986,0.0 10.2756777520037,51.17752985702149,0.0 10.275583405963403,51.1775662496448,0.0 10.2755271036685,51.177589943320406,0.0</coordinates>
                </LineString>
                <LineString id="28036">
                    <coordinates>10.2214172472416,51.2118374651777,0.0 10.2215219689478,51.21184009923359,0.0 10.221672474659501,51.2117728792246,0.0</coordinates>
                </LineString>
                <LineString id="28038">
                    <coordinates>10.2216123613789,51.21155362887969,0.0 10.2215633844517,51.211626122174806,0.0</coordinates>
                </LineString>
                <LineString id="28040">
                    <coordinates>10.221654111599298,51.21147144295559,0.0 10.221579130899197,51.2114450342073,0.0 10.221536602758897,51.21141584634469,0.0</coordinates>
                </LineString>
                <LineString id="28042">
                    <coordinates>10.2801613828036,51.1773909164648,0.0 10.2801661443643,51.1773955531196,0.0</coordinates>
                </LineString>
                <LineString id="28044">
                    <coordinates>10.2887216668018,51.174860550443306,0.0 10.2886926455459,51.1748761453118,0.0 10.2886589898004,51.17485505813999,0.0 10.2886246423652,51.1748345002123,0.0</coordinates>
                </LineString>
                <LineString id="28046">
                    <coordinates>10.2781149694565,51.17390362430209,0.0 10.277941811377499,51.17393034593449,0.0 10.277765102178899,51.17394105864889,0.0 10.277615546495099,51.1739510830621,0.0 10.277531723535802,51.17395014583,0.0</coordinates>
                </LineString>
                <LineString id="28048">
                    <coordinates>10.2180252541576,51.21534415984829,0.0 10.2181446802484,51.215306073577096,0.0 10.2182771897364,51.2152646175117,0.0</coordinates>
                </LineString>
                <LineString id="28050">
                    <coordinates>10.2784601051686,51.1780957040285,0.0 10.278565153297201,51.17801767429299,0.0 10.2785904475818,51.17799899762219,0.0</coordinates>
                </LineString>
                <LineString id="28052">
                    <coordinates>10.2886406878091,51.1737502049627,0.0 10.2886086102496,51.1737672563569,0.0</coordinates>
                </LineString>
                <LineString id="28054">
                    <coordinates>10.2205179545453,51.2171467837883,0.0 10.220542761824,51.2171671805284,0.0 10.2206090703394,51.21721864659819,0.0 10.220638470253798,51.217248758861494,0.0 10.2206979166054,51.2173430993328,0.0</coordinates>
                </LineString>
                <LineString id="28056">
                    <coordinates>10.2228913187536,51.21465330575099,0.0 10.2229445342832,51.21463324008929,0.0</coordinates>
                </LineString>
                <LineString id="28058">
                    <coordinates>10.2225916963628,51.2127598112631,0.0 10.2225786482502,51.2127518731616,0.0</coordinates>
                </LineString>
                <LineString id="28060">
                    <coordinates>10.222262995384797,51.213360261998496,0.0 10.2222692682771,51.21336313502759,0.0</coordinates>
                </LineString>
                <LineString id="28062">
                    <coordinates>10.221932522247,51.2131671099904,0.0 10.2219325262585,51.213171838527494,0.0 10.2219477285218,51.2131717818022,0.0 10.221958193977699,51.213171707055594,0.0 10.2219720701113,51.21317263700589,0.0 10.221979260813798,51.213173231671085,0.0 10.2220107315318,51.213181485646295,0.0 10.2220213930233,51.21318338257199,0.0 10.2220369859751,51.2131873051281,0.0 10.2220492555775,51.21319576184409,0.0 10.2221594827903,51.2132785394099,0.0</coordinates>
                </LineString>
                <LineString id="28064">
                    <coordinates>10.2225046907514,51.213319461643195,0.0 10.2225050093783,51.213319736166895,0.0</coordinates>
                </LineString>
                <LineString id="28066">
                    <coordinates>10.2158642461321,51.2183805879089,0.0 10.2158329574694,51.21833088450029,0.0</coordinates>
                </LineString>
                <LineString id="28068">
                    <coordinates>10.216058227266,51.2181792042162,0.0 10.2161094678303,51.21825490362439,0.0</coordinates>
                </LineString>
                <LineString id="28070">
                    <coordinates>10.21605954249,51.21715443941059,0.0 10.2160349774958,51.21709373648599,0.0</coordinates>
                </LineString>
                <LineString id="28072">
                    <coordinates>10.2160095998876,51.21716595788641,0.0 10.21605954249,51.21715443941059,0.0</coordinates>
                </LineString>
                <LineString id="28074">
                    <coordinates>10.2161261002954,51.217351236090586,0.0 10.216144400038,51.217346993264705,0.0</coordinates>
                </LineString>
                <LineString id="28076">
                    <coordinates>10.217251836735597,51.217615634360996,0.0 10.2171922477412,51.217510331734296,0.0</coordinates>
                </LineString>
                <LineString id="28078">
                    <coordinates>10.217715511313399,51.21742356915189,0.0 10.217718862202302,51.2174758221839,0.0</coordinates>
                </LineString>
                <LineString id="28080">
                    <coordinates>10.2177011139937,51.21719209511159,0.0 10.2178079189147,51.21726678799761,0.0</coordinates>
                </LineString>
                <LineString id="28082">
                    <coordinates>10.2191897723834,51.216634031744306,0.0 10.2191194487123,51.21666595325901,0.0 10.219027685404198,51.2167056031069,0.0</coordinates>
                </LineString>
                <LineString id="28084">
                    <coordinates>10.2183336277844,51.217011560771,0.0 10.218253197521298,51.21704125135819,0.0 10.2181745929626,51.2170833482202,0.0</coordinates>
                </LineString>
                <LineString id="28086">
                    <coordinates>10.2181761063313,51.217228488706596,0.0 10.218191269755398,51.217239488952096,0.0</coordinates>
                </LineString>
                <LineString id="28088">
                    <coordinates>10.2180638758236,51.21714749282971,0.0 10.2181761063313,51.217228488706596,0.0</coordinates>
                </LineString>
                <LineString id="28090">
                    <coordinates>10.214922316019301,51.2158769622266,0.0 10.2150232107301,51.21586737190179,0.0</coordinates>
                </LineString>
                <LineString id="28092">
                    <coordinates>10.2143347973347,51.21587635188391,0.0 10.2143693831281,51.21586994860599,0.0 10.2144289290795,51.21586102247829,0.0 10.2144477928772,51.21585661772349,0.0</coordinates>
                </LineString>
                <LineString id="28094">
                    <coordinates>10.2144477928772,51.21585661772349,0.0 10.2145194471376,51.21584142179649,0.0</coordinates>
                </LineString>
                <LineString id="28096">
                    <coordinates>10.214966304562301,51.215782461217294,0.0 10.214988629811797,51.2157803385607,0.0</coordinates>
                </LineString>
                <LineString id="28098">
                    <coordinates>10.215351420502898,51.21574440206239,0.0 10.2153875655263,51.2157409798044,0.0 10.2154501349887,51.215735290530496,0.0</coordinates>
                </LineString>
                <LineString id="28100">
                    <coordinates>10.2169796573833,51.215749466709894,0.0 10.2169177166626,51.21576556723109,0.0</coordinates>
                </LineString>
                <LineString id="28102">
                    <coordinates>10.2169630998879,51.21572158076159,0.0 10.2169796573833,51.215749466709894,0.0</coordinates>
                </LineString>
                <LineString id="28104">
                    <coordinates>10.2168334388791,51.215573184536304,0.0 10.2168900740623,51.215566963602804,0.0 10.2169479816022,51.215560411433806,0.0</coordinates>
                </LineString>
                <LineString id="28106">
                    <coordinates>10.2169847379365,51.217944761691506,0.0 10.2169324035019,51.21798447114999,0.0 10.2169143902554,51.217997600087294,0.0</coordinates>
                </LineString>
                <LineString id="28108">
                    <coordinates>10.2213434099975,51.2131058403349,0.0 10.2213728018081,51.213096344588585,0.0</coordinates>
                </LineString>
                <LineString id="28110">
                    <coordinates>10.2212658736898,51.2133727738611,0.0 10.2212678013311,51.2133751224458,0.0</coordinates>
                </LineString>
                <LineString id="28112">
                    <coordinates>10.221484754216798,51.21364716927799,0.0 10.221489215680798,51.213656568168595,0.0</coordinates>
                </LineString>
                <LineString id="28114">
                    <coordinates>10.2211080284508,51.213184121576894,0.0 10.221165073208898,51.21325189738221,0.0 10.2212020281632,51.2132983593885,0.0</coordinates>
                </LineString>
                <LineString id="28116">
                    <coordinates>10.220671152914,51.21332886421679,0.0 10.220702140072,51.2133169747149,0.0</coordinates>
                </LineString>
                <LineString id="28118">
                    <coordinates>10.2211834188541,51.213843181793,0.0 10.221174995803,51.21384708107891,0.0</coordinates>
                </LineString>
                <LineString id="28120">
                    <coordinates>10.2211012561866,51.2140737273108,0.0 10.221064667670502,51.214091680604305,0.0 10.220931213020101,51.2141515089611,0.0</coordinates>
                </LineString>
                <LineString id="28122">
                    <coordinates>10.221323857349,51.21394871322399,0.0 10.2211310819504,51.2140585568556,0.0 10.2211012561866,51.2140737273108,0.0</coordinates>
                </LineString>
                <LineString id="28124">
                    <coordinates>10.2213454434543,51.2139594331095,0.0 10.2213302098229,51.213945061137,0.0</coordinates>
                </LineString>
                <LineString id="28126">
                    <coordinates>10.2222764566297,51.2134400145161,0.0 10.2222476735363,51.2134545178953,0.0</coordinates>
                </LineString>
                <LineString id="28128">
                    <coordinates>10.222725365043198,51.21322572607269,0.0 10.2227701762354,51.213209038783894,0.0</coordinates>
                </LineString>
                <LineString id="28130">
                    <coordinates>10.226960982869599,51.21313918365839,0.0 10.2269737768432,51.2131321409206,0.0 10.226919064912899,51.21308875587029,0.0 10.226964123450202,51.2130622272349,0.0</coordinates>
                </LineString>
                <LineString id="28132">
                    <coordinates>10.2232183737006,51.214742601339694,0.0 10.2231599826501,51.2146788154562,0.0</coordinates>
                </LineString>
                <LineString id="28134">
                    <coordinates>10.2231599826501,51.2146788154562,0.0 10.2231491048607,51.2146780660088,0.0 10.2231379961208,51.214677366991296,0.0 10.223130471006,51.21467504133919,0.0 10.2231191630709,51.2146724515021,0.0 10.2231100819289,51.2146692751934,0.0 10.2230940850245,51.2146613283479,0.0</coordinates>
                </LineString>
                <LineString id="28136">
                    <coordinates>10.2220962683347,51.215142504257,0.0 10.2222167831843,51.21521248411829,0.0</coordinates>
                </LineString>
                <LineString id="28138">
                    <coordinates>10.222020716610798,51.215377240998784,0.0 10.2219290447551,51.215425056954196,0.0</coordinates>
                </LineString>
                <LineString id="28140">
                    <coordinates>10.2195379741363,51.2147335463725,0.0 10.2196109599513,51.2147022853834,0.0</coordinates>
                </LineString>
                <LineString id="28142">
                    <coordinates>10.2196604377471,51.2149852632763,0.0 10.2196262137507,51.2149396244198,0.0 10.219615800206599,51.214930917009596,0.0 10.219608132985899,51.21492522689619,0.0 10.2196025900864,51.2149216097112,0.0 10.2195863052621,51.2149114915346,0.0 10.219573442184,51.2148980093948,0.0 10.2195547132861,51.21487517884359,0.0 10.2195197234042,51.21483493099281,0.0 10.2194715854939,51.21478488233921,0.0</coordinates>
                </LineString>
                <LineString id="28144">
                    <coordinates>10.2187514232333,51.215246709753494,0.0 10.2187504286423,51.21524317972359,0.0 10.2187069230843,51.215206262993796,0.0 10.2186925401265,51.2151958230457,0.0</coordinates>
                </LineString>
                <LineString id="28146">
                    <coordinates>10.2184501914621,51.2152910550358,0.0 10.2184589453001,51.21529900014949,0.0</coordinates>
                </LineString>
                <LineString id="28148">
                    <coordinates>10.2181757148039,51.21540355170891,0.0 10.2181517064586,51.21537919325349,0.0</coordinates>
                </LineString>
                <LineString id="28150">
                    <coordinates>10.218106631070603,51.215428965113,0.0 10.2180882996396,51.215409942935096,0.0</coordinates>
                </LineString>
                <LineString id="28152">
                    <coordinates>10.217299567424202,51.215611082851694,0.0 10.217293396680999,51.2155896208266,0.0 10.217323927905,51.2155844134547,0.0 10.217381823470499,51.21557001305519,0.0</coordinates>
                </LineString>
                <LineString id="28154">
                    <coordinates>10.224059812777,51.21302765328271,0.0 10.2240759849335,51.21305075895,0.0</coordinates>
                </LineString>
                <LineString id="28156">
                    <coordinates>10.2246876879013,51.21293026624738,0.0 10.224677387474,51.21293200679779,0.0 10.2246656204836,51.2129126986722,0.0</coordinates>
                </LineString>
                <LineString id="28158">
                    <coordinates>10.2300151202925,51.21252824053159,0.0 10.230012280164498,51.21252018794691,0.0</coordinates>
                </LineString>
                <LineString id="28160">
                    <coordinates>10.2298706431659,51.21252618150119,0.0 10.229874249438698,51.2125280609065,0.0 10.2298881023062,51.212552748789605,0.0</coordinates>
                </LineString>
                <LineString id="28162">
                    <coordinates>10.229208725442,51.212709308459196,0.0 10.2291837451333,51.2126635246105,0.0 10.2291687255799,51.2126659133181,0.0</coordinates>
                </LineString>
                <LineString id="28164">
                    <coordinates>10.2284366518952,51.21288350096929,0.0 10.2284534790605,51.212880258744,0.0 10.2284650870065,51.212898530280995,0.0</coordinates>
                </LineString>
                <LineString id="28166">
                    <coordinates>10.228263237844601,51.212944009327806,0.0 10.2282590956173,51.2129352088407,0.0</coordinates>
                </LineString>
                <LineString id="28168">
                    <coordinates>10.2271035031866,51.213055061334586,0.0 10.2271133955697,51.2130482892638,0.0</coordinates>
                </LineString>
                <LineString id="28170">
                    <coordinates>10.2281742470812,51.21305355661159,0.0 10.228175945163402,51.21304995955149,0.0 10.2281654635446,51.21303404230381,0.0</coordinates>
                </LineString>
                <LineString id="28172">
                    <coordinates>10.228946553695001,51.212850620951095,0.0 10.2289412080523,51.212851924446795,0.0 10.2287487259488,51.21289948779311,0.0 10.228708766243999,51.2129095356289,0.0</coordinates>
                </LineString>
                <LineString id="28174">
                    <coordinates>10.230019496200699,51.2126119898712,0.0 10.2300184035224,51.21260651672699,0.0 10.230015088999,51.2126000121505,0.0 10.2300122192442,51.21259684041119,0.0 10.230005122458598,51.2125923012739,0.0</coordinates>
                </LineString>
                <LineString id="28176">
                    <coordinates>10.2269025329431,51.2133489849821,0.0 10.2269096083367,51.213347366181594,0.0 10.2268849736114,51.213278466095105,0.0</coordinates>
                </LineString>
                <LineString id="28178">
                    <coordinates>10.2270154058422,51.21325086647769,0.0 10.226996952677998,51.2132565649669,0.0 10.2268849736114,51.213278466095105,0.0</coordinates>
                </LineString>
                <LineString id="28180">
                    <coordinates>10.2257527565868,51.2136669058994,0.0 10.225743257804199,51.21365522839249,0.0</coordinates>
                </LineString>
                <LineString id="28182">
                    <coordinates>10.225662343013,51.213683280599994,0.0 10.2256118213765,51.2137007184477,0.0 10.2254916637439,51.213743215048694,0.0 10.2254449453039,51.213760009303094,0.0</coordinates>
                </LineString>
                <LineString id="28184">
                    <coordinates>10.2254449453039,51.213760009303094,0.0 10.225380717004,51.213779918113,0.0 10.2253134890337,51.2137992959739,0.0 10.2253131814293,51.21381251485539,0.0</coordinates>
                </LineString>
                <LineString id="28186">
                    <coordinates>10.2309310287136,51.2126255008519,0.0 10.2309515348292,51.21261812477079,0.0 10.230848787940698,51.21245777246929,0.0 10.230821015391697,51.212450466736094,0.0 10.230800171376,51.212448731333495,0.0 10.2307731136579,51.212431359175596,0.0</coordinates>
                </LineString>
                <LineString id="28188">
                    <coordinates>10.2311188716884,51.21229688833739,0.0 10.231141278752798,51.2122877070961,0.0 10.2314140843043,51.2121737975474,0.0 10.2315216532514,51.21213163507791,0.0 10.2320552642206,51.2119315177272,0.0 10.2320907216567,51.211917903839684,0.0</coordinates>
                </LineString>
                <LineString id="28190">
                    <coordinates>10.2307731136579,51.212431359175596,0.0 10.2304877609042,51.21249239015199,0.0</coordinates>
                </LineString>
                <LineString id="28192">
                    <coordinates>10.224245671058002,51.21295670534968,0.0 10.2241464602884,51.21297594790099,0.0 10.2240355541073,51.21298667964949,0.0 10.2239893796065,51.2129908243653,0.0</coordinates>
                </LineString>
                <LineString id="28194">
                    <coordinates>10.2279998792021,51.2103109731397,0.0 10.2280985004047,51.2102819108864,0.0</coordinates>
                </LineString>
                <LineString id="28196">
                    <coordinates>10.2269803307165,51.21074468435929,0.0 10.2269585737212,51.21067690658539,0.0</coordinates>
                </LineString>
                <LineString id="28198">
                    <coordinates>10.2262916597021,51.210877974243594,0.0 10.2263836580422,51.210842915952696,0.0 10.2264740512073,51.21081536646581,0.0</coordinates>
                </LineString>
                <LineString id="28200">
                    <coordinates>10.2256056672301,51.211072941681195,0.0 10.225772155938,51.2110264547885,0.0 10.225973057270899,51.2109689826958,0.0</coordinates>
                </LineString>
                <LineString id="28202">
                    <coordinates>10.226044171841199,51.21094816213189,0.0 10.226087484199597,51.210852657926296,0.0 10.226134007818098,51.2108397349459,0.0</coordinates>
                </LineString>
                <LineString id="28204">
                    <coordinates>10.2256071684887,51.21111880188689,0.0 10.2256438919391,51.2111806759673,0.0</coordinates>
                </LineString>
                <LineString id="28206">
                    <coordinates>10.2238061232124,51.21214934145949,0.0 10.2237323004676,51.2121735176055,0.0 10.2236522615498,51.2122086025107,0.0</coordinates>
                </LineString>
                <LineString id="28208">
                    <coordinates>10.2242805209086,51.2119810915735,0.0 10.224275144701497,51.2119828168989,0.0 10.2242165708287,51.21200349405029,0.0 10.2240754054472,51.212052700250794,0.0 10.2239946429395,51.2120827942277,0.0</coordinates>
                </LineString>
                <LineString id="28210">
                    <coordinates>10.2244797078811,51.211870459093795,0.0 10.2244614716555,51.2118861567948,0.0 10.2244406653167,51.2119002063847,0.0 10.224428218974,51.211908629513594,0.0</coordinates>
                </LineString>
                <LineString id="28212">
                    <coordinates>10.2218794882049,51.2122780519279,0.0 10.2218860911405,51.2122719764512,0.0</coordinates>
                </LineString>
                <LineString id="28214">
                    <coordinates>10.2211358380835,51.212418656828696,0.0 10.2211537315433,51.2124535113805,0.0 10.221140000540903,51.2124573659515,0.0</coordinates>
                </LineString>
                <LineString id="28216">
                    <coordinates>10.2198993644892,51.2127919893453,0.0 10.2197773001412,51.2128021877776,0.0 10.2196738749751,51.21281079078979,0.0 10.2196755700188,51.21279540856691,0.0 10.2196813135093,51.212791216925496,0.0</coordinates>
                </LineString>
                <LineString id="28218">
                    <coordinates>10.223433949917,51.2146818144375,0.0 10.223414197335,51.2146870341788,0.0</coordinates>
                </LineString>
                <LineString id="28220">
                    <coordinates>10.2882663856812,51.17533969307159,0.0 10.288278585192797,51.17534816884389,0.0</coordinates>
                </LineString>
                <LineString id="28222">
                    <coordinates>10.285548295348798,51.177408136937785,0.0 10.2855730073158,51.1774158793851,0.0</coordinates>
                </LineString>
                <LineString id="28224">
                    <coordinates>10.286506868608402,51.17654675260961,0.0 10.286544776304998,51.176524114777294,0.0</coordinates>
                </LineString>
                <LineString id="28226">
                    <coordinates>10.2861323002007,51.1764376809934,0.0 10.2860940767861,51.176452628041396,0.0</coordinates>
                </LineString>
                <LineString id="28228">
                    <coordinates>10.286310763351501,51.175891314611896,0.0 10.2862839564801,51.175880305411795,0.0</coordinates>
                </LineString>
                <LineString id="28230">
                    <coordinates>10.2874320263798,51.1754610417732,0.0 10.2874444709081,51.17544822508079,0.0</coordinates>
                </LineString>
                <LineString id="28232">
                    <coordinates>10.2861228874936,51.174365758427896,0.0 10.2861345471386,51.17439534287679,0.0</coordinates>
                </LineString>
                <LineString id="28234">
                    <coordinates>10.2876980115925,51.17440586266229,0.0 10.28766227159,51.1743935813824,0.0</coordinates>
                </LineString>
                <LineString id="28236">
                    <coordinates>10.287584470386898,51.17371020216239,0.0 10.2875977249263,51.1737210666811,0.0</coordinates>
                </LineString>
                <LineString id="28238">
                    <coordinates>10.2881509041277,51.17416460353369,0.0 10.2881089495795,51.17414868061789,0.0</coordinates>
                </LineString>
                <LineString id="28240">
                    <coordinates>10.2857733992199,51.173233030844095,0.0 10.285768926489402,51.17323101459439,0.0</coordinates>
                </LineString>
                <LineString id="28242">
                    <coordinates>10.2876768951543,51.1731926443619,0.0 10.287639783524,51.1731452119964,0.0</coordinates>
                </LineString>
                <LineString id="28244">
                    <coordinates>10.2874269813838,51.17296567852149,0.0 10.2874308301276,51.17297180277001,0.0</coordinates>
                </LineString>
                <LineString id="28246">
                    <coordinates>10.2156158686366,51.2188971858135,0.0 10.2156182551314,51.21884913737319,0.0</coordinates>
                </LineString>
                <LineString id="28248">
                    <coordinates>10.2157206233524,51.21821704616429,0.0 10.2157534301396,51.2182604261607,0.0</coordinates>
                </LineString>
                <LineString id="28250">
                    <coordinates>10.2160285587495,51.218133876468,0.0 10.2160452086378,51.21816011886661,0.0</coordinates>
                </LineString>
                <LineString id="28252">
                    <coordinates>10.2172004710486,51.2174675141549,0.0 10.2172184401732,51.21749481926181,0.0</coordinates>
                </LineString>
                <LineString id="28254">
                    <coordinates>10.2177371081292,51.21750375169951,0.0 10.217718862202302,51.2174758221839,0.0</coordinates>
                </LineString>
                <LineString id="28256">
                    <coordinates>10.2157701906347,51.21679388307079,0.0 10.2158164457149,51.216782955733684,0.0</coordinates>
                </LineString>
                <LineString id="28258">
                    <coordinates>10.2159030255315,51.2164700204936,0.0 10.2158556532366,51.21648097578179,0.0</coordinates>
                </LineString>
                <LineString id="28260">
                    <coordinates>10.215718214246099,51.215859342330496,0.0 10.2157204491558,51.21585669752789,0.0</coordinates>
                </LineString>
                <LineString id="28262">
                    <coordinates>10.214841579194298,51.21574462799649,0.0 10.2148414187285,51.215780250947496,0.0</coordinates>
                </LineString>
                <LineString id="28264">
                    <coordinates>10.214178572352703,51.2160412361236,0.0 10.2141624641684,51.2160180581363,0.0</coordinates>
                </LineString>
                <LineString id="28266">
                    <coordinates>10.220515440609,51.2171444172904,0.0 10.2205179545453,51.2171467837883,0.0</coordinates>
                </LineString>
                <LineString id="28268">
                    <coordinates>10.2220466903892,51.21557998008459,0.0 10.2220789531678,51.2155636148445,0.0</coordinates>
                </LineString>
                <LineString id="28270">
                    <coordinates>10.2216097127377,51.2157684855988,0.0 10.2215832448954,51.2157436410172,0.0</coordinates>
                </LineString>
                <LineString id="28272">
                    <coordinates>10.2217827274165,51.21566904745699,0.0 10.2217525132881,51.2156493059696,0.0</coordinates>
                </LineString>
                <LineString id="28274">
                    <coordinates>10.2193317449111,51.21675741501049,0.0 10.2192891562935,51.2167657116532,0.0</coordinates>
                </LineString>
                <LineString id="28276">
                    <coordinates>10.219308192499899,51.21635706905899,0.0 10.2193502588299,51.2163426336287,0.0</coordinates>
                </LineString>
                <LineString id="28278">
                    <coordinates>10.2206316743192,51.21622308004401,0.0 10.2206684085416,51.2162077090819,0.0</coordinates>
                </LineString>
                <LineString id="28280">
                    <coordinates>10.2202167556251,51.2163336172268,0.0 10.220213525444201,51.21633126679951,0.0</coordinates>
                </LineString>
                <LineString id="28282">
                    <coordinates>10.2184977858425,51.2153355133576,0.0 10.2184589453001,51.21529900014949,0.0</coordinates>
                </LineString>
                <LineString id="28284">
                    <coordinates>10.216820202811501,51.21552823315709,0.0 10.2168305318657,51.215565436247495,0.0</coordinates>
                </LineString>
                <LineString id="28286">
                    <coordinates>10.2196773359583,51.215003975742796,0.0 10.2196604377471,51.2149852632763,0.0</coordinates>
                </LineString>
                <LineString id="28288">
                    <coordinates>10.2207239473078,51.2142907970243,0.0 10.2207240110083,51.2142880292273,0.0</coordinates>
                </LineString>
                <LineString id="28290">
                    <coordinates>10.220130689124098,51.21365790595319,0.0 10.2201263648284,51.213656096232796,0.0</coordinates>
                </LineString>
                <LineString id="28292">
                    <coordinates>10.2213695574293,51.213413597629085,0.0 10.221333039858699,51.213422292899295,0.0</coordinates>
                </LineString>
                <LineString id="28294">
                    <coordinates>10.2213758209425,51.2131472800213,0.0 10.221357275818198,51.213122645656995,0.0</coordinates>
                </LineString>
                <LineString id="28296">
                    <coordinates>10.2224927596533,51.213357243102394,0.0 10.2224964631643,51.213355474477,0.0</coordinates>
                </LineString>
                <LineString id="28298">
                    <coordinates>10.2218189521978,51.21268160580649,0.0 10.2218363792513,51.2127062860396,0.0</coordinates>
                </LineString>
                <LineString id="28300">
                    <coordinates>10.221264279091,51.2123944763335,0.0 10.2212589108449,51.21238112625011,0.0</coordinates>
                </LineString>
                <LineString id="28302">
                    <coordinates>10.2280221488974,51.2139964990977,0.0 10.228034011080501,51.21399024220269,0.0</coordinates>
                </LineString>
                <LineString id="28304">
                    <coordinates>10.2299932848738,51.2124840326291,0.0 10.230012280164498,51.21252018794691,0.0</coordinates>
                </LineString>
                <LineString id="28306">
                    <coordinates>10.2294459890824,51.21261958685229,0.0 10.2294613322209,51.21264086334429,0.0</coordinates>
                </LineString>
                <LineString id="28308">
                    <coordinates>10.2271564357988,51.213023626767,0.0 10.2271133955697,51.2130482892638,0.0</coordinates>
                </LineString>
                <LineString id="28310">
                    <coordinates>10.2266265854162,51.212844251465185,0.0 10.2265988209112,51.21285687455669,0.0</coordinates>
                </LineString>
                <LineString id="28312">
                    <coordinates>10.2282439811084,51.21290052332821,0.0 10.2282590956173,51.2129352088407,0.0</coordinates>
                </LineString>
                <LineString id="28314">
                    <coordinates>10.2238439675026,51.2141157118467,0.0 10.2238446015983,51.21411894869761,0.0</coordinates>
                </LineString>
                <LineString id="28316">
                    <coordinates>10.2252930674204,51.21383534883941,0.0 10.2252839330098,51.213829834623,0.0</coordinates>
                </LineString>
                <LineString id="28318">
                    <coordinates>10.2256177663125,51.2122961820546,0.0 10.2256055212848,51.21229676052979,0.0</coordinates>
                </LineString>
                <LineString id="28320">
                    <coordinates>10.2250138766256,51.21275401203119,0.0 10.2250217472508,51.212773782425096,0.0</coordinates>
                </LineString>
                <LineString id="28322">
                    <coordinates>10.2240885582059,51.21306882083978,0.0 10.2240759849335,51.21305075895,0.0</coordinates>
                </LineString>
                <LineString id="28324">
                    <coordinates>10.2242601700738,51.2128922998306,0.0 10.2242317454278,51.2129001119575,0.0</coordinates>
                </LineString>
                <LineString id="28326">
                    <coordinates>10.223979260177199,51.2121139791087,0.0 10.2239676075708,51.2121025024957,0.0</coordinates>
                </LineString>
                <LineString id="28328">
                    <coordinates>10.2242973639811,51.21200944827099,0.0 10.2242941536212,51.2119957894673,0.0</coordinates>
                </LineString>
                <LineString id="28330">
                    <coordinates>10.225459666504198,51.2117554492209,0.0 10.225463029115199,51.2117498817665,0.0</coordinates>
                </LineString>
                <LineString id="28332">
                    <coordinates>10.225607707875298,51.2114251361655,0.0 10.225597167524198,51.211427915939694,0.0</coordinates>
                </LineString>
                <LineString id="28334">
                    <coordinates>10.225728516374,51.21126271146359,0.0 10.2257872693389,51.211250369539805,0.0</coordinates>
                </LineString>
                <LineString id="28336">
                    <coordinates>10.2264966795736,51.210858571261895,0.0 10.2264983916595,51.210854983426394,0.0</coordinates>
                </LineString>
                <LineString id="28338">
                    <coordinates>10.2310616176208,51.21257351961469,0.0 10.2310526465736,51.2125110419248,0.0</coordinates>
                </LineString>
                <LineString id="28340">
                    <coordinates>10.2791056060067,51.178249237805296,0.0 10.2790841384161,51.178246180289804,0.0</coordinates>
                </LineString>
                <LineString id="28342">
                    <coordinates>10.2792134805136,51.178095629293,0.0 10.2791890035743,51.1780927343007,0.0</coordinates>
                </LineString>
                <LineString id="28344">
                    <coordinates>10.2813855784195,51.1773024130078,0.0 10.2813880288997,51.177293045971005,0.0</coordinates>
                </LineString>
                <LineString id="28346">
                    <coordinates>10.2814404747349,51.1763798886831,0.0 10.2814421811124,51.176357448956296,0.0</coordinates>
                </LineString>
                <LineString id="28348">
                    <coordinates>10.2796477860943,51.176728642579,0.0 10.2796590749286,51.1767369620351,0.0</coordinates>
                </LineString>
                <LineString id="28350">
                    <coordinates>10.2797529982821,51.1768232757651,0.0 10.2797477739847,51.176817625464295,0.0</coordinates>
                </LineString>
                <LineString id="28352">
                    <coordinates>10.280025921772001,51.176584993409996,0.0 10.2800154393315,51.1765749868246,0.0</coordinates>
                </LineString>
                <LineString id="28354">
                    <coordinates>10.2791484033004,51.17750743243529,0.0 10.2791077493672,51.1775003711037,0.0</coordinates>
                </LineString>
                <LineString id="28356">
                    <coordinates>10.278993562822897,51.177392480669795,0.0 10.2790103497541,51.17740101589359,0.0</coordinates>
                </LineString>
                <LineString id="28358">
                    <coordinates>10.279218155636501,51.17734555027079,0.0 10.2792066615953,51.177345048631096,0.0</coordinates>
                </LineString>
                <LineString id="28360">
                    <coordinates>10.2793777210519,51.1770187816434,0.0 10.2793941919561,51.1770265840154,0.0</coordinates>
                </LineString>
                <LineString id="28362">
                    <coordinates>10.2851947436787,51.17726247735399,0.0 10.2851689272613,51.1772845188508,0.0</coordinates>
                </LineString>
                <LineString id="28364">
                    <coordinates>10.285371327640698,51.176872852847595,0.0 10.2853488658837,51.17686344431139,0.0</coordinates>
                </LineString>
                <LineString id="28366">
                    <coordinates>10.2847031803064,51.176773075582105,0.0 10.2846423852665,51.176781560440894,0.0</coordinates>
                </LineString>
                <LineString id="28368">
                    <coordinates>10.2850119378979,51.17684577759821,0.0 10.285034354830701,51.1768610197321,0.0</coordinates>
                </LineString>
                <LineString id="28370">
                    <coordinates>10.284618690654,51.17664810546451,0.0 10.2845693901317,51.176679052765394,0.0</coordinates>
                </LineString>
                <LineString id="28372">
                    <coordinates>10.2831678419003,51.1774665466502,0.0 10.2831748871638,51.177438189236284,0.0</coordinates>
                </LineString>
                <LineString id="28374">
                    <coordinates>10.2837615432828,51.17661651515639,0.0 10.28375636452,51.17661810225909,0.0</coordinates>
                </LineString>
                <LineString id="28376">
                    <coordinates>10.2832994302248,51.1767974554112,0.0 10.2833316485356,51.176797910095694,0.0</coordinates>
                </LineString>
                <LineString id="28378">
                    <coordinates>10.2823483533974,51.176576353230494,0.0 10.2823664042864,51.17657281563469,0.0</coordinates>
                </LineString>
                <LineString id="28380">
                    <coordinates>10.2827681847018,51.176661362143484,0.0 10.282772219689003,51.17665976728859,0.0</coordinates>
                </LineString>
                <LineString id="28382">
                    <coordinates>10.2819636465916,51.1762184695226,0.0 10.2819508032526,51.17623465984051,0.0</coordinates>
                </LineString>
                <LineString id="28384">
                    <coordinates>10.2840180891277,51.17603165359699,0.0 10.2840466412193,51.17602876416319,0.0</coordinates>
                </LineString>
                <LineString id="28386">
                    <coordinates>10.2827207952176,51.17581637192939,0.0 10.282737321484602,51.17580035244141,0.0</coordinates>
                </LineString>
                <LineString id="28388">
                    <coordinates>10.2829698297542,51.175287290099,0.0 10.282990015881,51.175277841674806,0.0</coordinates>
                </LineString>
                <LineString id="28390">
                    <coordinates>10.2838902574431,51.1756912429952,0.0 10.2839331666422,51.175680284810994,0.0</coordinates>
                </LineString>
                <LineString id="28392">
                    <coordinates>10.284159785473,51.175673584768795,0.0 10.284118385067302,51.17568781936289,0.0</coordinates>
                </LineString>
                <LineString id="28394">
                    <coordinates>10.2825332095053,51.1752341729047,0.0 10.282509246389,51.17523827099059,0.0</coordinates>
                </LineString>
                <LineString id="28396">
                    <coordinates>10.2827506574571,51.1749760661814,0.0 10.2827655423879,51.1749884474364,0.0</coordinates>
                </LineString>
                <LineString id="28398">
                    <coordinates>10.282943511529998,51.174666196139896,0.0 10.282920759915902,51.1746781149825,0.0</coordinates>
                </LineString>
                <LineString id="28400">
                    <coordinates>10.280680625716101,51.17574635560289,0.0 10.2806908721976,51.17576309180819,0.0</coordinates>
                </LineString>
                <LineString id="28402">
                    <coordinates>10.281308475888302,51.1755791689398,0.0 10.2813061440991,51.175577264872,0.0</coordinates>
                </LineString>
                <LineString id="28404">
                    <coordinates>10.2854814395813,51.17544793045419,0.0 10.2855193742386,51.1754650539401,0.0</coordinates>
                </LineString>
                <LineString id="28406">
                    <coordinates>10.2849361798444,51.17503753351879,0.0 10.2849081234087,51.175054067516186,0.0</coordinates>
                </LineString>
                <LineString id="28408">
                    <coordinates>10.2854345311755,51.1741454813793,0.0 10.2854767383166,51.17412525315439,0.0</coordinates>
                </LineString>
                <LineString id="28410">
                    <coordinates>10.2855084524821,51.17393135565511,0.0 10.2854981447851,51.1739231769914,0.0</coordinates>
                </LineString>
                <LineString id="28412">
                    <coordinates>10.2850405506057,51.173888711661306,0.0 10.2850607690097,51.17390073030719,0.0</coordinates>
                </LineString>
                <LineString id="28414">
                    <coordinates>10.280648941101,51.173249609753796,0.0 10.2806438922487,51.1732511716582,0.0</coordinates>
                </LineString>
                <LineString id="28416">
                    <coordinates>10.2794660737515,51.17626588761989,0.0 10.2794813684321,51.176293764249486,0.0</coordinates>
                </LineString>
                <LineString id="28418">
                    <coordinates>10.2801588229565,51.175886367141096,0.0 10.2801808375792,51.17588814700609,0.0</coordinates>
                </LineString>
                <LineString id="28420">
                    <coordinates>10.2803370622631,51.17391041261771,0.0 10.2803322862573,51.17388579205969,0.0</coordinates>
                </LineString>
                <LineString id="28422">
                    <coordinates>10.280442607805798,51.17299642644709,0.0 10.2804365057988,51.17299900665999,0.0</coordinates>
                </LineString>
                <LineString id="28424">
                    <coordinates>10.2775307418663,51.173834831810304,0.0 10.2775199969517,51.17384342044091,0.0</coordinates>
                </LineString>
                <LineString id="28426">
                    <coordinates>10.2285174753824,51.2107689301754,0.0 10.2285231470212,51.21076770354989,0.0 10.228519007183701,51.2107607099928,0.0 10.2286216565026,51.21073634684169,0.0</coordinates>
                </LineString>
                <LineString id="28428">
                    <coordinates>10.2877900119767,51.1753898338067,0.0 10.2878195652356,51.175378427064096,0.0</coordinates>
                </LineString>
                <LineString id="28430">
                    <coordinates>10.2883707868221,51.1750664110959,0.0 10.2883696699836,51.175065675598894,0.0 10.2883313189978,51.17508682426309,0.0 10.2882643659011,51.1751238255158,0.0 10.2882452716905,51.1751084438259,0.0</coordinates>
                </LineString>
                <LineString id="28432">
                    <coordinates>10.2833892152963,51.17658439080111,0.0 10.2833710352646,51.1765767706799,0.0</coordinates>
                </LineString>
                <LineString id="28434">
                    <coordinates>10.2151927746525,51.216792675985694,0.0 10.215165896996,51.2167870252639,0.0</coordinates>
                </LineString>
                <LineString id="28436">
                    <coordinates>10.2236028771834,51.214849910861005,0.0 10.2235800610331,51.214821283637114,0.0</coordinates>
                </LineString>
                <LineString id="28438">
                    <coordinates>10.2139559055817,51.21688733765289,0.0 10.213982446696,51.216883553530586,0.0</coordinates>
                </LineString>
                <LineString id="28440">
                    <coordinates>10.2878195652356,51.175378427064096,0.0 10.287822624335098,51.1753773031901,0.0</coordinates>
                </LineString>
                <LineString id="28442">
                    <coordinates>10.225514268826903,51.21272094882611,0.0 10.225645507918099,51.2127263454283,0.0</coordinates>
                </LineString>
                <LineString id="28444">
                    <coordinates>10.2827646560229,51.17383469346758,0.0 10.2828714574319,51.17393851651669,0.0</coordinates>
                </LineString>
                <LineString id="28446">
                    <coordinates>10.2865870312361,51.174887834361996,0.0 10.2865909304231,51.17489028266629,0.0 10.2865857880818,51.1748935964117,0.0</coordinates>
                </LineString>
                <LineString id="28448">
                    <coordinates>10.2829634163165,51.17403384232429,0.0 10.2830488350868,51.17411967805089,0.0 10.2830842789436,51.1741533784125,0.0</coordinates>
                </LineString>
                <LineString id="28450">
                    <coordinates>10.2830836627386,51.17414802061119,0.0 10.2831808319346,51.1741115016012,0.0</coordinates>
                </LineString>
                <LineString id="28452">
                    <coordinates>10.2844029644149,51.1764493671021,0.0 10.2844177007738,51.1764449625498,0.0 10.2844345539732,51.176439779975304,0.0</coordinates>
                </LineString>
                <LineString id="28454">
                    <coordinates>10.2247056859318,51.2156156471081,0.0 10.2247425614903,51.21561032727039,0.0</coordinates>
                </LineString>
                <LineString id="28456">
                    <coordinates>10.214217739083798,51.21518463060529,0.0 10.2143021145235,51.215164684673105,0.0 10.2143526028885,51.2151538135136,0.0</coordinates>
                </LineString>
                <LineString id="28458">
                    <coordinates>10.2807053284048,51.175776995243595,0.0 10.2809151582785,51.17567722010789,0.0</coordinates>
                </LineString>
                <LineString id="28460">
                    <coordinates>10.279972643752902,51.176569386567905,0.0 10.2799230891013,51.1766143877891,0.0</coordinates>
                </LineString>
                <LineString id="28462">
                    <coordinates>10.2795068691828,51.17678492165439,0.0 10.2795167604126,51.1767923665713,0.0 10.2796350570628,51.1767978544717,0.0</coordinates>
                </LineString>
                <LineString id="28464">
                    <coordinates>10.270643068911602,51.1784854424194,0.0 10.2706283290555,51.1784879753734,0.0</coordinates>
                </LineString>
                <LineString id="28466">
                    <coordinates>10.2814295297248,51.17545613652659,0.0 10.281651161103998,51.1753519577486,0.0</coordinates>
                </LineString>
                <LineString id="28468">
                    <coordinates>10.2826619432196,51.17373245854069,0.0 10.2827158688014,51.1737879421722,0.0 10.2827448690055,51.1738156959001,0.0</coordinates>
                </LineString>
                <LineString id="28470">
                    <coordinates>10.2810824849825,51.1761679705511,0.0 10.2811176670108,51.176109075681694,0.0</coordinates>
                </LineString>
                <LineString id="28472">
                    <coordinates>10.283888945430098,51.1746075563191,0.0 10.284081085829298,51.17453248897811,0.0</coordinates>
                </LineString>
                <LineString id="28474">
                    <coordinates>10.2837745569599,51.174645252696095,0.0 10.283796863749497,51.174643386427,0.0</coordinates>
                </LineString>
                <LineString id="28476">
                    <coordinates>10.2840013530937,51.175066024776605,0.0 10.284000645559498,51.17506774937599,0.0</coordinates>
                </LineString>
                <LineString id="28478">
                    <coordinates>10.2851885922937,51.1754149716634,0.0 10.2852412828497,51.175460700350115,0.0 10.2852989614554,51.175506897644595,0.0 10.2853950423687,51.17558846499868,0.0</coordinates>
                </LineString>
                <LineString id="28480">
                    <coordinates>10.2848147844821,51.175093331967794,0.0 10.2848769342447,51.1750586714584,0.0</coordinates>
                </LineString>
                <LineString id="28482">
                    <coordinates>10.2848769342447,51.1750586714584,0.0 10.2848850723514,51.175065200262296,0.0 10.2849081234087,51.175054067516186,0.0</coordinates>
                </LineString>
                <LineString id="28484">
                    <coordinates>10.2839495200247,51.1752423220177,0.0 10.2838623185904,51.17518476880791,0.0</coordinates>
                </LineString>
                <LineString id="28486">
                    <coordinates>10.283839605237398,51.1751648295666,0.0 10.2838623185904,51.17518476880791,0.0</coordinates>
                </LineString>
                <LineString id="28488">
                    <coordinates>10.2837495254024,51.1753520633568,0.0 10.2837430043808,51.175355141009,0.0</coordinates>
                </LineString>
                <LineString id="28490">
                    <coordinates>10.283767210973002,51.1753437108016,0.0 10.2837495254024,51.1753520633568,0.0</coordinates>
                </LineString>
                <LineString id="28492">
                    <coordinates>10.2837357686573,51.175358594727,0.0 10.283718665804,51.17536665917059,0.0 10.283695759239802,51.1753777398665,0.0</coordinates>
                </LineString>
                <LineString id="28494">
                    <coordinates>10.2832822124287,51.17559444245439,0.0 10.2832393246528,51.175619073759194,0.0 10.2831910878744,51.1756460267679,0.0</coordinates>
                </LineString>
                <LineString id="28496">
                    <coordinates>10.2831308757085,51.175680058584796,0.0 10.2830511344246,51.17573010180249,0.0 10.2830000814882,51.1757631802155,0.0</coordinates>
                </LineString>
                <LineString id="28498">
                    <coordinates>10.282805196077902,51.17582494599459,0.0 10.2827414613385,51.17579708707791,0.0</coordinates>
                </LineString>
                <LineString id="28500">
                    <coordinates>10.2828204095917,51.17581423800969,0.0 10.282920658178401,51.175816976636696,0.0</coordinates>
                </LineString>
                <LineString id="28502">
                    <coordinates>10.282805196077902,51.17582494599459,0.0 10.2828204095917,51.17581423800969,0.0</coordinates>
                </LineString>
                <LineString id="28504">
                    <coordinates>10.2831374367511,51.17560618916221,0.0 10.2830646901359,51.1756500333702,0.0</coordinates>
                </LineString>
                <LineString id="28506">
                    <coordinates>10.282531639836899,51.1761135037993,0.0 10.2825504977632,51.17613867253711,0.0</coordinates>
                </LineString>
                <LineString id="28508">
                    <coordinates>10.2824757677623,51.1761022738741,0.0 10.282440594694,51.17606703112331,0.0</coordinates>
                </LineString>
                <LineString id="28510">
                    <coordinates>10.2827898161788,51.17657796928269,0.0 10.2827767926497,51.176607488487,0.0</coordinates>
                </LineString>
                <LineString id="28512">
                    <coordinates>10.284122116119597,51.176204285378596,0.0 10.2840890104155,51.1762092565492,0.0</coordinates>
                </LineString>
                <LineString id="28514">
                    <coordinates>10.2846244751638,51.1767874736812,0.0 10.2846423852665,51.176781560440894,0.0</coordinates>
                </LineString>
                <LineString id="28516">
                    <coordinates>10.2843357202433,51.1763564724643,0.0 10.2843428918826,51.17636592670239,0.0</coordinates>
                </LineString>
                <LineString id="28518">
                    <coordinates>10.28421667669,51.175604543531286,0.0 10.2843661704397,51.1755874260114,0.0 10.2844086123848,51.175576721498594,0.0 10.2844365983103,51.1756037317655,0.0</coordinates>
                </LineString>
                <LineString id="28520">
                    <coordinates>10.2843357202433,51.1763564724643,0.0 10.2843125715588,51.176325119255,0.0</coordinates>
                </LineString>
                <LineString id="28522">
                    <coordinates>10.283565454121499,51.17649874407579,0.0 10.2835937049322,51.17648856882998,0.0</coordinates>
                </LineString>
                <LineString id="28524">
                    <coordinates>10.2835500839728,51.17674867865058,0.0 10.2835602238532,51.1767371140595,0.0 10.2835541259033,51.1767337973778,0.0</coordinates>
                </LineString>
                <LineString id="28526">
                    <coordinates>10.2860645677847,51.176480944260504,0.0 10.2860537861773,51.176466627868805,0.0 10.2860940767861,51.176452628041396,0.0</coordinates>
                </LineString>
                <LineString id="28528">
                    <coordinates>10.2870737590561,51.17553441998529,0.0 10.2870760089131,51.1755377700477,0.0</coordinates>
                </LineString>
                <LineString id="28530">
                    <coordinates>10.2860053124674,51.1759216572014,0.0 10.2860623636157,51.17589877854049,0.0 10.2860695936206,51.175904736608594,0.0</coordinates>
                </LineString>
                <LineString id="28532">
                    <coordinates>10.28773321832,51.17581749649549,0.0 10.2877610135136,51.17580452683569,0.0</coordinates>
                </LineString>
                <LineString id="28534">
                    <coordinates>10.287542228224797,51.17590708672619,0.0 10.2876134764483,51.17599859976669,0.0</coordinates>
                </LineString>
                <LineString id="28536">
                    <coordinates>10.2874884927415,51.17593236089079,0.0 10.287542228224797,51.17590708672619,0.0</coordinates>
                </LineString>
                <LineString id="28538">
                    <coordinates>10.2873985601619,51.175975039324406,0.0 10.2874922056861,51.1760892820843,0.0 10.287453222191399,51.17610237560119,0.0</coordinates>
                </LineString>
                <LineString id="28540">
                    <coordinates>10.2872727307778,51.17603511734999,0.0 10.2872913859716,51.1760260592965,0.0 10.2873855745914,51.1759812228281,0.0</coordinates>
                </LineString>
                <LineString id="28542">
                    <coordinates>10.2863182970369,51.1746515292222,0.0 10.2862782906453,51.1746806716148,0.0</coordinates>
                </LineString>
                <LineString id="28544">
                    <coordinates>10.2858968082177,51.1752527497383,0.0 10.28586766896,51.17524294682439,0.0 10.285824679673897,51.175215582270596,0.0 10.2858135746069,51.175197656320684,0.0</coordinates>
                </LineString>
                <LineString id="28546">
                    <coordinates>10.2827750117192,51.1749976298524,0.0 10.2828163067591,51.1749769846659,0.0 10.2829177687914,51.17495277258019,0.0</coordinates>
                </LineString>
                <LineString id="28548">
                    <coordinates>10.2796806237447,51.17682276910519,0.0 10.2795876079919,51.176917319670984,0.0</coordinates>
                </LineString>
                <LineString id="28550">
                    <coordinates>10.285196355384,51.1760305071176,0.0 10.2851712497683,51.17599136745629,0.0</coordinates>
                </LineString>
                <LineString id="28552">
                    <coordinates>10.2783699460826,51.176679185505996,0.0 10.278457581222503,51.17664969475141,0.0</coordinates>
                </LineString>
                <LineString id="28554">
                    <coordinates>10.277602905658501,51.17702714551239,0.0 10.2776523008351,51.17708632239601,0.0 10.2776437321181,51.17709098768331,0.0</coordinates>
                </LineString>
                <LineString id="28556">
                    <coordinates>10.2787146913062,51.17662160930599,0.0 10.2787199395869,51.176629300626395,0.0</coordinates>
                </LineString>
                <LineString id="28558">
                    <coordinates>10.2792940362366,51.17636719578319,0.0 10.2793023190386,51.17636444093821,0.0</coordinates>
                </LineString>
                <LineString id="28560">
                    <coordinates>10.2794871342188,51.17630369254369,0.0 10.2795006597263,51.176299171920384,0.0 10.279584347607601,51.1762531175435,0.0 10.279665760182299,51.176207865680695,0.0 10.279726981926,51.17618099713779,0.0</coordinates>
                </LineString>
                <LineString id="28562">
                    <coordinates>10.279726981926,51.17618099713779,0.0 10.2797464645542,51.17617241989869,0.0</coordinates>
                </LineString>
                <LineString id="28564">
                    <coordinates>10.2802808507181,51.17593913115209,0.0 10.2802925516278,51.175935599437196,0.0</coordinates>
                </LineString>
                <LineString id="28566">
                    <coordinates>10.280452135378098,51.1760152544791,0.0 10.280609520639201,51.176015976045,0.0</coordinates>
                </LineString>
                <LineString id="28568">
                    <coordinates>10.2803834194228,51.1760186944697,0.0 10.280384086162302,51.1760449896028,0.0</coordinates>
                </LineString>
                <LineString id="28570">
                    <coordinates>10.281790695118499,51.1762236790293,0.0 10.2819500283032,51.17624589434,0.0</coordinates>
                </LineString>
                <LineString id="28572">
                    <coordinates>10.281454083949,51.1763354016984,0.0 10.2814337504794,51.1763368650106,0.0</coordinates>
                </LineString>
                <LineString id="28574">
                    <coordinates>10.280413191495501,51.1764298628088,0.0 10.280376589756598,51.1764326869987,0.0</coordinates>
                </LineString>
                <LineString id="28576">
                    <coordinates>10.2812216572098,51.1763512793919,0.0 10.2812279663186,51.1763700702471,0.0</coordinates>
                </LineString>
                <LineString id="28578">
                    <coordinates>10.2812216572098,51.1763512793919,0.0 10.2811296982725,51.1763571112253,0.0</coordinates>
                </LineString>
                <LineString id="28580">
                    <coordinates>10.281045376964,51.17635561186909,0.0 10.2810449024551,51.17629297497219,0.0</coordinates>
                </LineString>
                <LineString id="28582">
                    <coordinates>10.280296752533,51.176377909235086,0.0 10.2802836066995,51.176377221613,0.0 10.280112536063202,51.1763329959857,0.0 10.2801050256364,51.1763299819839,0.0</coordinates>
                </LineString>
                <LineString id="28584">
                    <coordinates>10.2800380287426,51.1762983429944,0.0 10.280003941685202,51.1763096901298,0.0 10.2800262045781,51.176397458359695,0.0</coordinates>
                </LineString>
                <LineString id="28586">
                    <coordinates>10.2800651711039,51.17627069467079,0.0 10.280141578390198,51.17628194890089,0.0</coordinates>
                </LineString>
                <LineString id="28588">
                    <coordinates>10.280027468029,51.17653727283841,0.0 10.2800678266221,51.1765249571153,0.0 10.280094678273501,51.17657087468041,0.0</coordinates>
                </LineString>
                <LineString id="28590">
                    <coordinates>10.280027468029,51.17653727283841,0.0 10.279972643752902,51.176569386567905,0.0</coordinates>
                </LineString>
                <LineString id="28592">
                    <coordinates>10.285104874216803,51.1773345596388,0.0 10.2851689272613,51.1772845188508,0.0</coordinates>
                </LineString>
                <LineString id="28594">
                    <coordinates>10.2849268523437,51.1772639179662,0.0 10.2849155916031,51.177256354556086,0.0</coordinates>
                </LineString>
                <LineString id="28596">
                    <coordinates>10.2836674167644,51.1767843800445,0.0 10.2839248821135,51.176853393025,0.0 10.2839974695834,51.1768215739107,0.0 10.284006969996998,51.17680257457079,0.0</coordinates>
                </LineString>
                <LineString id="28598">
                    <coordinates>10.2838312773218,51.1768935337791,0.0 10.2838341592262,51.17691684089099,0.0 10.2838280468627,51.17691699396239,0.0</coordinates>
                </LineString>
                <LineString id="28600">
                    <coordinates>10.2834885710138,51.1767976860711,0.0 10.2834555520052,51.17678605471519,0.0</coordinates>
                </LineString>
                <LineString id="28602">
                    <coordinates>10.2833316485356,51.176797910095694,0.0 10.283340205648,51.17679854803449,0.0 10.2833485576774,51.17678352324081,0.0</coordinates>
                </LineString>
                <LineString id="28604">
                    <coordinates>10.2853931407597,51.1777247033476,0.0 10.285397580553798,51.17772800462439,0.0</coordinates>
                </LineString>
                <LineString id="28606">
                    <coordinates>10.2842701152192,51.177493609093005,0.0 10.284257820990998,51.17741947216199,0.0 10.2842551259088,51.1774030717439,0.0</coordinates>
                </LineString>
                <LineString id="28608">
                    <coordinates>10.283423109248902,51.177392217739204,0.0 10.2833983793626,51.177397680158506,0.0 10.2833770343394,51.17746104869731,0.0</coordinates>
                </LineString>
                <LineString id="28610">
                    <coordinates>10.280609520639201,51.176015976045,0.0 10.280621248406502,51.176016337150784,0.0 10.280637520546101,51.176023327373,0.0</coordinates>
                </LineString>
                <LineString id="28612">
                    <coordinates>10.280742174353998,51.17533987319591,0.0 10.2807303445688,51.1752861039041,0.0</coordinates>
                </LineString>
                <LineString id="28614">
                    <coordinates>10.2807055404411,51.175177811357806,0.0 10.2807009117112,51.1751603756069,0.0 10.2806881297521,51.17510452473019,0.0 10.2806800787072,51.175067207825805,0.0</coordinates>
                </LineString>
                <LineString id="28616">
                    <coordinates>10.280619794498598,51.1751843004058,0.0 10.280567292945602,51.175188617005,0.0 10.280570002449602,51.1751949764474,0.0</coordinates>
                </LineString>
                <LineString id="28618">
                    <coordinates>10.280164568729703,51.17497286529181,0.0 10.2800594186426,51.174980462101104,0.0 10.2799597225966,51.174989064908395,0.0 10.2798346621731,51.1749890693545,0.0</coordinates>
                </LineString>
                <LineString id="28620">
                    <coordinates>10.2806536447904,51.174944292345806,0.0 10.280527029502698,51.17494265657279,0.0</coordinates>
                </LineString>
                <LineString id="28622">
                    <coordinates>10.2804271500726,51.17495158070549,0.0 10.2803919282392,51.17495463193129,0.0</coordinates>
                </LineString>
                <LineString id="28624">
                    <coordinates>10.281226229993703,51.174401871873705,0.0 10.2813181402366,51.1743760825495,0.0</coordinates>
                </LineString>
                <LineString id="28626">
                    <coordinates>10.2816528834701,51.17526558484009,0.0 10.2816591623542,51.17529865956609,0.0</coordinates>
                </LineString>
                <LineString id="28628">
                    <coordinates>10.2819036340487,51.17524520193749,0.0 10.2820168526272,51.1752171359472,0.0 10.2822329684011,51.17516358493239,0.0</coordinates>
                </LineString>
                <LineString id="28630">
                    <coordinates>10.2823928939759,51.17511739817672,0.0 10.2823884206248,51.1751103926104,0.0</coordinates>
                </LineString>
                <LineString id="28632">
                    <coordinates>10.2818875819423,51.175249227273206,0.0 10.2819036340487,51.17524520193749,0.0</coordinates>
                </LineString>
                <LineString id="28634">
                    <coordinates>10.2818774721236,51.1753261818737,0.0 10.281865727421,51.1753308997184,0.0 10.281938734041,51.1754251839169,0.0 10.2818130001135,51.1754448226809,0.0 10.281810088107802,51.175437750123706,0.0</coordinates>
                </LineString>
                <LineString id="28636">
                    <coordinates>10.2816528834701,51.17526558484009,0.0 10.281646800908398,51.1752657112653,0.0</coordinates>
                </LineString>
                <LineString id="28638">
                    <coordinates>10.2815197486785,51.174904849231,0.0 10.2815322067231,51.1749274969851,0.0 10.2815640048852,51.17499810015179,0.0 10.2815817888214,51.17503559588451,0.0</coordinates>
                </LineString>
                <LineString id="28640">
                    <coordinates>10.281403962079498,51.1744971822804,0.0 10.2814116063186,51.1744938965173,0.0</coordinates>
                </LineString>
                <LineString id="28642">
                    <coordinates>10.2811016102518,51.1740549697917,0.0 10.2810942014009,51.174043075702194,0.0 10.2810257231791,51.1739351754166,0.0 10.2809870333978,51.173868812774,0.0 10.280995978317298,51.173866696804296,0.0</coordinates>
                </LineString>
                <LineString id="28644">
                    <coordinates>10.2811442249577,51.17427890431781,0.0 10.281229178174698,51.17425445119069,0.0</coordinates>
                </LineString>
                <LineString id="28646">
                    <coordinates>10.2807842662709,51.1737038337012,0.0 10.2806929521968,51.173589763489,0.0 10.2806324256271,51.1735065031927,0.0</coordinates>
                </LineString>
                <LineString id="28648">
                    <coordinates>10.281006157290998,51.1740506639407,0.0 10.2810058874658,51.17406523198011,0.0 10.2808784160981,51.1740686091357,0.0</coordinates>
                </LineString>
                <LineString id="28650">
                    <coordinates>10.2813329437822,51.17368034077279,0.0 10.2813341049651,51.173659870724,0.0</coordinates>
                </LineString>
                <LineString id="28652">
                    <coordinates>10.2820232009814,51.17356851650289,0.0 10.2822461530201,51.1735112722909,0.0 10.282268447938598,51.17350547772409,0.0 10.2823309755518,51.1734895133075,0.0</coordinates>
                </LineString>
                <LineString id="28654">
                    <coordinates>10.2825590297707,51.1736302475427,0.0 10.2825903475717,51.1736598961566,0.0</coordinates>
                </LineString>
                <LineString id="28656">
                    <coordinates>10.2823512582281,51.1734250865445,0.0 10.282331917509099,51.173431427906,0.0</coordinates>
                </LineString>
                <LineString id="28658">
                    <coordinates>10.2825592610316,51.1733737351641,0.0 10.2827057453541,51.1733258045237,0.0</coordinates>
                </LineString>
                <LineString id="28660">
                    <coordinates>10.2829634163165,51.17403384232429,0.0 10.2829017222573,51.17405622883539,0.0</coordinates>
                </LineString>
                <LineString id="28662">
                    <coordinates>10.2827448690055,51.1738156959001,0.0 10.2827646560229,51.17383469346758,0.0</coordinates>
                </LineString>
                <LineString id="28664">
                    <coordinates>10.2831352610746,51.17420227428719,0.0 10.283065490749502,51.1742299540717,0.0</coordinates>
                </LineString>
                <LineString id="28666">
                    <coordinates>10.2831166452671,51.1741844626067,0.0 10.2831352610746,51.17420227428719,0.0</coordinates>
                </LineString>
                <LineString id="28668">
                    <coordinates>10.2826619432196,51.17373245854069,0.0 10.2825988339554,51.173753682452784,0.0</coordinates>
                </LineString>
                <LineString id="28670">
                    <coordinates>10.2817309179989,51.172578973933796,0.0 10.281676347753303,51.17259786860009,0.0</coordinates>
                </LineString>
                <LineString id="28672">
                    <coordinates>10.280598455764698,51.17346437358529,0.0 10.280585663437,51.173440354402985,0.0</coordinates>
                </LineString>
                <LineString id="28674">
                    <coordinates>10.279377156968,51.1731383412819,0.0 10.2793473710114,51.1730987179726,0.0 10.279335595989098,51.1730881169786,0.0 10.2793221223651,51.17308127559189,0.0</coordinates>
                </LineString>
                <LineString id="28676">
                    <coordinates>10.2791081302834,51.1730713954298,0.0 10.279183430958803,51.17303768645839,0.0 10.2791548105194,51.1729951856138,0.0</coordinates>
                </LineString>
                <LineString id="28678">
                    <coordinates>10.2788096040229,51.1732557035657,0.0 10.2787857474764,51.17326502536329,0.0</coordinates>
                </LineString>
                <LineString id="28680">
                    <coordinates>10.2788749622447,51.1732297952745,0.0 10.2788246829023,51.17324976754989,0.0</coordinates>
                </LineString>
                <LineString id="28682">
                    <coordinates>10.2781149694565,51.17390362430209,0.0 10.2780947946979,51.1738144390617,0.0 10.2780474272726,51.17380610990589,0.0</coordinates>
                </LineString>
                <LineString id="28684">
                    <coordinates>10.2793694786258,51.1771319013304,0.0 10.2793932056479,51.177112275522795,0.0</coordinates>
                </LineString>
                <LineString id="28686">
                    <coordinates>10.2793111763761,51.17710602620539,0.0 10.2793694786258,51.1771319013304,0.0</coordinates>
                </LineString>
                <LineString id="28688">
                    <coordinates>10.279286942859502,51.17720036537471,0.0 10.2793375615129,51.177158319636185,0.0 10.2793694786258,51.1771319013304,0.0</coordinates>
                </LineString>
                <LineString id="28690">
                    <coordinates>10.2790795123205,51.177355278622095,0.0 10.2791045046603,51.177385814980184,0.0</coordinates>
                </LineString>
                <LineString id="28692">
                    <coordinates>10.2790971354876,51.177498507002305,0.0 10.2791077493672,51.1775003711037,0.0</coordinates>
                </LineString>
                <LineString id="28694">
                    <coordinates>10.2790721027566,51.1775466732274,0.0 10.2790971354876,51.177498507002305,0.0</coordinates>
                </LineString>
                <LineString id="28696">
                    <coordinates>10.2797347300534,51.17756531613081,0.0 10.2795871149293,51.17763703970311,0.0</coordinates>
                </LineString>
                <LineString id="28698">
                    <coordinates>10.2822864740626,51.1771949479307,0.0 10.2822698848829,51.1771414235912,0.0</coordinates>
                </LineString>
                <LineString id="28700">
                    <coordinates>10.2855396659067,51.17548128964789,0.0 10.2855193742386,51.1754650539401,0.0</coordinates>
                </LineString>
                <LineString id="28702">
                    <coordinates>10.2867054592218,51.175611830331896,0.0 10.2867137199258,51.17560772621529,0.0 10.2867482808558,51.175645673534,0.0 10.286813074392,51.17572723108389,0.0</coordinates>
                </LineString>
                <LineString id="28704">
                    <coordinates>10.2861475444202,51.17452890158959,0.0 10.2862255163209,51.1745862639784,0.0 10.2862955702807,51.1746361749138,0.0 10.2863182970369,51.1746515292222,0.0</coordinates>
                </LineString>
                <LineString id="28706">
                    <coordinates>10.2181365495698,51.21279733957441,0.0 10.2181101566441,51.21279846599008,0.0</coordinates>
                </LineString>
                <LineString id="28708">
                    <coordinates>10.2181667318775,51.2127955606694,0.0 10.2180839388898,51.2129119009277,0.0</coordinates>
                </LineString>
                <LineString id="28710">
                    <coordinates>10.2181189567711,51.21290869440469,0.0 10.218100010129998,51.212910464559585,0.0</coordinates>
                </LineString>
                <LineString id="28712">
                    <coordinates>10.279983522803,51.177479896350285,0.0 10.279969409992301,51.1774875097789,0.0 10.2800915404989,51.17756337850379,0.0 10.2800472777946,51.177585660158385,0.0</coordinates>
                </LineString>
                <LineString id="28714">
                    <coordinates>10.288403967465,51.1750945391722,0.0 10.2884298427953,51.1750804895011,0.0</coordinates>
                </LineString>
                <LineString id="28716">
                    <coordinates>10.2847771005877,51.1769786524318,0.0 10.284818176838,51.176964700514496,0.0</coordinates>
                </LineString>
                <LineString id="28718">
                    <coordinates>10.2883245806573,51.1751375074078,0.0 10.2883356708661,51.1751315208136,0.0</coordinates>
                </LineString>
                <LineString id="28720">
                    <coordinates>10.2228975190729,51.21515833082919,0.0 10.2228654974547,51.215176255136996,0.0</coordinates>
                </LineString>
                <LineString id="28722">
                    <coordinates>10.2227060433311,51.212886160050495,0.0 10.2226947400649,51.2128916428091,0.0 10.222693240974,51.2128908020016,0.0</coordinates>
                </LineString>
                <LineString id="28724">
                    <coordinates>10.2250613861417,51.2139406985589,0.0 10.2251189676162,51.2139134975368,0.0</coordinates>
                </LineString>
                <LineString id="28726">
                    <coordinates>10.2804014074764,51.1747039547989,0.0 10.2803803153071,51.17469084376099,0.0</coordinates>
                </LineString>
                <LineString id="28728">
                    <coordinates>10.2849212052285,51.174038157017804,0.0 10.2849525841504,51.1740191636426,0.0</coordinates>
                </LineString>
                <LineString id="28730">
                    <coordinates>10.2857583644929,51.1732111818211,0.0 10.2858856393134,51.17316364899491,0.0 10.286044278793302,51.17309168350399,0.0</coordinates>
                </LineString>
                <LineString id="28732">
                    <coordinates>10.286664603055401,51.174253942412605,0.0 10.2867322721238,51.174315729266496,0.0 10.2867542294157,51.1743055330331,0.0</coordinates>
                </LineString>
                <LineString id="28734">
                    <coordinates>10.2873286123667,51.17394176688,0.0 10.287455400422898,51.17388383335239,0.0</coordinates>
                </LineString>
                <LineString id="28736">
                    <coordinates>10.288031051871599,51.17356353763059,0.0 10.2880034824001,51.17354070544529,0.0</coordinates>
                </LineString>
                <LineString id="28738">
                    <coordinates>10.2878005139154,51.17372659621039,0.0 10.2878082998535,51.1737229435356,0.0</coordinates>
                </LineString>
                <LineString id="28740">
                    <coordinates>10.2874710833717,51.1730382670271,0.0 10.287549636899001,51.1730080702599,0.0</coordinates>
                </LineString>
                <LineString id="28742">
                    <coordinates>10.2839932373519,51.17549937092,0.0 10.2839970681611,51.17551483511761,0.0</coordinates>
                </LineString>
                <LineString id="28744">
                    <coordinates>10.2783859456486,51.173477328256,0.0 10.2783701349012,51.1734867863282,0.0</coordinates>
                </LineString>
                <LineString id="28746">
                    <coordinates>10.2783614138815,51.173492105660394,0.0 10.278350526729202,51.1734987595271,0.0</coordinates>
                </LineString>
                <LineString id="28748">
                    <coordinates>10.2220048237734,51.212673938706,0.0 10.2220351562805,51.212703570394496,0.0</coordinates>
                </LineString>
                <LineString id="28750">
                    <coordinates>10.2218971449671,51.2127476888919,0.0 10.221957850275,51.2127151971127,0.0 10.2220351562805,51.212703570394496,0.0</coordinates>
                </LineString>
                <LineString id="28752">
                    <coordinates>10.2867706375492,51.173433413400595,0.0 10.2867250306979,51.1733902702078,0.0</coordinates>
                </LineString>
                <LineString id="28754">
                    <coordinates>10.2230661394215,51.21243665991881,0.0 10.2230866940625,51.212426193559686,0.0</coordinates>
                </LineString>
                <LineString id="28756">
                    <coordinates>10.2172814502423,51.21298072138709,0.0 10.2172477750333,51.21298362448831,0.0</coordinates>
                </LineString>
                <LineString id="28758">
                    <coordinates>10.2161534154048,51.21297919461941,0.0 10.2159879237564,51.21299461536249,0.0</coordinates>
                </LineString>
                <LineString id="28760">
                    <coordinates>10.2181667318775,51.2127955606694,0.0 10.2181713331329,51.21278944593799,0.0</coordinates>
                </LineString>
                <LineString id="28762">
                    <coordinates>10.2151490934569,51.21322408508281,0.0 10.2148864690891,51.21334406325168,0.0</coordinates>
                </LineString>
                <LineString id="28764">
                    <coordinates>10.224202176028,51.214287740306304,0.0 10.224053437131998,51.2143517002231,0.0 10.2238118950975,51.214445346371896,0.0 10.2236836479467,51.21450679407959,0.0 10.2235996345635,51.214565838572,0.0</coordinates>
                </LineString>
                <LineString id="28766">
                    <coordinates>10.2216648927202,51.2111758341904,0.0 10.2216145449222,51.21117354998589,0.0</coordinates>
                </LineString>
                <LineString id="28768">
                    <coordinates>10.2244677472612,51.2160163673919,0.0 10.2244505939481,51.215984500137395,0.0</coordinates>
                </LineString>
                <LineString id="28770">
                    <coordinates>10.2887962192868,51.1749029834546,0.0 10.2887285910729,51.174939309874205,0.0</coordinates>
                </LineString>
                <LineString id="28772">
                    <coordinates>10.2192161326629,51.2126937958985,0.0 10.2192426575946,51.2126896148113,0.0</coordinates>
                </LineString>
                <LineString id="28774">
                    <coordinates>10.285979014545198,51.17356118452809,0.0 10.2860751196463,51.17352434189889,0.0</coordinates>
                </LineString>
                <LineString id="28776">
                    <coordinates>10.2872724508226,51.1745337758854,0.0 10.287237479687597,51.1745053695648,0.0</coordinates>
                </LineString>
                <LineString id="28778">
                    <coordinates>10.2876176475786,51.174358219871294,0.0 10.287581919173,51.17432979358189,0.0</coordinates>
                </LineString>
                <LineString id="28780">
                    <coordinates>10.2884265695588,51.17392017512359,0.0 10.2883861982768,51.1738865931055,0.0</coordinates>
                </LineString>
                <LineString id="28782">
                    <coordinates>10.2786808285639,51.17657274759489,0.0 10.2787146913062,51.17662160930599,0.0</coordinates>
                </LineString>
                <LineString id="28784">
                    <coordinates>10.2876420561994,51.174295722437,0.0 10.2876771248057,51.174324588528094,0.0</coordinates>
                </LineString>
                <LineString id="28786">
                    <coordinates>10.2788246829023,51.17324976754989,0.0 10.2788096040229,51.1732557035657,0.0</coordinates>
                </LineString>
                <LineString id="28788">
                    <coordinates>10.2269130191576,51.2143325313382,0.0 10.227057858165198,51.2142988392774,0.0 10.227527428023198,51.21409554295809,0.0 10.2276777940461,51.21402894239931,0.0 10.227687557277502,51.2140240471281,0.0</coordinates>
                </LineString>
                <LineString id="28790">
                    <coordinates>10.2267829008542,51.210934715941,0.0 10.226772254121098,51.210939525834796,0.0 10.226694068128602,51.210972690155494,0.0 10.2266321872356,51.210999790840795,0.0 10.2266245138043,51.2110028298921,0.0</coordinates>
                </LineString>
                <LineString id="28792">
                    <coordinates>10.2255344111743,51.211783973407,0.0 10.225543349384099,51.21176627375349,0.0 10.2255456156529,51.21175944013579,0.0</coordinates>
                </LineString>
                <LineString id="28794">
                    <coordinates>10.2252862959177,51.21218133191249,0.0 10.2252501904244,51.21221361409479,0.0 10.2252634535008,51.21221745594641,0.0</coordinates>
                </LineString>
                <LineString id="28796">
                    <coordinates>10.224357339371,51.216396242529804,0.0 10.2244101738883,51.21631613859609,0.0</coordinates>
                </LineString>
                <LineString id="28798">
                    <coordinates>10.2706069774106,51.1784936827944,0.0 10.2705951599511,51.17849761635239,0.0</coordinates>
                </LineString>
                <LineString id="28800">
                    <coordinates>10.2845034639797,51.17695651826839,0.0 10.284503220828897,51.17695806089888,0.0</coordinates>
                </LineString>
                <LineString id="28802">
                    <coordinates>10.2140018081254,51.21421425402681,0.0 10.2139854101176,51.214226714971694,0.0 10.2139409061075,51.214228319211294,0.0</coordinates>
                </LineString>
                <LineString id="28804">
                    <coordinates>10.2143539020357,51.213609939798,0.0 10.2143079103217,51.21362227292699,0.0</coordinates>
                </LineString>
                <LineString id="28806">
                    <coordinates>10.2278964254268,51.21381481488069,0.0 10.2279930681215,51.2137867834954,0.0</coordinates>
                </LineString>
                <LineString id="28808">
                    <coordinates>10.2153307757142,51.2189006692283,0.0 10.2153652839963,51.2190974271066,0.0 10.2153771615385,51.219097518302995,0.0 10.2154355877568,51.21909137030659,0.0</coordinates>
                </LineString>
                <LineString id="28810">
                    <coordinates>10.2154453385492,51.2190913032187,0.0 10.2154557697844,51.2190914083148,0.0 10.2154685628467,51.21909114489039,0.0</coordinates>
                </LineString>
                <LineString id="28812">
                    <coordinates>10.215422390572,51.21855876610721,0.0 10.2152778544433,51.21862219472159,0.0</coordinates>
                </LineString>
                <LineString id="28814">
                    <coordinates>10.2759757922116,51.17738307184881,0.0 10.2758855993404,51.177429297507494,0.0 10.2758566240117,51.1774438830687,0.0</coordinates>
                </LineString>
                <LineString id="28816">
                    <coordinates>10.2214015382961,51.2115674964904,0.0 10.221494392373,51.2116118143413,0.0 10.2215633844517,51.211626122174806,0.0</coordinates>
                </LineString>
                <LineString id="28818">
                    <coordinates>10.2886246423652,51.1748345002123,0.0 10.2885994623328,51.17481933521451,0.0</coordinates>
                </LineString>
                <LineString id="28820">
                    <coordinates>10.2274260558249,51.21050132072009,0.0 10.2274318201069,51.2105043925296,0.0</coordinates>
                </LineString>
                <LineString id="28822">
                    <coordinates>10.2833593773085,51.174422668118495,0.0 10.2832216214845,51.1744777035099,0.0 10.2831458547839,51.174507803439596,0.0 10.2831538891917,51.17451673104469,0.0</coordinates>
                </LineString>
                <LineString id="28824">
                    <coordinates>10.215884189568298,51.21295339048049,0.0 10.2159031137088,51.2130022222659,0.0</coordinates>
                </LineString>
                <LineString id="28826">
                    <coordinates>10.2190802226381,51.214898749309704,0.0 10.2191590283876,51.214857625776894,0.0 10.2192354606517,51.21480826765819,0.0 10.2192401354236,51.21476572855461,0.0 10.219173360028902,51.21470979576579,0.0 10.2191404073153,51.214688366846,0.0 10.2191275663082,51.2147028962714,0.0</coordinates>
                </LineString>
                <LineString id="28828">
                    <coordinates>10.2151219331427,51.213369489678094,0.0 10.2151249252686,51.21336428543489,0.0</coordinates>
                </LineString>
                <LineString id="28830">
                    <coordinates>10.2879664949937,51.1753215787699,0.0 10.2881048440535,51.1752573861859,0.0</coordinates>
                </LineString>
                <LineString id="28832">
                    <coordinates>10.2785904475818,51.17799899762219,0.0 10.2786995390621,51.1779806097333,0.0 10.278861596397999,51.17794897717081,0.0</coordinates>
                </LineString>
                <LineString id="28834">
                    <coordinates>10.2818311454221,51.1726890929925,0.0 10.2817808937856,51.172632548179,0.0</coordinates>
                </LineString>
                <LineString id="28836">
                    <coordinates>10.2802461336469,51.17268545021749,0.0 10.2804376524643,51.17271626724329,0.0</coordinates>
                </LineString>
                <LineString id="28838">
                    <coordinates>10.2222692682771,51.21336313502759,0.0 10.2221032547027,51.2134490161787,0.0 10.221930422141599,51.2135409872727,0.0 10.2218712586235,51.2135728102706,0.0 10.2215603864707,51.2137485513822,0.0</coordinates>
                </LineString>
                <LineString id="28840">
                    <coordinates>10.2215560425425,51.213750966480795,0.0 10.2215119745433,51.21370373129059,0.0</coordinates>
                </LineString>
                <LineString id="28842">
                    <coordinates>10.2205505850756,51.2133934277375,0.0 10.2205465032822,51.2133905250003,0.0</coordinates>
                </LineString>
                <LineString id="28844">
                    <coordinates>10.2206979166054,51.2173430993328,0.0 10.2205762397206,51.21745733996159,0.0</coordinates>
                </LineString>
                <LineString id="28846">
                    <coordinates>10.2155508877985,51.21847957692909,0.0 10.2155202001809,51.2184258103564,0.0</coordinates>
                </LineString>
                <LineString id="28848">
                    <coordinates>10.2224759211393,51.21333622164669,0.0 10.222454627944302,51.2133483846884,0.0</coordinates>
                </LineString>
                <LineString id="28850">
                    <coordinates>10.222439948468999,51.21326866762779,0.0 10.2222692682771,51.21336313502759,0.0</coordinates>
                </LineString>
                <LineString id="28852">
                    <coordinates>10.222215281105802,51.21331181204639,0.0 10.2222184946378,51.213316823058605,0.0</coordinates>
                </LineString>
                <LineString id="28854">
                    <coordinates>10.2235637106462,51.21321809158899,0.0 10.2236039640162,51.21330463311119,0.0 10.2236535472951,51.213419138703,0.0</coordinates>
                </LineString>
                <LineString id="28856">
                    <coordinates>10.222441385240602,51.2151511978652,0.0 10.2224152497351,51.215166056127494,0.0</coordinates>
                </LineString>
                <LineString id="28858">
                    <coordinates>10.2201784271586,51.2163041871274,0.0 10.220099097317,51.2163399276586,0.0 10.2199997108742,51.2163653488333,0.0 10.219877667609598,51.21639443466928,0.0 10.219770591116399,51.2164203140251,0.0</coordinates>
                </LineString>
                <LineString id="28860">
                    <coordinates>10.2154933911983,51.21868984570029,0.0 10.2154878428293,51.2186819222703,0.0 10.215482541207802,51.2186761331128,0.0 10.2154714993504,51.21867182960321,0.0 10.2154617907982,51.2186678430733,0.0 10.2154481265074,51.218665836849695,0.0 10.2154349029252,51.21866390925948,0.0 10.2154251324319,51.218658932937394,0.0 10.215417277344,51.2186529160669,0.0 10.215411741493,51.21864466920211,0.0 10.215405904732998,51.21863568959989,0.0 10.2154050249227,51.2186254910849,0.0 10.2154039908735,51.2186133574763,0.0 10.215400919684999,51.21860059950188,0.0 10.215401827147698,51.218590823774186,0.0 10.2154027602363,51.2185800146448,0.0 10.2154092789615,51.21857134927079,0.0 10.215422390572,51.21855876610721,0.0</coordinates>
                </LineString>
                <LineString id="28862">
                    <coordinates>10.216021965883199,51.218329711078894,0.0 10.2160854227841,51.21842303630951,0.0</coordinates>
                </LineString>
                <LineString id="28864">
                    <coordinates>10.2160452086378,51.21816011886661,0.0 10.216058227266,51.2181792042162,0.0</coordinates>
                </LineString>
                <LineString id="28866">
                    <coordinates>10.216521050467,51.2180524484143,0.0 10.2165622872316,51.2181192214463,0.0</coordinates>
                </LineString>
                <LineString id="28868">
                    <coordinates>10.2157042221453,51.2165141040738,0.0 10.215687313311198,51.216489026303286,0.0 10.215576029367199,51.2162907204486,0.0</coordinates>
                </LineString>
                <LineString id="28870">
                    <coordinates>10.2150366806165,51.2166868175605,0.0 10.2151565494055,51.21667335432049,0.0 10.2155134931279,51.2166362943346,0.0 10.2157739030927,51.2166114887661,0.0</coordinates>
                </LineString>
                <LineString id="28872">
                    <coordinates>10.216423986051101,51.217632948779894,0.0 10.2164197016733,51.2176278763453,0.0 10.2164011351092,51.2176064141734,0.0 10.2163112357978,51.217512101837485,0.0 10.216256291341399,51.21745707584579,0.0 10.2161706293647,51.2173927809797,0.0 10.216144400038,51.217346993264705,0.0</coordinates>
                </LineString>
                <LineString id="28874">
                    <coordinates>10.2164312868471,51.21764145621841,0.0 10.216423986051101,51.217632948779894,0.0</coordinates>
                </LineString>
                <LineString id="28876">
                    <coordinates>10.2165040920862,51.2176024454463,0.0 10.2165397440342,51.217587364923,0.0 10.2166606741018,51.2175286811487,0.0 10.2166578709797,51.217524170660695,0.0</coordinates>
                </LineString>
                <LineString id="28878">
                    <coordinates>10.2164694230246,51.217777742779596,0.0 10.216561994097297,51.217737675733595,0.0</coordinates>
                </LineString>
                <LineString id="28880">
                    <coordinates>10.2167661961454,51.217957550635994,0.0 10.2167703284801,51.217949882623294,0.0 10.2167729706917,51.21794114013769,0.0 10.2167733633741,51.21793060143969,0.0 10.216773784774,51.2179189484815,0.0 10.2167720671984,51.21791004968079,0.0 10.2167658809433,51.21789603070351,0.0 10.2167627900724,51.21788896281729,0.0 10.216753200658102,51.21787744501,0.0</coordinates>
                </LineString>
                <LineString id="28882">
                    <coordinates>10.219685366121897,51.2164132914781,0.0 10.219695660162099,51.2164102567785,0.0 10.219788856541403,51.21638241343639,0.0 10.2199184022593,51.216349189758596,0.0</coordinates>
                </LineString>
                <LineString id="28884">
                    <coordinates>10.219770591116399,51.2164203140251,0.0 10.2197987029813,51.21644593913941,0.0</coordinates>
                </LineString>
                <LineString id="28886">
                    <coordinates>10.2188854804261,51.2167010840449,0.0 10.218957967375198,51.2166750567385,0.0 10.2190667334343,51.21663805685329,0.0</coordinates>
                </LineString>
                <LineString id="28888">
                    <coordinates>10.2181761063313,51.217228488706596,0.0 10.2182160128605,51.2172121869444,0.0</coordinates>
                </LineString>
                <LineString id="28890">
                    <coordinates>10.2207149012322,51.21619205495309,0.0 10.2206684085416,51.2162077090819,0.0</coordinates>
                </LineString>
                <LineString id="28892">
                    <coordinates>10.2154045723782,51.215985735571394,0.0 10.215414659396298,51.21600139625419,0.0 10.2154819767568,51.216099904744986,0.0 10.215490366228,51.216114676547896,0.0</coordinates>
                </LineString>
                <LineString id="28894">
                    <coordinates>10.2154045723782,51.215985735571394,0.0 10.2154592750875,51.2159710177532,0.0</coordinates>
                </LineString>
                <LineString id="28896">
                    <coordinates>10.2144274639099,51.21595369987931,0.0 10.2144419448435,51.21595159250381,0.0 10.2145245817338,51.21593851483329,0.0 10.214648296338598,51.21591845855559,0.0</coordinates>
                </LineString>
                <LineString id="28898">
                    <coordinates>10.2141633511197,51.2159022239443,0.0 10.2141674728242,51.21590927167399,0.0 10.2142791414145,51.2158861014191,0.0</coordinates>
                </LineString>
                <LineString id="28900">
                    <coordinates>10.215265912340397,51.21575364296388,0.0 10.2152764338608,51.21575361461439,0.0 10.215351420502898,51.21574440206239,0.0</coordinates>
                </LineString>
                <LineString id="28902">
                    <coordinates>10.2146317474952,51.2158378130118,0.0 10.214623736287,51.2157991977642,0.0</coordinates>
                </LineString>
                <LineString id="28904">
                    <coordinates>10.216623572677998,51.21567220676209,0.0 10.2166675442168,51.21566589187301,0.0 10.2167178350286,51.21565939456999,0.0 10.2167777117769,51.215647442828,0.0 10.216837906248498,51.215652468072804,0.0 10.2168484611776,51.215648979133285,0.0 10.2168632252984,51.21564879952619,0.0 10.2169042724133,51.21564778874989,0.0 10.2169199238328,51.215644647128,0.0 10.2169630998879,51.21572158076159,0.0</coordinates>
                </LineString>
                <LineString id="28906">
                    <coordinates>10.2189151332978,51.21482268522169,0.0 10.2187597538612,51.214767642281295,0.0 10.2186590623049,51.21473754127529,0.0 10.2186372096088,51.2147578575792,0.0 10.2186498092761,51.2147618339139,0.0</coordinates>
                </LineString>
                <LineString id="28908">
                    <coordinates>10.218906741938,51.21483169086349,0.0 10.2189151332978,51.21482268522169,0.0</coordinates>
                </LineString>
                <LineString id="28910">
                    <coordinates>10.2182771897364,51.2152646175117,0.0 10.218394806280703,51.215228903638,0.0 10.2184946952519,51.21519523911999,0.0</coordinates>
                </LineString>
                <LineString id="28912">
                    <coordinates>10.2172102076893,51.215536583253396,0.0 10.2174128307647,51.2155116849657,0.0 10.2175260111781,51.2154948902237,0.0</coordinates>
                </LineString>
                <LineString id="28914">
                    <coordinates>10.216427403336501,51.2156152177812,0.0 10.2164559594989,51.21561149077561,0.0 10.2165014380906,51.21560766203629,0.0</coordinates>
                </LineString>
                <LineString id="28916">
                    <coordinates>10.2195535242593,51.213649721182,0.0 10.2195724496122,51.213647024548095,0.0 10.2195929926482,51.21364394799028,0.0 10.219629843763002,51.2136384945546,0.0</coordinates>
                </LineString>
                <LineString id="28918">
                    <coordinates>10.2169930279059,51.21793840654391,0.0 10.2169847379365,51.217944761691506,0.0</coordinates>
                </LineString>
                <LineString id="28920">
                    <coordinates>10.2234609896379,51.21489345998749,0.0 10.2236028771834,51.214849910861005,0.0</coordinates>
                </LineString>
                <LineString id="28922">
                    <coordinates>10.2241609822622,51.215513435067685,0.0 10.224093419780399,51.215428286330486,0.0 10.2240878725886,51.2154217926578,0.0</coordinates>
                </LineString>
                <LineString id="28924">
                    <coordinates>10.2240485097529,51.215668945842694,0.0 10.2240625052023,51.2156705156045,0.0 10.2241620116755,51.21564001375229,0.0 10.224242525046398,51.215618419922485,0.0</coordinates>
                </LineString>
                <LineString id="28926">
                    <coordinates>10.224504964019701,51.2161194480925,0.0 10.2245015579057,51.216105660482896,0.0 10.2244791243555,51.216038015867206,0.0 10.2244677472612,51.2160163673919,0.0</coordinates>
                </LineString>
                <LineString id="28928">
                    <coordinates>10.2213728018081,51.213096344588585,0.0 10.2215182387101,51.2130538228011,0.0</coordinates>
                </LineString>
                <LineString id="28930">
                    <coordinates>10.2211494540903,51.21317025110199,0.0 10.2212287720178,51.213143202540195,0.0 10.221275224849398,51.2131277543522,0.0 10.2213135116419,51.2131154811976,0.0 10.2213434099975,51.2131058403349,0.0</coordinates>
                </LineString>
                <LineString id="28932">
                    <coordinates>10.221489215680798,51.213656568168595,0.0 10.2214268685658,51.2136811060231,0.0</coordinates>
                </LineString>
                <LineString id="28934">
                    <coordinates>10.2213059158738,51.21342938694511,0.0 10.221313370368097,51.2134398561294,0.0 10.2213634368847,51.21350413674659,0.0 10.2213954707529,51.2135416243035,0.0 10.2214228380293,51.2135728112178,0.0 10.2214648944507,51.2136232161391,0.0</coordinates>
                </LineString>
                <LineString id="28936">
                    <coordinates>10.2214648944507,51.2136232161391,0.0 10.221484754216798,51.21364716927799,0.0</coordinates>
                </LineString>
                <LineString id="28938">
                    <coordinates>10.2205465032822,51.2133905250003,0.0 10.2204877674525,51.213349197256996,0.0 10.2204748841895,51.21333884325129,0.0 10.220450442034602,51.2133320531374,0.0 10.220423291733798,51.21331791338039,0.0 10.220398573047998,51.21330567141429,0.0 10.22037252456,51.21329153940798,0.0 10.2203589904995,51.2132806181451,0.0 10.2203211336589,51.2132464397904,0.0</coordinates>
                </LineString>
                <LineString id="28940">
                    <coordinates>10.2218732516608,51.21364520600561,0.0 10.2218196376586,51.21367786840139,0.0</coordinates>
                </LineString>
                <LineString id="28942">
                    <coordinates>10.2207240110083,51.2142880292273,0.0 10.2207246734364,51.2142842097708,0.0 10.220703228053,51.2142612931615,0.0</coordinates>
                </LineString>
                <LineString id="28944">
                    <coordinates>10.2213302098229,51.213945061137,0.0 10.221323857349,51.21394871322399,0.0</coordinates>
                </LineString>
                <LineString id="28946">
                    <coordinates>10.221565212724098,51.21383396201709,0.0 10.2215642294821,51.21383050409991,0.0 10.2215491752314,51.21381853507721,0.0</coordinates>
                </LineString>
                <LineString id="28948">
                    <coordinates>10.2219992615531,51.213581272157285,0.0 10.221982371629,51.21358984327621,0.0</coordinates>
                </LineString>
                <LineString id="28950">
                    <coordinates>10.2227701762354,51.213209038783894,0.0 10.222823360448102,51.213190860500795,0.0 10.2228694338541,51.2131752171418,0.0 10.222994459341702,51.2131427485043,0.0 10.2229976129456,51.213141879453794,0.0</coordinates>
                </LineString>
                <LineString id="28952">
                    <coordinates>10.2266930176658,51.2129778709724,0.0 10.2267848636938,51.2130020508097,0.0 10.2268814538322,51.2130331434463,0.0 10.226964123450202,51.2130622272349,0.0</coordinates>
                </LineString>
                <LineString id="28954">
                    <coordinates>10.2233752779638,51.21469750052179,0.0 10.223353158877797,51.214700985318,0.0 10.2233057786633,51.2147141009661,0.0 10.2232833441906,51.2147254108118,0.0 10.2232243964408,51.2147516103432,0.0</coordinates>
                </LineString>
                <LineString id="28956">
                    <coordinates>10.2230862179695,51.21465598602109,0.0 10.2229912496077,51.2146913382632,0.0</coordinates>
                </LineString>
                <LineString id="28958">
                    <coordinates>10.2220789531678,51.2155636148445,0.0 10.2220902854075,51.21555702687589,0.0 10.221986081522498,51.21548644965039,0.0 10.2219089373759,51.2154350175071,0.0</coordinates>
                </LineString>
                <LineString id="28960">
                    <coordinates>10.2214936494094,51.2156572390601,0.0 10.221415619118098,51.2157012885371,0.0 10.2213640396801,51.21572973860259,0.0 10.2213141704383,51.21575577848049,0.0 10.221247882779501,51.2157829532156,0.0</coordinates>
                </LineString>
                <LineString id="28962">
                    <coordinates>10.2188459377622,51.21513194978329,0.0 10.218854913600502,51.215125604942195,0.0 10.2188995672627,51.215102695993195,0.0 10.2189961204996,51.2150560444014,0.0 10.219054723757502,51.2150321700259,0.0 10.219148628401602,51.2149810731551,0.0 10.219211044757,51.21494628053899,0.0 10.219259301974398,51.2149175111889,0.0</coordinates>
                </LineString>
                <LineString id="28964">
                    <coordinates>10.2193362984751,51.214870966312596,0.0 10.219419128231,51.214820132238394,0.0 10.2194715854939,51.21478488233921,0.0</coordinates>
                </LineString>
                <LineString id="28966">
                    <coordinates>10.2193990512524,51.2149246983095,0.0 10.2193863395176,51.2149284513203,0.0 10.2193362984751,51.214870966312596,0.0</coordinates>
                </LineString>
                <LineString id="28968">
                    <coordinates>10.2183820555278,51.215310460063,0.0 10.2184501914621,51.2152910550358,0.0</coordinates>
                </LineString>
                <LineString id="28970">
                    <coordinates>10.2177537859822,51.215550380915595,0.0 10.2177455373656,51.2155523408809,0.0 10.217710224365,51.21550009557419,0.0</coordinates>
                </LineString>
                <LineString id="28972">
                    <coordinates>10.217710224365,51.21550009557419,0.0 10.2177306721857,51.215494689609,0.0</coordinates>
                </LineString>
                <LineString id="28974">
                    <coordinates>10.2221361452702,51.21268870755989,0.0 10.2221629045403,51.212692188424185,0.0</coordinates>
                </LineString>
                <LineString id="28976">
                    <coordinates>10.2243504423452,51.21297859310959,0.0 10.224425199955,51.2129632584377,0.0 10.2245354865123,51.2129384843183,0.0</coordinates>
                </LineString>
                <LineString id="28978">
                    <coordinates>10.2294639219551,51.212646484992604,0.0 10.2294613322209,51.21264086334429,0.0</coordinates>
                </LineString>
                <LineString id="28980">
                    <coordinates>10.229728608965,51.21258622268479,0.0 10.2298769926898,51.21255507086549,0.0 10.2298881023062,51.212552748789605,0.0</coordinates>
                </LineString>
                <LineString id="28982">
                    <coordinates>10.2296781918474,51.21259727233021,0.0 10.2296638162075,51.21257278327331,0.0 10.2296589876999,51.2125706786167,0.0</coordinates>
                </LineString>
                <LineString id="28984">
                    <coordinates>10.2291796964591,51.2127172295043,0.0 10.229208725442,51.212709308459196,0.0</coordinates>
                </LineString>
                <LineString id="28986">
                    <coordinates>10.2286002660705,51.212806824769096,0.0 10.2286073483914,51.212805394750696,0.0 10.2286350487692,51.2128511479734,0.0 10.2286290827517,51.2128589234896,0.0</coordinates>
                </LineString>
                <LineString id="28988">
                    <coordinates>10.2284650870065,51.212898530280995,0.0 10.228481023688499,51.2128949958997,0.0 10.2286290827517,51.2128589234896,0.0</coordinates>
                </LineString>
                <LineString id="28990">
                    <coordinates>10.2277773900103,51.21302920984698,0.0 10.2277869355743,51.2130568352552,0.0</coordinates>
                </LineString>
                <LineString id="28992">
                    <coordinates>10.2259047635254,51.212752847929295,0.0 10.2259727337037,51.2127588133803,0.0 10.2260209491363,51.212763005109096,0.0 10.2260721987849,51.212771297066,0.0 10.2261341117884,51.2127806945033,0.0 10.226145036709,51.21278244222369,0.0</coordinates>
                </LineString>
                <LineString id="28994">
                    <coordinates>10.226579469039198,51.212947851679694,0.0 10.2266930176658,51.2129778709724,0.0</coordinates>
                </LineString>
                <LineString id="28996">
                    <coordinates>10.2274502775244,51.21320179001519,0.0 10.2274323277582,51.213181696353,0.0</coordinates>
                </LineString>
                <LineString id="28998">
                    <coordinates>10.2278102478731,51.213115098534495,0.0 10.2278160284616,51.213126333027695,0.0</coordinates>
                </LineString>
                <LineString id="29000">
                    <coordinates>10.229046049321,51.2128261287863,0.0 10.228946553695001,51.212850620951095,0.0</coordinates>
                </LineString>
                <LineString id="29002">
                    <coordinates>10.2297528940091,51.212646424031995,0.0 10.2296196529262,51.21267793957799,0.0 10.229544422045501,51.2126970909344,0.0</coordinates>
                </LineString>
                <LineString id="29004">
                    <coordinates>10.2301097857361,51.2125953941955,0.0 10.2301032011354,51.212595042922196,0.0 10.2300946767973,51.2125933947988,0.0 10.2300838308587,51.2125914508736,0.0 10.230070908557499,51.2125891609173,0.0 10.2300620669919,51.21258869460719,0.0 10.2300404877649,51.2125874693423,0.0 10.2300282191029,51.212588290639694,0.0 10.230018996046502,51.212589562518694,0.0 10.230005122458598,51.2125923012739,0.0</coordinates>
                </LineString>
                <LineString id="29006">
                    <coordinates>10.2263481241109,51.213302155064596,0.0 10.226397265537202,51.21338324780269,0.0 10.226403662253999,51.213395201873,0.0</coordinates>
                </LineString>
                <LineString id="29008">
                    <coordinates>10.2258328334302,51.21362750517701,0.0 10.2258201928562,51.2136283114079,0.0 10.225743257804199,51.21365522839249,0.0</coordinates>
                </LineString>
                <LineString id="29010">
                    <coordinates>10.225662343013,51.213683280599994,0.0 10.2256401116285,51.213644630366495,0.0</coordinates>
                </LineString>
                <LineString id="29012">
                    <coordinates>10.226696695286302,51.21437381508931,0.0 10.2267880561923,51.214352923232994,0.0 10.2268514591558,51.2143392308653,0.0</coordinates>
                </LineString>
                <LineString id="29014">
                    <coordinates>10.2310526465736,51.2125110419248,0.0 10.2309782729951,51.2123576269344,0.0</coordinates>
                </LineString>
                <LineString id="29016">
                    <coordinates>10.2242317454278,51.2129001119575,0.0 10.2242189805892,51.21290303765019,0.0 10.224245671058002,51.21295670534968,0.0</coordinates>
                </LineString>
                <LineString id="29018">
                    <coordinates>10.225013597016,51.2127851204353,0.0 10.224832824811902,51.21281800428759,0.0 10.2247848614924,51.21282661693439,0.0 10.2246976559645,51.2128682910333,0.0 10.2245989576689,51.2128864989582,0.0</coordinates>
                </LineString>
                <LineString id="29020">
                    <coordinates>10.225645507918099,51.2127263454283,0.0 10.2257001299689,51.21272844097351,0.0</coordinates>
                </LineString>
                <LineString id="29022">
                    <coordinates>10.2237196504717,51.2116535977916,0.0 10.2237772698964,51.21163465935721,0.0 10.2239017078479,51.21159166313929,0.0 10.2241945155973,51.2114987497145,0.0</coordinates>
                </LineString>
                <LineString id="29024">
                    <coordinates>10.2282083116276,51.2102543843467,0.0 10.2282207098026,51.210251290861294,0.0 10.2282818388157,51.210232547181896,0.0</coordinates>
                </LineString>
                <LineString id="29026">
                    <coordinates>10.2251668210193,51.2111834570734,0.0 10.2252265979266,51.21126253616859,0.0 10.225258857276701,51.21125657984929,0.0</coordinates>
                </LineString>
                <LineString id="29028">
                    <coordinates>10.2250206840256,51.21133158136199,0.0 10.224927317070298,51.2112435605983,0.0</coordinates>
                </LineString>
                <LineString id="29030">
                    <coordinates>10.2239676075708,51.2121025024957,0.0 10.2239601323683,51.21209553907049,0.0</coordinates>
                </LineString>
                <LineString id="29032">
                    <coordinates>10.2242941536212,51.2119957894673,0.0 10.2242805209086,51.2119810915735,0.0</coordinates>
                </LineString>
                <LineString id="29034">
                    <coordinates>10.2237063282927,51.2116241347951,0.0 10.2237196504717,51.2116535977916,0.0</coordinates>
                </LineString>
                <LineString id="29036">
                    <coordinates>10.2206935015573,51.21244566194749,0.0 10.2208436439385,51.21251799047769,0.0 10.2208324938527,51.21252395182919,0.0</coordinates>
                </LineString>
                <LineString id="29038">
                    <coordinates>10.2208503371664,51.21239254485341,0.0 10.2209247131283,51.21236668890009,0.0 10.2209936068464,51.21235570810289,0.0</coordinates>
                </LineString>
                <LineString id="29040">
                    <coordinates>10.2209936068464,51.21235570810289,0.0 10.2211626412785,51.2123288365671,0.0</coordinates>
                </LineString>
                <LineString id="29042">
                    <coordinates>10.2206935015573,51.21244566194749,0.0 10.220832870706898,51.21239862594071,0.0</coordinates>
                </LineString>
                <LineString id="29044">
                    <coordinates>10.2208420681583,51.212361243571685,0.0 10.2208368041263,51.212339247152585,0.0</coordinates>
                </LineString>
                <LineString id="29046">
                    <coordinates>10.2207065464254,51.213009430007496,0.0 10.2207002680034,51.213009676166,0.0 10.2206961277533,51.21300606237461,0.0 10.2206940286523,51.212999620951095,0.0</coordinates>
                </LineString>
                <LineString id="29048">
                    <coordinates>10.2195823429384,51.2131375782262,0.0 10.219607678777,51.2130703176181,0.0 10.2196277679736,51.21307083894191,0.0</coordinates>
                </LineString>
                <LineString id="29050">
                    <coordinates>10.2227256680239,51.21265960805699,0.0 10.2226884622092,51.212702201683605,0.0 10.2225916963628,51.2127598112631,0.0</coordinates>
                </LineString>
                <LineString id="29052">
                    <coordinates>10.2147266946456,51.21682619166259,0.0 10.2147453805479,51.2168219549456,0.0</coordinates>
                </LineString>
                <LineString id="29054">
                    <coordinates>10.2211351117247,51.2131832836501,0.0 10.2211310030288,51.2131769914832,0.0 10.2211494540903,51.21317025110199,0.0</coordinates>
                </LineString>
                <LineString id="29056">
                    <coordinates>10.279322779380502,51.1757389008456,0.0 10.2794577392613,51.1757096557736,0.0</coordinates>
                </LineString>
                <LineString id="29058">
                    <coordinates>10.2141331225153,51.21420778954591,0.0 10.214138879775,51.21420474005111,0.0 10.214131842392797,51.214153913886896,0.0</coordinates>
                </LineString>
                <LineString id="29060">
                    <coordinates>10.214230394228101,51.2141489271015,0.0 10.214236457219899,51.214148704971194,0.0</coordinates>
                </LineString>
                <LineString id="29062">
                    <coordinates>10.2859606960473,51.176695116982295,0.0 10.2859528573361,51.176683972037296,0.0</coordinates>
                </LineString>
                <LineString id="29064">
                    <coordinates>10.2873882864427,51.176135045973794,0.0 10.287453222191399,51.17610237560119,0.0</coordinates>
                </LineString>
                <LineString id="29066">
                    <coordinates>10.2880412010731,51.17585005004599,0.0 10.2880161372877,51.17586263722729,0.0</coordinates>
                </LineString>
                <LineString id="29068">
                    <coordinates>10.2862166813697,51.175665846316896,0.0 10.2862278784755,51.1756782090691,0.0</coordinates>
                </LineString>
                <LineString id="29070">
                    <coordinates>10.2871641895712,51.1759072170599,0.0 10.287187937727099,51.175937104192386,0.0</coordinates>
                </LineString>
                <LineString id="29072">
                    <coordinates>10.2870913009526,51.17555232317331,0.0 10.2870760089131,51.1755377700477,0.0</coordinates>
                </LineString>
                <LineString id="29074">
                    <coordinates>10.286980722527298,51.17475293067881,0.0 10.2869723165279,51.174747836421105,0.0</coordinates>
                </LineString>
                <LineString id="29076">
                    <coordinates>10.2877628553479,51.174370197272495,0.0 10.2877221875341,51.1743616194953,0.0</coordinates>
                </LineString>
                <LineString id="29078">
                    <coordinates>10.287552365287,51.17391180745609,0.0 10.2875411908232,51.1738999935182,0.0</coordinates>
                </LineString>
                <LineString id="29080">
                    <coordinates>10.287226161152,51.1738522689977,0.0 10.2872526697649,51.173875166743905,0.0</coordinates>
                </LineString>
                <LineString id="29082">
                    <coordinates>10.28626928783,51.173639374884196,0.0 10.2862595207853,51.1736270240842,0.0</coordinates>
                </LineString>
                <LineString id="29084">
                    <coordinates>10.2880932557142,51.17419327269519,0.0 10.2880862649991,51.174161149798095,0.0</coordinates>
                </LineString>
                <LineString id="29086">
                    <coordinates>10.2884321840476,51.1740126693735,0.0 10.2883932948827,51.17399351921679,0.0</coordinates>
                </LineString>
                <LineString id="29088">
                    <coordinates>10.2136281261416,51.2169851845289,0.0 10.213648299359702,51.216976916419895,0.0</coordinates>
                </LineString>
                <LineString id="29090">
                    <coordinates>10.2163558242985,51.21720378526359,0.0 10.216348389085402,51.21720617104359,0.0</coordinates>
                </LineString>
                <LineString id="29092">
                    <coordinates>10.2165695625977,51.2159050928745,0.0 10.216559295136,51.2158811232454,0.0</coordinates>
                </LineString>
                <LineString id="29094">
                    <coordinates>10.215452155109402,51.216223037745,0.0 10.2154920710969,51.2162157535232,0.0</coordinates>
                </LineString>
                <LineString id="29096">
                    <coordinates>10.2148319044909,51.215934167932396,0.0 10.214867446274699,51.2159278420142,0.0</coordinates>
                </LineString>
                <LineString id="29098">
                    <coordinates>10.2147025969497,51.21574161826818,0.0 10.2147045509409,51.21574438987009,0.0</coordinates>
                </LineString>
                <LineString id="29100">
                    <coordinates>10.214449151206201,51.21602249476871,0.0 10.2144409601986,51.21600111863211,0.0</coordinates>
                </LineString>
                <LineString id="29102">
                    <coordinates>10.2143148289465,51.21583899251739,0.0 10.214328529802902,51.2158648306094,0.0</coordinates>
                </LineString>
                <LineString id="29104">
                    <coordinates>10.2205302576089,51.2169801887368,0.0 10.2205329070502,51.2169771815767,0.0</coordinates>
                </LineString>
                <LineString id="29106">
                    <coordinates>10.2184542291519,51.21712787767759,0.0 10.2184359169968,51.2171068511994,0.0</coordinates>
                </LineString>
                <LineString id="29108">
                    <coordinates>10.218173108177902,51.2169493371632,0.0 10.21817617454,51.2169596408581,0.0</coordinates>
                </LineString>
                <LineString id="29110">
                    <coordinates>10.2184027644174,51.216825307951105,0.0 10.2184113116415,51.21683193745349,0.0</coordinates>
                </LineString>
                <LineString id="29112">
                    <coordinates>10.2174090462068,51.2156060170784,0.0 10.2174004331761,51.2155758879443,0.0</coordinates>
                </LineString>
                <LineString id="29114">
                    <coordinates>10.2185958742031,51.215309570295204,0.0 10.2185533457893,51.21526921641231,0.0</coordinates>
                </LineString>
                <LineString id="29116">
                    <coordinates>10.218752817130099,51.215249535689594,0.0 10.2187514232333,51.215246709753494,0.0</coordinates>
                </LineString>
                <LineString id="29118">
                    <coordinates>10.2191250916858,51.2147058251549,0.0 10.2191275663082,51.2147028962714,0.0</coordinates>
                </LineString>
                <LineString id="29120">
                    <coordinates>10.219764345146302,51.21468952502759,0.0 10.2197404806132,51.214665879255996,0.0</coordinates>
                </LineString>
                <LineString id="29122">
                    <coordinates>10.2201217854439,51.21379608299961,0.0 10.220077929812,51.2138105903736,0.0</coordinates>
                </LineString>
                <LineString id="29124">
                    <coordinates>10.2212594483175,51.21327947309109,0.0 10.2212278743791,51.2132898795447,0.0</coordinates>
                </LineString>
                <LineString id="29126">
                    <coordinates>10.221937212902601,51.2131363562566,0.0 10.221932522247,51.2131671099904,0.0</coordinates>
                </LineString>
                <LineString id="29128">
                    <coordinates>10.2219726673564,51.21263591906829,0.0 10.2219764892565,51.2126377660365,0.0</coordinates>
                </LineString>
                <LineString id="29130">
                    <coordinates>10.2228705401211,51.212512671990694,0.0 10.2228799993937,51.2125208881817,0.0</coordinates>
                </LineString>
                <LineString id="29132">
                    <coordinates>10.2215334401166,51.21235133561769,0.0 10.2215168013314,51.212325148088496,0.0</coordinates>
                </LineString>
                <LineString id="29134">
                    <coordinates>10.2196383630321,51.213041784223094,0.0 10.2196321469816,51.2130504364565,0.0</coordinates>
                </LineString>
                <LineString id="29136">
                    <coordinates>10.2202585014059,51.21326017629868,0.0 10.2202634866962,51.21326043189221,0.0</coordinates>
                </LineString>
                <LineString id="29138">
                    <coordinates>10.2238910431673,51.21548112127871,0.0 10.2239078490602,51.215475488173794,0.0</coordinates>
                </LineString>
                <LineString id="29140">
                    <coordinates>10.2278071664335,51.214138658295305,0.0 10.2278161539508,51.2141334636049,0.0</coordinates>
                </LineString>
                <LineString id="29142">
                    <coordinates>10.227878603101798,51.2138193634158,0.0 10.2278964254268,51.21381481488069,0.0</coordinates>
                </LineString>
                <LineString id="29144">
                    <coordinates>10.227565411024502,51.213415793419905,0.0 10.227584764274699,51.2134015594641,0.0</coordinates>
                </LineString>
                <LineString id="29146">
                    <coordinates>10.2274694815252,51.2135703174023,0.0 10.2274994377705,51.21356734605121,0.0</coordinates>
                </LineString>
                <LineString id="29148">
                    <coordinates>10.2275446314267,51.2130841979876,0.0 10.2275481530217,51.2130864177832,0.0</coordinates>
                </LineString>
                <LineString id="29150">
                    <coordinates>10.228034044411897,51.213098961617,0.0 10.2280338710472,51.2130960194286,0.0</coordinates>
                </LineString>
                <LineString id="29152">
                    <coordinates>10.2278336642422,51.21316207258201,0.0 10.2278160284616,51.213126333027695,0.0</coordinates>
                </LineString>
                <LineString id="29154">
                    <coordinates>10.2281745893493,51.2130565732725,0.0 10.2281742470812,51.21305355661159,0.0</coordinates>
                </LineString>
                <LineString id="29156">
                    <coordinates>10.228030517754798,51.2129692977318,0.0 10.228033418764,51.2129716519495,0.0</coordinates>
                </LineString>
                <LineString id="29158">
                    <coordinates>10.2258878206468,51.2136275745378,0.0 10.225896193606,51.21362422251461,0.0</coordinates>
                </LineString>
                <LineString id="29160">
                    <coordinates>10.226153846694201,51.213521170533106,0.0 10.2261474968466,51.21351433218099,0.0</coordinates>
                </LineString>
                <LineString id="29162">
                    <coordinates>10.2245418519877,51.2129594275164,0.0 10.2245441014498,51.21295638723049,0.0</coordinates>
                </LineString>
                <LineString id="29164">
                    <coordinates>10.2239241483995,51.2129698329275,0.0 10.2239235978578,51.21297261131739,0.0</coordinates>
                </LineString>
                <LineString id="29166">
                    <coordinates>10.2238252731617,51.21216832122869,0.0 10.223822925301,51.212165732582406,0.0</coordinates>
                </LineString>
                <LineString id="29168">
                    <coordinates>10.2235797058711,51.21213545950669,0.0 10.2235818694922,51.212138000414285,0.0</coordinates>
                </LineString>
                <LineString id="29170">
                    <coordinates>10.2254166063039,51.2118398639769,0.0 10.2254319039885,51.21184215450639,0.0</coordinates>
                </LineString>
                <LineString id="29172">
                    <coordinates>10.2263401967745,51.21092815200289,0.0 10.226341263151,51.210906719223196,0.0</coordinates>
                </LineString>
                <LineString id="29174">
                    <coordinates>10.220851177201,51.211735425091895,0.0 10.2208544879391,51.211744222202,0.0</coordinates>
                </LineString>
                <LineString id="29176">
                    <coordinates>10.2218353752568,51.2112811113942,0.0 10.221823161591798,51.2112808808936,0.0</coordinates>
                </LineString>
                <LineString id="29178">
                    <coordinates>10.2308509164079,51.21217803373529,0.0 10.2309026415216,51.2122195019792,0.0</coordinates>
                </LineString>
                <LineString id="29180">
                    <coordinates>10.278456047587,51.1780975141516,0.0 10.2784601051686,51.1780957040285,0.0</coordinates>
                </LineString>
                <LineString id="29182">
                    <coordinates>10.281661699983,51.176361032345596,0.0 10.281660348962,51.1763415861734,0.0</coordinates>
                </LineString>
                <LineString id="29184">
                    <coordinates>10.280458791950698,51.17647502201729,0.0 10.280448203358,51.1764547928359,0.0</coordinates>
                </LineString>
                <LineString id="29186">
                    <coordinates>10.2805421272666,51.176342284904706,0.0 10.280544098167498,51.17634543322659,0.0</coordinates>
                </LineString>
                <LineString id="29188">
                    <coordinates>10.2779581519225,51.1770060437322,0.0 10.2779295526556,51.17698329289581,0.0</coordinates>
                </LineString>
                <LineString id="29190">
                    <coordinates>10.279213517804198,51.177190026433685,0.0 10.2792161751618,51.1771927893342,0.0</coordinates>
                </LineString>
                <LineString id="29192">
                    <coordinates>10.2794671026127,51.177265203940586,0.0 10.2794535086973,51.1772711708666,0.0</coordinates>
                </LineString>
                <LineString id="29194">
                    <coordinates>10.2792883855113,51.17709280909519,0.0 10.2793111763761,51.17710602620539,0.0</coordinates>
                </LineString>
                <LineString id="29196">
                    <coordinates>10.2790715546393,51.176575788808584,0.0 10.279104668927602,51.1765594654255,0.0</coordinates>
                </LineString>
                <LineString id="29198">
                    <coordinates>10.2784234716131,51.17645267314969,0.0 10.2784480077174,51.1764658621725,0.0</coordinates>
                </LineString>
                <LineString id="29200">
                    <coordinates>10.285437799623402,51.1778459429263,0.0 10.285469589511399,51.177834830237096,0.0</coordinates>
                </LineString>
                <LineString id="29202">
                    <coordinates>10.2842280300703,51.17757481450129,0.0 10.2842436896658,51.177560571007994,0.0</coordinates>
                </LineString>
                <LineString id="29204">
                    <coordinates>10.2833740739381,51.1774760716822,0.0 10.2833770343394,51.17746104869731,0.0</coordinates>
                </LineString>
                <LineString id="29206">
                    <coordinates>10.281583170893,51.175908515778495,0.0 10.281603966264,51.17590269931159,0.0</coordinates>
                </LineString>
                <LineString id="29208">
                    <coordinates>10.2804307575464,51.176057110128,0.0 10.280384086162302,51.1760449896028,0.0</coordinates>
                </LineString>
                <LineString id="29210">
                    <coordinates>10.2833264692178,51.17561729583059,0.0 10.2832889568232,51.17559960249589,0.0</coordinates>
                </LineString>
                <LineString id="29212">
                    <coordinates>10.2838002617783,51.175416111629104,0.0 10.283790534987098,51.1754088492774,0.0</coordinates>
                </LineString>
                <LineString id="29214">
                    <coordinates>10.2845660571689,51.1746818318045,0.0 10.2845292925447,51.17467444281479,0.0</coordinates>
                </LineString>
                <LineString id="29216">
                    <coordinates>10.2812658398024,51.17548195937389,0.0 10.2812849196573,51.1754965149696,0.0</coordinates>
                </LineString>
                <LineString id="29218">
                    <coordinates>10.2808617051606,51.174582357088305,0.0 10.2808697125788,51.174596615238094,0.0</coordinates>
                </LineString>
                <LineString id="29220">
                    <coordinates>10.2853312144022,51.17611998721209,0.0 10.2853073734048,51.1761277284121,0.0</coordinates>
                </LineString>
                <LineString id="29222">
                    <coordinates>10.285003459137599,51.17612467691449,0.0 10.284996483315702,51.1761137962555,0.0</coordinates>
                </LineString>
                <LineString id="29224">
                    <coordinates>10.2811362918926,51.174441929486285,0.0 10.281154842632699,51.1744268478979,0.0</coordinates>
                </LineString>
                <LineString id="29226">
                    <coordinates>10.2817980638537,51.173474794258176,0.0 10.281796690016,51.17349406558299,0.0</coordinates>
                </LineString>
                <LineString id="29228">
                    <coordinates>10.2841222267807,51.174389943311596,0.0 10.284114234537398,51.1743829581265,0.0</coordinates>
                </LineString>
                <LineString id="29230">
                    <coordinates>10.2826940110556,51.173891710954,0.0 10.2826714492282,51.173877733746,0.0</coordinates>
                </LineString>
                <LineString id="29232">
                    <coordinates>10.279228966289,51.17359253291459,0.0 10.279248244501998,51.17361939842161,0.0</coordinates>
                </LineString>
                <LineString id="29234">
                    <coordinates>10.2801437887369,51.17299919934881,0.0 10.280171284121,51.1729881508355,0.0</coordinates>
                </LineString>
                <LineString id="29236">
                    <coordinates>10.2787267732644,51.17311749385169,0.0 10.2787408814134,51.173135716382404,0.0</coordinates>
                </LineString>
                <LineString id="29238">
                    <coordinates>10.2141331225153,51.21420778954591,0.0 10.214162022864198,51.21446385606599,0.0</coordinates>
                </LineString>
                <LineString id="29240">
                    <coordinates>10.2183820555278,51.215310460063,0.0 10.2184895170771,51.2154274130063,0.0 10.2184486394073,51.21551456429609,0.0 10.2184607099614,51.21553485752619,0.0</coordinates>
                </LineString>
                <LineString id="29242">
                    <coordinates>10.2705860425825,51.1785257176874,0.0 10.2705984586639,51.1785424868532,0.0 10.2706782596597,51.1786557655394,0.0</coordinates>
                </LineString>
                <LineString id="29244">
                    <coordinates>10.2868658485074,51.17536274212599,0.0 10.2869453648418,51.175289688891496,0.0 10.2870279910883,51.17526702236431,0.0 10.2870969723707,51.175236299210006,0.0 10.2871352796877,51.175203607782095,0.0 10.2871379657529,51.17519711173029,0.0</coordinates>
                </LineString>
                <LineString id="29246">
                    <coordinates>10.2242117363062,51.2143086061349,0.0 10.2242260837106,51.2143092013645,0.0 10.224238117630899,51.21431077730659,0.0 10.2242539080434,51.2143159071512,0.0 10.224268186280801,51.2143272347823,0.0 10.224389245447602,51.2144385543581,0.0</coordinates>
                </LineString>
                <LineString id="29248">
                    <coordinates>10.2241706928589,51.2145098065721,0.0 10.224158021839301,51.2144991145998,0.0</coordinates>
                </LineString>
                <LineString id="29250">
                    <coordinates>10.288221998010599,51.1750896838646,0.0 10.288207995026,51.1750797074237,0.0</coordinates>
                </LineString>
                <LineString id="29252">
                    <coordinates>10.2833892152963,51.17658439080111,0.0 10.2834197417738,51.176601136600596,0.0</coordinates>
                </LineString>
                <LineString id="29254">
                    <coordinates>10.2235878408878,51.2148188486941,0.0 10.2237470317175,51.21476899967018,0.0</coordinates>
                </LineString>
                <LineString id="29256">
                    <coordinates>10.2238484414209,51.2153279321176,0.0 10.2238621421394,51.21533753403858,0.0 10.2239628696631,51.2153549109479,0.0 10.2240252545333,51.2153539787242,0.0</coordinates>
                </LineString>
                <LineString id="29258">
                    <coordinates>10.213818050841,51.216956853419994,0.0 10.213895091671999,51.216918646036596,0.0 10.2139559055817,51.21688733765289,0.0</coordinates>
                </LineString>
                <LineString id="29260">
                    <coordinates>10.213648299359702,51.216976916419895,0.0 10.2137359842861,51.21696623562939,0.0 10.213818050841,51.216956853419994,0.0</coordinates>
                </LineString>
                <LineString id="29262">
                    <coordinates>10.2225050093783,51.213319736166895,0.0 10.2225084233403,51.213318053039,0.0</coordinates>
                </LineString>
                <LineString id="29264">
                    <coordinates>10.2224443969318,51.21326613722069,0.0 10.2224484007023,51.213264004587494,0.0</coordinates>
                </LineString>
                <LineString id="29266">
                    <coordinates>10.2228593847741,51.21254258147761,0.0 10.2227284383291,51.21265716902099,0.0</coordinates>
                </LineString>
                <LineString id="29268">
                    <coordinates>10.2244235661017,51.216295432192496,0.0 10.2245004963051,51.21617198682679,0.0</coordinates>
                </LineString>
                <LineString id="29270">
                    <coordinates>10.2191580235088,51.212755415793595,0.0 10.2185316322546,51.212867143019984,0.0</coordinates>
                </LineString>
                <LineString id="29272">
                    <coordinates>10.2185316322546,51.212867143019984,0.0 10.218533186679,51.21292442980939,0.0</coordinates>
                </LineString>
                <LineString id="29274">
                    <coordinates>10.218533186679,51.21292442980939,0.0 10.2185362096517,51.212965908436196,0.0 10.2186421281186,51.2129613267233,0.0</coordinates>
                </LineString>
                <LineString id="29276">
                    <coordinates>10.2865180146577,51.174843485324196,0.0 10.2865486220941,51.174863063191495,0.0</coordinates>
                </LineString>
                <LineString id="29278">
                    <coordinates>10.286644334219401,51.17651697859999,0.0 10.2866716815618,51.1765068523119,0.0</coordinates>
                </LineString>
                <LineString id="29280">
                    <coordinates>10.2831808319346,51.1741115016012,0.0 10.283237521105399,51.17408949098908,0.0 10.2832396326226,51.1740880836466,0.0 10.2832396905603,51.174087293419596,0.0 10.2832397691282,51.17408633269451,0.0 10.2832394705152,51.174084746159195,0.0 10.2832382409752,51.174082426804695,0.0 10.2832372633172,51.17408064152699,0.0 10.2832254997399,51.174067775744,0.0</coordinates>
                </LineString>
                <LineString id="29282">
                    <coordinates>10.2800162729424,51.1762796036977,0.0 10.2799739782333,51.17629553169539,0.0</coordinates>
                </LineString>
                <LineString id="29284">
                    <coordinates>10.2800380287426,51.1762983429944,0.0 10.2800162729424,51.1762796036977,0.0</coordinates>
                </LineString>
                <LineString id="29286">
                    <coordinates>10.2797046544092,51.1768041994721,0.0 10.2796931416994,51.176814197355306,0.0</coordinates>
                </LineString>
                <LineString id="29288">
                    <coordinates>10.279825471104,51.176702353493795,0.0 10.279778105916,51.17674000645089,0.0</coordinates>
                </LineString>
                <LineString id="29290">
                    <coordinates>10.2794472622132,51.1732350475824,0.0 10.279413409465498,51.1731905730792,0.0 10.279377156968,51.1731383412819,0.0</coordinates>
                </LineString>
                <LineString id="29292">
                    <coordinates>10.2811490384398,51.1744171798154,0.0 10.2811619088262,51.174419876948605,0.0</coordinates>
                </LineString>
                <LineString id="29294">
                    <coordinates>10.280279736237,51.17603639029078,0.0 10.2802408264389,51.1760451405626,0.0</coordinates>
                </LineString>
                <LineString id="29296">
                    <coordinates>10.2836445188513,51.174691547112204,0.0 10.283742666557398,51.17477933995059,0.0</coordinates>
                </LineString>
                <LineString id="29298">
                    <coordinates>10.284349206498602,51.1747749841132,0.0 10.2843804642054,51.17473345241089,0.0</coordinates>
                </LineString>
                <LineString id="29300">
                    <coordinates>10.284349206498602,51.1747749841132,0.0 10.2844122016752,51.1748115870997,0.0 10.2845883552908,51.1749088022127,0.0 10.2845997427177,51.17491640347609,0.0</coordinates>
                </LineString>
                <LineString id="29302">
                    <coordinates>10.2843733395165,51.1746811099078,0.0 10.284379519907,51.1746760315554,0.0</coordinates>
                </LineString>
                <LineString id="29304">
                    <coordinates>10.2839108742415,51.17508291960559,0.0 10.2839177571178,51.17508049449581,0.0</coordinates>
                </LineString>
                <LineString id="29306">
                    <coordinates>10.2840529700224,51.1750797535901,0.0 10.2840151031329,51.1751413697323,0.0 10.2840093414833,51.1751521175975,0.0</coordinates>
                </LineString>
                <LineString id="29308">
                    <coordinates>10.283456323172102,51.175493599376885,0.0 10.283411667470498,51.17551886104369,0.0</coordinates>
                </LineString>
                <LineString id="29310">
                    <coordinates>10.2835418325057,51.175380606053594,0.0 10.2835038660962,51.1753393176524,0.0</coordinates>
                </LineString>
                <LineString id="29312">
                    <coordinates>10.2836380670794,51.1753346519412,0.0 10.2835418325057,51.175380606053594,0.0</coordinates>
                </LineString>
                <LineString id="29314">
                    <coordinates>10.2836417213427,51.175332907640204,0.0 10.2836329321748,51.17532658494769,0.0</coordinates>
                </LineString>
                <LineString id="29316">
                    <coordinates>10.2836417213427,51.175332907640204,0.0 10.2836380670794,51.1753346519412,0.0</coordinates>
                </LineString>
                <LineString id="29318">
                    <coordinates>10.2832692540448,51.1755155222116,0.0 10.2832016065646,51.17556301014971,0.0</coordinates>
                </LineString>
                <LineString id="29320">
                    <coordinates>10.2830291620782,51.1753986507889,0.0 10.2830258115683,51.175395680034995,0.0</coordinates>
                </LineString>
                <LineString id="29322">
                    <coordinates>10.2830240798941,51.17561717413949,0.0 10.283018762854303,51.175619406425,0.0</coordinates>
                </LineString>
                <LineString id="29324">
                    <coordinates>10.282531639836899,51.1761135037993,0.0 10.282447978029,51.17617087844441,0.0 10.2824619760445,51.176190204596395,0.0 10.2824788673052,51.176200556734784,0.0 10.282491245351302,51.17622114460531,0.0 10.2825325100395,51.1762964530986,0.0 10.2825676828434,51.17639485611001,0.0</coordinates>
                </LineString>
                <LineString id="29326">
                    <coordinates>10.2825806760814,51.17608083647549,0.0 10.282531639836899,51.1761135037993,0.0</coordinates>
                </LineString>
                <LineString id="29328">
                    <coordinates>10.2835500839728,51.17674867865058,0.0 10.2836674167644,51.1767843800445,0.0</coordinates>
                </LineString>
                <LineString id="29330">
                    <coordinates>10.2846400658066,51.17681054456679,0.0 10.2846244751638,51.1767874736812,0.0</coordinates>
                </LineString>
                <LineString id="29332">
                    <coordinates>10.2840778628997,51.1756598880455,0.0 10.2840788474313,51.1756364398646,0.0</coordinates>
                </LineString>
                <LineString id="29334">
                    <coordinates>10.2834197417738,51.176601136600596,0.0 10.283535771904,51.1765093388038,0.0 10.283565454121499,51.17649874407579,0.0</coordinates>
                </LineString>
                <LineString id="29336">
                    <coordinates>10.283324713103498,51.17667693542089,0.0 10.2835378222244,51.1767449748995,0.0 10.2835500839728,51.17674867865058,0.0</coordinates>
                </LineString>
                <LineString id="29338">
                    <coordinates>10.2859635401479,51.17658328424798,0.0 10.2859697073562,51.176573162507,0.0</coordinates>
                </LineString>
                <LineString id="29340">
                    <coordinates>10.286954111414001,51.175474362508695,0.0 10.2870242048051,51.1755502891949,0.0 10.2870737590561,51.17553441998529,0.0</coordinates>
                </LineString>
                <LineString id="29342">
                    <coordinates>10.2868267503047,51.17554415326529,0.0 10.2868670394671,51.1755251459996,0.0 10.2868760070024,51.17553052715919,0.0</coordinates>
                </LineString>
                <LineString id="29344">
                    <coordinates>10.2866390262895,51.17554828166359,0.0 10.2867404113152,51.1754852124934,0.0</coordinates>
                </LineString>
                <LineString id="29346">
                    <coordinates>10.286361039662102,51.17568155262838,0.0 10.2864393057509,51.1757198434276,0.0</coordinates>
                </LineString>
                <LineString id="29348">
                    <coordinates>10.2861608661149,51.17577346026221,0.0 10.2861715471674,51.1757684926824,0.0</coordinates>
                </LineString>
                <LineString id="29350">
                    <coordinates>10.2860986861351,51.175802376713094,0.0 10.2860834693806,51.1757888853214,0.0</coordinates>
                </LineString>
                <LineString id="29352">
                    <coordinates>10.2859250679957,51.1758827258461,0.0 10.2858762549186,51.1758392297387,0.0</coordinates>
                </LineString>
                <LineString id="29354">
                    <coordinates>10.28769744805,51.175743438916605,0.0 10.287671314447,51.17572042092019,0.0 10.2876527752877,51.1757248061891,0.0</coordinates>
                </LineString>
                <LineString id="29356">
                    <coordinates>10.2872381822267,51.175994113942394,0.0 10.2872120478796,51.17595992187821,0.0</coordinates>
                </LineString>
                <LineString id="29358">
                    <coordinates>10.2862782906453,51.1746806716148,0.0 10.286270560142,51.17468629370289,0.0</coordinates>
                </LineString>
                <LineString id="29360">
                    <coordinates>10.2865180146577,51.174843485324196,0.0 10.2865107256861,51.17484722609709,0.0</coordinates>
                </LineString>
                <LineString id="29362">
                    <coordinates>10.2829221611753,51.174951947073595,0.0 10.2829692348554,51.17493088321801,0.0</coordinates>
                </LineString>
                <LineString id="29364">
                    <coordinates>10.2831225403462,51.17488154189531,0.0 10.2831425362318,51.1749041742191,0.0</coordinates>
                </LineString>
                <LineString id="29366">
                    <coordinates>10.2828219256743,51.17505057435779,0.0 10.282917668655998,51.17516998466709,0.0</coordinates>
                </LineString>
                <LineString id="29368">
                    <coordinates>10.2795876079919,51.176917319670984,0.0 10.2795626084769,51.17694270706489,0.0</coordinates>
                </LineString>
                <LineString id="29370">
                    <coordinates>10.2851633277735,51.175993273999296,0.0 10.2851021779528,51.1760078847364,0.0 10.2849573385448,51.176044848336595,0.0</coordinates>
                </LineString>
                <LineString id="29372">
                    <coordinates>10.2827898161788,51.17657796928269,0.0 10.2829782112004,51.176638698213495,0.0 10.2829996675072,51.17664551246659,0.0</coordinates>
                </LineString>
                <LineString id="29374">
                    <coordinates>10.2753582889046,51.177669664468795,0.0 10.275260676712698,51.17772459002509,0.0</coordinates>
                </LineString>
                <LineString id="29376">
                    <coordinates>10.2824184891721,51.176561273527994,0.0 10.2824234319353,51.17655988078939,0.0</coordinates>
                </LineString>
                <LineString id="29378">
                    <coordinates>10.2794057045049,51.1771019146095,0.0 10.2794528361487,51.1770621008847,0.0</coordinates>
                </LineString>
                <LineString id="29380">
                    <coordinates>10.2794871342188,51.17630369254369,0.0 10.2794813684321,51.176293764249486,0.0</coordinates>
                </LineString>
                <LineString id="29382">
                    <coordinates>10.280299994333502,51.1759327422804,0.0 10.2803737487387,51.17601916363729,0.0</coordinates>
                </LineString>
                <LineString id="29384">
                    <coordinates>10.2802808507181,51.17593913115209,0.0 10.2802177894969,51.1759435710809,0.0</coordinates>
                </LineString>
                <LineString id="29386">
                    <coordinates>10.2803834194228,51.1760186944697,0.0 10.280452135378098,51.1760152544791,0.0</coordinates>
                </LineString>
                <LineString id="29388">
                    <coordinates>10.2802408264389,51.1760451405626,0.0 10.2802249175903,51.176048763249305,0.0</coordinates>
                </LineString>
                <LineString id="29390">
                    <coordinates>10.2799739650632,51.1760748209819,0.0 10.2799845377611,51.176070095087496,0.0</coordinates>
                </LineString>
                <LineString id="29392">
                    <coordinates>10.2822713162499,51.17620398258779,0.0 10.2823394612748,51.17617626142859,0.0</coordinates>
                </LineString>
                <LineString id="29394">
                    <coordinates>10.2815154791032,51.1763338582235,0.0 10.281522580142703,51.176352507870895,0.0</coordinates>
                </LineString>
                <LineString id="29396">
                    <coordinates>10.2815136512998,51.1762976126407,0.0 10.2815026275748,51.176298700286296,0.0 10.2815140035255,51.17633007893749,0.0</coordinates>
                </LineString>
                <LineString id="29398">
                    <coordinates>10.2803165105878,51.1764369101123,0.0 10.280296752533,51.176377909235086,0.0</coordinates>
                </LineString>
                <LineString id="29400">
                    <coordinates>10.2803820594578,51.17637751783911,0.0 10.2803800432003,51.17636136102381,0.0</coordinates>
                </LineString>
                <LineString id="29402">
                    <coordinates>10.280544098167498,51.17634543322659,0.0 10.2805533449054,51.176354828299,0.0</coordinates>
                </LineString>
                <LineString id="29404">
                    <coordinates>10.2811296982725,51.1763571112253,0.0 10.281045376964,51.17635561186909,0.0</coordinates>
                </LineString>
                <LineString id="29406">
                    <coordinates>10.284653831504,51.1771264488382,0.0 10.284562966964,51.177096970661204,0.0 10.2845396258239,51.1770896795909,0.0 10.2844801030041,51.1770642476314,0.0</coordinates>
                </LineString>
                <LineString id="29408">
                    <coordinates>10.2846244751638,51.1767874736812,0.0 10.2846226209411,51.17678464177319,0.0</coordinates>
                </LineString>
                <LineString id="29410">
                    <coordinates>10.2847179661424,51.17692848716409,0.0 10.2846957336816,51.176894010129494,0.0 10.2846400658066,51.17681054456679,0.0</coordinates>
                </LineString>
                <LineString id="29412">
                    <coordinates>10.2853429624096,51.176783917542984,0.0 10.2853768784612,51.1767752272452,0.0</coordinates>
                </LineString>
                <LineString id="29414">
                    <coordinates>10.2845039216942,51.176953432588384,0.0 10.2844447164265,51.17694797095919,0.0 10.284449722080799,51.17691712943319,0.0</coordinates>
                </LineString>
                <LineString id="29416">
                    <coordinates>10.2850878654181,51.1778270880691,0.0 10.2850811786695,51.177836554905284,0.0</coordinates>
                </LineString>
                <LineString id="29418">
                    <coordinates>10.2842551259088,51.1774030717439,0.0 10.2842489325077,51.1773714906922,0.0</coordinates>
                </LineString>
                <LineString id="29420">
                    <coordinates>10.280880411561398,51.1756363197472,0.0 10.2808513210331,51.17558253060899,0.0</coordinates>
                </LineString>
                <LineString id="29422">
                    <coordinates>10.2808513210331,51.17558253060899,0.0 10.280849818405702,51.17557986561579,0.0 10.2808171372791,51.1755211064519,0.0 10.2808089336209,51.17552135449189,0.0 10.2808005642132,51.17551913696959,0.0 10.2807941431041,51.17551452090339,0.0 10.2807926170672,51.1755090238689,0.0 10.280794102203,51.175503696929,0.0 10.2807980904271,51.17549951247539,0.0 10.280794305781498,51.175490143734585,0.0</coordinates>
                </LineString>
                <LineString id="29424">
                    <coordinates>10.281839780113998,51.1752602297307,0.0 10.2818774721236,51.1753261818737,0.0</coordinates>
                </LineString>
                <LineString id="29426">
                    <coordinates>10.2813972886704,51.174685594363496,0.0 10.281405262946,51.174700364390795,0.0</coordinates>
                </LineString>
                <LineString id="29428">
                    <coordinates>10.2807842662709,51.1737038337012,0.0 10.280597884729602,51.173727038845605,0.0</coordinates>
                </LineString>
                <LineString id="29430">
                    <coordinates>10.2808078742373,51.1738123603911,0.0 10.2807087719055,51.1738277596304,0.0 10.280658670748497,51.1738356354223,0.0 10.2806562872935,51.17382973923629,0.0 10.2806091640709,51.173837137372296,0.0 10.280611265152201,51.173842166416485,0.0 10.2805441285982,51.1738528302935,0.0 10.2804123315169,51.173876792289796,0.0 10.2803307079432,51.1738813190537,0.0 10.2803322862573,51.17388579205969,0.0</coordinates>
                </LineString>
                <LineString id="29432">
                    <coordinates>10.2808514693314,51.17380562051141,0.0 10.2808078742373,51.1738123603911,0.0</coordinates>
                </LineString>
                <LineString id="29434">
                    <coordinates>10.2815170683142,51.173688609560905,0.0 10.2815423029606,51.1737333973566,0.0 10.281550600926598,51.1737317572772,0.0</coordinates>
                </LineString>
                <LineString id="29436">
                    <coordinates>10.2820232009814,51.17356851650289,0.0 10.281998624487102,51.1735360271413,0.0</coordinates>
                </LineString>
                <LineString id="29438">
                    <coordinates>10.2826714492282,51.173877733746,0.0 10.2826650294282,51.1738711580865,0.0 10.2827646560229,51.17383469346758,0.0</coordinates>
                </LineString>
                <LineString id="29440">
                    <coordinates>10.2819036362311,51.17266820501919,0.0 10.2820485577565,51.1726268865217,0.0 10.2820262441213,51.17259508661619,0.0</coordinates>
                </LineString>
                <LineString id="29442">
                    <coordinates>10.2806324256271,51.1735065031927,0.0 10.280598455764698,51.17346437358529,0.0</coordinates>
                </LineString>
                <LineString id="29444">
                    <coordinates>10.279846635043498,51.17365727782259,0.0 10.2798218412466,51.173713709098486,0.0 10.279819868572798,51.1737413678091,0.0</coordinates>
                </LineString>
                <LineString id="29446">
                    <coordinates>10.2795063889434,51.1736276172147,0.0 10.2794588482797,51.17363816406961,0.0 10.2792814217283,51.173671270396994,0.0</coordinates>
                </LineString>
                <LineString id="29448">
                    <coordinates>10.2793583071819,51.1730307831909,0.0 10.279376407116,51.173023974598195,0.0 10.279386816171899,51.1730355443491,0.0 10.2792483507086,51.1730823482189,0.0</coordinates>
                </LineString>
                <LineString id="29450">
                    <coordinates>10.278350526729202,51.1734987595271,0.0 10.2782738646284,51.17354633674131,0.0</coordinates>
                </LineString>
                <LineString id="29452">
                    <coordinates>10.2782738646284,51.17354633674131,0.0 10.278161927489899,51.1735653834934,0.0 10.2781192275724,51.1735726569363,0.0</coordinates>
                </LineString>
                <LineString id="29454">
                    <coordinates>10.2783829396122,51.173808134256895,0.0 10.2784371839338,51.1738261113228,0.0</coordinates>
                </LineString>
                <LineString id="29456">
                    <coordinates>10.2845156937546,51.174529853940186,0.0 10.2846067704851,51.174440907501996,0.0</coordinates>
                </LineString>
                <LineString id="29458">
                    <coordinates>10.2794528361487,51.1770621008847,0.0 10.2793941919561,51.1770265840154,0.0</coordinates>
                </LineString>
                <LineString id="29460">
                    <coordinates>10.279461510048302,51.1771356997054,0.0 10.2794589128568,51.177131319583,0.0 10.279433720605,51.177116529985895,0.0 10.2794057045049,51.1771019146095,0.0</coordinates>
                </LineString>
                <LineString id="29462">
                    <coordinates>10.279071744533702,51.177434874387004,0.0 10.2791214434768,51.177442913765994,0.0</coordinates>
                </LineString>
                <LineString id="29464">
                    <coordinates>10.2811996356931,51.17733882222729,0.0 10.2811932583191,51.17735995278459,0.0 10.2811870636047,51.177359241515795,0.0 10.2811817523602,51.17735900168869,0.0</coordinates>
                </LineString>
                <LineString id="29466">
                    <coordinates>10.2857402173977,51.1744055229067,0.0 10.285744935070602,51.1744094215522,0.0 10.2858031792702,51.174379386872985,0.0 10.2858470910935,51.1743802998438,0.0</coordinates>
                </LineString>
                <LineString id="29468">
                    <coordinates>10.2879409358736,51.175203478251895,0.0 10.2879539806726,51.17519645953001,0.0</coordinates>
                </LineString>
                <LineString id="29470">
                    <coordinates>10.2163635796503,51.21291959677939,0.0 10.2163586703763,51.212918856744395,0.0</coordinates>
                </LineString>
                <LineString id="29472">
                    <coordinates>10.2163586703763,51.212918856744395,0.0 10.2163434631519,51.21291644954271,0.0</coordinates>
                </LineString>
                <LineString id="29474">
                    <coordinates>10.215732870469,51.2131498867492,0.0 10.2157312653327,51.2131643893205,0.0</coordinates>
                </LineString>
                <LineString id="29476">
                    <coordinates>10.217215119871,51.21304686268661,0.0 10.2172350089772,51.21298471554379,0.0</coordinates>
                </LineString>
                <LineString id="29478">
                    <coordinates>10.2172477750333,51.21298362448831,0.0 10.2172350089772,51.21298471554379,0.0</coordinates>
                </LineString>
                <LineString id="29480">
                    <coordinates>10.2173855619045,51.21303556087919,0.0 10.2174068265864,51.2129711423351,0.0</coordinates>
                </LineString>
                <LineString id="29482">
                    <coordinates>10.2179392570217,51.21299079249469,0.0 10.217912769378799,51.21300735240099,0.0</coordinates>
                </LineString>
                <LineString id="29484">
                    <coordinates>10.2799182204252,51.177452642127804,0.0 10.279983522803,51.177479896350285,0.0</coordinates>
                </LineString>
                <LineString id="29486">
                    <coordinates>10.2877900119767,51.1753898338067,0.0 10.2877582082722,51.1754040842532,0.0</coordinates>
                </LineString>
                <LineString id="29488">
                    <coordinates>10.2228946042933,51.21490118702509,0.0 10.222833788123998,51.21492943456709,0.0 10.2227941887702,51.214947891044396,0.0</coordinates>
                </LineString>
                <LineString id="29490">
                    <coordinates>10.2257683542409,51.2146173586997,0.0 10.2258933052919,51.214782474865,0.0</coordinates>
                </LineString>
                <LineString id="29492">
                    <coordinates>10.2785402612775,51.1733870245793,0.0 10.278410762915,51.17346256403659,0.0</coordinates>
                </LineString>
                <LineString id="29494">
                    <coordinates>10.2785402612775,51.1733870245793,0.0 10.2784754061077,51.1733402508395,0.0</coordinates>
                </LineString>
                <LineString id="29496">
                    <coordinates>10.284081085829298,51.17453248897811,0.0 10.284151617469,51.1744993181729,0.0 10.2841948143991,51.1744817298579,0.0</coordinates>
                </LineString>
                <LineString id="29498">
                    <coordinates>10.2853571434406,51.173987174814485,0.0 10.285476585255699,51.17406959685819,0.0 10.285526923790599,51.17410467435929,0.0</coordinates>
                </LineString>
                <LineString id="29500">
                    <coordinates>10.285104954703202,51.17393396486269,0.0 10.2851822647536,51.173896892452404,0.0 10.285360640208,51.17381071702679,0.0</coordinates>
                </LineString>
                <LineString id="29502">
                    <coordinates>10.287525828002202,51.173886590066395,0.0 10.2875411908232,51.1738999935182,0.0</coordinates>
                </LineString>
                <LineString id="29504">
                    <coordinates>10.2877658343695,51.17369341189129,0.0 10.2877125663086,51.173645500421095,0.0 10.2877282145981,51.17363883445589,0.0</coordinates>
                </LineString>
                <LineString id="29506">
                    <coordinates>10.2870658493679,51.174065490713396,0.0 10.2871141077942,51.174105795935496,0.0</coordinates>
                </LineString>
                <LineString id="29508">
                    <coordinates>10.284156900063,51.1754757822508,0.0 10.2839970681611,51.17551483511761,0.0</coordinates>
                </LineString>
                <LineString id="29510">
                    <coordinates>10.2163841936131,51.2130673657546,0.0 10.2163904467784,51.213084451207585,0.0</coordinates>
                </LineString>
                <LineString id="29512">
                    <coordinates>10.217136585389,51.2129938689407,0.0 10.2171194584556,51.2130523095187,0.0</coordinates>
                </LineString>
                <LineString id="29514">
                    <coordinates>10.2180839388898,51.2129119009277,0.0 10.2180546114727,51.21291451986121,0.0</coordinates>
                </LineString>
                <LineString id="29516">
                    <coordinates>10.217407165553999,51.21297051823229,0.0 10.217381849059,51.21297267669199,0.0</coordinates>
                </LineString>
                <LineString id="29518">
                    <coordinates>10.2158475364536,51.21291556128569,0.0 10.215844264602,51.212938012143994,0.0 10.2158599335574,51.2129395814355,0.0 10.2158806711368,51.212941470702404,0.0 10.215884189568298,51.21295339048049,0.0</coordinates>
                </LineString>
                <LineString id="29520">
                    <coordinates>10.2209156524266,51.212861602957894,0.0 10.220913060949698,51.21285828240029,0.0 10.220905936519898,51.212859684345496,0.0 10.220899310418,51.21286486945479,0.0 10.220890415434,51.2128832526204,0.0 10.220889241787198,51.212885482155784,0.0</coordinates>
                </LineString>
                <LineString id="29522">
                    <coordinates>10.2242367535122,51.21424500744949,0.0 10.224233408131198,51.214252723618884,0.0 10.2242260184114,51.2142632550682,0.0 10.2242170067312,51.21427390574141,0.0 10.224202176028,51.214287740306304,0.0</coordinates>
                </LineString>
                <LineString id="29524">
                    <coordinates>10.2858454340889,51.17299178287239,0.0 10.2857536468868,51.1729615459129,0.0</coordinates>
                </LineString>
                <LineString id="29526">
                    <coordinates>10.2858454340889,51.17299178287239,0.0 10.286087083799,51.17274120718311,0.0</coordinates>
                </LineString>
                <LineString id="29528">
                    <coordinates>10.2887285910729,51.174939309874205,0.0 10.2888194919529,51.17501529705989,0.0</coordinates>
                </LineString>
                <LineString id="29530">
                    <coordinates>10.2840566250327,51.17584759218269,0.0 10.284044240522402,51.1758495141153,0.0</coordinates>
                </LineString>
                <LineString id="29532">
                    <coordinates>10.2815067716238,51.1772288518411,0.0 10.281507433911,51.1772221913513,0.0</coordinates>
                </LineString>
                <LineString id="29534">
                    <coordinates>10.2803405600429,51.175917148337206,0.0 10.280533563755698,51.17583724512749,0.0 10.2805693785078,51.1758240354292,0.0</coordinates>
                </LineString>
                <LineString id="29536">
                    <coordinates>10.280899728870198,51.1761318627459,0.0 10.2808960170273,51.1761386132742,0.0</coordinates>
                </LineString>
                <LineString id="29538">
                    <coordinates>10.2862041432678,51.174492325219305,0.0 10.286189782198798,51.17448315234328,0.0 10.2862171800851,51.174470860433686,0.0</coordinates>
                </LineString>
                <LineString id="29540">
                    <coordinates>10.2784754061077,51.1733402508395,0.0 10.2785215211165,51.17328348627429,0.0 10.278567660322999,51.17325833818399,0.0 10.278582812074,51.17324929289779,0.0 10.278574842158998,51.173237893801485,0.0</coordinates>
                </LineString>
                <LineString id="29542">
                    <coordinates>10.2880678317768,51.1741155640132,0.0 10.2880266129858,51.17408247288449,0.0</coordinates>
                </LineString>
                <LineString id="29544">
                    <coordinates>10.2781784070868,51.176894686578606,0.0 10.2782208924812,51.1769355038424,0.0</coordinates>
                </LineString>
                <LineString id="29546">
                    <coordinates>10.2869664699991,51.17464662786578,0.0 10.287003524526,51.17467476811299,0.0</coordinates>
                </LineString>
                <LineString id="29548">
                    <coordinates>10.28766227159,51.1743935813824,0.0 10.2876176475786,51.174358219871294,0.0</coordinates>
                </LineString>
                <LineString id="29550">
                    <coordinates>10.2880862649991,51.174161149798095,0.0 10.2880410966597,51.1741296729406,0.0</coordinates>
                </LineString>
                <LineString id="29552">
                    <coordinates>10.2861333080284,51.1765852764646,0.0 10.2862677538486,51.1765127405376,0.0</coordinates>
                </LineString>
                <LineString id="29554">
                    <coordinates>10.286471768378,51.1733695535369,0.0 10.2864648036315,51.173363392614995,0.0</coordinates>
                </LineString>
                <LineString id="29556">
                    <coordinates>10.275468136302699,51.1776149191511,0.0 10.275451330354198,51.177623013739904,0.0</coordinates>
                </LineString>
                <LineString id="29558">
                    <coordinates>10.227751607908198,51.21399234015309,0.0 10.2278130973847,51.21396321929699,0.0 10.2279409461651,51.2139138339487,0.0 10.2279565440811,51.213907202123686,0.0 10.2280009363907,51.21395063720091,0.0 10.228039918903402,51.2139873471293,0.0 10.228034011080501,51.21399024220269,0.0</coordinates>
                </LineString>
                <LineString id="29560">
                    <coordinates>10.2253184792572,51.21215241524849,0.0 10.2253374768325,51.212128818202586,0.0</coordinates>
                </LineString>
                <LineString id="29562">
                    <coordinates>10.2253184792572,51.21215241524849,0.0 10.2252932649736,51.2121750280704,0.0 10.2252862959177,51.21218133191249,0.0</coordinates>
                </LineString>
                <LineString id="29564">
                    <coordinates>10.225505992762,51.21187546016691,0.0 10.225515000944199,51.2118522150572,0.0</coordinates>
                </LineString>
                <LineString id="29566">
                    <coordinates>10.2818311454221,51.1726890929925,0.0 10.2814038332725,51.1728087067945,0.0</coordinates>
                </LineString>
                <LineString id="29568">
                    <coordinates>10.2706186692468,51.178489666473,0.0 10.2706069774106,51.1784936827944,0.0</coordinates>
                </LineString>
                <LineString id="29570">
                    <coordinates>10.2141327365068,51.21420481711951,0.0 10.2141050123158,51.214205553754006,0.0 10.2140018081254,51.21421425402681,0.0</coordinates>
                </LineString>
                <LineString id="29572">
                    <coordinates>10.2278786848866,51.21354979678039,0.0 10.2279134567993,51.21361192821399,0.0 10.2279330131122,51.21364313016429,0.0</coordinates>
                </LineString>
                <LineString id="29574">
                    <coordinates>10.2279330131122,51.21364313016429,0.0 10.227964821044,51.2137015669736,0.0 10.2279930681215,51.2137867834954,0.0</coordinates>
                </LineString>
                <LineString id="29576">
                    <coordinates>10.2276321191988,51.2133759822749,0.0 10.2276024045369,51.21339205500729,0.0</coordinates>
                </LineString>
                <LineString id="29578">
                    <coordinates>10.2278040454323,51.2134725436838,0.0 10.227734414453998,51.21343336495478,0.0 10.2276321191988,51.2133759822749,0.0</coordinates>
                </LineString>
                <LineString id="29580">
                    <coordinates>10.2220577617151,51.212163222362996,0.0 10.2220524337791,51.2121562554738,0.0</coordinates>
                </LineString>
                <LineString id="29582">
                    <coordinates>10.2219811906035,51.212111915778394,0.0 10.2217945085532,51.2120670898151,0.0 10.2217598162032,51.212059263273886,0.0</coordinates>
                </LineString>
                <LineString id="29584">
                    <coordinates>10.2216123613789,51.21155362887969,0.0 10.221654111599298,51.21147144295559,0.0</coordinates>
                </LineString>
                <LineString id="29586">
                    <coordinates>10.2209094153524,51.21185799222129,0.0 10.2208632670236,51.2117544778271,0.0 10.2208544879391,51.211744222202,0.0</coordinates>
                </LineString>
                <LineString id="29588">
                    <coordinates>10.2209094153524,51.21185799222129,0.0 10.2208131128454,51.21184003264331,0.0 10.220757064487,51.21184007060631,0.0</coordinates>
                </LineString>
                <LineString id="29590">
                    <coordinates>10.2751542616443,51.177773956075995,0.0 10.2749732277953,51.17783385446649,0.0 10.2749310366983,51.17784538630829,0.0</coordinates>
                </LineString>
                <LineString id="29592">
                    <coordinates>10.2853950423687,51.17558846499868,0.0 10.285283813182199,51.1756446735955,0.0 10.2853036162933,51.175679483496594,0.0 10.2853054525243,51.175682800564,0.0 10.2852969963425,51.17568561621779,0.0 10.2852889320734,51.1756882758029,0.0 10.2852864154,51.1756851824912,0.0</coordinates>
                </LineString>
                <LineString id="29594">
                    <coordinates>10.2798435391456,51.17591104754849,0.0 10.2798469228299,51.175906971103494,0.0 10.2797752442495,51.175884720102,0.0 10.279741104463298,51.17587404207669,0.0 10.2797614226531,51.1758426167863,0.0</coordinates>
                </LineString>
                <LineString id="29596">
                    <coordinates>10.2796166181731,51.175953108527096,0.0 10.2798435391456,51.17591104754849,0.0</coordinates>
                </LineString>
                <LineString id="29598">
                    <coordinates>10.282078871553301,51.1730453889884,0.0 10.282000207523902,51.17293603623621,0.0 10.2819285226038,51.17283244929639,0.0 10.2818561687226,51.1727280164614,0.0 10.2818311454221,51.1726890929925,0.0</coordinates>
                </LineString>
                <LineString id="29600">
                    <coordinates>10.2822655147257,51.173331892094,0.0 10.2821992492748,51.1732294366651,0.0 10.282133701108298,51.173128852555394,0.0 10.282078871553301,51.1730453889884,0.0</coordinates>
                </LineString>
                <LineString id="29602">
                    <coordinates>10.2804168311214,51.1732866067938,0.0 10.2806438922487,51.1732511716582,0.0</coordinates>
                </LineString>
                <LineString id="29604">
                    <coordinates>10.2803575586167,51.1732880909691,0.0 10.2804168311214,51.1732866067938,0.0</coordinates>
                </LineString>
                <LineString id="29606">
                    <coordinates>10.2803038184507,51.1730431279159,0.0 10.2802328039179,51.17281778675869,0.0 10.2802461336469,51.17268545021749,0.0</coordinates>
                </LineString>
                <LineString id="29608">
                    <coordinates>10.2807097826973,51.173349774965594,0.0 10.280598455764698,51.17346437358529,0.0</coordinates>
                </LineString>
                <LineString id="29610">
                    <coordinates>10.2815825101365,51.177219671128995,0.0 10.2817173293504,51.17721507060719,0.0</coordinates>
                </LineString>
                <LineString id="29612">
                    <coordinates>10.2821792376052,51.17724394869169,0.0 10.2822529526846,51.17725188982401,0.0 10.2822737819469,51.1772540294488,0.0</coordinates>
                </LineString>
                <LineString id="29614">
                    <coordinates>10.285768926489402,51.17323101459439,0.0 10.2856765230464,51.17318652916529,0.0</coordinates>
                </LineString>
                <LineString id="29616">
                    <coordinates>10.2234794519904,51.21345918755389,0.0 10.2234757535544,51.21345375570069,0.0</coordinates>
                </LineString>
                <LineString id="29618">
                    <coordinates>10.2191580235088,51.212755415793595,0.0 10.2191520945053,51.2127562515028,0.0</coordinates>
                </LineString>
                <LineString id="29620">
                    <coordinates>10.2203240612187,51.2132454954586,0.0 10.2205280443527,51.213184249981595,0.0</coordinates>
                </LineString>
                <LineString id="29622">
                    <coordinates>10.2236535472951,51.213419138703,0.0 10.223661519388099,51.213423979175694,0.0 10.223692995139098,51.21344737108309,0.0 10.223774677645002,51.2135032038809,0.0 10.2237944111061,51.213515585223696,0.0 10.2237889518187,51.21352616392,0.0 10.2237863143844,51.213534079600194,0.0 10.2237834867077,51.213541731697994,0.0 10.223782372317999,51.21354912213139,0.0 10.223781382384399,51.2135562537581,0.0 10.223781059851,51.213564267493894,0.0 10.2237820294853,51.213572921113794,0.0 10.2237866091895,51.21359600372119,0.0 10.223793972617,51.21361518218319,0.0 10.223805105990103,51.2136405397004,0.0 10.2238172842749,51.2136733383963,0.0 10.2238238940939,51.2136868060798,0.0 10.2238521319897,51.21373335968519,0.0 10.2238651889364,51.2137552225032,0.0</coordinates>
                </LineString>
                <LineString id="29624">
                    <coordinates>10.2161094678303,51.21825490362439,0.0 10.2161375921981,51.21829351963121,0.0</coordinates>
                </LineString>
                <LineString id="29626">
                    <coordinates>10.216105689091101,51.21830343426969,0.0 10.216021965883199,51.218329711078894,0.0</coordinates>
                </LineString>
                <LineString id="29628">
                    <coordinates>10.215746909923,51.216571784189284,0.0 10.215724119028598,51.216542607443294,0.0 10.2157042221453,51.2165141040738,0.0</coordinates>
                </LineString>
                <LineString id="29630">
                    <coordinates>10.216561994097297,51.217737675733595,0.0 10.2165442516053,51.217727858551704,0.0 10.2165210426799,51.217715036489,0.0 10.2164971403449,51.217701637517706,0.0 10.2164803611338,51.21768800547731,0.0 10.2164668595186,51.21767697639379,0.0 10.2164534256209,51.217666047225,0.0 10.216439858042502,51.21765487330119,0.0 10.2164312868471,51.21764145621841,0.0</coordinates>
                </LineString>
                <LineString id="29632">
                    <coordinates>10.2171922477412,51.217510331734296,0.0 10.217188177372002,51.2175030511713,0.0</coordinates>
                </LineString>
                <LineString id="29634">
                    <coordinates>10.216975384037502,51.217865979083086,0.0 10.2169267341715,51.217824731316306,0.0 10.2169246757001,51.21781909950199,0.0 10.2169254467609,51.2178172953694,0.0</coordinates>
                </LineString>
                <LineString id="29636">
                    <coordinates>10.2168700878978,51.2180279929023,0.0 10.216793256169,51.21795701898819,0.0</coordinates>
                </LineString>
                <LineString id="29638">
                    <coordinates>10.2190667334343,51.21663805685329,0.0 10.2193065198321,51.2165370403043,0.0 10.2194630554519,51.21648097189959,0.0 10.219549852435,51.216453166242296,0.0</coordinates>
                </LineString>
                <LineString id="29640">
                    <coordinates>10.219026781644798,51.2165616585237,0.0 10.219015980997298,51.216566321544896,0.0 10.2190589896895,51.2166131909458,0.0 10.2190727869882,51.2166288088723,0.0 10.2190667334343,51.21663805685329,0.0</coordinates>
                </LineString>
                <LineString id="29642">
                    <coordinates>10.2190945303653,51.216802852730495,0.0 10.219027685404198,51.2167056031069,0.0</coordinates>
                </LineString>
                <LineString id="29644">
                    <coordinates>10.2184113116415,51.21683193745349,0.0 10.2184173972278,51.21683967115341,0.0 10.218474756532999,51.216817683900295,0.0 10.2185090128102,51.216855071212294,0.0</coordinates>
                </LineString>
                <LineString id="29646">
                    <coordinates>10.220292320035401,51.21624961768711,0.0 10.2203511632641,51.2163309593688,0.0 10.2204597627373,51.21647874373329,0.0 10.2205551124375,51.21663385076818,0.0 10.2206285735308,51.21687708160079,0.0</coordinates>
                </LineString>
                <LineString id="29648">
                    <coordinates>10.2208476460706,51.21625817684729,0.0 10.2207149012322,51.21619205495309,0.0</coordinates>
                </LineString>
                <LineString id="29650">
                    <coordinates>10.2148829621958,51.2158815579761,0.0 10.214922316019301,51.2158769622266,0.0</coordinates>
                </LineString>
                <LineString id="29652">
                    <coordinates>10.215387373136602,51.215956329375395,0.0 10.2154045723782,51.215985735571394,0.0</coordinates>
                </LineString>
                <LineString id="29654">
                    <coordinates>10.215323565935698,51.2158529301203,0.0 10.215355746928402,51.21588171075258,0.0 10.215363001494298,51.21590288376579,0.0</coordinates>
                </LineString>
                <LineString id="29656">
                    <coordinates>10.214650735675,51.21594754983499,0.0 10.214648296338598,51.21591845855559,0.0</coordinates>
                </LineString>
                <LineString id="29658">
                    <coordinates>10.2144274639099,51.21595369987931,0.0 10.2144409601986,51.21600111863211,0.0</coordinates>
                </LineString>
                <LineString id="29660">
                    <coordinates>10.2141624641684,51.2160180581363,0.0 10.2141537444227,51.21599925389909,0.0 10.2142369326835,51.21598154625999,0.0</coordinates>
                </LineString>
                <LineString id="29662">
                    <coordinates>10.2166358975628,51.2156862653459,0.0 10.216623572677998,51.21567220676209,0.0</coordinates>
                </LineString>
                <LineString id="29664">
                    <coordinates>10.2161901308232,51.21577858198129,0.0 10.2161678832731,51.2157375654357,0.0</coordinates>
                </LineString>
                <LineString id="29666">
                    <coordinates>10.215839951447302,51.215782270203405,0.0 10.215917911112102,51.2157716822648,0.0 10.2160146971211,51.21576061710899,0.0</coordinates>
                </LineString>
                <LineString id="29668">
                    <coordinates>10.2157225809087,51.21582264183489,0.0 10.2157305599966,51.2157924688474,0.0</coordinates>
                </LineString>
                <LineString id="29670">
                    <coordinates>10.2186161265846,51.2151363182633,0.0 10.218636258166201,51.2151287138902,0.0 10.2186148252405,51.2151095726765,0.0 10.2186839792268,51.21508083392949,0.0 10.2187193341392,51.21506744724541,0.0 10.2187625275111,51.2150545663853,0.0 10.2188008949439,51.2150458281449,0.0 10.218856852448,51.21502932095309,0.0 10.218907246006,51.2149982379968,0.0 10.2189299663736,51.2149869692928,0.0 10.218965117804398,51.2149751436116,0.0 10.2189765786286,51.21497079628429,0.0 10.2189971201682,51.21496369250998,0.0 10.219015201514297,51.21495617373919,0.0 10.2190502389563,51.214938395249796,0.0 10.2190809127495,51.214919453636796,0.0 10.2190946527655,51.2149094506238,0.0 10.2190802226381,51.214898749309704,0.0</coordinates>
                </LineString>
                <LineString id="29672">
                    <coordinates>10.2184946952519,51.21519523911999,0.0 10.2185155406439,51.215187313020394,0.0</coordinates>
                </LineString>
                <LineString id="29674">
                    <coordinates>10.2169479816022,51.215560411433806,0.0 10.2171390491696,51.21554268200969,0.0 10.2171973387098,51.215537726677695,0.0</coordinates>
                </LineString>
                <LineString id="29676">
                    <coordinates>10.2171973387098,51.215537726677695,0.0 10.2172102076893,51.215536583253396,0.0</coordinates>
                </LineString>
                <LineString id="29678">
                    <coordinates>10.216131760548901,51.2173229155379,0.0 10.216097063354798,51.2172473334117,0.0</coordinates>
                </LineString>
                <LineString id="29680">
                    <coordinates>10.224242525046398,51.215618419922485,0.0 10.2241609822622,51.215513435067685,0.0</coordinates>
                </LineString>
                <LineString id="29682">
                    <coordinates>10.2245004963051,51.21617198682679,0.0 10.2245023014316,51.21616896677071,0.0</coordinates>
                </LineString>
                <LineString id="29684">
                    <coordinates>10.2215369344506,51.213046672560104,0.0 10.2214880446149,51.2129737709822,0.0</coordinates>
                </LineString>
                <LineString id="29686">
                    <coordinates>10.2212020281632,51.2132983593885,0.0 10.2212278743791,51.2132898795447,0.0</coordinates>
                </LineString>
                <LineString id="29688">
                    <coordinates>10.2205562827696,51.2133889387037,0.0 10.2206010850235,51.2133661931828,0.0 10.2206558019706,51.2133346358379,0.0 10.220671152914,51.21332886421679,0.0</coordinates>
                </LineString>
                <LineString id="29690">
                    <coordinates>10.2207270606592,51.2141702412433,0.0 10.2206376273735,51.21420084836069,0.0 10.2204750663543,51.214263460949596,0.0 10.2204235519145,51.2142817085082,0.0</coordinates>
                </LineString>
                <LineString id="29692">
                    <coordinates>10.2206755414859,51.21413326635161,0.0 10.2206470974311,51.21408619643009,0.0 10.2206391560567,51.214087621898585,0.0</coordinates>
                </LineString>
                <LineString id="29694">
                    <coordinates>10.220504714031202,51.214087627627194,0.0 10.2205518099347,51.2141610147343,0.0</coordinates>
                </LineString>
                <LineString id="29696">
                    <coordinates>10.2224964631643,51.213355474477,0.0 10.2224994320219,51.2133519687114,0.0 10.2224787298243,51.21333464619111,0.0</coordinates>
                </LineString>
                <LineString id="29698">
                    <coordinates>10.220460137464999,51.21435855861869,0.0 10.220394245479397,51.2143888762179,0.0</coordinates>
                </LineString>
                <LineString id="29700">
                    <coordinates>10.2208405368211,51.21419692102349,0.0 10.2208654343737,51.2142238544498,0.0 10.2208751437754,51.2142218625331,0.0</coordinates>
                </LineString>
                <LineString id="29702">
                    <coordinates>10.2216639345057,51.2137721129829,0.0 10.221653269351,51.21376361767831,0.0</coordinates>
                </LineString>
                <LineString id="29704">
                    <coordinates>10.2218196376586,51.21367786840139,0.0 10.2218111765345,51.2136835021275,0.0</coordinates>
                </LineString>
                <LineString id="29706">
                    <coordinates>10.2229976129456,51.213141879453794,0.0 10.2230848497556,51.2131176736811,0.0 10.2231497942492,51.21309068428889,0.0 10.2233233843957,51.21310391800299,0.0 10.2234409198186,51.213089413075096,0.0 10.2234535291755,51.21308941568291,0.0 10.2234624638992,51.21309080982449,0.0 10.2234748823677,51.213093542339685,0.0 10.223492573489699,51.21310096649291,0.0 10.2235047456285,51.2131093586491,0.0 10.2235154888998,51.213121037252094,0.0 10.223522574205399,51.213132930019995,0.0</coordinates>
                </LineString>
                <LineString id="29708">
                    <coordinates>10.2237618131952,51.2137740419547,0.0 10.2237969849226,51.2138394079364,0.0 10.2238197682676,51.213865157987904,0.0</coordinates>
                </LineString>
                <LineString id="29710">
                    <coordinates>10.2230940850245,51.2146613283479,0.0 10.2230862179695,51.21465598602109,0.0</coordinates>
                </LineString>
                <LineString id="29712">
                    <coordinates>10.223414197335,51.2146870341788,0.0 10.2233752779638,51.21469750052179,0.0</coordinates>
                </LineString>
                <LineString id="29714">
                    <coordinates>10.222301330281399,51.2152247983381,0.0 10.222267507596,51.2152433963101,0.0</coordinates>
                </LineString>
                <LineString id="29716">
                    <coordinates>10.2216420464353,51.2155707674789,0.0 10.2217233811677,51.2156286010578,0.0 10.2217525132881,51.2156493059696,0.0</coordinates>
                </LineString>
                <LineString id="29718">
                    <coordinates>10.2219089373759,51.2154350175071,0.0 10.2218711177408,51.2154536984794,0.0 10.2217927760382,51.2154939588973,0.0 10.2216711959412,51.21555608103261,0.0 10.2216420464353,51.2155707674789,0.0</coordinates>
                </LineString>
                <LineString id="29720">
                    <coordinates>10.2194715854939,51.21478488233921,0.0 10.2194869770197,51.21477473360291,0.0 10.2195124661484,51.2147603246222,0.0</coordinates>
                </LineString>
                <LineString id="29722">
                    <coordinates>10.2185445019188,51.215259894542,0.0 10.2185815730989,51.2152472891382,0.0 10.2186803611425,51.2152013460298,0.0 10.2186925401265,51.2151958230457,0.0</coordinates>
                </LineString>
                <LineString id="29724">
                    <coordinates>10.2187320226426,51.21517858874179,0.0 10.2187902698532,51.21516358171479,0.0 10.2188078861102,51.215159588771094,0.0 10.2188459377622,51.21513194978329,0.0</coordinates>
                </LineString>
                <LineString id="29726">
                    <coordinates>10.2221229399428,51.21268708663659,0.0 10.2221361452702,51.21268870755989,0.0</coordinates>
                </LineString>
                <LineString id="29728">
                    <coordinates>10.2243277217255,51.2129832286055,0.0 10.2243504423452,51.21297859310959,0.0</coordinates>
                </LineString>
                <LineString id="29730">
                    <coordinates>10.228701648255297,51.212348034146586,0.0 10.2287279169097,51.21239939310691,0.0 10.228767057545898,51.212471146238386,0.0 10.228814423605698,51.212559807206794,0.0 10.228837101195,51.212604792185594,0.0 10.2288777363865,51.212678635474795,0.0 10.2289355455514,51.2127823679773,0.0</coordinates>
                </LineString>
                <LineString id="29732">
                    <coordinates>10.228830475131,51.21280966131619,0.0 10.2289355455514,51.2127823679773,0.0</coordinates>
                </LineString>
                <LineString id="29734">
                    <coordinates>10.2280153097237,51.21300270617569,0.0 10.2280493019885,51.2129948785353,0.0 10.2280515398406,51.212994373044204,0.0</coordinates>
                </LineString>
                <LineString id="29736">
                    <coordinates>10.2256664792653,51.2128119376888,0.0 10.225846109323198,51.21280914105629,0.0 10.2259043638431,51.21281243323121,0.0 10.2259732838656,51.2128186378156,0.0 10.2260779471646,51.21283962343899,0.0 10.2262035556041,51.212865304269705,0.0 10.226413670225602,51.21290987592229,0.0 10.226579469039198,51.212947851679694,0.0</coordinates>
                </LineString>
                <LineString id="29738">
                    <coordinates>10.226676236501001,51.212992584235884,0.0 10.2266930176658,51.2129778709724,0.0</coordinates>
                </LineString>
                <LineString id="29740">
                    <coordinates>10.2250949134221,51.21388653286899,0.0 10.225084558680003,51.213890798680296,0.0 10.2250343247513,51.213913400612796,0.0 10.2250613861417,51.2139406985589,0.0</coordinates>
                </LineString>
                <LineString id="29742">
                    <coordinates>10.2280338710472,51.2130960194286,0.0 10.2280304182201,51.21308641132649,0.0 10.2280189570631,51.213068420642706,0.0</coordinates>
                </LineString>
                <LineString id="29744">
                    <coordinates>10.228708766243999,51.2129095356289,0.0 10.2287052687673,51.2129104176079,0.0 10.2285564230222,51.2129453545222,0.0</coordinates>
                </LineString>
                <LineString id="29746">
                    <coordinates>10.2294381945554,51.212724340346284,0.0 10.2293130378998,51.2127570206186,0.0 10.2292151084659,51.212782480600595,0.0 10.2291939134678,51.212788030079594,0.0</coordinates>
                </LineString>
                <LineString id="29748">
                    <coordinates>10.229443763586,51.21273176900289,0.0 10.2294381945554,51.212724340346284,0.0</coordinates>
                </LineString>
                <LineString id="29750">
                    <coordinates>10.2297539403506,51.2126534786284,0.0 10.2297528940091,51.212646424031995,0.0</coordinates>
                </LineString>
                <LineString id="29752">
                    <coordinates>10.2272520864353,51.21320634861771,0.0 10.227232553160501,51.213208120355596,0.0 10.2272223413625,51.2132090444285,0.0 10.227212590769,51.21320913946299,0.0 10.2271902141885,51.21321115579299,0.0 10.2270154058422,51.21325086647769,0.0</coordinates>
                </LineString>
                <LineString id="29754">
                    <coordinates>10.225896193606,51.21362422251461,0.0 10.2259028520579,51.2136215366947,0.0 10.2258930979487,51.2136075630092,0.0</coordinates>
                </LineString>
                <LineString id="29756">
                    <coordinates>10.2258930979487,51.2136075630092,0.0 10.2258328334302,51.21362750517701,0.0</coordinates>
                </LineString>
                <LineString id="29758">
                    <coordinates>10.2267406735906,51.21445857805519,0.0 10.226696695286302,51.21437381508931,0.0</coordinates>
                </LineString>
                <LineString id="29760">
                    <coordinates>10.2265532918353,51.21441073770439,0.0 10.226696695286302,51.21437381508931,0.0</coordinates>
                </LineString>
                <LineString id="29762">
                    <coordinates>10.2317569062967,51.21193311460391,0.0 10.232005449286898,51.21183639361849,0.0</coordinates>
                </LineString>
                <LineString id="29764">
                    <coordinates>10.2314139567521,51.212089671976486,0.0 10.231452050015,51.2120730147141,0.0 10.2315059240699,51.2120494042868,0.0</coordinates>
                </LineString>
                <LineString id="29766">
                    <coordinates>10.2239893796065,51.2129908243653,0.0 10.2239252339383,51.212996314477195,0.0</coordinates>
                </LineString>
                <LineString id="29768">
                    <coordinates>10.2238705068648,51.212974241849196,0.0 10.2238770476972,51.21300029378,0.0</coordinates>
                </LineString>
                <LineString id="29770">
                    <coordinates>10.2230049633878,51.2124814157869,0.0 10.2229278582313,51.212424977711585,0.0 10.2229992499562,51.212280620515905,0.0 10.2229898685734,51.2122696367511,0.0 10.2229627514369,51.2122776931576,0.0</coordinates>
                </LineString>
                <LineString id="29772">
                    <coordinates>10.2274260558249,51.21050132072009,0.0 10.2276417953096,51.21040950588239,0.0 10.2279024926439,51.21030337686021,0.0 10.227934352248798,51.210330567015895,0.0 10.2279998792021,51.2103109731397,0.0</coordinates>
                </LineString>
                <LineString id="29774">
                    <coordinates>10.2274318201069,51.2105043925296,0.0 10.2275079520436,51.21054112590439,0.0</coordinates>
                </LineString>
                <LineString id="29776">
                    <coordinates>10.2264983916595,51.210854983426394,0.0 10.2264740512073,51.21081536646581,0.0</coordinates>
                </LineString>
                <LineString id="29778">
                    <coordinates>10.225973057270899,51.2109689826958,0.0 10.226044171841199,51.21094816213189,0.0</coordinates>
                </LineString>
                <LineString id="29780">
                    <coordinates>10.2258187102326,51.21129813088239,0.0 10.2259107131813,51.2112778877198,0.0 10.225908185382602,51.211270666797205,0.0</coordinates>
                </LineString>
                <LineString id="29782">
                    <coordinates>10.2256438919391,51.2111806759673,0.0 10.2257259763314,51.21131839885059,0.0 10.2258187102326,51.21129813088239,0.0</coordinates>
                </LineString>
                <LineString id="29784">
                    <coordinates>10.2243546784625,51.21172706769869,0.0 10.2244261695975,51.21170804273359,0.0</coordinates>
                </LineString>
                <LineString id="29786">
                    <coordinates>10.2236522615498,51.2122086025107,0.0 10.223601701914498,51.2122341204711,0.0 10.223591145155698,51.2122376908925,0.0</coordinates>
                </LineString>
                <LineString id="29788">
                    <coordinates>10.2235818694922,51.212138000414285,0.0 10.2235866593506,51.212145938921395,0.0 10.2236522615498,51.2122086025107,0.0</coordinates>
                </LineString>
                <LineString id="29790">
                    <coordinates>10.2239946429395,51.2120827942277,0.0 10.2239601323683,51.21209553907049,0.0</coordinates>
                </LineString>
                <LineString id="29792">
                    <coordinates>10.2226238568225,51.212002997290895,0.0 10.2226418832162,51.211997976211904,0.0</coordinates>
                </LineString>
                <LineString id="29794">
                    <coordinates>10.2225178346786,51.211809155799905,0.0 10.2225438398761,51.211802466993994,0.0</coordinates>
                </LineString>
                <LineString id="29796">
                    <coordinates>10.2195703107008,51.21259393489469,0.0 10.2195627720606,51.21257638058759,0.0</coordinates>
                </LineString>
                <LineString id="29798">
                    <coordinates>10.219550173233698,51.21264070659421,0.0 10.219715013268898,51.21264732215809,0.0 10.219749348521502,51.2126480781252,0.0</coordinates>
                </LineString>
                <LineString id="29800">
                    <coordinates>10.220832870706898,51.21239862594071,0.0 10.2208503371664,51.21239254485341,0.0</coordinates>
                </LineString>
                <LineString id="29802">
                    <coordinates>10.2263818388749,51.21445760898968,0.0 10.2265203941985,51.2144194714606,0.0</coordinates>
                </LineString>
                <LineString id="29804">
                    <coordinates>10.226467150746698,51.214346020634395,0.0 10.2264617281052,51.21434000540471,0.0</coordinates>
                </LineString>
                <LineString id="29806">
                    <coordinates>10.214131842392797,51.214153913886896,0.0 10.214230394228101,51.2141489271015,0.0</coordinates>
                </LineString>
                <LineString id="29808">
                    <coordinates>10.2865397525292,51.17581912015779,0.0 10.2865741590858,51.175802184332895,0.0</coordinates>
                </LineString>
                <LineString id="29810">
                    <coordinates>10.287389684623502,51.17581928311581,0.0 10.2874452441823,51.1758127158839,0.0</coordinates>
                </LineString>
                <LineString id="29812">
                    <coordinates>10.2873263224043,51.174597454985005,0.0 10.287313071490297,51.17456679559729,0.0</coordinates>
                </LineString>
                <LineString id="29814">
                    <coordinates>10.2871893511232,51.17408317404959,0.0 10.2871811551218,51.1740743432446,0.0</coordinates>
                </LineString>
                <LineString id="29816">
                    <coordinates>10.2869871089672,51.173969804348,0.0 10.2869867327124,51.1739973337027,0.0</coordinates>
                </LineString>
                <LineString id="29818">
                    <coordinates>10.2864115143939,51.17299925624349,0.0 10.2863953190437,51.17297823532001,0.0</coordinates>
                </LineString>
                <LineString id="29820">
                    <coordinates>10.286039405267,51.1729665949966,0.0 10.286035174591902,51.172953803879494,0.0</coordinates>
                </LineString>
                <LineString id="29822">
                    <coordinates>10.2164179336366,51.21830362590439,0.0 10.2164080830936,51.2182881217432,0.0</coordinates>
                </LineString>
                <LineString id="29824">
                    <coordinates>10.2147707318409,51.21696408805659,0.0 10.2147841980054,51.216957506367685,0.0</coordinates>
                </LineString>
                <LineString id="29826">
                    <coordinates>10.2175974909233,51.216603709759,0.0 10.2175637071227,51.2165537350811,0.0</coordinates>
                </LineString>
                <LineString id="29828">
                    <coordinates>10.2166399570037,51.21577165553539,0.0 10.2166725226256,51.21576047434261,0.0</coordinates>
                </LineString>
                <LineString id="29830">
                    <coordinates>10.2164976558763,51.2155629086069,0.0 10.2165032954867,51.215592183449004,0.0</coordinates>
                </LineString>
                <LineString id="29832">
                    <coordinates>10.224043440905,51.215668994787286,0.0 10.2240485097529,51.215668945842694,0.0</coordinates>
                </LineString>
                <LineString id="29834">
                    <coordinates>10.2214301992521,51.2159463299983,0.0 10.2213998579964,51.21591205047541,0.0</coordinates>
                </LineString>
                <LineString id="29836">
                    <coordinates>10.2198651789091,51.216278774657496,0.0 10.2198902503146,51.2163164353928,0.0</coordinates>
                </LineString>
                <LineString id="29838">
                    <coordinates>10.2187580059075,51.2171484842128,0.0 10.2187531381566,51.21714962371819,0.0</coordinates>
                </LineString>
                <LineString id="29840">
                    <coordinates>10.217925293103402,51.21704834137691,0.0 10.2179581180863,51.2170723666451,0.0</coordinates>
                </LineString>
                <LineString id="29842">
                    <coordinates>10.2174334075338,51.2153709351024,0.0 10.2174748435798,51.215366145470696,0.0</coordinates>
                </LineString>
                <LineString id="29844">
                    <coordinates>10.218904059938097,51.21483814047049,0.0 10.218906741938,51.21483169086349,0.0</coordinates>
                </LineString>
                <LineString id="29846">
                    <coordinates>10.2220625582024,51.215121001740194,0.0 10.2220962683347,51.215142504257,0.0</coordinates>
                </LineString>
                <LineString id="29848">
                    <coordinates>10.2197085221708,51.2148447606385,0.0 10.219679376870902,51.2148563632641,0.0</coordinates>
                </LineString>
                <LineString id="29850">
                    <coordinates>10.2208990913866,51.214216239529904,0.0 10.2208751437754,51.2142218625331,0.0</coordinates>
                </LineString>
                <LineString id="29852">
                    <coordinates>10.2205119926564,51.2143849580727,0.0 10.2204912468832,51.214352801866994,0.0</coordinates>
                </LineString>
                <LineString id="29854">
                    <coordinates>10.2220039589076,51.21360201935729,0.0 10.2219994504363,51.21360053053069,0.0</coordinates>
                </LineString>
                <LineString id="29856">
                    <coordinates>10.2213485255234,51.213961538539806,0.0 10.2213454434543,51.2139594331095,0.0</coordinates>
                </LineString>
                <LineString id="29858">
                    <coordinates>10.2213542692557,51.2139788946471,0.0 10.2213513090059,51.21397697085808,0.0</coordinates>
                </LineString>
                <LineString id="29860">
                    <coordinates>10.2214670063557,51.21294363313581,0.0 10.2214880446149,51.2129737709822,0.0</coordinates>
                </LineString>
                <LineString id="29862">
                    <coordinates>10.2227356944011,51.2132355106686,0.0 10.222729686975,51.21323057411099,0.0</coordinates>
                </LineString>
                <LineString id="29864">
                    <coordinates>10.22248065864,51.212811522661504,0.0 10.2224833402489,51.21280878563069,0.0</coordinates>
                </LineString>
                <LineString id="29866">
                    <coordinates>10.2211130297152,51.2124660713989,0.0 10.221140000540903,51.2124573659515,0.0</coordinates>
                </LineString>
                <LineString id="29868">
                    <coordinates>10.223423740060198,51.21490814079538,0.0 10.2234609896379,51.21489345998749,0.0</coordinates>
                </LineString>
                <LineString id="29870">
                    <coordinates>10.2267452062256,51.214471744412705,0.0 10.2267437775066,51.214465340229,0.0</coordinates>
                </LineString>
                <LineString id="29872">
                    <coordinates>10.2285744193876,51.21305230518179,0.0 10.2285769829901,51.213055247585906,0.0</coordinates>
                </LineString>
                <LineString id="29874">
                    <coordinates>10.2299147411553,51.2125149463149,0.0 10.2299146888707,51.21251780418219,0.0</coordinates>
                </LineString>
                <LineString id="29876">
                    <coordinates>10.226226065928902,51.21346349168499,0.0 10.2262127878793,51.2134689718235,0.0</coordinates>
                </LineString>
                <LineString id="29878">
                    <coordinates>10.2251672747232,51.212182062222595,0.0 10.2251725865598,51.212186853265095,0.0</coordinates>
                </LineString>
                <LineString id="29880">
                    <coordinates>10.2232957707341,51.211659785465,0.0 10.2233340862739,51.21172670957768,0.0</coordinates>
                </LineString>
                <LineString id="29882">
                    <coordinates>10.2243366918739,51.2117314334109,0.0 10.2243546784625,51.21172706769869,0.0</coordinates>
                </LineString>
                <LineString id="29884">
                    <coordinates>10.228504439112,51.2107722387723,0.0 10.2285174753824,51.2107689301754,0.0</coordinates>
                </LineString>
                <LineString id="29886">
                    <coordinates>10.2312448036071,51.212540249120394,0.0 10.2312566524822,51.2124961998878,0.0</coordinates>
                </LineString>
                <LineString id="29888">
                    <coordinates>10.2802473223225,51.177490075306906,0.0 10.2802380729038,51.17747997899159,0.0</coordinates>
                </LineString>
                <LineString id="29890">
                    <coordinates>10.2809352174938,51.1764259366208,0.0 10.2809532434156,51.176417301823,0.0</coordinates>
                </LineString>
                <LineString id="29892">
                    <coordinates>10.2801305940877,51.1766737751374,0.0 10.2801395756054,51.1766576181509,0.0</coordinates>
                </LineString>
                <LineString id="29894">
                    <coordinates>10.279825764093799,51.1765633889286,0.0 10.279838709349502,51.1765698539098,0.0</coordinates>
                </LineString>
                <LineString id="29896">
                    <coordinates>10.278462474564801,51.17714706663521,0.0 10.2784314168736,51.1771380966373,0.0</coordinates>
                </LineString>
                <LineString id="29898">
                    <coordinates>10.2837523611442,51.1775204552342,0.0 10.283758486822899,51.1775041482181,0.0</coordinates>
                </LineString>
                <LineString id="29900">
                    <coordinates>10.2836282164511,51.17687454515359,0.0 10.283643214854,51.17685461067239,0.0</coordinates>
                </LineString>
                <LineString id="29902">
                    <coordinates>10.2834106081173,51.1768248233868,0.0 10.2834396850568,51.1768263017094,0.0</coordinates>
                </LineString>
                <LineString id="29904">
                    <coordinates>10.2830086006274,51.176714206528196,0.0 10.2830343803517,51.17670318610159,0.0</coordinates>
                </LineString>
                <LineString id="29906">
                    <coordinates>10.2824923700277,51.1765604881359,0.0 10.2825212890922,51.176535409359985,0.0</coordinates>
                </LineString>
                <LineString id="29908">
                    <coordinates>10.2822560357101,51.17711693063769,0.0 10.2822698848829,51.1771414235912,0.0</coordinates>
                </LineString>
                <LineString id="29910">
                    <coordinates>10.2818214307153,51.17635485580299,0.0 10.2818292486144,51.17633381827851,0.0</coordinates>
                </LineString>
                <LineString id="29912">
                    <coordinates>10.2810479173701,51.17627611897999,0.0 10.2810449024551,51.17629297497219,0.0</coordinates>
                </LineString>
                <LineString id="29914">
                    <coordinates>10.281137770418,51.17606378517609,0.0 10.2811370006407,51.17606718089339,0.0</coordinates>
                </LineString>
                <LineString id="29916">
                    <coordinates>10.2842573912449,51.17606744397769,0.0 10.2842362500841,51.176070253348996,0.0</coordinates>
                </LineString>
                <LineString id="29918">
                    <coordinates>10.2827478690068,51.1760311960412,0.0 10.2827331757276,51.17601518583861,0.0</coordinates>
                </LineString>
                <LineString id="29920">
                    <coordinates>10.2832167589591,51.1756729674094,0.0 10.2831980647275,51.1756503182428,0.0</coordinates>
                </LineString>
                <LineString id="29922">
                    <coordinates>10.2835200364376,51.1755447673889,0.0 10.2834953475477,51.17553335711601,0.0</coordinates>
                </LineString>
                <LineString id="29924">
                    <coordinates>10.2830072145998,51.17538043062999,0.0 10.2830258115683,51.175395680034995,0.0</coordinates>
                </LineString>
                <LineString id="29926">
                    <coordinates>10.283835686123798,51.175163306797195,0.0 10.283839605237398,51.1751648295666,0.0</coordinates>
                </LineString>
                <LineString id="29928">
                    <coordinates>10.2831657594542,51.1749793166773,0.0 10.2831766466413,51.174974963680896,0.0</coordinates>
                </LineString>
                <LineString id="29930">
                    <coordinates>10.281874353076898,51.17519150914448,0.0 10.2818763981577,51.1751945866174,0.0</coordinates>
                </LineString>
                <LineString id="29932">
                    <coordinates>10.2804893313911,51.17511767679851,0.0 10.2804850859866,51.17510031858739,0.0</coordinates>
                </LineString>
                <LineString id="29934">
                    <coordinates>10.2813641551873,51.1746867168392,0.0 10.2813718993593,51.174699982240504,0.0</coordinates>
                </LineString>
                <LineString id="29936">
                    <coordinates>10.2814262932983,51.174488502770984,0.0 10.2814116063186,51.1744938965173,0.0</coordinates>
                </LineString>
                <LineString id="29938">
                    <coordinates>10.281117513754,51.1744173459956,0.0 10.2811490384398,51.1744171798154,0.0</coordinates>
                </LineString>
                <LineString id="29940">
                    <coordinates>10.2810261811265,51.1738586094564,0.0 10.280995978317298,51.173866696804296,0.0</coordinates>
                </LineString>
                <LineString id="29942">
                    <coordinates>10.2840251866846,51.1744827213527,0.0 10.284036908520699,51.17449132541229,0.0</coordinates>
                </LineString>
                <LineString id="29944">
                    <coordinates>10.2820154665597,51.17257917874589,0.0 10.2820262441213,51.17259508661619,0.0</coordinates>
                </LineString>
                <LineString id="29946">
                    <coordinates>10.2800212809759,51.17624954446379,0.0 10.2800051841931,51.17625667925811,0.0</coordinates>
                </LineString>
                <LineString id="29948">
                    <coordinates>10.2799444686605,51.17630877097041,0.0 10.2799739782333,51.17629553169539,0.0</coordinates>
                </LineString>
                <LineString id="29950">
                    <coordinates>10.280178585947,51.1762889742659,0.0 10.280141578390198,51.17628194890089,0.0</coordinates>
                </LineString>
                <LineString id="29952">
                    <coordinates>10.2798308875019,51.17506747434809,0.0 10.2798342924923,51.17504821492639,0.0</coordinates>
                </LineString>
                <LineString id="29954">
                    <coordinates>10.2779645643148,51.17353784781411,0.0 10.2779823219596,51.173550227020804,0.0</coordinates>
                </LineString>
                <LineString id="29956">
                    <coordinates>10.2799662221332,51.1726439844526,0.0 10.2799726070084,51.1726445637431,0.0</coordinates>
                </LineString>
                <LineString id="29958">
                    <coordinates>10.2859583494738,51.1745546900215,0.0 10.2859493096011,51.174547024394194,0.0</coordinates>
                </LineString>
                <LineString id="29960">
                    <coordinates>10.219606927742602,51.216330114199394,0.0 10.2196080035945,51.21632448515989,0.0</coordinates>
                </LineString>
                <LineString id="29962">
                    <coordinates>10.2184607099614,51.21553485752619,0.0 10.2184675103195,51.215552256826896,0.0</coordinates>
                </LineString>
                <LineString id="29964">
                    <coordinates>10.287100247896099,51.17516254331329,0.0 10.2870910536872,51.17516482690089,0.0</coordinates>
                </LineString>
                <LineString id="29966">
                    <coordinates>10.224158021839301,51.2144991145998,0.0 10.224139250415499,51.214482918394694,0.0</coordinates>
                </LineString>
                <LineString id="29968">
                    <coordinates>10.288403967465,51.1750945391722,0.0 10.2884024527547,51.1750933483804,0.0</coordinates>
                </LineString>
                <LineString id="29970">
                    <coordinates>10.283324713103498,51.17667693542089,0.0 10.2834197417738,51.176601136600596,0.0</coordinates>
                </LineString>
                <LineString id="29972">
                    <coordinates>10.2153153490379,51.21696364647029,0.0 10.215358272343899,51.2169400472543,0.0 10.2152885905315,51.2168826925495,0.0 10.2152784789095,51.21687433095809,0.0 10.215227250142497,51.2167998808738,0.0 10.2151927746525,51.216792675985694,0.0</coordinates>
                </LineString>
                <LineString id="29974">
                    <coordinates>10.2801784763354,51.174971901065895,0.0 10.280164568729703,51.17497286529181,0.0</coordinates>
                </LineString>
                <LineString id="29976">
                    <coordinates>10.217407165553999,51.21297051823229,0.0 10.217409916040898,51.21297008367809,0.0</coordinates>
                </LineString>
                <LineString id="29978">
                    <coordinates>10.2256664792653,51.2128119376888,0.0 10.225645507918099,51.2127263454283,0.0</coordinates>
                </LineString>
                <LineString id="29980">
                    <coordinates>10.222833733835902,51.213004234225494,0.0 10.222790601767802,51.2129624164139,0.0 10.2227594867533,51.21293376188931,0.0 10.2227602181088,51.21292107982331,0.0 10.2227356391157,51.21290445359901,0.0 10.2227070364587,51.21288675944809,0.0</coordinates>
                </LineString>
                <LineString id="29982">
                    <coordinates>10.2227941887702,51.214947891044396,0.0 10.2227675432772,51.21496038639348,0.0 10.2226747524549,51.2150135167081,0.0</coordinates>
                </LineString>
                <LineString id="29984">
                    <coordinates>10.2829386522465,51.17389738670201,0.0 10.2829727756118,51.173884223372504,0.0</coordinates>
                </LineString>
                <LineString id="29986">
                    <coordinates>10.2829727756118,51.173884223372504,0.0 10.2830056650692,51.1738715543293,0.0</coordinates>
                </LineString>
                <LineString id="29988">
                    <coordinates>10.2830842789436,51.1741533784125,0.0 10.2830836627386,51.17414802061119,0.0</coordinates>
                </LineString>
                <LineString id="29990">
                    <coordinates>10.2832254997399,51.174067775744,0.0 10.2832201418978,51.1740503114183,0.0</coordinates>
                </LineString>
                <LineString id="29992">
                    <coordinates>10.2247425614903,51.21561032727039,0.0 10.2248810407995,51.2155787618297,0.0</coordinates>
                </LineString>
                <LineString id="29994">
                    <coordinates>10.2174047107419,51.217587092695496,0.0 10.2173894321683,51.21759835757899,0.0</coordinates>
                </LineString>
                <LineString id="29996">
                    <coordinates>10.2176948198108,51.21740708198178,0.0 10.217620102737103,51.21745041529329,0.0 10.2174472744891,51.2175572215623,0.0 10.2174124414519,51.217581502098106,0.0 10.217405007606999,51.217586818542195,0.0</coordinates>
                </LineString>
                <LineString id="29998">
                    <coordinates>10.2800162729424,51.1762796036977,0.0 10.279993884832699,51.1762613315466,0.0 10.2800051841931,51.17625667925811,0.0</coordinates>
                </LineString>
                <LineString id="30000">
                    <coordinates>10.279778105916,51.17674000645089,0.0 10.279726012502103,51.17678558155411,0.0</coordinates>
                </LineString>
                <LineString id="30002">
                    <coordinates>10.2706782596597,51.1786557655394,0.0 10.270681740153602,51.17866059940061,0.0</coordinates>
                </LineString>
                <LineString id="30004">
                    <coordinates>10.2860316209905,51.17784278514219,0.0 10.2860451939354,51.177841995102604,0.0</coordinates>
                </LineString>
                <LineString id="30006">
                    <coordinates>10.2822981232431,51.17520284570419,0.0 10.2823451866567,51.1752810171643,0.0</coordinates>
                </LineString>
                <LineString id="30008">
                    <coordinates>10.2823451866567,51.1752810171643,0.0 10.282509246389,51.17523827099059,0.0</coordinates>
                </LineString>
                <LineString id="30010">
                    <coordinates>10.283796863749497,51.174643386427,0.0 10.283888945430098,51.1746075563191,0.0</coordinates>
                </LineString>
                <LineString id="30012">
                    <coordinates>10.283905723291898,51.174913823294894,0.0 10.283915059487898,51.17492351606699,0.0</coordinates>
                </LineString>
                <LineString id="30014">
                    <coordinates>10.2841637029686,51.17490280077589,0.0 10.284123730342,51.17496721777118,0.0</coordinates>
                </LineString>
                <LineString id="30016">
                    <coordinates>10.2840599486455,51.175068196534205,0.0 10.2841044740958,51.1750803380626,0.0 10.2841026859539,51.17508497739661,0.0</coordinates>
                </LineString>
                <LineString id="30018">
                    <coordinates>10.284123730342,51.17496721777118,0.0 10.2840599486455,51.175068196534205,0.0</coordinates>
                </LineString>
                <LineString id="30020">
                    <coordinates>10.2844273651691,51.174622580236196,0.0 10.284442705054799,51.174632729558596,0.0 10.2844583666456,51.1746176320621,0.0 10.2845292925447,51.17467444281479,0.0</coordinates>
                </LineString>
                <LineString id="30022">
                    <coordinates>10.2848147844821,51.175093331967794,0.0 10.284871064196,51.17514252046159,0.0</coordinates>
                </LineString>
                <LineString id="30024">
                    <coordinates>10.2837430043808,51.175355141009,0.0 10.2837357686573,51.175358594727,0.0</coordinates>
                </LineString>
                <LineString id="30026">
                    <coordinates>10.2836380670794,51.1753346519412,0.0 10.283695759239802,51.1753777398665,0.0</coordinates>
                </LineString>
                <LineString id="30028">
                    <coordinates>10.2831732316977,51.17565588697139,0.0 10.283155156445202,51.1756658698111,0.0</coordinates>
                </LineString>
                <LineString id="30030">
                    <coordinates>10.2831104264559,51.175414262350095,0.0 10.2830884033456,51.17537959029289,0.0 10.2830291620782,51.1753986507889,0.0</coordinates>
                </LineString>
                <LineString id="30032">
                    <coordinates>10.2832832951619,51.175505956613506,0.0 10.2832523360866,51.1754731491591,0.0 10.283257795746199,51.1754705413961,0.0</coordinates>
                </LineString>
                <LineString id="30034">
                    <coordinates>10.2835792822463,51.175431577554605,0.0 10.283456323172102,51.175493599376885,0.0</coordinates>
                </LineString>
                <LineString id="30036">
                    <coordinates>10.2832822124287,51.17559444245439,0.0 10.2832889568232,51.17559960249589,0.0</coordinates>
                </LineString>
                <LineString id="30038">
                    <coordinates>10.282583972585401,51.1760090227147,0.0 10.2825951293093,51.175995495437505,0.0 10.2826553279705,51.175947601870796,0.0 10.2827390858496,51.17587838031479,0.0 10.282798187018999,51.1758299941248,0.0 10.282805196077902,51.17582494599459,0.0</coordinates>
                </LineString>
                <LineString id="30040">
                    <coordinates>10.2830646901359,51.1756500333702,0.0 10.2830240798941,51.17561717413949,0.0</coordinates>
                </LineString>
                <LineString id="30042">
                    <coordinates>10.2830000814882,51.1757631802155,0.0 10.2829618541745,51.1757890034935,0.0</coordinates>
                </LineString>
                <LineString id="30044">
                    <coordinates>10.282461145534702,51.1760285250558,0.0 10.2824599957437,51.17604215425569,0.0 10.282469245719202,51.17604762080659,0.0 10.2824813594771,51.17605222145049,0.0 10.28249613897,51.176055512793695,0.0 10.2825138564941,51.1760570943038,0.0 10.2825303540864,51.1760564824443,0.0 10.2825434128327,51.1760545076409,0.0</coordinates>
                </LineString>
                <LineString id="30046">
                    <coordinates>10.2825434128327,51.1760545076409,0.0 10.2825522221358,51.176045656417195,0.0</coordinates>
                </LineString>
                <LineString id="30048">
                    <coordinates>10.282461145534702,51.1760285250558,0.0 10.282479907144,51.17602317300489,0.0</coordinates>
                </LineString>
                <LineString id="30050">
                    <coordinates>10.2830320595428,51.1766559211696,0.0 10.2830449168791,51.176701740571794,0.0</coordinates>
                </LineString>
                <LineString id="30052">
                    <coordinates>10.2840294808562,51.17564953280489,0.0 10.2840067482848,51.1755618933245,0.0 10.2840004993171,51.175528351720196,0.0</coordinates>
                </LineString>
                <LineString id="30054">
                    <coordinates>10.2841310248102,51.17629487743309,0.0 10.284155070524598,51.17633519738278,0.0</coordinates>
                </LineString>
                <LineString id="30056">
                    <coordinates>10.284119962822002,51.17630277881109,0.0 10.2841310248102,51.17629487743309,0.0</coordinates>
                </LineString>
                <LineString id="30058">
                    <coordinates>10.2845520345466,51.1766846684804,0.0 10.2845270458353,51.1766485508718,0.0 10.2844636110364,51.17655704260719,0.0</coordinates>
                </LineString>
                <LineString id="30060">
                    <coordinates>10.2845520345466,51.1766846684804,0.0 10.2845693901317,51.176679052765394,0.0</coordinates>
                </LineString>
                <LineString id="30062">
                    <coordinates>10.2842811683238,51.17628420602599,0.0 10.2842480120228,51.176234268585695,0.0</coordinates>
                </LineString>
                <LineString id="30064">
                    <coordinates>10.2856458637071,51.17668750239069,0.0 10.2856258346778,51.17665529620379,0.0</coordinates>
                </LineString>
                <LineString id="30066">
                    <coordinates>10.2859697073562,51.176573162507,0.0 10.2859792185203,51.17656851041931,0.0</coordinates>
                </LineString>
                <LineString id="30068">
                    <coordinates>10.286275430661,51.1757206168122,0.0 10.286361039662102,51.17568155262838,0.0</coordinates>
                </LineString>
                <LineString id="30070">
                    <coordinates>10.2865082404589,51.1757077731597,0.0 10.286525043355,51.175718599859906,0.0 10.2865873587556,51.175796399592095,0.0</coordinates>
                </LineString>
                <LineString id="30072">
                    <coordinates>10.2861715471674,51.1757684926824,0.0 10.2862242407058,51.17574394998819,0.0 10.286275430661,51.1757206168122,0.0</coordinates>
                </LineString>
                <LineString id="30074">
                    <coordinates>10.2860695936206,51.175904736608594,0.0 10.2861166651463,51.175943523592494,0.0 10.2861524408073,51.175951005463304,0.0 10.2861599355378,51.17596023958329,0.0 10.2861441679684,51.1759658518228,0.0</coordinates>
                </LineString>
                <LineString id="30076">
                    <coordinates>10.2858369155025,51.1764008481877,0.0 10.2856948791802,51.1762364348914,0.0 10.285612557200999,51.17613896918079,0.0</coordinates>
                </LineString>
                <LineString id="30078">
                    <coordinates>10.2857088769132,51.176099963507795,0.0 10.2857272500837,51.17609273542959,0.0 10.2859100753488,51.17604335546459,0.0 10.285915019310702,51.17605079928149,0.0</coordinates>
                </LineString>
                <LineString id="30080">
                    <coordinates>10.2877262474139,51.1758207565649,0.0 10.28773321832,51.17581749649549,0.0</coordinates>
                </LineString>
                <LineString id="30082">
                    <coordinates>10.287164413455402,51.176087262142,0.0 10.2872727307778,51.17603511734999,0.0</coordinates>
                </LineString>
                <LineString id="30084">
                    <coordinates>10.2870532516932,51.1760447776248,0.0 10.287003040565802,51.175981853188894,0.0 10.286989735533599,51.1759873937175,0.0</coordinates>
                </LineString>
                <LineString id="30086">
                    <coordinates>10.2868147101539,51.17625011163259,0.0 10.2868608360957,51.1762287536665,0.0 10.2869026981401,51.17620938286599,0.0</coordinates>
                </LineString>
                <LineString id="30088">
                    <coordinates>10.2866569470142,51.17632325066759,0.0 10.286668370069199,51.17631832986489,0.0</coordinates>
                </LineString>
                <LineString id="30090">
                    <coordinates>10.2866074516518,51.176286172381396,0.0 10.2865933407121,51.176263285238896,0.0</coordinates>
                </LineString>
                <LineString id="30092">
                    <coordinates>10.2862677538486,51.1765127405376,0.0 10.2862876175076,51.176501956377194,0.0 10.2864480071638,51.176418176765985,0.0</coordinates>
                </LineString>
                <LineString id="30094">
                    <coordinates>10.286385828658098,51.176364066321895,0.0 10.2863656363024,51.17633818648229,0.0</coordinates>
                </LineString>
                <LineString id="30096">
                    <coordinates>10.2869182622075,51.17471573462089,0.0 10.2869098244512,51.17472114862739,0.0 10.2869377295561,51.1747418734451,0.0</coordinates>
                </LineString>
                <LineString id="30098">
                    <coordinates>10.286270560142,51.17468629370289,0.0 10.2862085764225,51.1747315649974,0.0 10.2862005786057,51.1747278071091,0.0</coordinates>
                </LineString>
                <LineString id="30100">
                    <coordinates>10.286058384595501,51.1751287510155,0.0 10.28602207032,51.1751037946086,0.0 10.2860328500569,51.175097318249996,0.0</coordinates>
                </LineString>
                <LineString id="30102">
                    <coordinates>10.2830464448245,51.17490430149719,0.0 10.2831225403462,51.17488154189531,0.0</coordinates>
                </LineString>
                <LineString id="30104">
                    <coordinates>10.282917668655998,51.17516998466709,0.0 10.2830023205043,51.1752734465667,0.0 10.282990015881,51.175277841674806,0.0</coordinates>
                </LineString>
                <LineString id="30106">
                    <coordinates>10.2796843658663,51.17682020817279,0.0 10.2796350570628,51.1767978544717,0.0</coordinates>
                </LineString>
                <LineString id="30108">
                    <coordinates>10.284980373436502,51.176084290306605,0.0 10.284996483315702,51.1761137962555,0.0</coordinates>
                </LineString>
                <LineString id="30110">
                    <coordinates>10.2849573385448,51.176044848336595,0.0 10.2845862714524,51.17614036130178,0.0 10.2842861822058,51.17621729871859,0.0</coordinates>
                </LineString>
                <LineString id="30112">
                    <coordinates>10.2840566250327,51.17584759218269,0.0 10.2840469843079,51.17577442003749,0.0</coordinates>
                </LineString>
                <LineString id="30114">
                    <coordinates>10.2838301619281,51.1761571778311,0.0 10.2838426760425,51.1761733447126,0.0 10.2841008863074,51.176092324374395,0.0</coordinates>
                </LineString>
                <LineString id="30116">
                    <coordinates>10.2824234319353,51.17655988078939,0.0 10.282399060214,51.17651951973339,0.0 10.282407358518,51.176498633056,0.0 10.2824358037047,51.1764816918409,0.0 10.282485513978298,51.17647093289509,0.0 10.2825499476705,51.17647267868799,0.0</coordinates>
                </LineString>
                <LineString id="30118">
                    <coordinates>10.2824344965082,51.176577330025,0.0 10.2824234319353,51.17655988078939,0.0</coordinates>
                </LineString>
                <LineString id="30120">
                    <coordinates>10.2784926276247,51.1779462733933,0.0 10.2784643660298,51.177915967484,0.0 10.2783900897067,51.17782821580769,0.0 10.278314764089,51.177729858996784,0.0 10.278232370258698,51.17761930723759,0.0 10.2781287445684,51.177484027474804,0.0 10.2780438964959,51.17737450022179,0.0 10.2779528728999,51.17725838260289,0.0 10.2778532557119,51.17713378717531,0.0 10.2777695265328,51.17703073064778,0.0</coordinates>
                </LineString>
                <LineString id="30122">
                    <coordinates>10.2754417135187,51.17762778028399,0.0 10.275372124569502,51.177662218308406,0.0</coordinates>
                </LineString>
                <LineString id="30124">
                    <coordinates>10.2777145121459,51.1769983947026,0.0 10.2776439369544,51.1770167642787,0.0</coordinates>
                </LineString>
                <LineString id="30126">
                    <coordinates>10.2779222323325,51.1769751755075,0.0 10.2779295526556,51.17698329289581,0.0</coordinates>
                </LineString>
                <LineString id="30128">
                    <coordinates>10.2782630582311,51.17697607367,0.0 10.2784314168736,51.1771380966373,0.0</coordinates>
                </LineString>
                <LineString id="30130">
                    <coordinates>10.2787146913062,51.17662160930599,0.0 10.278788014936,51.17659392143269,0.0 10.278948701770798,51.1765371159533,0.0</coordinates>
                </LineString>
                <LineString id="30132">
                    <coordinates>10.2787410671337,51.17655157344199,0.0 10.278855701343998,51.17651097296219,0.0 10.278973979008299,51.1764696888181,0.0</coordinates>
                </LineString>
                <LineString id="30134">
                    <coordinates>10.280904459825102,51.1761234731195,0.0 10.2810037113385,51.176148816350185,0.0</coordinates>
                </LineString>
                <LineString id="30136">
                    <coordinates>10.2810353466473,51.1759425852388,0.0 10.2810514319691,51.1759442149097,0.0</coordinates>
                </LineString>
                <LineString id="30138">
                    <coordinates>10.2822573710693,51.1762094142994,0.0 10.2822713162499,51.17620398258779,0.0</coordinates>
                </LineString>
                <LineString id="30140">
                    <coordinates>10.2815962479361,51.176265474550995,0.0 10.2816072066841,51.1762672895543,0.0</coordinates>
                </LineString>
                <LineString id="30142">
                    <coordinates>10.281424879578699,51.17623885692859,0.0 10.2815962479361,51.176265474550995,0.0</coordinates>
                </LineString>
                <LineString id="30144">
                    <coordinates>10.2815962479361,51.176265474550995,0.0 10.2816039981096,51.1762885925237,0.0 10.2815136512998,51.1762976126407,0.0</coordinates>
                </LineString>
                <LineString id="30146">
                    <coordinates>10.281819270335697,51.17629753393019,0.0 10.281845248311,51.176300423448794,0.0</coordinates>
                </LineString>
                <LineString id="30148">
                    <coordinates>10.2819481393228,51.176306357021296,0.0 10.2819565931818,51.1763286312977,0.0</coordinates>
                </LineString>
                <LineString id="30150">
                    <coordinates>10.2809488236138,51.17636077377049,0.0 10.2809687774943,51.17641491408389,0.0 10.2809532434156,51.176417301823,0.0</coordinates>
                </LineString>
                <LineString id="30152">
                    <coordinates>10.2799230891013,51.1766143877891,0.0 10.279891673547798,51.17664271939378,0.0 10.279825471104,51.176702353493795,0.0</coordinates>
                </LineString>
                <LineString id="30154">
                    <coordinates>10.279972643752902,51.176569386567905,0.0 10.2800018702377,51.1765579949639,0.0 10.2800154393315,51.1765749868246,0.0</coordinates>
                </LineString>
                <LineString id="30156">
                    <coordinates>10.284739769846603,51.1771557198909,0.0 10.284653831504,51.1771264488382,0.0</coordinates>
                </LineString>
                <LineString id="30158">
                    <coordinates>10.2852924099137,51.1767969576838,0.0 10.2852982996932,51.1768028062642,0.0</coordinates>
                </LineString>
                <LineString id="30160">
                    <coordinates>10.2838312773218,51.1768935337791,0.0 10.2836472552424,51.1768413115275,0.0</coordinates>
                </LineString>
                <LineString id="30162">
                    <coordinates>10.2852578153912,51.177771074926,0.0 10.2850878654181,51.1778270880691,0.0</coordinates>
                </LineString>
                <LineString id="30164">
                    <coordinates>10.2837237460449,51.1774286931599,0.0 10.2837783180717,51.1774418631204,0.0 10.283758486822899,51.1775041482181,0.0</coordinates>
                </LineString>
                <LineString id="30166">
                    <coordinates>10.2792940362366,51.17636719578319,0.0 10.2792705850638,51.1763394508918,0.0</coordinates>
                </LineString>
                <LineString id="30168">
                    <coordinates>10.2812976621904,51.17550997065389,0.0 10.2814295297248,51.17545613652659,0.0</coordinates>
                </LineString>
                <LineString id="30170">
                    <coordinates>10.2798344586742,51.17501068614569,0.0 10.2798342924923,51.17504821492639,0.0</coordinates>
                </LineString>
                <LineString id="30172">
                    <coordinates>10.2808697125788,51.174596615238094,0.0 10.2808883014239,51.1746235961875,0.0</coordinates>
                </LineString>
                <LineString id="30174">
                    <coordinates>10.2812642802477,51.17430077735739,0.0 10.281229178174698,51.17425445119069,0.0</coordinates>
                </LineString>
                <LineString id="30176">
                    <coordinates>10.281202794597199,51.17421479744579,0.0 10.281148349729,51.1741294602964,0.0 10.281110008370298,51.17406833471419,0.0</coordinates>
                </LineString>
                <LineString id="30178">
                    <coordinates>10.280792812372999,51.17360627919099,0.0 10.2808559783495,51.1735927790768,0.0 10.2808545418474,51.17358872167911,0.0</coordinates>
                </LineString>
                <LineString id="30180">
                    <coordinates>10.281006157290998,51.1740506639407,0.0 10.2809976240981,51.17403631716909,0.0 10.2809218432848,51.17391136430379,0.0 10.280897490702099,51.17387363711129,0.0</coordinates>
                </LineString>
                <LineString id="30182">
                    <coordinates>10.2808575272599,51.1738138450263,0.0 10.280854575401598,51.173809774354496,0.0</coordinates>
                </LineString>
                <LineString id="30184">
                    <coordinates>10.2814243319068,51.1736966505891,0.0 10.2815170683142,51.173688609560905,0.0</coordinates>
                </LineString>
                <LineString id="30186">
                    <coordinates>10.2815994757758,51.17367259589399,0.0 10.281637046495499,51.17366364572471,0.0</coordinates>
                </LineString>
                <LineString id="30188">
                    <coordinates>10.2818772203648,51.17360631351879,0.0 10.2818541113506,51.1735743580764,0.0</coordinates>
                </LineString>
                <LineString id="30190">
                    <coordinates>10.282412140896799,51.17348959903559,0.0 10.282385642070599,51.17345880752549,0.0 10.2823512582281,51.1734250865445,0.0</coordinates>
                </LineString>
                <LineString id="30192">
                    <coordinates>10.282412140896799,51.17348959903559,0.0 10.2824581119353,51.1734720071343,0.0 10.2825165367163,51.17344984255789,0.0 10.2825381475346,51.173441673656704,0.0 10.282565276077701,51.173423166891496,0.0 10.2825592610316,51.1733737351641,0.0</coordinates>
                </LineString>
                <LineString id="30194">
                    <coordinates>10.2824176279813,51.1734958733544,0.0 10.2824304559006,51.1735081795162,0.0</coordinates>
                </LineString>
                <LineString id="30196">
                    <coordinates>10.2828714574319,51.17393851651669,0.0 10.282887917402,51.17395468747911,0.0 10.2829593052161,51.174029790654295,0.0</coordinates>
                </LineString>
                <LineString id="30198">
                    <coordinates>10.2832597142528,51.1743229595884,0.0 10.2832046680071,51.1743434661,0.0</coordinates>
                </LineString>
                <LineString id="30200">
                    <coordinates>10.2803038184507,51.1730431279159,0.0 10.2802404100646,51.172977795092,0.0 10.2801950616231,51.1729951705375,0.0 10.2801820714398,51.17298186390369,0.0 10.280171284121,51.1729881508355,0.0</coordinates>
                </LineString>
                <LineString id="30202">
                    <coordinates>10.2794358043872,51.17323629045781,0.0 10.2793371115569,51.173244547885886,0.0</coordinates>
                </LineString>
                <LineString id="30204">
                    <coordinates>10.279145670910298,51.17312435642938,0.0 10.2791081302834,51.1730713954298,0.0</coordinates>
                </LineString>
                <LineString id="30206">
                    <coordinates>10.2784371839338,51.1738261113228,0.0 10.2785003953068,51.173814491953294,0.0</coordinates>
                </LineString>
                <LineString id="30208">
                    <coordinates>10.2791281614114,51.177426876388594,0.0 10.2791395768064,51.17742987596359,0.0</coordinates>
                </LineString>
                <LineString id="30210">
                    <coordinates>10.2790971354876,51.177498507002305,0.0 10.2791127024995,51.177463353220496,0.0</coordinates>
                </LineString>
                <LineString id="30212">
                    <coordinates>10.2817137509236,51.177274034189786,0.0 10.2817217024737,51.177244018116994,0.0 10.281724436312,51.17722317563091,0.0 10.2817173293504,51.17721507060719,0.0</coordinates>
                </LineString>
                <LineString id="30214">
                    <coordinates>10.281938487557698,51.17720967003649,0.0 10.281947395044998,51.17716239014759,0.0</coordinates>
                </LineString>
                <LineString id="30216">
                    <coordinates>10.279065554039299,51.177892843919295,0.0 10.2790034458038,51.177898501818,0.0 10.2789890535691,51.1779712490204,0.0 10.2789708941389,51.17807757956549,0.0</coordinates>
                </LineString>
                <LineString id="30218">
                    <coordinates>10.278410762915,51.17346256403659,0.0 10.2783859456486,51.173477328256,0.0</coordinates>
                </LineString>
                <LineString id="30220">
                    <coordinates>10.2158385641315,51.21314151057409,0.0 10.2158379937306,51.21315034755231,0.0 10.215865494923401,51.213149067740915,0.0</coordinates>
                </LineString>
                <LineString id="30222">
                    <coordinates>10.216910116748,51.2130598450483,0.0 10.2169101243205,51.21307188210941,0.0</coordinates>
                </LineString>
                <LineString id="30224">
                    <coordinates>10.2174068265864,51.2129711423351,0.0 10.217407165553999,51.21297051823229,0.0</coordinates>
                </LineString>
                <LineString id="30226">
                    <coordinates>10.2179392570217,51.21299079249469,0.0 10.2179667843783,51.2129220643473,0.0</coordinates>
                </LineString>
                <LineString id="30228">
                    <coordinates>10.2180546114727,51.21291451986121,0.0 10.2179667843783,51.2129220643473,0.0</coordinates>
                </LineString>
                <LineString id="30230">
                    <coordinates>10.2228622618492,51.2150780856769,0.0 10.222841880056398,51.2150427441583,0.0 10.2227941887702,51.214947891044396,0.0</coordinates>
                </LineString>
                <LineString id="30232">
                    <coordinates>10.2257100360431,51.21463093878229,0.0 10.2257683542409,51.2146173586997,0.0</coordinates>
                </LineString>
                <LineString id="30234">
                    <coordinates>10.2221741686711,51.2132896667366,0.0 10.222215281105802,51.21331181204639,0.0</coordinates>
                </LineString>
                <LineString id="30236">
                    <coordinates>10.215503067860501,51.21306871404472,0.0 10.2153726643771,51.2131342909448,0.0</coordinates>
                </LineString>
                <LineString id="30238">
                    <coordinates>10.215342676192599,51.2130739995539,0.0 10.2153348362094,51.213065393919884,0.0</coordinates>
                </LineString>
                <LineString id="30240">
                    <coordinates>10.2854548642728,51.173881334909495,0.0 10.2854981447851,51.1739231769914,0.0</coordinates>
                </LineString>
                <LineString id="30242">
                    <coordinates>10.285360640208,51.17381071702679,0.0 10.285322331280101,51.1737786564159,0.0</coordinates>
                </LineString>
                <LineString id="30244">
                    <coordinates>10.287525828002202,51.173886590066395,0.0 10.2875645278496,51.173888828480585,0.0</coordinates>
                </LineString>
                <LineString id="30246">
                    <coordinates>10.2874996572793,51.173863832170795,0.0 10.287525828002202,51.173886590066395,0.0</coordinates>
                </LineString>
                <LineString id="30248">
                    <coordinates>10.287455400422898,51.17388383335239,0.0 10.2874996572793,51.173863832170795,0.0</coordinates>
                </LineString>
                <LineString id="30250">
                    <coordinates>10.2874996572793,51.173863832170795,0.0 10.2875867246714,51.17382349395889,0.0 10.2876677137515,51.173787031107,0.0</coordinates>
                </LineString>
                <LineString id="30252">
                    <coordinates>10.2876336997033,51.173753640739406,0.0 10.2875977249263,51.1737210666811,0.0</coordinates>
                </LineString>
                <LineString id="30254">
                    <coordinates>10.2874710833717,51.1730382670271,0.0 10.2874308301276,51.17297180277001,0.0</coordinates>
                </LineString>
                <LineString id="30256">
                    <coordinates>10.2876094389253,51.1730884306764,0.0 10.2876135921954,51.173093669413795,0.0</coordinates>
                </LineString>
                <LineString id="30258">
                    <coordinates>10.287549636899001,51.1730080702599,0.0 10.2876094389253,51.1730884306764,0.0</coordinates>
                </LineString>
                <LineString id="30260">
                    <coordinates>10.2876135921954,51.173093669413795,0.0 10.2876240770852,51.173106722797506,0.0</coordinates>
                </LineString>
                <LineString id="30262">
                    <coordinates>10.221854278083999,51.2127216872846,0.0 10.2218459158168,51.21271658006339,0.0</coordinates>
                </LineString>
                <LineString id="30264">
                    <coordinates>10.2218363792513,51.2127062860396,0.0 10.2218449090918,51.21271596247289,0.0</coordinates>
                </LineString>
                <LineString id="30266">
                    <coordinates>10.2865581199857,51.173447723296796,0.0 10.2862121174358,51.17358258685889,0.0</coordinates>
                </LineString>
                <LineString id="30268">
                    <coordinates>10.2865581199857,51.173447723296796,0.0 10.286645481073,51.173416055970584,0.0</coordinates>
                </LineString>
                <LineString id="30270">
                    <coordinates>10.2867250306979,51.1733902702078,0.0 10.2869373494192,51.17332341341919,0.0 10.2870443045101,51.17328857169309,0.0</coordinates>
                </LineString>
                <LineString id="30272">
                    <coordinates>10.2163841936131,51.2130673657546,0.0 10.2163640367231,51.212965944641596,0.0</coordinates>
                </LineString>
                <LineString id="30274">
                    <coordinates>10.2164752160758,51.212962640663996,0.0 10.2164561853299,51.2129613977873,0.0 10.2163640367231,51.212965944641596,0.0</coordinates>
                </LineString>
                <LineString id="30276">
                    <coordinates>10.216186998676399,51.21297682081269,0.0 10.2161534154048,51.21297919461941,0.0</coordinates>
                </LineString>
                <LineString id="30278">
                    <coordinates>10.2163266411803,51.21296808061339,0.0 10.2163635796503,51.21291959677939,0.0</coordinates>
                </LineString>
                <LineString id="30280">
                    <coordinates>10.2163640367231,51.212965944641596,0.0 10.2163266411803,51.21296808061339,0.0</coordinates>
                </LineString>
                <LineString id="30282">
                    <coordinates>10.2171194584556,51.2130523095187,0.0 10.217118905861902,51.213066252811196,0.0</coordinates>
                </LineString>
                <LineString id="30284">
                    <coordinates>10.2175372230306,51.2128470683764,0.0 10.217458822545,51.212926321474576,0.0</coordinates>
                </LineString>
                <LineString id="30286">
                    <coordinates>10.2194388729006,51.2125933468174,0.0 10.2193910250153,51.21258298217361,0.0 10.2193422274811,51.212552331735594,0.0 10.2193198744874,51.21255633359849,0.0</coordinates>
                </LineString>
                <LineString id="30288">
                    <coordinates>10.2195703107008,51.21259393489469,0.0 10.2194388729006,51.2125933468174,0.0</coordinates>
                </LineString>
                <LineString id="30290">
                    <coordinates>10.215159378047499,51.21321943252819,0.0 10.2151490934569,51.21322408508281,0.0</coordinates>
                </LineString>
                <LineString id="30292">
                    <coordinates>10.2148512862731,51.2132804293177,0.0 10.2148864690891,51.21334406325168,0.0</coordinates>
                </LineString>
                <LineString id="30294">
                    <coordinates>10.2152104993282,51.213196938238994,0.0 10.2151683335158,51.213215469875806,0.0</coordinates>
                </LineString>
                <LineString id="30296">
                    <coordinates>10.2153726643771,51.2131342909448,0.0 10.2153709648653,51.21312641719359,0.0</coordinates>
                </LineString>
                <LineString id="30298">
                    <coordinates>10.2152104993282,51.213196938238994,0.0 10.215353567642001,51.2131440140796,0.0</coordinates>
                </LineString>
                <LineString id="30300">
                    <coordinates>10.2851712497683,51.17599136745629,0.0 10.2851633277735,51.175993273999296,0.0</coordinates>
                </LineString>
                <LineString id="30302">
                    <coordinates>10.2851364697946,51.175953955827694,0.0 10.2851314344413,51.17594782310558,0.0</coordinates>
                </LineString>
                <LineString id="30304">
                    <coordinates>10.2266245138043,51.2110028298921,0.0 10.2266400912726,51.2110328660896,0.0</coordinates>
                </LineString>
                <LineString id="30306">
                    <coordinates>10.2810688657892,51.177239104436595,0.0 10.281142358802898,51.17723647134439,0.0</coordinates>
                </LineString>
                <LineString id="30308">
                    <coordinates>10.2821775186245,51.1772509532524,0.0 10.2821792376052,51.17724394869169,0.0</coordinates>
                </LineString>
                <LineString id="30310">
                    <coordinates>10.2811187959674,51.1755812640767,0.0 10.2812584024404,51.1755258448045,0.0</coordinates>
                </LineString>
                <LineString id="30312">
                    <coordinates>10.285768926489402,51.17323101459439,0.0 10.285765817129,51.173225395545394,0.0</coordinates>
                </LineString>
                <LineString id="30314">
                    <coordinates>10.287995988546301,51.174098116040796,0.0 10.2879489085789,51.17412213936079,0.0 10.2876420561994,51.174295722437,0.0</coordinates>
                </LineString>
                <LineString id="30316">
                    <coordinates>10.2883139293575,51.17392778664069,0.0 10.2882886150471,51.1739421501352,0.0 10.288060840884201,51.17406490474881,0.0 10.2880266129858,51.17408247288449,0.0</coordinates>
                </LineString>
                <LineString id="30318">
                    <coordinates>10.2786041022378,51.1767091225029,0.0 10.278582773125898,51.176679700683486,0.0 10.2787146913062,51.17662160930599,0.0</coordinates>
                </LineString>
                <LineString id="30320">
                    <coordinates>10.224527432247198,51.215747650916796,0.0 10.2245307271067,51.21575167425068,0.0</coordinates>
                </LineString>
                <LineString id="30322">
                    <coordinates>10.2267829008542,51.210934715941,0.0 10.2268156665134,51.2109919810019,0.0</coordinates>
                </LineString>
                <LineString id="30324">
                    <coordinates>10.227004895379,51.210835140209994,0.0 10.2270307843256,51.210883644156894,0.0 10.2270555453602,51.210919401885896,0.0 10.2270629707416,51.2109172310303,0.0</coordinates>
                </LineString>
                <LineString id="30326">
                    <coordinates>10.227436339455402,51.2106096380765,0.0 10.2273865708854,51.21065417343319,0.0 10.2273387165922,51.2106928316622,0.0 10.2272770809598,51.210721392698794,0.0 10.2271844474413,51.210764820277795,0.0 10.2270108640285,51.21083251579531,0.0 10.227004895379,51.210835140209994,0.0</coordinates>
                </LineString>
                <LineString id="30328">
                    <coordinates>10.2254605776014,51.21202041944969,0.0 10.2254714315117,51.2119863879629,0.0 10.225482504997398,51.21193993632019,0.0 10.2255031487568,51.211883174985005,0.0</coordinates>
                </LineString>
                <LineString id="30330">
                    <coordinates>10.225530559691599,51.2117918347629,0.0 10.2255344111743,51.211783973407,0.0</coordinates>
                </LineString>
                <LineString id="30332">
                    <coordinates>10.2255456156529,51.21175944013579,0.0 10.2255590788498,51.21172417168949,0.0</coordinates>
                </LineString>
                <LineString id="30334">
                    <coordinates>10.225463029115199,51.2117498817665,0.0 10.2254680595019,51.2117430001624,0.0 10.225534601613,51.211756666204,0.0 10.2255456156529,51.21175944013579,0.0</coordinates>
                </LineString>
                <LineString id="30336">
                    <coordinates>10.2845039216942,51.176953432588384,0.0 10.2845034639797,51.17695651826839,0.0</coordinates>
                </LineString>
                <LineString id="30338">
                    <coordinates>10.2141230472093,51.213673308583985,0.0 10.2140761629141,51.2137438800035,0.0 10.214113638988099,51.21406353432819,0.0 10.2141178540058,51.2141048065342,0.0 10.2141327365068,51.21420481711951,0.0</coordinates>
                </LineString>
                <LineString id="30340">
                    <coordinates>10.2139409061075,51.214228319211294,0.0 10.2139294434406,51.214229375859894,0.0</coordinates>
                </LineString>
                <LineString id="30342">
                    <coordinates>10.2276024045369,51.21339205500729,0.0 10.227584764274699,51.2134015594641,0.0</coordinates>
                </LineString>
                <LineString id="30344">
                    <coordinates>10.2152982308107,51.2187531138215,0.0 10.2153181046756,51.21884000368289,0.0 10.2153307757142,51.2189006692283,0.0</coordinates>
                </LineString>
                <LineString id="30346">
                    <coordinates>10.2886086102496,51.1737672563569,0.0 10.2885486930281,51.173799290590594,0.0</coordinates>
                </LineString>
                <LineString id="30348">
                    <coordinates>10.2220577617151,51.212163222362996,0.0 10.2220019707013,51.21219857558881,0.0</coordinates>
                </LineString>
                <LineString id="30350">
                    <coordinates>10.2214760419173,51.2117627658776,0.0 10.2214172472416,51.2118374651777,0.0</coordinates>
                </LineString>
                <LineString id="30352">
                    <coordinates>10.2217327740621,51.21127919303098,0.0 10.221823161591798,51.2112808808936,0.0</coordinates>
                </LineString>
                <LineString id="30354">
                    <coordinates>10.221654111599298,51.21147144295559,0.0 10.2216899848075,51.211406957947204,0.0 10.2217274861562,51.2113299213522,0.0 10.2217327740621,51.21127919303098,0.0</coordinates>
                </LineString>
                <LineString id="30356">
                    <coordinates>10.2821649396542,51.1756767233703,0.0 10.2821241622248,51.1756349078159,0.0</coordinates>
                </LineString>
                <LineString id="30358">
                    <coordinates>10.2781192275724,51.1735726569363,0.0 10.2780654313462,51.173564547815886,0.0 10.2780181513192,51.1735642475729,0.0 10.2780021097507,51.1735587795979,0.0 10.2779823219596,51.173550227020804,0.0</coordinates>
                </LineString>
                <LineString id="30360">
                    <coordinates>10.279065554039299,51.177892843919295,0.0 10.2791396620443,51.1777772679123,0.0 10.279149297543,51.1777631522486,0.0</coordinates>
                </LineString>
                <LineString id="30362">
                    <coordinates>10.279149297543,51.1777631522486,0.0 10.2792189287726,51.17772865867651,0.0 10.279258967893,51.1777130483683,0.0 10.2792978101533,51.17769808567069,0.0 10.2793425950936,51.1776840733378,0.0 10.2794221748923,51.17766047738999,0.0</coordinates>
                </LineString>
                <LineString id="30364">
                    <coordinates>10.2794221748923,51.17766047738999,0.0 10.2796397269427,51.17755526253429,0.0 10.2797330837364,51.17751807901489,0.0 10.2798202545302,51.177487249964294,0.0 10.2798782949007,51.1774659799833,0.0 10.2799182204252,51.177452642127804,0.0</coordinates>
                </LineString>
                <LineString id="30366">
                    <coordinates>10.2835135844297,51.177402516471496,0.0 10.283423109248902,51.177392217739204,0.0</coordinates>
                </LineString>
                <LineString id="30368">
                    <coordinates>10.2804168311214,51.1732866067938,0.0 10.280598455764698,51.17346437358529,0.0</coordinates>
                </LineString>
                <LineString id="30370">
                    <coordinates>10.2803038184507,51.1730431279159,0.0 10.2804365057988,51.17299900665999,0.0</coordinates>
                </LineString>
                <LineString id="30372">
                    <coordinates>10.280111935715201,51.1727413702674,0.0 10.2802461336469,51.17268545021749,0.0</coordinates>
                </LineString>
                <LineString id="30374">
                    <coordinates>10.2802461336469,51.17268545021749,0.0 10.2799726070084,51.1726445637431,0.0</coordinates>
                </LineString>
                <LineString id="30376">
                    <coordinates>10.2794684142541,51.1777034619179,0.0 10.2794221748923,51.17766047738999,0.0</coordinates>
                </LineString>
                <LineString id="30378">
                    <coordinates>10.2885492774196,51.173724380590805,0.0 10.2886086102496,51.1737672563569,0.0</coordinates>
                </LineString>
                <LineString id="30380">
                    <coordinates>10.2234757535544,51.21345375570069,0.0 10.223471915876699,51.2134482228494,0.0 10.2234714531621,51.21344797311,0.0 10.2234514321359,51.2134226065145,0.0</coordinates>
                </LineString>
                <LineString id="30382">
                    <coordinates>10.2198993644892,51.2127919893453,0.0 10.2198700178427,51.21271379282489,0.0 10.2197426723913,51.21269354436479,0.0 10.2196612317812,51.212699542179095,0.0 10.2194512404603,51.21271655629079,0.0 10.219267894879202,51.2127403579636,0.0 10.2191580235088,51.212755415793595,0.0</coordinates>
                </LineString>
                <LineString id="30384">
                    <coordinates>10.2205280443527,51.213184249981595,0.0 10.2205295932621,51.2131837970864,0.0 10.2205247372388,51.21317832955959,0.0 10.220518735931,51.2131743548565,0.0 10.2204694421754,51.2131409465682,0.0</coordinates>
                </LineString>
                <LineString id="30386">
                    <coordinates>10.216765334997499,51.21795909269971,0.0 10.2167661961454,51.217957550635994,0.0</coordinates>
                </LineString>
                <LineString id="30388">
                    <coordinates>10.221489215680798,51.213656568168595,0.0 10.2215049182973,51.2136810604328,0.0</coordinates>
                </LineString>
                <LineString id="30390">
                    <coordinates>10.2206285735308,51.21687708160079,0.0 10.2206769088841,51.217104855048184,0.0 10.2207074011475,51.217245177119,0.0 10.2206979166054,51.2173430993328,0.0</coordinates>
                </LineString>
                <LineString id="30392">
                    <coordinates>10.2322121020234,51.2118813160774,0.0 10.2320524384655,51.21195074850971,0.0 10.231931355646799,51.21199862241119,0.0</coordinates>
                </LineString>
                <LineString id="30394">
                    <coordinates>10.2234794519904,51.21345918755389,0.0 10.2234858829008,51.2134665127163,0.0 10.2236535472951,51.213419138703,0.0</coordinates>
                </LineString>
                <LineString id="30396">
                    <coordinates>10.2165875939356,51.218160751957306,0.0 10.2164035062721,51.21821650459349,0.0 10.2163601410117,51.2182289235124,0.0</coordinates>
                </LineString>
                <LineString id="30398">
                    <coordinates>10.2165622872316,51.2181192214463,0.0 10.2165875939356,51.218160751957306,0.0</coordinates>
                </LineString>
                <LineString id="30400">
                    <coordinates>10.2168808360647,51.2180217381368,0.0 10.2168700878978,51.2180279929023,0.0</coordinates>
                </LineString>
                <LineString id="30402">
                    <coordinates>10.2158070727236,51.216686571272895,0.0 10.215807098607899,51.216692199094496,0.0 10.2158069546921,51.2166966646824,0.0 10.2158008894506,51.216699529774594,0.0 10.2157860114058,51.2167022785099,0.0 10.2158248036482,51.216780026703496,0.0 10.2158164457149,51.216782955733684,0.0</coordinates>
                </LineString>
                <LineString id="30404">
                    <coordinates>10.2151024897336,51.216775468744196,0.0 10.215052565974903,51.21678020901461,0.0</coordinates>
                </LineString>
                <LineString id="30406">
                    <coordinates>10.214199385637501,51.216898406053105,0.0 10.2142305342522,51.216886889283,0.0 10.2142388968189,51.216883843572695,0.0 10.214248839701998,51.216881388310384,0.0 10.2142629840249,51.21687799931099,0.0 10.2142731573634,51.21687661731319,0.0 10.2142842793752,51.21687513292411,0.0 10.2142966253373,51.2168734604479,0.0 10.2143138929331,51.2168711079362,0.0 10.2144431499673,51.2168562244762,0.0 10.2145841269641,51.2168399374932,0.0 10.2146379820373,51.2168353293029,0.0 10.2146779777891,51.2168315524782,0.0 10.2147149421791,51.21682769344619,0.0</coordinates>
                </LineString>
                <LineString id="30408">
                    <coordinates>10.2147266946456,51.21682619166259,0.0 10.2146826875273,51.2168363527921,0.0</coordinates>
                </LineString>
                <LineString id="30410">
                    <coordinates>10.216013844415299,51.21704831407419,0.0 10.2159784650586,51.216979283845,0.0 10.2159470652365,51.216952484002405,0.0 10.215900819135802,51.21687092755539,0.0</coordinates>
                </LineString>
                <LineString id="30412">
                    <coordinates>10.216144400038,51.217346993264705,0.0 10.2161378853936,51.21733481209389,0.0</coordinates>
                </LineString>
                <LineString id="30414">
                    <coordinates>10.2199120599797,51.216338827300596,0.0 10.2198902503146,51.2163164353928,0.0</coordinates>
                </LineString>
                <LineString id="30416">
                    <coordinates>10.2199184022593,51.216349189758596,0.0 10.2199452439337,51.21634130065819,0.0 10.219935651684,51.21633132926199,0.0 10.2199120599797,51.216338827300596,0.0</coordinates>
                </LineString>
                <LineString id="30418">
                    <coordinates>10.2191897723834,51.216634031744306,0.0 10.219277219003098,51.21676829881179,0.0 10.2192891562935,51.2167657116532,0.0</coordinates>
                </LineString>
                <LineString id="30420">
                    <coordinates>10.2183605737434,51.21693049911349,0.0 10.218397476349399,51.216910798484506,0.0 10.2185090128102,51.216855071212294,0.0</coordinates>
                </LineString>
                <LineString id="30422">
                    <coordinates>10.219027685404198,51.2167056031069,0.0 10.2188497858378,51.2167859590813,0.0 10.2185844273892,51.21690825919289,0.0</coordinates>
                </LineString>
                <LineString id="30424">
                    <coordinates>10.2180287146822,51.217123171330904,0.0 10.2179581180863,51.2170723666451,0.0</coordinates>
                </LineString>
                <LineString id="30426">
                    <coordinates>10.2154920710969,51.2162157535232,0.0 10.215528778531498,51.216206676408596,0.0</coordinates>
                </LineString>
                <LineString id="30428">
                    <coordinates>10.215490366228,51.216114676547896,0.0 10.2155226554568,51.216176962652504,0.0 10.215524874990198,51.216199533169984,0.0 10.215528778531498,51.216206676408596,0.0</coordinates>
                </LineString>
                <LineString id="30430">
                    <coordinates>10.2152757158663,51.21591477644628,0.0 10.215363001494298,51.21590288376579,0.0</coordinates>
                </LineString>
                <LineString id="30432">
                    <coordinates>10.2142791414145,51.2158861014191,0.0 10.2143347973347,51.21587635188391,0.0</coordinates>
                </LineString>
                <LineString id="30434">
                    <coordinates>10.215351420502898,51.21574440206239,0.0 10.2153497879225,51.21573294252369,0.0</coordinates>
                </LineString>
                <LineString id="30436">
                    <coordinates>10.2150949422379,51.21577166682,0.0 10.215212276702,51.2157585334573,0.0 10.2152393424699,51.21575448736829,0.0 10.215265912340397,51.21575364296388,0.0</coordinates>
                </LineString>
                <LineString id="30438">
                    <coordinates>10.2145194471376,51.21584142179649,0.0 10.2145783861487,51.215845970588596,0.0 10.2146317474952,51.2158378130118,0.0</coordinates>
                </LineString>
                <LineString id="30440">
                    <coordinates>10.2146317474952,51.2158378130118,0.0 10.2146433629131,51.21583614733619,0.0</coordinates>
                </LineString>
                <LineString id="30442">
                    <coordinates>10.2148400231315,51.21579413642289,0.0 10.214966304562301,51.215782461217294,0.0</coordinates>
                </LineString>
                <LineString id="30444">
                    <coordinates>10.2161678832731,51.2157375654357,0.0 10.216379893187998,51.2157157425643,0.0 10.2164213190354,51.21570863385729,0.0</coordinates>
                </LineString>
                <LineString id="30446">
                    <coordinates>10.216155407715302,51.2157451961718,0.0 10.2161636357828,51.2157378423043,0.0 10.2161678832731,51.2157375654357,0.0</coordinates>
                </LineString>
                <LineString id="30448">
                    <coordinates>10.2157305599966,51.2157924688474,0.0 10.2157706328124,51.2157881534585,0.0 10.215819660879301,51.215783597003096,0.0</coordinates>
                </LineString>
                <LineString id="30450">
                    <coordinates>10.2185155406439,51.215187313020394,0.0 10.2185760362709,51.215158918998384,0.0 10.2185909256514,51.21514992238179,0.0 10.2186161265846,51.2151363182633,0.0</coordinates>
                </LineString>
                <LineString id="30452">
                    <coordinates>10.216975384037502,51.217865979083086,0.0 10.2169935620015,51.21784858263441,0.0 10.2170245561283,51.2178188230788,0.0 10.2170617585655,51.2177876838042,0.0 10.2171342746183,51.217722418905396,0.0</coordinates>
                </LineString>
                <LineString id="30454">
                    <coordinates>10.224028747376098,51.21535396879449,0.0 10.2240270161216,51.215352090690686,0.0 10.2239104823378,51.2152142485108,0.0</coordinates>
                </LineString>
                <LineString id="30456">
                    <coordinates>10.2243023342729,51.21570234523949,0.0 10.224242525046398,51.215618419922485,0.0</coordinates>
                </LineString>
                <LineString id="30458">
                    <coordinates>10.2243633436667,51.2158265346862,0.0 10.2243626356365,51.215814424089,0.0 10.224358125435998,51.2157973385605,0.0 10.2243527642135,51.21578377299209,0.0 10.2243454418069,51.2157702136299,0.0 10.2243023342729,51.21570234523949,0.0</coordinates>
                </LineString>
                <LineString id="30460">
                    <coordinates>10.224508022877298,51.21564416612208,0.0 10.2246948216547,51.2155929456714,0.0</coordinates>
                </LineString>
                <LineString id="30462">
                    <coordinates>10.2246948216547,51.2155929456714,0.0 10.2247015548941,51.2156084288165,0.0</coordinates>
                </LineString>
                <LineString id="30464">
                    <coordinates>10.2243023342729,51.21570234523949,0.0 10.2244813451042,51.215651546349385,0.0</coordinates>
                </LineString>
                <LineString id="30466">
                    <coordinates>10.224366737624399,51.21585701560299,0.0 10.2243633436667,51.2158265346862,0.0</coordinates>
                </LineString>
                <LineString id="30468">
                    <coordinates>10.2244101738883,51.21631613859609,0.0 10.2244120108878,51.21631340668869,0.0</coordinates>
                </LineString>
                <LineString id="30470">
                    <coordinates>10.2207650938566,51.213398540540084,0.0 10.2208012037426,51.2134264355012,0.0 10.2208201824774,51.21342086283779,0.0</coordinates>
                </LineString>
                <LineString id="30472">
                    <coordinates>10.2207497853553,51.21340395323869,0.0 10.2207650938566,51.213398540540084,0.0</coordinates>
                </LineString>
                <LineString id="30474">
                    <coordinates>10.2205505850756,51.2133934277375,0.0 10.2205562827696,51.2133889387037,0.0</coordinates>
                </LineString>
                <LineString id="30476">
                    <coordinates>10.2191520945053,51.2127562515028,0.0 10.2191528251259,51.21270389877001,0.0</coordinates>
                </LineString>
                <LineString id="30478">
                    <coordinates>10.2202634866962,51.21326043189221,0.0 10.2202722205254,51.21326109507379,0.0 10.2203027530233,51.2132546913485,0.0 10.2203211336589,51.2132464397904,0.0</coordinates>
                </LineString>
                <LineString id="30480">
                    <coordinates>10.2200744497148,51.21361568105758,0.0 10.2200838542569,51.213613055306,0.0 10.220234297586499,51.21353354752819,0.0</coordinates>
                </LineString>
                <LineString id="30482">
                    <coordinates>10.221463512916499,51.21380031522839,0.0 10.2213630630199,51.213853139347194,0.0 10.221193340007902,51.21395088292519,0.0 10.2211388442859,51.213981517964484,0.0 10.221055429124,51.214026087656684,0.0 10.2208252912104,51.2141319648967,0.0 10.220770815387,51.2141550129322,0.0</coordinates>
                </LineString>
                <LineString id="30484">
                    <coordinates>10.2204160564616,51.21428456108229,0.0 10.2203347911555,51.214316766432994,0.0 10.2202042804964,51.21436664240691,0.0 10.2200200724613,51.2144371685769,0.0 10.2200102423889,51.21444080366619,0.0 10.2199237193648,51.21448017431311,0.0 10.2198100668814,51.21452935334441,0.0 10.2198012496384,51.21453307573649,0.0</coordinates>
                </LineString>
                <LineString id="30486">
                    <coordinates>10.220249199161499,51.214430782291295,0.0 10.2201916196404,51.2144526412001,0.0 10.2201943142711,51.2144566285641,0.0 10.220195513616499,51.2144656183207,0.0</coordinates>
                </LineString>
                <LineString id="30488">
                    <coordinates>10.220394245479397,51.2143888762179,0.0 10.2203861472094,51.214379143316485,0.0 10.2202985187668,51.2144119261084,0.0 10.220249199161499,51.214430782291295,0.0</coordinates>
                </LineString>
                <LineString id="30490">
                    <coordinates>10.2209338411731,51.214179515236395,0.0 10.2209153485886,51.2141594572601,0.0</coordinates>
                </LineString>
                <LineString id="30492">
                    <coordinates>10.2213513090059,51.21397697085808,0.0 10.221323857349,51.21394871322399,0.0</coordinates>
                </LineString>
                <LineString id="30494">
                    <coordinates>10.2222864855811,51.21363496025809,0.0 10.2222461629862,51.2135837369589,0.0 10.222201865146701,51.2135290732146,0.0 10.222169060662699,51.2134937406462,0.0</coordinates>
                </LineString>
                <LineString id="30496">
                    <coordinates>10.222725365043198,51.21322572607269,0.0 10.222729686975,51.21323057411099,0.0</coordinates>
                </LineString>
                <LineString id="30498">
                    <coordinates>10.223003723687599,51.21315082688189,0.0 10.2229976129456,51.213141879453794,0.0</coordinates>
                </LineString>
                <LineString id="30500">
                    <coordinates>10.2227070364587,51.21288675944809,0.0 10.2227060433311,51.212886160050495,0.0</coordinates>
                </LineString>
                <LineString id="30502">
                    <coordinates>10.223522574205399,51.213132930019995,0.0 10.2235637106462,51.21321809158899,0.0</coordinates>
                </LineString>
                <LineString id="30504">
                    <coordinates>10.222928095674801,51.21491610567009,0.0 10.2229213231167,51.21491579608781,0.0 10.2229143960134,51.2149135514173,0.0 10.2229070326766,51.214909996646384,0.0 10.2228946042933,51.21490118702509,0.0</coordinates>
                </LineString>
                <LineString id="30506">
                    <coordinates>10.2232243964408,51.2147516103432,0.0 10.2231955368448,51.2147673443552,0.0 10.2231086715583,51.21480004194449,0.0 10.2230503331151,51.2148163532049,0.0 10.222978269905601,51.2148430367035,0.0 10.2229388102447,51.21487534816179,0.0 10.2229230182915,51.2148877386426,0.0 10.2228946042933,51.21490118702509,0.0</coordinates>
                </LineString>
                <LineString id="30508">
                    <coordinates>10.2226104657371,51.215263572170095,0.0 10.2225780042497,51.21528027613879,0.0 10.222539721168,51.21524779107309,0.0 10.2225167618266,51.2152254990604,0.0 10.222441385240602,51.2151511978652,0.0</coordinates>
                </LineString>
                <LineString id="30510">
                    <coordinates>10.2226747524549,51.2150135167081,0.0 10.2226077200465,51.215051908777404,0.0 10.222441385240602,51.2151511978652,0.0</coordinates>
                </LineString>
                <LineString id="30512">
                    <coordinates>10.2222167831843,51.21521248411829,0.0 10.222267507596,51.2152433963101,0.0</coordinates>
                </LineString>
                <LineString id="30514">
                    <coordinates>10.2215973569955,51.2155968592063,0.0 10.2215256559615,51.215638613714916,0.0 10.2214936494094,51.2156572390601,0.0</coordinates>
                </LineString>
                <LineString id="30516">
                    <coordinates>10.2197795482739,51.21463190883479,0.0 10.2198413808642,51.21459775425081,0.0</coordinates>
                </LineString>
                <LineString id="30518">
                    <coordinates>10.2197301982421,51.2146582256218,0.0 10.2197646408615,51.2146398985032,0.0 10.2197795482739,51.21463190883479,0.0</coordinates>
                </LineString>
                <LineString id="30520">
                    <coordinates>10.219259301974398,51.2149175111889,0.0 10.2193362984751,51.214870966312596,0.0</coordinates>
                </LineString>
                <LineString id="30522">
                    <coordinates>10.2185445019188,51.215259894542,0.0 10.2185533457893,51.21526921641231,0.0</coordinates>
                </LineString>
                <LineString id="30524">
                    <coordinates>10.2176788069433,51.2155590467605,0.0 10.2176890438751,51.2155567485067,0.0 10.217667063926,51.2155121045687,0.0</coordinates>
                </LineString>
                <LineString id="30526">
                    <coordinates>10.2174004331761,51.2155758879443,0.0 10.2173984231225,51.2155682612045,0.0</coordinates>
                </LineString>
                <LineString id="30528">
                    <coordinates>10.217381823470499,51.21557001305519,0.0 10.2173984231225,51.2155682612045,0.0</coordinates>
                </LineString>
                <LineString id="30530">
                    <coordinates>10.2224993947829,51.2127836071402,0.0 10.222537555605,51.212764922162194,0.0</coordinates>
                </LineString>
                <LineString id="30532">
                    <coordinates>10.2221629045403,51.212692188424185,0.0 10.2222408624561,51.2127030362297,0.0 10.222273149979301,51.2127071673732,0.0 10.2223714750118,51.21272953433569,0.0 10.2223796871599,51.2127311063662,0.0 10.222479676642799,51.21277530703869,0.0 10.2224993947829,51.2127836071402,0.0</coordinates>
                </LineString>
                <LineString id="30534">
                    <coordinates>10.222537555605,51.212764922162194,0.0 10.222558139720102,51.21275518449201,0.0 10.2225651760234,51.2127594175236,0.0 10.2225786482502,51.2127518731616,0.0</coordinates>
                </LineString>
                <LineString id="30536">
                    <coordinates>10.2227681625171,51.21285931674831,0.0 10.2226889780828,51.212815989595,0.0</coordinates>
                </LineString>
                <LineString id="30538">
                    <coordinates>10.224059812777,51.21302765328271,0.0 10.2241588452446,51.213017145889395,0.0 10.2243277217255,51.2129832286055,0.0</coordinates>
                </LineString>
                <LineString id="30540">
                    <coordinates>10.2256399305513,51.212830907588796,0.0 10.2256664792653,51.2128119376888,0.0</coordinates>
                </LineString>
                <LineString id="30542">
                    <coordinates>10.2299146888707,51.21251780418219,0.0 10.229911992088798,51.2125220693649,0.0 10.229924772793,51.212545230794895,0.0</coordinates>
                </LineString>
                <LineString id="30544">
                    <coordinates>10.2298881023062,51.212552748789605,0.0 10.229924772793,51.212545230794895,0.0</coordinates>
                </LineString>
                <LineString id="30546">
                    <coordinates>10.229728608965,51.21258622268479,0.0 10.229724762128898,51.212579790954294,0.0</coordinates>
                </LineString>
                <LineString id="30548">
                    <coordinates>10.228263237844601,51.212944009327806,0.0 10.2284650870065,51.212898530280995,0.0</coordinates>
                </LineString>
                <LineString id="30550">
                    <coordinates>10.226772510065102,51.212930900594706,0.0 10.2268366821387,51.21291091825981,0.0</coordinates>
                </LineString>
                <LineString id="30552">
                    <coordinates>10.226145036709,51.21278244222369,0.0 10.2262125102908,51.212764074437295,0.0 10.2262082141016,51.2127581751484,0.0</coordinates>
                </LineString>
                <LineString id="30554">
                    <coordinates>10.230277524108,51.2125622601932,0.0 10.230288691544702,51.212558428719205,0.0 10.2302846390544,51.212552506299,0.0</coordinates>
                </LineString>
                <LineString id="30556">
                    <coordinates>10.2302347368435,51.21248476209669,0.0 10.2302374570142,51.212483994172004,0.0</coordinates>
                </LineString>
                <LineString id="30558">
                    <coordinates>10.2283701787035,51.212986620125996,0.0 10.2281875104858,51.213028676706884,0.0 10.2281654635446,51.21303404230381,0.0</coordinates>
                </LineString>
                <LineString id="30560">
                    <coordinates>10.2283816124298,51.213011298541595,0.0 10.2283815079669,51.21300506724279,0.0 10.2283701787035,51.212986620125996,0.0</coordinates>
                </LineString>
                <LineString id="30562">
                    <coordinates>10.228712313070098,51.212914084049295,0.0 10.228708766243999,51.2129095356289,0.0</coordinates>
                </LineString>
                <LineString id="30564">
                    <coordinates>10.2274039661097,51.2131837749066,0.0 10.2273714639835,51.21318372316419,0.0 10.227344025288202,51.213182264831495,0.0 10.2273191171033,51.2131801346472,0.0 10.227296280310203,51.213177361617404,0.0 10.2272720074306,51.21317284983989,0.0 10.227245267848,51.213167347811094,0.0</coordinates>
                </LineString>
                <LineString id="30566">
                    <coordinates>10.2272114994879,51.21315367574379,0.0 10.2272178570015,51.21316180864089,0.0</coordinates>
                </LineString>
                <LineString id="30568">
                    <coordinates>10.2263058192469,51.21325622492829,0.0 10.2263194529559,51.213254525756206,0.0 10.2263481241109,51.213302155064596,0.0</coordinates>
                </LineString>
                <LineString id="30570">
                    <coordinates>10.226403662253999,51.213395201873,0.0 10.2264118965843,51.21340477460381,0.0 10.2264190018183,51.2134075970947,0.0</coordinates>
                </LineString>
                <LineString id="30572">
                    <coordinates>10.2261364226435,51.2135056602898,0.0 10.2261474968466,51.21351433218099,0.0</coordinates>
                </LineString>
                <LineString id="30574">
                    <coordinates>10.2261657720837,51.2145193737217,0.0 10.226195304777,51.214584833283894,0.0 10.226213339492798,51.21458147483491,0.0</coordinates>
                </LineString>
                <LineString id="30576">
                    <coordinates>10.2307731136579,51.212431359175596,0.0 10.230911760766897,51.21238832758961,0.0 10.2309782729951,51.2123576269344,0.0</coordinates>
                </LineString>
                <LineString id="30578">
                    <coordinates>10.2250259963733,51.21278276444149,0.0 10.225013597016,51.2127851204353,0.0</coordinates>
                </LineString>
                <LineString id="30580">
                    <coordinates>10.2227284383291,51.21265716902099,0.0 10.2227256680239,51.21265960805699,0.0</coordinates>
                </LineString>
                <LineString id="30582">
                    <coordinates>10.2220524337791,51.2121562554738,0.0 10.2220243284952,51.21211934016509,0.0</coordinates>
                </LineString>
                <LineString id="30584">
                    <coordinates>10.2217598162032,51.212059263273886,0.0 10.2217961125833,51.21190164445439,0.0 10.2219149058903,51.2119008691702,0.0 10.2219137914991,51.21191531634669,0.0</coordinates>
                </LineString>
                <LineString id="30586">
                    <coordinates>10.2230620661203,51.212445066187094,0.0 10.2230049633878,51.2124814157869,0.0</coordinates>
                </LineString>
                <LineString id="30588">
                    <coordinates>10.223122177729701,51.21245810559289,0.0 10.2231398971553,51.21244507013389,0.0 10.2232346177413,51.21240338541718,0.0 10.2232888273549,51.21237972990859,0.0 10.2232995733418,51.212378310876595,0.0</coordinates>
                </LineString>
                <LineString id="30590">
                    <coordinates>10.223142077690499,51.21246465539459,0.0 10.223122177729701,51.21245810559289,0.0</coordinates>
                </LineString>
                <LineString id="30592">
                    <coordinates>10.2282368238817,51.2102960867306,0.0 10.2282083116276,51.2102543843467,0.0</coordinates>
                </LineString>
                <LineString id="30594">
                    <coordinates>10.2271021414005,51.21063688462939,0.0 10.227269526343099,51.210579271208196,0.0 10.2274260558249,51.21050132072009,0.0</coordinates>
                </LineString>
                <LineString id="30596">
                    <coordinates>10.2246587386154,51.2113239254496,0.0 10.2247640046257,51.2112944993244,0.0 10.2249149265044,51.211246815663,0.0</coordinates>
                </LineString>
                <LineString id="30598">
                    <coordinates>10.2244483832835,51.21192766052639,0.0 10.224428218974,51.211908629513594,0.0</coordinates>
                </LineString>
                <LineString id="30600">
                    <coordinates>10.220683153329999,51.212448641970894,0.0 10.2206935015573,51.21244566194749,0.0</coordinates>
                </LineString>
                <LineString id="30602">
                    <coordinates>10.2215168013314,51.212325148088496,0.0 10.221489015467698,51.21227808835819,0.0</coordinates>
                </LineString>
                <LineString id="30604">
                    <coordinates>10.2209936068464,51.21235570810289,0.0 10.22102568129,51.2123690775609,0.0 10.2211358380835,51.212418656828696,0.0</coordinates>
                </LineString>
                <LineString id="30606">
                    <coordinates>10.2196277679736,51.21307083894191,0.0 10.219755113733198,51.21307402545259,0.0 10.219975847853902,51.2130312124854,0.0</coordinates>
                </LineString>
                <LineString id="30608">
                    <coordinates>10.2196277679736,51.21307083894191,0.0 10.2196321469816,51.2130504364565,0.0</coordinates>
                </LineString>
                <LineString id="30610">
                    <coordinates>10.2148351951486,51.216809858506096,0.0 10.2147793654523,51.216817412195105,0.0</coordinates>
                </LineString>
                <LineString id="30612">
                    <coordinates>10.2211080284508,51.213184121576894,0.0 10.2211275731078,51.21317797314769,0.0 10.2211351117247,51.2131832836501,0.0</coordinates>
                </LineString>
                <LineString id="30614">
                    <coordinates>10.2789066972097,51.175636162333284,0.0 10.279322779380502,51.1757389008456,0.0</coordinates>
                </LineString>
                <LineString id="30616">
                    <coordinates>10.2882563640177,51.17533265151939,0.0 10.2882663856812,51.17533969307159,0.0</coordinates>
                </LineString>
                <LineString id="30618">
                    <coordinates>10.2881206027455,51.1752693839943,0.0 10.2881989200935,51.175325239855496,0.0 10.288225980947,51.175311234540494,0.0 10.2882563640177,51.17533265151939,0.0</coordinates>
                </LineString>
                <LineString id="30620">
                    <coordinates>10.2142665670355,51.2169611619158,0.0 10.2142434797171,51.21696668882159,0.0</coordinates>
                </LineString>
                <LineString id="30622">
                    <coordinates>10.2860365355928,51.1757413715288,0.0 10.2860506773136,51.175759944230705,0.0</coordinates>
                </LineString>
                <LineString id="30624">
                    <coordinates>10.2867761438569,51.17574165791041,0.0 10.2868009877066,51.175731926435894,0.0</coordinates>
                </LineString>
                <LineString id="30626">
                    <coordinates>10.2869873487721,51.17562254666821,0.0 10.2869891511794,51.1756198312551,0.0</coordinates>
                </LineString>
                <LineString id="30628">
                    <coordinates>10.2869608129917,51.1747622759619,0.0 10.2869553915732,51.17475691076359,0.0</coordinates>
                </LineString>
                <LineString id="30630">
                    <coordinates>10.2860581366967,51.17507447772788,0.0 10.2860328500569,51.175097318249996,0.0</coordinates>
                </LineString>
                <LineString id="30632">
                    <coordinates>10.2858025804649,51.17518561113269,0.0 10.2858135746069,51.175197656320684,0.0</coordinates>
                </LineString>
                <LineString id="30634">
                    <coordinates>10.2873776378047,51.17457493222451,0.0 10.287340572574799,51.174552868846305,0.0</coordinates>
                </LineString>
                <LineString id="30636">
                    <coordinates>10.2861241223742,51.1727635492614,0.0 10.2861065587342,51.1727439555656,0.0</coordinates>
                </LineString>
                <LineString id="30638">
                    <coordinates>10.2158332111386,51.216934001159004,0.0 10.2158138526092,51.2169030428944,0.0</coordinates>
                </LineString>
                <LineString id="30640">
                    <coordinates>10.2151722554104,51.2156733769254,0.0 10.2152129894074,51.21566565579909,0.0</coordinates>
                </LineString>
                <LineString id="30642">
                    <coordinates>10.224533174509002,51.215755774624704,0.0 10.2245307271067,51.21575167425068,0.0</coordinates>
                </LineString>
                <LineString id="30644">
                    <coordinates>10.2244572975971,51.21557078854038,0.0 10.2244746922322,51.2155900471998,0.0</coordinates>
                </LineString>
                <LineString id="30646">
                    <coordinates>10.2204741380423,51.216832600033285,0.0 10.2204762680715,51.2168393565586,0.0</coordinates>
                </LineString>
                <LineString id="30648">
                    <coordinates>10.219108872379799,51.216828843829,0.0 10.2190945303653,51.216802852730495,0.0</coordinates>
                </LineString>
                <LineString id="30650">
                    <coordinates>10.218252271233501,51.2172396084852,0.0 10.218226396551302,51.217220561409,0.0</coordinates>
                </LineString>
                <LineString id="30652">
                    <coordinates>10.2176515167828,51.2155674319238,0.0 10.2176788069433,51.2155590467605,0.0</coordinates>
                </LineString>
                <LineString id="30654">
                    <coordinates>10.2181075162847,51.21543199007151,0.0 10.218106631070603,51.215428965113,0.0</coordinates>
                </LineString>
                <LineString id="30656">
                    <coordinates>10.2179027526374,51.2155168259198,0.0 10.2179511263024,51.2155062176661,0.0</coordinates>
                </LineString>
                <LineString id="30658">
                    <coordinates>10.2181952748365,51.2151855934117,0.0 10.2182044477276,51.21519528888711,0.0</coordinates>
                </LineString>
                <LineString id="30660">
                    <coordinates>10.2178532593879,51.215152177406694,0.0 10.2178753820508,51.215173837333694,0.0</coordinates>
                </LineString>
                <LineString id="30662">
                    <coordinates>10.2224143089089,51.2153444383669,0.0 10.2223979841124,51.21532269656289,0.0</coordinates>
                </LineString>
                <LineString id="30664">
                    <coordinates>10.2193065803839,51.21497240118279,0.0 10.2192820963632,51.214945150094096,0.0</coordinates>
                </LineString>
                <LineString id="30666">
                    <coordinates>10.2199884657062,51.2145549717411,0.0 10.2199763449621,51.214536340962006,0.0</coordinates>
                </LineString>
                <LineString id="30668">
                    <coordinates>10.2204387183315,51.21409873311491,0.0 10.2204845970445,51.2140867015067,0.0</coordinates>
                </LineString>
                <LineString id="30670">
                    <coordinates>10.2211320304784,51.2140959855618,0.0 10.221127034940698,51.21409562197629,0.0</coordinates>
                </LineString>
                <LineString id="30672">
                    <coordinates>10.2218289793059,51.2137069834711,0.0 10.221829743858597,51.213704226320786,0.0</coordinates>
                </LineString>
                <LineString id="30674">
                    <coordinates>10.2215283108636,51.213601013802695,0.0 10.2214927912931,51.21361389541449,0.0</coordinates>
                </LineString>
                <LineString id="30676">
                    <coordinates>10.2222139334526,51.21262067894289,0.0 10.222210991818798,51.212623106375204,0.0</coordinates>
                </LineString>
                <LineString id="30678">
                    <coordinates>10.222591986958099,51.2127325505277,0.0 10.2225954681387,51.21273469794439,0.0</coordinates>
                </LineString>
                <LineString id="30680">
                    <coordinates>10.2208062351727,51.212837016552996,0.0 10.2208187540858,51.212868715047605,0.0</coordinates>
                </LineString>
                <LineString id="30682">
                    <coordinates>10.2208158126228,51.21254234248689,0.0 10.2208324938527,51.21252395182919,0.0</coordinates>
                </LineString>
                <LineString id="30684">
                    <coordinates>10.219683231755,51.212787866050284,0.0 10.2196813135093,51.212791216925496,0.0</coordinates>
                </LineString>
                <LineString id="30686">
                    <coordinates>10.2195481818433,51.21253012340901,0.0 10.2195627720606,51.21257638058759,0.0</coordinates>
                </LineString>
                <LineString id="30688">
                    <coordinates>10.2162932315672,51.2127806706787,0.0 10.2163579658956,51.212788120629,0.0</coordinates>
                </LineString>
                <LineString id="30690">
                    <coordinates>10.2262282046557,51.2145801449237,0.0 10.226213339492798,51.21458147483491,0.0</coordinates>
                </LineString>
                <LineString id="30692">
                    <coordinates>10.2264301770459,51.213402831197605,0.0 10.2264190018183,51.2134075970947,0.0</coordinates>
                </LineString>
                <LineString id="30694">
                    <coordinates>10.2289658284364,51.2128809644681,0.0 10.228952368257502,51.21285873654781,0.0</coordinates>
                </LineString>
                <LineString id="30696">
                    <coordinates>10.2296567777103,51.2125682180278,0.0 10.2296589876999,51.2125706786167,0.0</coordinates>
                </LineString>
                <LineString id="30698">
                    <coordinates>10.2269213755589,51.2131609135758,0.0 10.226960982869599,51.21313918365839,0.0</coordinates>
                </LineString>
                <LineString id="30700">
                    <coordinates>10.2268709473313,51.2128974766623,0.0 10.2268366821387,51.21291091825981,0.0</coordinates>
                </LineString>
                <LineString id="30702">
                    <coordinates>10.2261940184149,51.21272681141941,0.0 10.2262082141016,51.2127581751484,0.0</coordinates>
                </LineString>
                <LineString id="30704">
                    <coordinates>10.2236228826159,51.21226914138979,0.0 10.223619715765098,51.2122670077636,0.0</coordinates>
                </LineString>
                <LineString id="30706">
                    <coordinates>10.2231457250775,51.2124662030218,0.0 10.223142077690499,51.21246465539459,0.0</coordinates>
                </LineString>
                <LineString id="30708">
                    <coordinates>10.2225687018655,51.2117979632492,0.0 10.2225438398761,51.211802466993994,0.0</coordinates>
                </LineString>
                <LineString id="30710">
                    <coordinates>10.2258884513241,51.211221797428095,0.0 10.225908185382602,51.211270666797205,0.0</coordinates>
                </LineString>
                <LineString id="30712">
                    <coordinates>10.225042463355003,51.2113700361015,0.0 10.2250206840256,51.21133158136199,0.0</coordinates>
                </LineString>
                <LineString id="30714">
                    <coordinates>10.221382726150598,51.21157210989989,0.0 10.2214015382961,51.2115674964904,0.0</coordinates>
                </LineString>
                <LineString id="30716">
                    <coordinates>10.2215313487691,51.21140510496309,0.0 10.221536602758897,51.21141584634469,0.0</coordinates>
                </LineString>
                <LineString id="30718">
                    <coordinates>10.2320195707288,51.21216590089969,0.0 10.232015164944498,51.2121643420952,0.0</coordinates>
                </LineString>
                <LineString id="30720">
                    <coordinates>10.278843705913202,51.1777895097714,0.0 10.278862758900202,51.17778980799509,0.0</coordinates>
                </LineString>
                <LineString id="30722">
                    <coordinates>10.281171169752,51.17735667977019,0.0 10.2811817523602,51.17735900168869,0.0</coordinates>
                </LineString>
                <LineString id="30724">
                    <coordinates>10.2815431577596,51.176366024653795,0.0 10.281522580142703,51.176352507870895,0.0</coordinates>
                </LineString>
                <LineString id="30726">
                    <coordinates>10.2807749718881,51.176448258542095,0.0 10.2807531842169,51.176450752143296,0.0</coordinates>
                </LineString>
                <LineString id="30728">
                    <coordinates>10.2803630882875,51.17633504227089,0.0 10.2803800432003,51.17636136102381,0.0</coordinates>
                </LineString>
                <LineString id="30730">
                    <coordinates>10.2842669763095,51.1775785858175,0.0 10.284260630549102,51.1775630577913,0.0</coordinates>
                </LineString>
                <LineString id="30732">
                    <coordinates>10.2844311865657,51.17712029021871,0.0 10.2844382086322,51.177096004638294,0.0</coordinates>
                </LineString>
                <LineString id="30734">
                    <coordinates>10.2842331169787,51.177082381001604,0.0 10.2842319629293,51.1770633782418,0.0</coordinates>
                </LineString>
                <LineString id="30736">
                    <coordinates>10.2853366888804,51.1767290255867,0.0 10.2853290681301,51.17673244679269,0.0</coordinates>
                </LineString>
                <LineString id="30738">
                    <coordinates>10.2840470190061,51.1767901001177,0.0 10.284006969996998,51.17680257457079,0.0</coordinates>
                </LineString>
                <LineString id="30740">
                    <coordinates>10.2838043426328,51.176133057862,0.0 10.2838301619281,51.1761571778311,0.0</coordinates>
                </LineString>
                <LineString id="30742">
                    <coordinates>10.2840921678539,51.175103665169594,0.0 10.2841026859539,51.17508497739661,0.0</coordinates>
                </LineString>
                <LineString id="30744">
                    <coordinates>10.283001093709798,51.17516436782059,0.0 10.282983919982,51.175150460752796,0.0</coordinates>
                </LineString>
                <LineString id="30746">
                    <coordinates>10.2852784725031,51.17567955552819,0.0 10.2852864154,51.1756851824912,0.0</coordinates>
                </LineString>
                <LineString id="30748">
                    <coordinates>10.2846602716804,51.1741193099973,0.0 10.2846680712342,51.1741257080022,0.0</coordinates>
                </LineString>
                <LineString id="30750">
                    <coordinates>10.2848670318439,51.17399197493398,0.0 10.284875682824,51.1740000934121,0.0</coordinates>
                </LineString>
                <LineString id="30752">
                    <coordinates>10.282362140603599,51.173566004099,0.0 10.2823418172149,51.1735437443833,0.0</coordinates>
                </LineString>
                <LineString id="30754">
                    <coordinates>10.281406809468601,51.173740253073895,0.0 10.281427861869,51.17373211213268,0.0</coordinates>
                </LineString>
                <LineString id="30756">
                    <coordinates>10.281886585613698,51.17366755276019,0.0 10.2818754290038,51.17364914023019,0.0</coordinates>
                </LineString>
                <LineString id="30758">
                    <coordinates>10.2808551173536,51.1740775440109,0.0 10.2808784160981,51.1740686091357,0.0</coordinates>
                </LineString>
                <LineString id="30760">
                    <coordinates>10.283162113260397,51.1745267132048,0.0 10.2831538891917,51.17451673104469,0.0</coordinates>
                </LineString>
                <LineString id="30762">
                    <coordinates>10.2827319394526,51.17331666905851,0.0 10.2827057453541,51.1733258045237,0.0</coordinates>
                </LineString>
                <LineString id="30764">
                    <coordinates>10.2818981447956,51.1731316417738,0.0 10.281901880089201,51.1731296380211,0.0</coordinates>
                </LineString>
                <LineString id="30766">
                    <coordinates>10.2801087505418,51.17464956401281,0.0 10.2801134428387,51.174670281897306,0.0</coordinates>
                </LineString>
                <LineString id="30768">
                    <coordinates>10.2796610408796,51.1737680958901,0.0 10.2797078586823,51.17376083747779,0.0</coordinates>
                </LineString>
                <LineString id="30770">
                    <coordinates>10.278900567319399,51.1736299627315,0.0 10.2789152019047,51.1736240561267,0.0</coordinates>
                </LineString>
                <LineString id="30772">
                    <coordinates>10.2795500280501,51.172890138572,0.0 10.279568044344,51.172906332896694,0.0</coordinates>
                </LineString>
                <LineString id="30774">
                    <coordinates>10.2791369024972,51.17297377889678,0.0 10.2791548105194,51.1729951856138,0.0</coordinates>
                </LineString>
                <LineString id="30776">
                    <coordinates>10.2878867361701,51.1753622129864,0.0 10.287904091260799,51.17535426849139,0.0</coordinates>
                </LineString>
                <LineString id="30778">
                    <coordinates>10.2879087215473,51.1753551273161,0.0 10.288018295629,51.17543429194889,0.0 10.288032455902398,51.1754442707127,0.0</coordinates>
                </LineString>
                <LineString id="30780">
                    <coordinates>10.223822888851,51.2151266921151,0.0 10.2237534454212,51.21514852556021,0.0 10.2236700621713,51.21517367129571,0.0 10.2236632722774,51.21517567179341,0.0 10.2236619044818,51.215172531681205,0.0</coordinates>
                </LineString>
                <LineString id="30782">
                    <coordinates>10.2181517064586,51.21537919325349,0.0 10.2181690824187,51.21537364156399,0.0 10.2183176197378,51.2153289325286,0.0 10.2183820555278,51.215310460063,0.0</coordinates>
                </LineString>
                <LineString id="30784">
                    <coordinates>10.2858369155025,51.1764008481877,0.0 10.2857936532759,51.1764132222411,0.0</coordinates>
                </LineString>
                <LineString id="30786">
                    <coordinates>10.2857936532759,51.1764132222411,0.0 10.2857656102619,51.17642089298759,0.0</coordinates>
                </LineString>
                <LineString id="30788">
                    <coordinates>10.2882452716905,51.1751084438259,0.0 10.288221998010599,51.1750896838646,0.0</coordinates>
                </LineString>
                <LineString id="30790">
                    <coordinates>10.2227060433311,51.212886160050495,0.0 10.2227681625171,51.21285931674831,0.0</coordinates>
                </LineString>
                <LineString id="30792">
                    <coordinates>10.2235800610331,51.214821283637114,0.0 10.2235878408878,51.2148188486941,0.0</coordinates>
                </LineString>
                <LineString id="30794">
                    <coordinates>10.282987391264601,51.1756366104824,0.0 10.282987959767,51.175643253082896,0.0</coordinates>
                </LineString>
                <LineString id="30796">
                    <coordinates>10.2865857880818,51.1748935964117,0.0 10.2861376079491,51.17517976721171,0.0</coordinates>
                </LineString>
                <LineString id="30798">
                    <coordinates>10.2825138058663,51.1772813029151,0.0 10.2825088658111,51.177281850683705,0.0 10.2824474120033,51.1772737750523,0.0</coordinates>
                </LineString>
                <LineString id="30800">
                    <coordinates>10.2157723973998,51.216608966733084,0.0 10.215763706573398,51.2165938397684,0.0</coordinates>
                </LineString>
                <LineString id="30802">
                    <coordinates>10.282950480367703,51.173908896045695,0.0 10.2829386522465,51.17389738670201,0.0</coordinates>
                </LineString>
                <LineString id="30804">
                    <coordinates>10.2830056650692,51.1738715543293,0.0 10.2830239436623,51.1738645500263,0.0</coordinates>
                </LineString>
                <LineString id="30806">
                    <coordinates>10.2828714574319,51.17393851651669,0.0 10.2829456073145,51.17391073031439,0.0</coordinates>
                </LineString>
                <LineString id="30808">
                    <coordinates>10.2860019295713,51.17780076479599,0.0 10.2860355043349,51.177832549040794,0.0</coordinates>
                </LineString>
                <LineString id="30810">
                    <coordinates>10.2860882028528,51.1751491714463,0.0 10.286058384595501,51.1751287510155,0.0</coordinates>
                </LineString>
                <LineString id="30812">
                    <coordinates>10.2864480071638,51.176418176765985,0.0 10.2865233318181,51.1763826655336,0.0</coordinates>
                </LineString>
                <LineString id="30814">
                    <coordinates>10.2174047107419,51.217587092695496,0.0 10.217499033565499,51.21764845311769,0.0 10.2175959590606,51.21770617639021,0.0 10.2176114732909,51.217716247144295,0.0 10.2175866172741,51.217731995802794,0.0 10.2175693982354,51.2177397612149,0.0</coordinates>
                </LineString>
                <LineString id="30816">
                    <coordinates>10.279778105916,51.17674000645089,0.0 10.2798109143764,51.176750736804905,0.0</coordinates>
                </LineString>
                <LineString id="30818">
                    <coordinates>10.2797177795925,51.1767927600028,0.0 10.2797046544092,51.1768041994721,0.0</coordinates>
                </LineString>
                <LineString id="30820">
                    <coordinates>10.2705951599511,51.17849761635239,0.0 10.270585576430198,51.178508738583595,0.0 10.2705860425825,51.1785257176874,0.0</coordinates>
                </LineString>
                <LineString id="30822">
                    <coordinates>10.2706283290555,51.1784879753734,0.0 10.2706186692468,51.178489666473,0.0</coordinates>
                </LineString>
                <LineString id="30824">
                    <coordinates>10.283826685113299,51.17495037510229,0.0 10.2838296512199,51.174954841443686,0.0</coordinates>
                </LineString>
                <LineString id="30826">
                    <coordinates>10.283915059487898,51.17492351606699,0.0 10.2839384851364,51.1749778236485,0.0 10.2839927260304,51.1750283580671,0.0</coordinates>
                </LineString>
                <LineString id="30828">
                    <coordinates>10.2839927260304,51.1750283580671,0.0 10.2839985190675,51.175036803266494,0.0 10.2840030259222,51.175049463662894,0.0 10.2840054892009,51.1750563048458,0.0</coordinates>
                </LineString>
                <LineString id="30830">
                    <coordinates>10.2840013530937,51.175066024776605,0.0 10.2840529700224,51.1750797535901,0.0</coordinates>
                </LineString>
                <LineString id="30832">
                    <coordinates>10.2844273651691,51.174622580236196,0.0 10.2845156937546,51.174529853940186,0.0</coordinates>
                </LineString>
                <LineString id="30834">
                    <coordinates>10.2835792822463,51.175431577554605,0.0 10.2836163019446,51.1754852755457,0.0</coordinates>
                </LineString>
                <LineString id="30836">
                    <coordinates>10.2837495254024,51.1753520633568,0.0 10.283790534987098,51.1754088492774,0.0</coordinates>
                </LineString>
                <LineString id="30838">
                    <coordinates>10.2832832951619,51.175505956613506,0.0 10.2832692540448,51.1755155222116,0.0</coordinates>
                </LineString>
                <LineString id="30840">
                    <coordinates>10.283411667470498,51.17551886104369,0.0 10.2833006510583,51.175583530017406,0.0 10.2832822124287,51.17559444245439,0.0</coordinates>
                </LineString>
                <LineString id="30842">
                    <coordinates>10.2831910878744,51.1756460267679,0.0 10.2831980647275,51.1756503182428,0.0</coordinates>
                </LineString>
                <LineString id="30844">
                    <coordinates>10.283155156445202,51.1756658698111,0.0 10.2831308757085,51.175680058584796,0.0</coordinates>
                </LineString>
                <LineString id="30846">
                    <coordinates>10.2830320595428,51.1766559211696,0.0 10.2831346178461,51.1766889431889,0.0</coordinates>
                </LineString>
                <LineString id="30848">
                    <coordinates>10.284209592001098,51.176155451569194,0.0 10.284203387095,51.17610607111299,0.0 10.284199293714202,51.17607108685179,0.0</coordinates>
                </LineString>
                <LineString id="30850">
                    <coordinates>10.2840294808562,51.17564953280489,0.0 10.2840788474313,51.1756364398646,0.0</coordinates>
                </LineString>
                <LineString id="30852">
                    <coordinates>10.2841761116773,51.175609755938595,0.0 10.28421667669,51.175604543531286,0.0</coordinates>
                </LineString>
                <LineString id="30854">
                    <coordinates>10.2835937049322,51.17648856882998,0.0 10.283636152908898,51.176526659732495,0.0</coordinates>
                </LineString>
                <LineString id="30856">
                    <coordinates>10.2844636110364,51.17655704260719,0.0 10.284465777704298,51.17654065953219,0.0</coordinates>
                </LineString>
                <LineString id="30858">
                    <coordinates>10.2856458637071,51.17668750239069,0.0 10.2859571299473,51.17659340242928,0.0</coordinates>
                </LineString>
                <LineString id="30860">
                    <coordinates>10.2873588402221,51.175317630795895,0.0 10.2874454437367,51.175408056229394,0.0 10.2874796621708,51.175435183942895,0.0 10.2874444709081,51.17544822508079,0.0</coordinates>
                </LineString>
                <LineString id="30862">
                    <coordinates>10.2861715471674,51.1757684926824,0.0 10.2862375023653,51.17582794439401,0.0</coordinates>
                </LineString>
                <LineString id="30864">
                    <coordinates>10.2864393057509,51.1757198434276,0.0 10.286491451531,51.17569695565119,0.0 10.286503674443699,51.17570479369739,0.0</coordinates>
                </LineString>
                <LineString id="30866">
                    <coordinates>10.285951258161598,51.17587063205309,0.0 10.2860053124674,51.1759216572014,0.0</coordinates>
                </LineString>
                <LineString id="30868">
                    <coordinates>10.2859250679957,51.1758827258461,0.0 10.285951258161598,51.17587063205309,0.0</coordinates>
                </LineString>
                <LineString id="30870">
                    <coordinates>10.28769744805,51.175743438916605,0.0 10.2876648809607,51.17567750077469,0.0 10.2876872145632,51.17566989884979,0.0</coordinates>
                </LineString>
                <LineString id="30872">
                    <coordinates>10.2869026981401,51.17620938286599,0.0 10.286839212176302,51.176177817179195,0.0</coordinates>
                </LineString>
                <LineString id="30874">
                    <coordinates>10.2868297329031,51.17617968305639,0.0 10.286784844236802,51.17613831237939,0.0</coordinates>
                </LineString>
                <LineString id="30876">
                    <coordinates>10.286668370069199,51.17631832986489,0.0 10.2866074516518,51.176286172381396,0.0</coordinates>
                </LineString>
                <LineString id="30878">
                    <coordinates>10.2865107256861,51.17484722609709,0.0 10.286497122539,51.174845381818,0.0 10.2864716497395,51.1748296457317,0.0 10.2864390671986,51.1748498624379,0.0</coordinates>
                </LineString>
                <LineString id="30880">
                    <coordinates>10.286569668357501,51.17481648210521,0.0 10.2864606447788,51.17474687999191,0.0 10.2863182970369,51.1746515292222,0.0</coordinates>
                </LineString>
                <LineString id="30882">
                    <coordinates>10.283767210973002,51.1753437108016,0.0 10.283898317648202,51.17536500605869,0.0 10.2839765549773,51.17543444675201,0.0 10.2839874292582,51.17547668611779,0.0</coordinates>
                </LineString>
                <LineString id="30884">
                    <coordinates>10.2831425362318,51.1749041742191,0.0 10.2832006631874,51.17496749517651,0.0 10.2831766466413,51.174974963680896,0.0</coordinates>
                </LineString>
                <LineString id="30886">
                    <coordinates>10.2829692348554,51.17493088321801,0.0 10.2830464448245,51.17490430149719,0.0</coordinates>
                </LineString>
                <LineString id="30888">
                    <coordinates>10.279726012502103,51.17678558155411,0.0 10.2797177795925,51.1767927600028,0.0</coordinates>
                </LineString>
                <LineString id="30890">
                    <coordinates>10.2842861822058,51.17621729871859,0.0 10.2842480120228,51.176234268585695,0.0</coordinates>
                </LineString>
                <LineString id="30892">
                    <coordinates>10.2823664042864,51.17657281563469,0.0 10.2824184891721,51.176561273527994,0.0</coordinates>
                </LineString>
                <LineString id="30894">
                    <coordinates>10.2777637701572,51.17702286100571,0.0 10.2777521311122,51.1770070569349,0.0 10.2777238285437,51.17699592486701,0.0</coordinates>
                </LineString>
                <LineString id="30896">
                    <coordinates>10.2786808285639,51.17657274759489,0.0 10.2787410671337,51.17655157344199,0.0</coordinates>
                </LineString>
                <LineString id="30898">
                    <coordinates>10.278457581222503,51.17664969475141,0.0 10.2784597558535,51.1766439105295,0.0 10.2784462719754,51.176623108184984,0.0</coordinates>
                </LineString>
                <LineString id="30900">
                    <coordinates>10.277891016414598,51.17694012445529,0.0 10.2781216711594,51.1768590353311,0.0</coordinates>
                </LineString>
                <LineString id="30902">
                    <coordinates>10.27704586379,51.1770828512704,0.0 10.277040393987699,51.177085332743296,0.0 10.2769842077204,51.17710019212979,0.0 10.2768999710695,51.1771220997345,0.0</coordinates>
                </LineString>
                <LineString id="30904">
                    <coordinates>10.2797464645542,51.17617241989869,0.0 10.2797972808043,51.176149623416094,0.0 10.2798356985894,51.17613219117809,0.0</coordinates>
                </LineString>
                <LineString id="30906">
                    <coordinates>10.2800097789472,51.17606433526319,0.0 10.2799949525623,51.176065384850105,0.0</coordinates>
                </LineString>
                <LineString id="30908">
                    <coordinates>10.2799845377611,51.176070095087496,0.0 10.2799949525623,51.176065384850105,0.0</coordinates>
                </LineString>
                <LineString id="30910">
                    <coordinates>10.280637520546101,51.176023327373,0.0 10.280644164414,51.17602618477589,0.0</coordinates>
                </LineString>
                <LineString id="30912">
                    <coordinates>10.2809944854614,51.17604845674969,0.0 10.280989881742,51.17606111826699,0.0</coordinates>
                </LineString>
                <LineString id="30914">
                    <coordinates>10.281845248311,51.176300423448794,0.0 10.2819481393228,51.176306357021296,0.0</coordinates>
                </LineString>
                <LineString id="30916">
                    <coordinates>10.282132797133,51.176238194798096,0.0 10.2821336252179,51.1762313030111,0.0</coordinates>
                </LineString>
                <LineString id="30918">
                    <coordinates>10.282132797133,51.176238194798096,0.0 10.2821483852634,51.176235888602,0.0 10.2822164762974,51.1762207879937,0.0</coordinates>
                </LineString>
                <LineString id="30920">
                    <coordinates>10.280376589756598,51.1764326869987,0.0 10.2803165105878,51.1764369101123,0.0</coordinates>
                </LineString>
                <LineString id="30922">
                    <coordinates>10.2803820594578,51.17637751783911,0.0 10.2804506256285,51.17637619717021,0.0 10.2805547134336,51.1763653301796,0.0</coordinates>
                </LineString>
                <LineString id="30924">
                    <coordinates>10.2809488236138,51.17636077377049,0.0 10.280900954619101,51.17636431356889,0.0 10.2808302518984,51.1763704035109,0.0 10.280721719399597,51.176389269033294,0.0</coordinates>
                </LineString>
                <LineString id="30926">
                    <coordinates>10.2749310366983,51.17784538630829,0.0 10.2747400166023,51.17789655213209,0.0 10.2744772737503,51.1779649447121,0.0</coordinates>
                </LineString>
                <LineString id="30928">
                    <coordinates>10.2858658637689,51.1778092534501,0.0 10.2859727069794,51.17785026445719,0.0 10.2860316209905,51.17784278514219,0.0</coordinates>
                </LineString>
                <LineString id="30930">
                    <coordinates>10.2854685556653,51.17750980854271,0.0 10.2852832572754,51.177417072475805,0.0 10.285104874216803,51.1773345596388,0.0</coordinates>
                </LineString>
                <LineString id="30932">
                    <coordinates>10.2849155916031,51.177256354556086,0.0 10.2849805605255,51.1772028303763,0.0</coordinates>
                </LineString>
                <LineString id="30934">
                    <coordinates>10.284758640543497,51.17716208239939,0.0 10.284739769846603,51.1771557198909,0.0</coordinates>
                </LineString>
                <LineString id="30936">
                    <coordinates>10.284653831504,51.1771264488382,0.0 10.2846183428427,51.17717713282649,0.0 10.2846095359818,51.17717667111059,0.0</coordinates>
                </LineString>
                <LineString id="30938">
                    <coordinates>10.284626251370899,51.176967811242584,0.0 10.284530577725,51.176955792076996,0.0 10.284514911059,51.17695442972119,0.0</coordinates>
                </LineString>
                <LineString id="30940">
                    <coordinates>10.284514911059,51.17695442972119,0.0 10.2845039216942,51.176953432588384,0.0</coordinates>
                </LineString>
                <LineString id="30942">
                    <coordinates>10.2836472552424,51.1768413115275,0.0 10.283643214854,51.17685461067239,0.0</coordinates>
                </LineString>
                <LineString id="30944">
                    <coordinates>10.2849021010918,51.1772903978535,0.0 10.2849709591038,51.1773386918851,0.0</coordinates>
                </LineString>
                <LineString id="30946">
                    <coordinates>10.2849709591038,51.1773386918851,0.0 10.2848329456766,51.1774012586201,0.0 10.284688546862101,51.17746400127679,0.0 10.284625114295702,51.17748804426049,0.0</coordinates>
                </LineString>
                <LineString id="30948">
                    <coordinates>10.2853931407597,51.1777247033476,0.0 10.2852578153912,51.177771074926,0.0</coordinates>
                </LineString>
                <LineString id="30950">
                    <coordinates>10.2842701152192,51.177493609093005,0.0 10.284279189121598,51.17751501130908,0.0 10.284260630549102,51.1775630577913,0.0</coordinates>
                </LineString>
                <LineString id="30952">
                    <coordinates>10.2840137620494,51.17746234217201,0.0 10.2839928294006,51.17753119147459,0.0</coordinates>
                </LineString>
                <LineString id="30954">
                    <coordinates>10.2840137620494,51.17746234217201,0.0 10.2839904992701,51.17746950726859,0.0 10.2839711115565,51.17752755585779,0.0</coordinates>
                </LineString>
                <LineString id="30956">
                    <coordinates>10.2831709486791,51.1773632308751,0.0 10.2831984760287,51.17737640883809,0.0 10.2831775510559,51.1774311535779,0.0</coordinates>
                </LineString>
                <LineString id="30958">
                    <coordinates>10.279263751914202,51.1763313047934,0.0 10.2792429676993,51.1763064487905,0.0</coordinates>
                </LineString>
                <LineString id="30960">
                    <coordinates>10.280729745234797,51.17528260716699,0.0 10.280723552919701,51.17524876056089,0.0</coordinates>
                </LineString>
                <LineString id="30962">
                    <coordinates>10.2807565903954,51.17538908684379,0.0 10.280742174353998,51.17533987319591,0.0</coordinates>
                </LineString>
                <LineString id="30964">
                    <coordinates>10.280527029502698,51.17494265657279,0.0 10.2804271500726,51.17495158070549,0.0</coordinates>
                </LineString>
                <LineString id="30966">
                    <coordinates>10.2803919282392,51.17495463193129,0.0 10.2803840414791,51.174925210211896,0.0</coordinates>
                </LineString>
                <LineString id="30968">
                    <coordinates>10.2812165216896,51.1745026275734,0.0 10.2812460649947,51.17446035234829,0.0 10.2812489217494,51.174453517332104,0.0 10.281249632576397,51.1744390097083,0.0 10.2812454358991,51.17442495139171,0.0 10.281226229993703,51.174401871873705,0.0</coordinates>
                </LineString>
                <LineString id="30970">
                    <coordinates>10.281350082172898,51.174420096914695,0.0 10.281403962079498,51.1744971822804,0.0</coordinates>
                </LineString>
                <LineString id="30972">
                    <coordinates>10.2813181402366,51.1743760825495,0.0 10.2812675385988,51.1743050682683,0.0</coordinates>
                </LineString>
                <LineString id="30974">
                    <coordinates>10.2807272948225,51.173621102135996,0.0 10.280792812372999,51.17360627919099,0.0</coordinates>
                </LineString>
                <LineString id="30976">
                    <coordinates>10.280854575401598,51.173809774354496,0.0 10.2808514693314,51.17380562051141,0.0</coordinates>
                </LineString>
                <LineString id="30978">
                    <coordinates>10.2819869329745,51.173577818534596,0.0 10.2820232009814,51.17356851650289,0.0</coordinates>
                </LineString>
                <LineString id="30980">
                    <coordinates>10.2823309755518,51.1734895133075,0.0 10.2823940675232,51.17347798897221,0.0 10.2824176279813,51.1734958733544,0.0</coordinates>
                </LineString>
                <LineString id="30982">
                    <coordinates>10.2824176279813,51.1734958733544,0.0 10.282412140896799,51.17348959903559,0.0</coordinates>
                </LineString>
                <LineString id="30984">
                    <coordinates>10.2804100277791,51.17350071799589,0.0 10.2802830870042,51.173532167561,0.0 10.2802641314258,51.173530450646396,0.0 10.2800611989342,51.173588803405984,0.0 10.279846635043498,51.17365727782259,0.0</coordinates>
                </LineString>
                <LineString id="30986">
                    <coordinates>10.279846635043498,51.17365727782259,0.0 10.2798136205674,51.173622542422606,0.0 10.2797747399842,51.173611722782795,0.0 10.279712513265599,51.173583434870494,0.0</coordinates>
                </LineString>
                <LineString id="30988">
                    <coordinates>10.2793221223651,51.17308127559189,0.0 10.2793027116535,51.1730764234749,0.0 10.279284677199199,51.17307532224329,0.0 10.279268689819,51.173077622182,0.0 10.2792483507086,51.1730823482189,0.0</coordinates>
                </LineString>
                <LineString id="30990">
                    <coordinates>10.278960388709,51.1731976017929,0.0 10.2788749622447,51.1732297952745,0.0</coordinates>
                </LineString>
                <LineString id="30992">
                    <coordinates>10.2783477519982,51.1737734114116,0.0 10.2783829396122,51.173808134256895,0.0</coordinates>
                </LineString>
                <LineString id="30994">
                    <coordinates>10.2792667163531,51.1772170041819,0.0 10.2792692544366,51.17721490200099,0.0</coordinates>
                </LineString>
                <LineString id="30996">
                    <coordinates>10.2791281614114,51.177426876388594,0.0 10.2791348966444,51.1774107583596,0.0</coordinates>
                </LineString>
                <LineString id="30998">
                    <coordinates>10.2789430298539,51.177610488232496,0.0 10.278980914480499,51.177614722142195,0.0 10.2789927447096,51.1776134937723,0.0</coordinates>
                </LineString>
                <LineString id="31000">
                    <coordinates>10.2815067716238,51.1772288518411,0.0 10.2813472120313,51.1772349585684,0.0 10.2812227925752,51.177239486683305,0.0</coordinates>
                </LineString>
                <LineString id="31002">
                    <coordinates>10.281938487557698,51.17720967003649,0.0 10.281938461360697,51.17721345423519,0.0 10.2819873449441,51.1772230445976,0.0</coordinates>
                </LineString>
                <LineString id="31004">
                    <coordinates>10.2789708941389,51.17807757956549,0.0 10.278956157473301,51.17815150831209,0.0</coordinates>
                </LineString>
                <LineString id="31006">
                    <coordinates>10.2853429624096,51.176783917542984,0.0 10.285325906566602,51.1767405719258,0.0 10.2853255961036,51.1767366030043,0.0 10.2853290681301,51.17673244679269,0.0</coordinates>
                </LineString>
                <LineString id="31008">
                    <coordinates>10.2868009877066,51.175731926435894,0.0 10.286813074392,51.17572723108389,0.0</coordinates>
                </LineString>
                <LineString id="31010">
                    <coordinates>10.283636152908898,51.176526659732495,0.0 10.283743527883502,51.176621410903394,0.0 10.28375636452,51.17661810225909,0.0</coordinates>
                </LineString>
                <LineString id="31012">
                    <coordinates>10.2854508094531,51.1755520026535,0.0 10.2855354830644,51.175501149110296,0.0 10.2855240303274,51.17549182998769,0.0 10.2855396659067,51.17548128964789,0.0</coordinates>
                </LineString>
                <LineString id="31014">
                    <coordinates>10.2163579658956,51.212788120629,0.0 10.216436800809399,51.2127980957144,0.0 10.2163621675224,51.2128939012345,0.0 10.2163434631519,51.21291644954271,0.0</coordinates>
                </LineString>
                <LineString id="31016">
                    <coordinates>10.218100010129998,51.212910464559585,0.0 10.2180839388898,51.2129119009277,0.0</coordinates>
                </LineString>
                <LineString id="31018">
                    <coordinates>10.217215119871,51.21304686268661,0.0 10.2172511130366,51.21306029286999,0.0</coordinates>
                </LineString>
                <LineString id="31020">
                    <coordinates>10.2180764284292,51.21297894716349,0.0 10.2180947379443,51.2129922067509,0.0</coordinates>
                </LineString>
                <LineString id="31022">
                    <coordinates>10.287874050980001,51.175357586564104,0.0 10.2879664949937,51.1753215787699,0.0</coordinates>
                </LineString>
                <LineString id="31024">
                    <coordinates>10.288105168720799,51.17565383707961,0.0 10.28761529547,51.17540148953729,0.0</coordinates>
                </LineString>
                <LineString id="31026">
                    <coordinates>10.2880571961031,51.1752202366503,0.0 10.2881048440535,51.1752573861859,0.0</coordinates>
                </LineString>
                <LineString id="31028">
                    <coordinates>10.2257163359499,51.21455972962719,0.0 10.2256656910871,51.21457252705509,0.0</coordinates>
                </LineString>
                <LineString id="31030">
                    <coordinates>10.2845806896824,51.17427196285159,0.0 10.2845044226017,51.1742107318838,0.0 10.284510849145098,51.17420634033619,0.0</coordinates>
                </LineString>
                <LineString id="31032">
                    <coordinates>10.2849550549296,51.174017707598104,0.0 10.2849889464791,51.1739972857506,0.0 10.2850888401787,51.1739416214818,0.0</coordinates>
                </LineString>
                <LineString id="31034">
                    <coordinates>10.2849212052285,51.174038157017804,0.0 10.284875682824,51.1740000934121,0.0</coordinates>
                </LineString>
                <LineString id="31036">
                    <coordinates>10.2858052394763,51.17362400162029,0.0 10.285979014545198,51.17356118452809,0.0</coordinates>
                </LineString>
                <LineString id="31038">
                    <coordinates>10.286077750315599,51.17448973683139,0.0 10.2861368929361,51.174523432780596,0.0</coordinates>
                </LineString>
                <LineString id="31040">
                    <coordinates>10.286664603055401,51.174253942412605,0.0 10.2867317885433,51.1742218627345,0.0</coordinates>
                </LineString>
                <LineString id="31042">
                    <coordinates>10.2870658493679,51.174065490713396,0.0 10.2870275959474,51.1740318942775,0.0</coordinates>
                </LineString>
                <LineString id="31044">
                    <coordinates>10.2867748603794,51.1742022130437,0.0 10.2870658493679,51.174065490713396,0.0</coordinates>
                </LineString>
                <LineString id="31046">
                    <coordinates>10.2880716755399,51.1735980134299,0.0 10.288031051871599,51.17356353763059,0.0</coordinates>
                </LineString>
                <LineString id="31048">
                    <coordinates>10.2839874292582,51.17547668611779,0.0 10.2839932373519,51.17549937092,0.0</coordinates>
                </LineString>
                <LineString id="31050">
                    <coordinates>10.2164994838082,51.213056204642704,0.0 10.2164752160758,51.212962640663996,0.0</coordinates>
                </LineString>
                <LineString id="31052">
                    <coordinates>10.2172350089772,51.21298471554379,0.0 10.217136585389,51.2129938689407,0.0</coordinates>
                </LineString>
                <LineString id="31054">
                    <coordinates>10.2830978047105,51.177193541500394,0.0 10.2831013468043,51.1771817273212,0.0 10.283127115860598,51.1771802445849,0.0</coordinates>
                </LineString>
                <LineString id="31056">
                    <coordinates>10.2141230472093,51.213673308583985,0.0 10.2140024876908,51.21370556623619,0.0</coordinates>
                </LineString>
                <LineString id="31058">
                    <coordinates>10.2825499476705,51.17647267868799,0.0 10.2825182629799,51.176516388089695,0.0 10.2825298793503,51.17653399823689,0.0 10.2825212890922,51.176535409359985,0.0</coordinates>
                </LineString>
                <LineString id="31060">
                    <coordinates>10.281839780113998,51.1752602297307,0.0 10.281863722240999,51.1752547740571,0.0</coordinates>
                </LineString>
                <LineString id="31062">
                    <coordinates>10.2813061440991,51.175577264872,0.0 10.2812584024404,51.1755258448045,0.0</coordinates>
                </LineString>
                <LineString id="31064">
                    <coordinates>10.275451330354198,51.177623013739904,0.0 10.2754417135187,51.17762778028399,0.0</coordinates>
                </LineString>
                <LineString id="31066">
                    <coordinates>10.2856332974831,51.173689820840906,0.0 10.2856218739948,51.17362147702859,0.0 10.285611204715899,51.173557477208504,0.0 10.2855995681098,51.17348639745861,0.0 10.2855633892521,51.1734875304368,0.0 10.2855617629339,51.173474310007094,0.0</coordinates>
                </LineString>
                <LineString id="31068">
                    <coordinates>10.287263484333401,51.17449130406419,0.0 10.2872474752879,51.174499978337494,0.0</coordinates>
                </LineString>
                <LineString id="31070">
                    <coordinates>10.287581919173,51.17432979358189,0.0 10.2875700160088,51.17433649635759,0.0 10.2872999575627,51.1744714317425,0.0 10.287263484333401,51.17449130406419,0.0</coordinates>
                </LineString>
                <LineString id="31072">
                    <coordinates>10.2876771248057,51.174324588528094,0.0 10.2877221875341,51.1743616194953,0.0</coordinates>
                </LineString>
                <LineString id="31074">
                    <coordinates>10.2875925090317,51.17432379973561,0.0 10.287581919173,51.17432979358189,0.0</coordinates>
                </LineString>
                <LineString id="31076">
                    <coordinates>10.2880266129858,51.17408247288449,0.0 10.2880071539895,51.1740924092535,0.0</coordinates>
                </LineString>
                <LineString id="31078">
                    <coordinates>10.2885486930281,51.173799290590594,0.0 10.2883912529514,51.173883709495705,0.0 10.2883861982768,51.1738865931055,0.0</coordinates>
                </LineString>
                <LineString id="31080">
                    <coordinates>10.2883320015028,51.173917452374994,0.0 10.2883139293575,51.17392778664069,0.0</coordinates>
                </LineString>
                <LineString id="31082">
                    <coordinates>10.2883861982768,51.1738865931055,0.0 10.2883320015028,51.173917452374994,0.0</coordinates>
                </LineString>
                <LineString id="31084">
                    <coordinates>10.288681750480798,51.17372839467719,0.0 10.2887315678951,51.1737018670692,0.0</coordinates>
                </LineString>
                <LineString id="31086">
                    <coordinates>10.287237479687597,51.1745053695648,0.0 10.2871950587723,51.1745282921446,0.0 10.2869664699991,51.17464662786578,0.0</coordinates>
                </LineString>
                <LineString id="31088">
                    <coordinates>10.2789648293905,51.17319586021479,0.0 10.278896316505802,51.1731013525036,0.0 10.2788993171575,51.1731002639606,0.0</coordinates>
                </LineString>
                <LineString id="31090">
                    <coordinates>10.2755271036685,51.177589943320406,0.0 10.275477978134997,51.17761140546349,0.0</coordinates>
                </LineString>
                <LineString id="31092">
                    <coordinates>10.2161913771891,51.2172021512272,0.0 10.216208304725399,51.2172460262464,0.0 10.216348389085402,51.21720617104359,0.0</coordinates>
                </LineString>
                <LineString id="31094">
                    <coordinates>10.2223358684961,51.21373525997039,0.0 10.2223255184901,51.2137263829657,0.0 10.2223333721283,51.21369711557791,0.0 10.2223065027191,51.21366078546069,0.0 10.2222864855811,51.21363496025809,0.0</coordinates>
                </LineString>
                <LineString id="31096">
                    <coordinates>10.227687557277502,51.2140240471281,0.0 10.227751607908198,51.21399234015309,0.0</coordinates>
                </LineString>
                <LineString id="31098">
                    <coordinates>10.2264747821061,51.21107102084429,0.0 10.2264489201001,51.21108556051989,0.0</coordinates>
                </LineString>
                <LineString id="31100">
                    <coordinates>10.226491447382802,51.211088380376,0.0 10.2264747821061,51.21107102084429,0.0</coordinates>
                </LineString>
                <LineString id="31102">
                    <coordinates>10.2256405699577,51.21264029504089,0.0 10.225544193301298,51.21237124367119,0.0 10.2255421377614,51.21230591281219,0.0</coordinates>
                </LineString>
                <LineString id="31104">
                    <coordinates>10.2255031487568,51.211883174985005,0.0 10.225505992762,51.21187546016691,0.0</coordinates>
                </LineString>
                <LineString id="31106">
                    <coordinates>10.2240477107493,51.215065576926186,0.0 10.2239371506336,51.215098068431,0.0</coordinates>
                </LineString>
                <LineString id="31108">
                    <coordinates>10.277090888246201,51.176937290762396,0.0 10.277124670488,51.176985971964,0.0</coordinates>
                </LineString>
                <LineString id="31110">
                    <coordinates>10.2185410131188,51.21280427837559,0.0 10.2184353197751,51.2128241815343,0.0</coordinates>
                </LineString>
                <LineString id="31112">
                    <coordinates>10.2184353197751,51.2128241815343,0.0 10.2184125199147,51.2128605386326,0.0 10.2184002401493,51.212881674818284,0.0</coordinates>
                </LineString>
                <LineString id="31114">
                    <coordinates>10.2276208834317,51.213353985651885,0.0 10.2276073771875,51.213362060455495,0.0</coordinates>
                </LineString>
                <LineString id="31116">
                    <coordinates>10.2276321191988,51.2133759822749,0.0 10.2276073771875,51.213362060455495,0.0</coordinates>
                </LineString>
                <LineString id="31118">
                    <coordinates>10.2801784763354,51.174971901065895,0.0 10.2802377990401,51.1751506215074,0.0</coordinates>
                </LineString>
                <LineString id="31120">
                    <coordinates>10.2849268523437,51.1772639179662,0.0 10.2849058625043,51.17727458650688,0.0</coordinates>
                </LineString>
                <LineString id="31122">
                    <coordinates>10.2789174107598,51.177790818594396,0.0 10.278862758900202,51.17778980799509,0.0</coordinates>
                </LineString>
                <LineString id="31124">
                    <coordinates>10.2217598162032,51.212059263273886,0.0 10.221526639459,51.212005370252896,0.0 10.221390467719,51.2119017916359,0.0</coordinates>
                </LineString>
                <LineString id="31126">
                    <coordinates>10.2219811906035,51.212111915778394,0.0 10.2220243284952,51.21211934016509,0.0</coordinates>
                </LineString>
                <LineString id="31128">
                    <coordinates>10.221552664584898,51.211640989737,0.0 10.221512899390701,51.2116916885968,0.0 10.2214760419173,51.2117627658776,0.0</coordinates>
                </LineString>
                <LineString id="31130">
                    <coordinates>10.221390467719,51.2119017916359,0.0 10.2213054723638,51.211896077187,0.0 10.2210507161069,51.211884861042904,0.0 10.2209094153524,51.21185799222129,0.0</coordinates>
                </LineString>
                <LineString id="31132">
                    <coordinates>10.220757064487,51.21184007060631,0.0 10.2206965251198,51.211764986921594,0.0</coordinates>
                </LineString>
                <LineString id="31134">
                    <coordinates>10.2810623141839,51.17724530085161,0.0 10.280945987370902,51.177249111527395,0.0 10.2808473290584,51.177251986064405,0.0 10.2807279910979,51.1772690837286,0.0 10.2805387045263,51.17729541047509,0.0 10.280469845079303,51.1773057343836,0.0 10.2803771504942,51.17732552452531,0.0 10.280352688612501,51.1773306935869,0.0</coordinates>
                </LineString>
                <LineString id="31136">
                    <coordinates>10.280352688612501,51.1773306935869,0.0 10.2802684037498,51.177348162084286,0.0 10.2801661443643,51.1773955531196,0.0</coordinates>
                </LineString>
                <LineString id="31138">
                    <coordinates>10.277531723535802,51.17395014583,0.0 10.2775430520954,51.1739193616783,0.0 10.2775199969517,51.17384342044091,0.0</coordinates>
                </LineString>
                <LineString id="31140">
                    <coordinates>10.2180287146822,51.217123171330904,0.0 10.218079047841398,51.21709447002299,0.0 10.2180994940163,51.21708393096299,0.0 10.2181630855403,51.21704437437509,0.0 10.2182369944476,51.217001181239795,0.0</coordinates>
                </LineString>
                <LineString id="31142">
                    <coordinates>10.2824599949563,51.17602715974098,0.0 10.282451578198899,51.1760292925661,0.0 10.2824468604742,51.176026553434,0.0 10.2824364420458,51.17601250272708,0.0</coordinates>
                </LineString>
                <LineString id="31144">
                    <coordinates>10.279075489037002,51.17371104994,0.0 10.2789868269575,51.1737294869046,0.0</coordinates>
                </LineString>
                <LineString id="31146">
                    <coordinates>10.2282818388157,51.210232547181896,0.0 10.2283570013867,51.21021732402551,0.0 10.2284034052374,51.210272412857705,0.0 10.228425056904,51.21029858537759,0.0 10.228447675579199,51.21032977068899,0.0 10.2284614134615,51.210351076966695,0.0 10.228500229704,51.210436830945795,0.0 10.2285205953166,51.2104961642078,0.0</coordinates>
                </LineString>
                <LineString id="31148">
                    <coordinates>10.2182044477276,51.21519528888711,0.0 10.2182771897364,51.2152646175117,0.0</coordinates>
                </LineString>
                <LineString id="31150">
                    <coordinates>10.2224484007023,51.213264004587494,0.0 10.2224756214537,51.21324992690779,0.0</coordinates>
                </LineString>
                <LineString id="31152">
                    <coordinates>10.2842701152192,51.177493609093005,0.0 10.2845296170065,51.177525209273,0.0</coordinates>
                </LineString>
                <LineString id="31154">
                    <coordinates>10.2840137620494,51.17746234217201,0.0 10.2838658056149,51.1774444227427,0.0</coordinates>
                </LineString>
                <LineString id="31156">
                    <coordinates>10.2837237460449,51.1774286931599,0.0 10.2835135844297,51.177402516471496,0.0</coordinates>
                </LineString>
                <LineString id="31158">
                    <coordinates>10.2818967713053,51.1726701538291,0.0 10.2819036362311,51.17266820501919,0.0</coordinates>
                </LineString>
                <LineString id="31160">
                    <coordinates>10.2818311454221,51.1726890929925,0.0 10.2818967713053,51.1726701538291,0.0</coordinates>
                </LineString>
                <LineString id="31162">
                    <coordinates>10.2819873449441,51.1772230445976,0.0 10.2820829817383,51.17723374384609,0.0 10.2821792376052,51.17724394869169,0.0</coordinates>
                </LineString>
                <LineString id="31164">
                    <coordinates>10.2856765230464,51.17318652916529,0.0 10.2856207855397,51.17325429352311,0.0 10.2855942809169,51.173293423079194,0.0 10.2855716074533,51.173339144136804,0.0 10.2855612453941,51.17336869365629,0.0 10.285559438753602,51.17337885230091,0.0</coordinates>
                </LineString>
                <LineString id="31166">
                    <coordinates>10.2234514321359,51.2134226065145,0.0 10.223442449772202,51.2134112872453,0.0</coordinates>
                </LineString>
                <LineString id="31168">
                    <coordinates>10.2215049182973,51.2136810604328,0.0 10.2215112045888,51.21369845174559,0.0</coordinates>
                </LineString>
                <LineString id="31170">
                    <coordinates>10.2260365072865,51.2147512133786,0.0 10.2258933052919,51.214782474865,0.0</coordinates>
                </LineString>
                <LineString id="31172">
                    <coordinates>10.2315059240699,51.2120494042868,0.0 10.231510015516799,51.2119533954299,0.0</coordinates>
                </LineString>
                <LineString id="31174">
                    <coordinates>10.2169143902554,51.217997600087294,0.0 10.2168808360647,51.2180217381368,0.0</coordinates>
                </LineString>
                <LineString id="31176">
                    <coordinates>10.2155617750724,51.21849862085149,0.0 10.215422390572,51.21855876610721,0.0</coordinates>
                </LineString>
                <LineString id="31178">
                    <coordinates>10.2163601410117,51.2182289235124,0.0 10.2161375921981,51.21829351963121,0.0</coordinates>
                </LineString>
                <LineString id="31180">
                    <coordinates>10.2161375921981,51.21829351963121,0.0 10.216105689091101,51.21830343426969,0.0</coordinates>
                </LineString>
                <LineString id="31182">
                    <coordinates>10.2157621610898,51.216591236223294,0.0 10.215746909923,51.216571784189284,0.0</coordinates>
                </LineString>
                <LineString id="31184">
                    <coordinates>10.2158556532366,51.21648097578179,0.0 10.2157042221453,51.2165141040738,0.0</coordinates>
                </LineString>
                <LineString id="31186">
                    <coordinates>10.215052565974903,51.21678020901461,0.0 10.2148351951486,51.216809858506096,0.0</coordinates>
                </LineString>
                <LineString id="31188">
                    <coordinates>10.2158138526092,51.2169030428944,0.0 10.2158089784659,51.216893232969205,0.0 10.215900819135802,51.21687092755539,0.0</coordinates>
                </LineString>
                <LineString id="31190">
                    <coordinates>10.2160862682615,51.2172214589207,0.0 10.2160650376064,51.21716855576919,0.0 10.21605954249,51.21715443941059,0.0</coordinates>
                </LineString>
                <LineString id="31192">
                    <coordinates>10.2160349774958,51.21709373648599,0.0 10.216013844415299,51.21704831407419,0.0</coordinates>
                </LineString>
                <LineString id="31194">
                    <coordinates>10.2161198619732,51.21733894226651,0.0 10.2161378853936,51.21733481209389,0.0</coordinates>
                </LineString>
                <LineString id="31196">
                    <coordinates>10.2161378853936,51.21733481209389,0.0 10.2161358228281,51.217330771343505,0.0</coordinates>
                </LineString>
                <LineString id="31198">
                    <coordinates>10.2178079189147,51.21726678799761,0.0 10.2178152851255,51.21726210875271,0.0</coordinates>
                </LineString>
                <LineString id="31200">
                    <coordinates>10.2176948198108,51.21740708198178,0.0 10.217715511313399,51.21742356915189,0.0</coordinates>
                </LineString>
                <LineString id="31202">
                    <coordinates>10.2176029841442,51.2173702919256,0.0 10.2176194519487,51.21736010588431,0.0 10.217636135632,51.21735100186759,0.0 10.217689348972,51.2173300216138,0.0 10.2178079189147,51.21726678799761,0.0</coordinates>
                </LineString>
                <LineString id="31204">
                    <coordinates>10.2185844273892,51.21690825919289,0.0 10.2185366198793,51.21692901648279,0.0 10.218409322832,51.2169817980553,0.0 10.2183336277844,51.217011560771,0.0</coordinates>
                </LineString>
                <LineString id="31206">
                    <coordinates>10.2184362459583,51.2170942439425,0.0 10.2184571789522,51.2170966840738,0.0</coordinates>
                </LineString>
                <LineString id="31208">
                    <coordinates>10.2183336277844,51.217011560771,0.0 10.2184362459583,51.2170942439425,0.0</coordinates>
                </LineString>
                <LineString id="31210">
                    <coordinates>10.2178152851255,51.21726210875271,0.0 10.217894351441497,51.21720361332788,0.0 10.2179914291623,51.21714499652589,0.0 10.2180287146822,51.217123171330904,0.0</coordinates>
                </LineString>
                <LineString id="31212">
                    <coordinates>10.220213525444201,51.21633126679951,0.0 10.220202306598699,51.21632153138769,0.0 10.2201784271586,51.2163041871274,0.0</coordinates>
                </LineString>
                <LineString id="31214">
                    <coordinates>10.2170291548202,51.2179091746487,0.0 10.2169930279059,51.21793840654391,0.0</coordinates>
                </LineString>
                <LineString id="31216">
                    <coordinates>10.2154592750875,51.2159710177532,0.0 10.2154775871852,51.215966442610295,0.0 10.215480329338098,51.2159706735248,0.0</coordinates>
                </LineString>
                <LineString id="31218">
                    <coordinates>10.2159550524482,51.21566874325889,0.0 10.2160481355798,51.21565719014131,0.0</coordinates>
                </LineString>
                <LineString id="31220">
                    <coordinates>10.2157786103826,51.2156939302464,0.0 10.2159203594931,51.2156731137433,0.0 10.2159550524482,51.21566874325889,0.0</coordinates>
                </LineString>
                <LineString id="31222">
                    <coordinates>10.2152129894074,51.21566565579909,0.0 10.2152428089809,51.2156614629209,0.0</coordinates>
                </LineString>
                <LineString id="31224">
                    <coordinates>10.2152635937184,51.2157303068205,0.0 10.2152514682729,51.215683322584695,0.0</coordinates>
                </LineString>
                <LineString id="31226">
                    <coordinates>10.215323565935698,51.2158529301203,0.0 10.215417691629797,51.21583700652129,0.0</coordinates>
                </LineString>
                <LineString id="31228">
                    <coordinates>10.215417691629797,51.21583700652129,0.0 10.215464057915499,51.2158302161932,0.0</coordinates>
                </LineString>
                <LineString id="31230">
                    <coordinates>10.2169796573833,51.215749466709894,0.0 10.2170519046996,51.215863834944805,0.0 10.2171447228965,51.21601263161449,0.0 10.2172767148602,51.216231585595295,0.0 10.217332282164001,51.2163194142977,0.0 10.217404712250298,51.2164305758272,0.0 10.2174009690637,51.21653087758389,0.0 10.2174294851271,51.2165686182846,0.0</coordinates>
                </LineString>
                <LineString id="31232">
                    <coordinates>10.2160146971211,51.21576061710899,0.0 10.216028182968001,51.2157590696993,0.0 10.216102834852,51.2157462917216,0.0 10.216122681532598,51.2157497854699,0.0 10.216155407715302,51.2157451961718,0.0</coordinates>
                </LineString>
                <LineString id="31234">
                    <coordinates>10.2160189502145,51.21578798304729,0.0 10.2160146971211,51.21576061710899,0.0</coordinates>
                </LineString>
                <LineString id="31236">
                    <coordinates>10.215819660879301,51.215783597003096,0.0 10.215839951447302,51.215782270203405,0.0</coordinates>
                </LineString>
                <LineString id="31238">
                    <coordinates>10.2190802226381,51.214898749309704,0.0 10.219042784058702,51.2148759845902,0.0 10.2189151332978,51.21482268522169,0.0</coordinates>
                </LineString>
                <LineString id="31240">
                    <coordinates>10.2168334388791,51.215573184536304,0.0 10.2168305318657,51.215565436247495,0.0</coordinates>
                </LineString>
                <LineString id="31242">
                    <coordinates>10.2165014380906,51.21560766203629,0.0 10.2165633898144,51.215600910984115,0.0 10.2166330372537,51.215595769409795,0.0 10.2167571981145,51.215587089427494,0.0 10.2168055690401,51.2155784143469,0.0 10.2168173622247,51.21557658935328,0.0 10.2168334388791,51.215573184536304,0.0</coordinates>
                </LineString>
                <LineString id="31244">
                    <coordinates>10.2165014380906,51.21560766203629,0.0 10.2165032954867,51.215592183449004,0.0</coordinates>
                </LineString>
                <LineString id="31246">
                    <coordinates>10.219499196144199,51.213649631900005,0.0 10.2195535242593,51.213649721182,0.0</coordinates>
                </LineString>
                <LineString id="31248">
                    <coordinates>10.2244813451042,51.215651546349385,0.0 10.224508022877298,51.21564416612208,0.0</coordinates>
                </LineString>
                <LineString id="31250">
                    <coordinates>10.2242885525053,51.2164955037565,0.0 10.2243383304724,51.2164245407455,0.0</coordinates>
                </LineString>
                <LineString id="31252">
                    <coordinates>10.2215182387101,51.2130538228011,0.0 10.2215369344506,51.213046672560104,0.0</coordinates>
                </LineString>
                <LineString id="31254">
                    <coordinates>10.220234297586499,51.21353354752819,0.0 10.2203303028684,51.21360870322611,0.0 10.2203456058193,51.2136041804581,0.0</coordinates>
                </LineString>
                <LineString id="31256">
                    <coordinates>10.220770815387,51.2141550129322,0.0 10.2207270606592,51.2141702412433,0.0</coordinates>
                </LineString>
                <LineString id="31258">
                    <coordinates>10.2198012496384,51.21453307573649,0.0 10.2197924225916,51.214536681115284,0.0</coordinates>
                </LineString>
                <LineString id="31260">
                    <coordinates>10.2197924225916,51.214536681115284,0.0 10.2198413808642,51.21459775425081,0.0</coordinates>
                </LineString>
                <LineString id="31262">
                    <coordinates>10.221174995803,51.21384708107891,0.0 10.2211587428293,51.213830563080805,0.0 10.2211474554129,51.2138345087279,0.0 10.221146656674598,51.213839638581895,0.0</coordinates>
                </LineString>
                <LineString id="31264">
                    <coordinates>10.2214268685658,51.2136811060231,0.0 10.2214506685353,51.21371981687,0.0 10.2214173735591,51.21373439531959,0.0</coordinates>
                </LineString>
                <LineString id="31266">
                    <coordinates>10.2225050093783,51.213319736166895,0.0 10.2224787298243,51.21333464619111,0.0</coordinates>
                </LineString>
                <LineString id="31268">
                    <coordinates>10.2215364540793,51.21382514683701,0.0 10.2213558220418,51.21392928722519,0.0 10.2213346343007,51.213942413543805,0.0</coordinates>
                </LineString>
                <LineString id="31270">
                    <coordinates>10.2227075473776,51.2132323774348,0.0 10.222712270393,51.2132368450155,0.0</coordinates>
                </LineString>
                <LineString id="31272">
                    <coordinates>10.2251997014779,51.212824646639,0.0 10.2253341731887,51.21281967378119,0.0 10.2256364685758,51.2128122378632,0.0 10.2256664792653,51.2128119376888,0.0</coordinates>
                </LineString>
                <LineString id="31274">
                    <coordinates>10.222693240974,51.2128908020016,0.0 10.2226817791455,51.2128847847833,0.0 10.2226055221336,51.2129197286378,0.0 10.2226126537549,51.21292408896671,0.0</coordinates>
                </LineString>
                <LineString id="31276">
                    <coordinates>10.2238197682676,51.213865157987904,0.0 10.2239165602208,51.2139784560771,0.0 10.2240259236745,51.21410876417579,0.0 10.2238542063974,51.2141371633318,0.0 10.2238446015983,51.21411894869761,0.0</coordinates>
                </LineString>
                <LineString id="31278">
                    <coordinates>10.2237618131952,51.2137740419547,0.0 10.2238651889364,51.2137552225032,0.0</coordinates>
                </LineString>
                <LineString id="31280">
                    <coordinates>10.2224152497351,51.215166056127494,0.0 10.2223109078912,51.215219541113285,0.0 10.222301330281399,51.2152247983381,0.0</coordinates>
                </LineString>
                <LineString id="31282">
                    <coordinates>10.2219290447551,51.215425056954196,0.0 10.2219089373759,51.2154350175071,0.0</coordinates>
                </LineString>
                <LineString id="31284">
                    <coordinates>10.2210804839562,51.21600446337669,0.0 10.2210248860789,51.215919854263696,0.0 10.221041244770298,51.21589946300939,0.0 10.221017513468599,51.21588198632889,0.0</coordinates>
                </LineString>
                <LineString id="31286">
                    <coordinates>10.2224993947829,51.2127836071402,0.0 10.2225200194449,51.212793269429596,0.0 10.2224833402489,51.21280878563069,0.0</coordinates>
                </LineString>
                <LineString id="31288">
                    <coordinates>10.2225935710527,51.21271593502169,0.0 10.2226000918167,51.212716456549295,0.0 10.222620297613501,51.2127295644279,0.0 10.2226015597641,51.2127381884791,0.0</coordinates>
                </LineString>
                <LineString id="31290">
                    <coordinates>10.2221361452702,51.21268870755989,0.0 10.222163848932102,51.2126527838164,0.0</coordinates>
                </LineString>
                <LineString id="31292">
                    <coordinates>10.2243618780595,51.21300316408641,0.0 10.2243643826568,51.212999444472786,0.0 10.2243504423452,51.21297859310959,0.0</coordinates>
                </LineString>
                <LineString id="31294">
                    <coordinates>10.223522574205399,51.213132930019995,0.0 10.223657165280002,51.2130988349278,0.0 10.2237641536124,51.2130649410752,0.0 10.223966469921198,51.213036475994606,0.0 10.224059812777,51.21302765328271,0.0</coordinates>
                </LineString>
                <LineString id="31296">
                    <coordinates>10.2245441014498,51.21295638723049,0.0 10.224545559686101,51.2129534518061,0.0 10.2245354865123,51.2129384843183,0.0</coordinates>
                </LineString>
                <LineString id="31298">
                    <coordinates>10.2246656204836,51.2129126986722,0.0 10.22475422096,51.2128976636509,0.0 10.2248258801394,51.2128847358624,0.0</coordinates>
                </LineString>
                <LineString id="31300">
                    <coordinates>10.2251962627141,51.2128467176442,0.0 10.2252006562842,51.21284263111811,0.0 10.2251997014779,51.212824646639,0.0</coordinates>
                </LineString>
                <LineString id="31302">
                    <coordinates>10.2301789643084,51.2124992458725,0.0 10.2302347368435,51.21248476209669,0.0</coordinates>
                </LineString>
                <LineString id="31304">
                    <coordinates>10.2294639219551,51.212646484992604,0.0 10.2294839547914,51.2126417539082,0.0 10.2296781918474,51.21259727233021,0.0</coordinates>
                </LineString>
                <LineString id="31306">
                    <coordinates>10.2293191648523,51.2126468661891,0.0 10.2293246920108,51.2126486667967,0.0 10.2293411882001,51.21267570503279,0.0</coordinates>
                </LineString>
                <LineString id="31308">
                    <coordinates>10.2289802592542,51.2127707648992,0.0 10.229016293049,51.212761196939596,0.0 10.2291796964591,51.2127172295043,0.0</coordinates>
                </LineString>
                <LineString id="31310">
                    <coordinates>10.2280515398406,51.212994373044204,0.0 10.2282312453251,51.2129515706476,0.0 10.228263237844601,51.212944009327806,0.0</coordinates>
                </LineString>
                <LineString id="31312">
                    <coordinates>10.2275481530217,51.2130864177832,0.0 10.2275512408264,51.21308912543189,0.0 10.227557880685598,51.21310966808541,0.0</coordinates>
                </LineString>
                <LineString id="31314">
                    <coordinates>10.2264272396412,51.2128472359846,0.0 10.2264280880165,51.21283073513939,0.0</coordinates>
                </LineString>
                <LineString id="31316">
                    <coordinates>10.2272178570015,51.21316180864089,0.0 10.2272520864353,51.21320634861771,0.0</coordinates>
                </LineString>
                <LineString id="31318">
                    <coordinates>10.2253131814293,51.21381251485539,0.0 10.2252971809318,51.21380540427929,0.0 10.2252726299582,51.213814084448295,0.0</coordinates>
                </LineString>
                <LineString id="31320">
                    <coordinates>10.2303386810897,51.212536495063894,0.0 10.2302846390544,51.212552506299,0.0</coordinates>
                </LineString>
                <LineString id="31322">
                    <coordinates>10.2285769829901,51.213055247585906,0.0 10.2285843890199,51.21307635013309,0.0 10.228655371355398,51.2130620163878,0.0 10.2285988296537,51.2129715174841,0.0 10.228583891791,51.2129478917652,0.0 10.2285564230222,51.2129453545222,0.0</coordinates>
                </LineString>
                <LineString id="31324">
                    <coordinates>10.229544422045501,51.2126970909344,0.0 10.2294381945554,51.212724340346284,0.0</coordinates>
                </LineString>
                <LineString id="31326">
                    <coordinates>10.227045989307902,51.2133064892685,0.0 10.2270154058422,51.21325086647769,0.0</coordinates>
                </LineString>
                <LineString id="31328">
                    <coordinates>10.2268849736114,51.213278466095105,0.0 10.2268682595964,51.213281736778484,0.0 10.226730073605301,51.21331184369461,0.0 10.226639619530697,51.21333302791118,0.0</coordinates>
                </LineString>
                <LineString id="31330">
                    <coordinates>10.2261364226435,51.2135056602898,0.0 10.2260491611906,51.2135506516682,0.0 10.2260184378491,51.213566510945085,0.0 10.2259854556294,51.2135778322413,0.0 10.2258930979487,51.2136075630092,0.0</coordinates>
                </LineString>
                <LineString id="31332">
                    <coordinates>10.2252726299582,51.213814084448295,0.0 10.225205626284998,51.2138414033717,0.0</coordinates>
                </LineString>
                <LineString id="31334">
                    <coordinates>10.2238651889364,51.2137552225032,0.0 10.2239140179764,51.2138138198432,0.0 10.2239717320054,51.2138855328103,0.0 10.2240449412353,51.213979729856504,0.0 10.224099831150602,51.2140471029276,0.0 10.2241447205436,51.214095014808194,0.0 10.2241725093074,51.21412050811939,0.0</coordinates>
                </LineString>
                <LineString id="31336">
                    <coordinates>10.2311196879002,51.2122184044482,0.0 10.2310581921473,51.21215364069959,0.0</coordinates>
                </LineString>
                <LineString id="31338">
                    <coordinates>10.2220019707013,51.21219857558881,0.0 10.2218860911405,51.2122719764512,0.0</coordinates>
                </LineString>
                <LineString id="31340">
                    <coordinates>10.2280985004047,51.2102819108864,0.0 10.2281635138493,51.21026562626909,0.0 10.2282083116276,51.2102543843467,0.0</coordinates>
                </LineString>
                <LineString id="31342">
                    <coordinates>10.2264740512073,51.21081536646581,0.0 10.2264976998634,51.21080814665579,0.0 10.2267341267618,51.2107352551988,0.0 10.2269585737212,51.21067690658539,0.0</coordinates>
                </LineString>
                <LineString id="31344">
                    <coordinates>10.2262888635003,51.2108632070737,0.0 10.2262916597021,51.210877974243594,0.0</coordinates>
                </LineString>
                <LineString id="31346">
                    <coordinates>10.2260863453056,51.21093634187249,0.0 10.2262373802472,51.2108945912971,0.0 10.2262746210219,51.21088450310611,0.0 10.2262916597021,51.210877974243594,0.0</coordinates>
                </LineString>
                <LineString id="31348">
                    <coordinates>10.226044171841199,51.21094816213189,0.0 10.2260863453056,51.21093634187249,0.0</coordinates>
                </LineString>
                <LineString id="31350">
                    <coordinates>10.225578396551597,51.2110798097481,0.0 10.2256071684887,51.21111880188689,0.0</coordinates>
                </LineString>
                <LineString id="31352">
                    <coordinates>10.2258187102326,51.21129813088239,0.0 10.2258009191537,51.21124935387669,0.0 10.2257872693389,51.211250369539805,0.0</coordinates>
                </LineString>
                <LineString id="31354">
                    <coordinates>10.2246587386154,51.2113239254496,0.0 10.2246529126475,51.21131277999839,0.0</coordinates>
                </LineString>
                <LineString id="31356">
                    <coordinates>10.2244261695975,51.21170804273359,0.0 10.2244574030008,51.211752610025705,0.0 10.2244763107741,51.211775658257594,0.0 10.224486020179603,51.21179338001219,0.0 10.2244897967856,51.211806085524294,0.0 10.2244976067835,51.2118315184222,0.0</coordinates>
                </LineString>
                <LineString id="31358">
                    <coordinates>10.2243501528695,51.2115856841361,0.0 10.2242162184515,51.21161623012799,0.0 10.224220475938598,51.2116231267402,0.0</coordinates>
                </LineString>
                <LineString id="31360">
                    <coordinates>10.2243571864768,51.211597432240104,0.0 10.2243858578033,51.21164609585371,0.0 10.224388084066799,51.211649986121394,0.0</coordinates>
                </LineString>
                <LineString id="31362">
                    <coordinates>10.223619715765098,51.2122670077636,0.0 10.2236103573037,51.2122580290552,0.0 10.223591145155698,51.2122376908925,0.0</coordinates>
                </LineString>
                <LineString id="31364">
                    <coordinates>10.223353580006,51.2117672514641,0.0 10.2233685579058,51.21176259751719,0.0</coordinates>
                </LineString>
                <LineString id="31366">
                    <coordinates>10.2195703107008,51.21259393489469,0.0 10.219550173233698,51.21264070659421,0.0</coordinates>
                </LineString>
                <LineString id="31368">
                    <coordinates>10.2192426575946,51.2126896148113,0.0 10.2195149883205,51.21264565496669,0.0 10.219550173233698,51.21264070659421,0.0</coordinates>
                </LineString>
                <LineString id="31370">
                    <coordinates>10.219749348521502,51.2126480781252,0.0 10.2197516048081,51.21260551119539,0.0 10.2197469915949,51.2125113209471,0.0 10.2197310359492,51.2125027090359,0.0</coordinates>
                </LineString>
                <LineString id="31372">
                    <coordinates>10.220889241787198,51.212885482155784,0.0 10.2208650835944,51.212933370582,0.0 10.2207065464254,51.213009430007496,0.0</coordinates>
                </LineString>
                <LineString id="31374">
                    <coordinates>10.221235511760801,51.21231790707651,0.0 10.2214776248409,51.21227877826859,0.0 10.221489015467698,51.21227808835819,0.0</coordinates>
                </LineString>
                <LineString id="31376">
                    <coordinates>10.2211626412785,51.2123288365671,0.0 10.221235511760801,51.21231790707651,0.0</coordinates>
                </LineString>
                <LineString id="31378">
                    <coordinates>10.2203211336589,51.2132464397904,0.0 10.2202394587471,51.213175673107585,0.0 10.220218086022602,51.21315646118001,0.0 10.220168454849999,51.2131173303105,0.0 10.2201309665975,51.213089935579994,0.0 10.2200689376668,51.2130352890406,0.0 10.2200027652333,51.21305287301859,0.0 10.219975847853902,51.2130312124854,0.0</coordinates>
                </LineString>
                <LineString id="31380">
                    <coordinates>10.2188855308795,51.2127478804789,0.0 10.2188501454091,51.2127535717289,0.0</coordinates>
                </LineString>
                <LineString id="31382">
                    <coordinates>10.2265203941985,51.2144194714606,0.0 10.226467150746698,51.214346020634395,0.0</coordinates>
                </LineString>
                <LineString id="31384">
                    <coordinates>10.214293035696299,51.21483535951259,0.0 10.214274625625698,51.214836184350894,0.0</coordinates>
                </LineString>
                <LineString id="31386">
                    <coordinates>10.213982446696,51.216883553530586,0.0 10.2140462580823,51.21687466570781,0.0 10.2141012115661,51.216867566453,0.0 10.214178043522098,51.2168991501888,0.0 10.2141879298001,51.21690260017059,0.0 10.214199385637501,51.216898406053105,0.0</coordinates>
                </LineString>
                <LineString id="31388">
                    <coordinates>10.2858444055911,51.17779667743049,0.0 10.2858658637689,51.1778092534501,0.0</coordinates>
                </LineString>
                <LineString id="31390">
                    <coordinates>10.2862685271679,51.176705262115,0.0 10.2863439931535,51.176683704777695,0.0</coordinates>
                </LineString>
                <LineString id="31392">
                    <coordinates>10.285620497871601,51.1766468757533,0.0 10.2856258346778,51.17665529620379,0.0</coordinates>
                </LineString>
                <LineString id="31394">
                    <coordinates>10.2869026284798,51.1763695298747,0.0 10.2868798587995,51.17634797230338,0.0</coordinates>
                </LineString>
                <LineString id="31396">
                    <coordinates>10.287160795044098,51.1762528947376,0.0 10.2872094855214,51.1762198248915,0.0</coordinates>
                </LineString>
                <LineString id="31398">
                    <coordinates>10.2877219175292,51.1756600058095,0.0 10.2876872145632,51.17566989884979,0.0</coordinates>
                </LineString>
                <LineString id="31400">
                    <coordinates>10.2875849678077,51.173895653993085,0.0 10.2875645278496,51.173888828480585,0.0</coordinates>
                </LineString>
                <LineString id="31402">
                    <coordinates>10.285761063825301,51.17358238925299,0.0 10.2857726956508,51.1735914952331,0.0</coordinates>
                </LineString>
                <LineString id="31404">
                    <coordinates>10.288823617973902,51.173795427592694,0.0 10.2887909809638,51.1737835426243,0.0</coordinates>
                </LineString>
                <LineString id="31406">
                    <coordinates>10.2884827211858,51.17398718619089,0.0 10.288466984442397,51.17395373978591,0.0</coordinates>
                </LineString>
                <LineString id="31408">
                    <coordinates>10.287084357788899,51.1733384205422,0.0 10.287076473376201,51.1733296751948,0.0</coordinates>
                </LineString>
                <LineString id="31410">
                    <coordinates>10.2152999272247,51.216990460735,0.0 10.2153153490379,51.21696364647029,0.0</coordinates>
                </LineString>
                <LineString id="31412">
                    <coordinates>10.2164237919603,51.217795098388095,0.0 10.2164694230246,51.217777742779596,0.0</coordinates>
                </LineString>
                <LineString id="31414">
                    <coordinates>10.216097836466998,51.2173618174742,0.0 10.2161261002954,51.217351236090586,0.0</coordinates>
                </LineString>
                <LineString id="31416">
                    <coordinates>10.216387709751,51.21696899797409,0.0 10.216392247472,51.2169678805064,0.0</coordinates>
                </LineString>
                <LineString id="31418">
                    <coordinates>10.215975654431599,51.217171328630094,0.0 10.2160095998876,51.21716595788641,0.0</coordinates>
                </LineString>
                <LineString id="31420">
                    <coordinates>10.2173066827241,51.21563588537728,0.0 10.217299567424202,51.215611082851694,0.0</coordinates>
                </LineString>
                <LineString id="31422">
                    <coordinates>10.2154824606023,51.215973303984,0.0 10.215480329338098,51.2159706735248,0.0</coordinates>
                </LineString>
                <LineString id="31424">
                    <coordinates>10.2146100127353,51.2157720918413,0.0 10.214623736287,51.2157991977642,0.0</coordinates>
                </LineString>
                <LineString id="31426">
                    <coordinates>10.2210955116634,51.2160267969371,0.0 10.2210804839562,51.21600446337669,0.0</coordinates>
                </LineString>
                <LineString id="31428">
                    <coordinates>10.2198141696171,51.2164687559845,0.0 10.2197987029813,51.21644593913941,0.0</coordinates>
                </LineString>
                <LineString id="31430">
                    <coordinates>10.219030410207,51.21655998775089,0.0 10.219026781644798,51.2165616585237,0.0</coordinates>
                </LineString>
                <LineString id="31432">
                    <coordinates>10.2177894772375,51.21554164720279,0.0 10.2177537859822,51.215550380915595,0.0</coordinates>
                </LineString>
                <LineString id="31434">
                    <coordinates>10.2186610979482,51.21476640158131,0.0 10.2186498092761,51.2147618339139,0.0</coordinates>
                </LineString>
                <LineString id="31436">
                    <coordinates>10.2221790581238,51.21546703299771,0.0 10.2221492703123,51.2154462553063,0.0</coordinates>
                </LineString>
                <LineString id="31438">
                    <coordinates>10.2209380356554,51.21418098135231,0.0 10.2209338411731,51.214179515236395,0.0</coordinates>
                </LineString>
                <LineString id="31440">
                    <coordinates>10.2201978814472,51.21446880065,0.0 10.220195513616499,51.2144656183207,0.0</coordinates>
                </LineString>
                <LineString id="31442">
                    <coordinates>10.220255172427597,51.214449229672695,0.0 10.2202530628799,51.2144464018624,0.0</coordinates>
                </LineString>
                <LineString id="31444">
                    <coordinates>10.2215653992912,51.213836922396695,0.0 10.221565212724098,51.21383396201709,0.0</coordinates>
                </LineString>
                <LineString id="31446">
                    <coordinates>10.220716797024302,51.21341725964191,0.0 10.2207497853553,51.21340395323869,0.0</coordinates>
                </LineString>
                <LineString id="31448">
                    <coordinates>10.222717057453101,51.213241879906995,0.0 10.222712270393,51.2132368450155,0.0</coordinates>
                </LineString>
                <LineString id="31450">
                    <coordinates>10.2226391359613,51.212939980010304,0.0 10.2226126537549,51.21292408896671,0.0</coordinates>
                </LineString>
                <LineString id="31452">
                    <coordinates>10.219572807271698,51.2131699661804,0.0 10.2195823429384,51.2131375782262,0.0</coordinates>
                </LineString>
                <LineString id="31454">
                    <coordinates>10.2292242339225,51.212830415781994,0.0 10.229199459894298,51.2127956741537,0.0</coordinates>
                </LineString>
                <LineString id="31456">
                    <coordinates>10.2287132280574,51.21291672282751,0.0 10.228712313070098,51.212914084049295,0.0</coordinates>
                </LineString>
                <LineString id="31458">
                    <coordinates>10.2290586575347,51.21284183541369,0.0 10.2290509752828,51.2128327836251,0.0</coordinates>
                </LineString>
                <LineString id="31460">
                    <coordinates>10.2301451570964,51.2124566998222,0.0 10.230159489603299,51.2124748505763,0.0</coordinates>
                </LineString>
                <LineString id="31462">
                    <coordinates>10.2291070817333,51.2126800920086,0.0 10.2291687255799,51.2126659133181,0.0</coordinates>
                </LineString>
                <LineString id="31464">
                    <coordinates>10.2256359414128,51.2136388048831,0.0 10.2256401116285,51.213644630366495,0.0</coordinates>
                </LineString>
                <LineString id="31466">
                    <coordinates>10.2254980807998,51.2138455228779,0.0 10.2254862337903,51.21384951439511,0.0</coordinates>
                </LineString>
                <LineString id="31468">
                    <coordinates>10.2253421600946,51.21212352248159,0.0 10.2253374768325,51.212128818202586,0.0</coordinates>
                </LineString>
                <LineString id="31470">
                    <coordinates>10.2238671634662,51.212972231404294,0.0 10.2238705068648,51.212974241849196,0.0</coordinates>
                </LineString>
                <LineString id="31472">
                    <coordinates>10.223307429822999,51.21237759411079,0.0 10.2232995733418,51.212378310876595,0.0</coordinates>
                </LineString>
                <LineString id="31474">
                    <coordinates>10.2256566845821,51.2117984033739,0.0 10.225656107684001,51.21179367514289,0.0</coordinates>
                </LineString>
                <LineString id="31476">
                    <coordinates>10.225447817754898,51.21122050238669,0.0 10.2255103293614,51.21120196988711,0.0</coordinates>
                </LineString>
                <LineString id="31478">
                    <coordinates>10.226497657609602,51.211093256887686,0.0 10.226491447382802,51.211088380376,0.0</coordinates>
                </LineString>
                <LineString id="31480">
                    <coordinates>10.22618610279,51.2109925368517,0.0 10.2261403212758,51.2109697378502,0.0</coordinates>
                </LineString>
                <LineString id="31482">
                    <coordinates>10.2262272168676,51.2108163814727,0.0 10.226134007818098,51.2108397349459,0.0</coordinates>
                </LineString>
                <LineString id="31484">
                    <coordinates>10.2268201502303,51.21100007654859,0.0 10.2268156665134,51.2109919810019,0.0</coordinates>
                </LineString>
                <LineString id="31486">
                    <coordinates>10.2282468360092,51.210309677585194,0.0 10.2282368238817,51.2102960867306,0.0</coordinates>
                </LineString>
                <LineString id="31488">
                    <coordinates>10.2216878161145,51.2117699390208,0.0 10.221672474659501,51.2117728792246,0.0</coordinates>
                </LineString>
                <LineString id="31490">
                    <coordinates>10.2212456590621,51.2116211412474,0.0 10.221249230228,51.2116313536555,0.0</coordinates>
                </LineString>
                <LineString id="31492">
                    <coordinates>10.2217314261796,51.211607855678,0.0 10.2217171264026,51.2116093913725,0.0</coordinates>
                </LineString>
                <LineString id="31494">
                    <coordinates>10.2313322170057,51.21201086653971,0.0 10.2313759126902,51.212053094211996,0.0</coordinates>
                </LineString>
                <LineString id="31496">
                    <coordinates>10.2804323486608,51.1774133541525,0.0 10.2804222905269,51.17740462136279,0.0</coordinates>
                </LineString>
                <LineString id="31498">
                    <coordinates>10.2816629127035,51.17731319208769,0.0 10.2816815620081,51.1772789372406,0.0</coordinates>
                </LineString>
                <LineString id="31500">
                    <coordinates>10.2805905290153,51.17630557279269,0.0 10.2805943753472,51.1763228981633,0.0</coordinates>
                </LineString>
                <LineString id="31502">
                    <coordinates>10.279179246842197,51.17743647333979,0.0 10.2791395768064,51.17742987596359,0.0</coordinates>
                </LineString>
                <LineString id="31504">
                    <coordinates>10.2794619814972,51.177138403491,0.0 10.279461510048302,51.1771356997054,0.0</coordinates>
                </LineString>
                <LineString id="31506">
                    <coordinates>10.2787426360961,51.1766581042793,0.0 10.2787397886341,51.1766554554347,0.0</coordinates>
                </LineString>
                <LineString id="31508">
                    <coordinates>10.2781095714926,51.1766966055418,0.0 10.278061481987699,51.1767148837392,0.0</coordinates>
                </LineString>
                <LineString id="31510">
                    <coordinates>10.2846962485033,51.1772066637148,0.0 10.284713064217097,51.177189776212984,0.0</coordinates>
                </LineString>
                <LineString id="31512">
                    <coordinates>10.2842547384763,51.1773649505565,0.0 10.2842489325077,51.1773714906922,0.0</coordinates>
                </LineString>
                <LineString id="31514">
                    <coordinates>10.284006346036,51.1775542679857,0.0 10.2839928294006,51.17753119147459,0.0</coordinates>
                </LineString>
                <LineString id="31516">
                    <coordinates>10.2832245877726,51.176832989636,0.0 10.2832117378235,51.176820476492395,0.0</coordinates>
                </LineString>
                <LineString id="31518">
                    <coordinates>10.2820993981402,51.177403158423495,0.0 10.2821004084283,51.1773940578936,0.0</coordinates>
                </LineString>
                <LineString id="31520">
                    <coordinates>10.2819369602587,51.17709797093839,0.0 10.2819265680294,51.1771005331869,0.0</coordinates>
                </LineString>
                <LineString id="31522">
                    <coordinates>10.2821264215113,51.176206557006594,0.0 10.2821336252179,51.1762313030111,0.0</coordinates>
                </LineString>
                <LineString id="31524">
                    <coordinates>10.2824839893029,51.1760214619888,0.0 10.282479907144,51.17602317300489,0.0</coordinates>
                </LineString>
                <LineString id="31526">
                    <coordinates>10.282987391264601,51.1756366104824,0.0 10.283018762854303,51.175619406425,0.0</coordinates>
                </LineString>
                <LineString id="31528">
                    <coordinates>10.2841768755482,51.174980995909785,0.0 10.2841412985311,51.17497242860909,0.0</coordinates>
                </LineString>
                <LineString id="31530">
                    <coordinates>10.2838468819192,51.1749749250157,0.0 10.2838296512199,51.174954841443686,0.0</coordinates>
                </LineString>
                <LineString id="31532">
                    <coordinates>10.2807894357926,51.175281101962184,0.0 10.280762281885,51.1752848561565,0.0</coordinates>
                </LineString>
                <LineString id="31534">
                    <coordinates>10.2815933859914,51.1752695924054,0.0 10.281646800908398,51.1752657112653,0.0</coordinates>
                </LineString>
                <LineString id="31536">
                    <coordinates>10.2815506056008,51.17504464883701,0.0 10.281571403923198,51.1750387425256,0.0</coordinates>
                </LineString>
                <LineString id="31538">
                    <coordinates>10.2823810097813,51.175097383878686,0.0 10.2823884206248,51.1751103926104,0.0</coordinates>
                </LineString>
                <LineString id="31540">
                    <coordinates>10.2831791571819,51.17435228807519,0.0 10.2832046680071,51.1743434661,0.0</coordinates>
                </LineString>
                <LineString id="31542">
                    <coordinates>10.2830341792578,51.1742424844753,0.0 10.283065490749502,51.1742299540717,0.0</coordinates>
                </LineString>
                <LineString id="31544">
                    <coordinates>10.283804343104201,51.174539730202596,0.0 10.2838443142322,51.174565909579606,0.0</coordinates>
                </LineString>
                <LineString id="31546">
                    <coordinates>10.2816480377749,51.17261007413901,0.0 10.281676347753303,51.17259786860009,0.0</coordinates>
                </LineString>
                <LineString id="31548">
                    <coordinates>10.2794630178713,51.1757092299763,0.0 10.2794577392613,51.1757096557736,0.0</coordinates>
                </LineString>
                <LineString id="31550">
                    <coordinates>10.2780055229975,51.173774344549,0.0 10.2780474272726,51.17380610990589,0.0</coordinates>
                </LineString>
                <LineString id="31552">
                    <coordinates>10.2803523743982,51.1732882934546,0.0 10.2803575586167,51.1732880909691,0.0</coordinates>
                </LineString>
                <LineString id="31554">
                    <coordinates>10.2801074986439,51.1727437861555,0.0 10.280111935715201,51.1727413702674,0.0</coordinates>
                </LineString>
                <LineString id="31556">
                    <coordinates>10.2804427842413,51.1727170887886,0.0 10.2804376524643,51.17271626724329,0.0</coordinates>
                </LineString>
                <LineString id="31558">
                    <coordinates>10.2792812551722,51.17326375514179,0.0 10.2793371115569,51.173244547885886,0.0</coordinates>
                </LineString>
                <LineString id="31560">
                    <coordinates>10.214988629811797,51.2157803385607,0.0 10.2150110545003,51.215778235395405,0.0 10.2150736475899,51.21577341866439,0.0</coordinates>
                </LineString>
                <LineString id="31562">
                    <coordinates>10.2154685628467,51.21909114489039,0.0 10.2155852506608,51.219108664429314,0.0</coordinates>
                </LineString>
                <LineString id="31564">
                    <coordinates>10.228886632764102,51.2111217450209,0.0 10.2289055501286,51.2111468332881,0.0 10.2287659548905,51.211164255056396,0.0 10.2287557130487,51.21115030119391,0.0</coordinates>
                </LineString>
                <LineString id="31566">
                    <coordinates>10.2286216565026,51.21073634684169,0.0 10.228886632764102,51.2111217450209,0.0</coordinates>
                </LineString>
                <LineString id="31568">
                    <coordinates>10.287774897253502,51.1753442246275,0.0 10.2877799926657,51.175341791114995,0.0 10.287845152880198,51.1753146074114,0.0 10.2878109569146,51.17528764194498,0.0</coordinates>
                </LineString>
                <LineString id="31570">
                    <coordinates>10.270736623925798,51.178833245159694,0.0 10.270681740153602,51.17866059940061,0.0</coordinates>
                </LineString>
                <LineString id="31572">
                    <coordinates>10.2870910536872,51.17516482690089,0.0 10.287074242684701,51.175172365723384,0.0</coordinates>
                </LineString>
                <LineString id="31574">
                    <coordinates>10.217251836735597,51.217615634360996,0.0 10.2173288498773,51.2175462127726,0.0 10.2174101632942,51.2174833020937,0.0 10.2174549150883,51.2174553340956,0.0 10.2176029841442,51.2173702919256,0.0</coordinates>
                </LineString>
                <LineString id="31576">
                    <coordinates>10.2176029841442,51.2173702919256,0.0 10.2174677534561,51.217301117012894,0.0</coordinates>
                </LineString>
                <LineString id="31578">
                    <coordinates>10.2883356708661,51.1751315208136,0.0 10.288403967465,51.1750945391722,0.0</coordinates>
                </LineString>
                <LineString id="31580">
                    <coordinates>10.222446538376499,51.21326813844229,0.0 10.2225028246698,51.21331774327889,0.0</coordinates>
                </LineString>
                <LineString id="31582">
                    <coordinates>10.2224443969318,51.21326613722069,0.0 10.222446538376499,51.21326813844229,0.0</coordinates>
                </LineString>
                <LineString id="31584">
                    <coordinates>10.2860882028528,51.1751491714463,0.0 10.2861376079491,51.17517976721171,0.0</coordinates>
                </LineString>
                <LineString id="31586">
                    <coordinates>10.2815825101365,51.177219671128995,0.0 10.2815711962753,51.17714736416471,0.0 10.281510953732,51.17710208925629,0.0</coordinates>
                </LineString>
                <LineString id="31588">
                    <coordinates>10.281507433911,51.1772221913513,0.0 10.2815825101365,51.177219671128995,0.0</coordinates>
                </LineString>
                <LineString id="31590">
                    <coordinates>10.2844312736926,51.17649157437179,0.0 10.2844029644149,51.1764493671021,0.0</coordinates>
                </LineString>
                <LineString id="31592">
                    <coordinates>10.2247015548941,51.2156084288165,0.0 10.2247056859318,51.2156156471081,0.0</coordinates>
                </LineString>
                <LineString id="31594">
                    <coordinates>10.2248810407995,51.2155787618297,0.0 10.224893725000001,51.215575717975696,0.0 10.2249108346491,51.21564149286699,0.0</coordinates>
                </LineString>
                <LineString id="31596">
                    <coordinates>10.2873288219537,51.1753269180826,0.0 10.287323538744701,51.1753286296665,0.0</coordinates>
                </LineString>
                <LineString id="31598">
                    <coordinates>10.279838709349502,51.1765698539098,0.0 10.2799230891013,51.1766143877891,0.0</coordinates>
                </LineString>
                <LineString id="31600">
                    <coordinates>10.2796815222028,51.17675249331699,0.0 10.279726012502103,51.17678558155411,0.0</coordinates>
                </LineString>
                <LineString id="31602">
                    <coordinates>10.284123730342,51.17496721777118,0.0 10.2841412985311,51.17497242860909,0.0</coordinates>
                </LineString>
                <LineString id="31604">
                    <coordinates>10.2840599486455,51.175068196534205,0.0 10.2840529700224,51.1750797535901,0.0</coordinates>
                </LineString>
                <LineString id="31606">
                    <coordinates>10.284871064196,51.17514252046159,0.0 10.2850255631975,51.17527419790051,0.0 10.2851885922937,51.1754149716634,0.0</coordinates>
                </LineString>
                <LineString id="31608">
                    <coordinates>10.2843804642054,51.17473345241089,0.0 10.2843685547732,51.1746963668689,0.0</coordinates>
                </LineString>
                <LineString id="31610">
                    <coordinates>10.2839495200247,51.1752423220177,0.0 10.2839284052794,51.17525560449769,0.0 10.2838298803451,51.1753151173943,0.0 10.2837933169584,51.1753315802968,0.0</coordinates>
                </LineString>
                <LineString id="31612">
                    <coordinates>10.2839900332227,51.17518724412059,0.0 10.2839862989023,51.1751946146914,0.0</coordinates>
                </LineString>
                <LineString id="31614">
                    <coordinates>10.283695759239802,51.1753777398665,0.0 10.2836662472082,51.1753918610091,0.0</coordinates>
                </LineString>
                <LineString id="31616">
                    <coordinates>10.2824757677623,51.1761022738741,0.0 10.2825389862394,51.17605894641469,0.0 10.2825434128327,51.1760545076409,0.0</coordinates>
                </LineString>
                <LineString id="31618">
                    <coordinates>10.282703634378898,51.17598964459249,0.0 10.2826358814561,51.176044942543896,0.0 10.2825806760814,51.17608083647549,0.0</coordinates>
                </LineString>
                <LineString id="31620">
                    <coordinates>10.2832117378235,51.176820476492395,0.0 10.2831161988635,51.1767932928403,0.0</coordinates>
                </LineString>
                <LineString id="31622">
                    <coordinates>10.2827767926497,51.176607488487,0.0 10.2827775034322,51.17665650972119,0.0 10.282772219689003,51.17665976728859,0.0</coordinates>
                </LineString>
                <LineString id="31624">
                    <coordinates>10.2841459860276,51.1762678406312,0.0 10.2841345327254,51.17624350888629,0.0 10.284122116119597,51.176204285378596,0.0</coordinates>
                </LineString>
                <LineString id="31626">
                    <coordinates>10.2843125715588,51.176325119255,0.0 10.2842955669005,51.176301623061406,0.0 10.2842811683238,51.17628420602599,0.0</coordinates>
                </LineString>
                <LineString id="31628">
                    <coordinates>10.284199293714202,51.17607108685179,0.0 10.2842362500841,51.176070253348996,0.0</coordinates>
                </LineString>
                <LineString id="31630">
                    <coordinates>10.2840928139412,51.1756986363257,0.0 10.2840778628997,51.1756598880455,0.0</coordinates>
                </LineString>
                <LineString id="31632">
                    <coordinates>10.2842480120228,51.176234268585695,0.0 10.284209592001098,51.176155451569194,0.0</coordinates>
                </LineString>
                <LineString id="31634">
                    <coordinates>10.2843125715588,51.176325119255,0.0 10.2843211338886,51.17632291651461,0.0</coordinates>
                </LineString>
                <LineString id="31636">
                    <coordinates>10.284106591893098,51.176308156236296,0.0 10.284119962822002,51.17630277881109,0.0</coordinates>
                </LineString>
                <LineString id="31638">
                    <coordinates>10.2853768784612,51.1767752272452,0.0 10.285485825549403,51.1767324244283,0.0 10.2856083841663,51.17669857671329,0.0 10.2856299164008,51.17669216803069,0.0</coordinates>
                </LineString>
                <LineString id="31640">
                    <coordinates>10.2856299164008,51.17669216803069,0.0 10.2856458637071,51.17668750239069,0.0</coordinates>
                </LineString>
                <LineString id="31642">
                    <coordinates>10.2860222421705,51.176546756748294,0.0 10.2860863845588,51.176510839285406,0.0 10.2860645677847,51.176480944260504,0.0</coordinates>
                </LineString>
                <LineString id="31644">
                    <coordinates>10.2868760070024,51.17553052715919,0.0 10.2869626058493,51.17558284636749,0.0 10.286981434528,51.175605775564584,0.0</coordinates>
                </LineString>
                <LineString id="31646">
                    <coordinates>10.2865873587556,51.175796399592095,0.0 10.2865741590858,51.175802184332895,0.0</coordinates>
                </LineString>
                <LineString id="31648">
                    <coordinates>10.285612557200999,51.17613896918079,0.0 10.2857088769132,51.176099963507795,0.0</coordinates>
                </LineString>
                <LineString id="31650">
                    <coordinates>10.287884695543,51.1757483362943,0.0 10.2879295725143,51.17579042553721,0.0 10.2879697085657,51.1758307823398,0.0 10.2880034779771,51.1758665781964,0.0 10.2880161372877,51.17586263722729,0.0</coordinates>
                </LineString>
                <LineString id="31652">
                    <coordinates>10.2874884927415,51.17593236089079,0.0 10.2874382821942,51.175867863488804,0.0</coordinates>
                </LineString>
                <LineString id="31654">
                    <coordinates>10.2873985601619,51.175975039324406,0.0 10.2874884927415,51.17593236089079,0.0</coordinates>
                </LineString>
                <LineString id="31656">
                    <coordinates>10.2868147101539,51.17625011163259,0.0 10.2868798587995,51.17634797230338,0.0</coordinates>
                </LineString>
                <LineString id="31658">
                    <coordinates>10.2869649210207,51.17474248727089,0.0 10.2869723165279,51.174747836421105,0.0</coordinates>
                </LineString>
                <LineString id="31660">
                    <coordinates>10.2823928939759,51.17511739817672,0.0 10.2825881083799,51.1750667309782,0.0 10.2827750117192,51.1749976298524,0.0</coordinates>
                </LineString>
                <LineString id="31662">
                    <coordinates>10.282878236787,51.1748939763941,0.0 10.282858228053998,51.17484011427289,0.0 10.282839398645299,51.17478183762499,0.0 10.2828499021096,51.17471811229319,0.0 10.2828570235238,51.1746900077115,0.0 10.2828728134652,51.17465182724191,0.0 10.2829086458703,51.174682773574,0.0 10.282920759915902,51.1746781149825,0.0</coordinates>
                </LineString>
                <LineString id="31664">
                    <coordinates>10.2796931416994,51.176814197355306,0.0 10.2796843658663,51.17682020817279,0.0</coordinates>
                </LineString>
                <LineString id="31666">
                    <coordinates>10.285196355384,51.1760305071176,0.0 10.2852566431045,51.176140954708806,0.0 10.2853073734048,51.1761277284121,0.0</coordinates>
                </LineString>
                <LineString id="31668">
                    <coordinates>10.2824992078339,51.1766590056479,0.0 10.2824848136123,51.176661122656604,0.0 10.282445999896797,51.176596826318985,0.0 10.2824344965082,51.176577330025,0.0</coordinates>
                </LineString>
                <LineString id="31670">
                    <coordinates>10.2790305073352,51.177539930634794,0.0 10.2790721027566,51.1775466732274,0.0</coordinates>
                </LineString>
                <LineString id="31672">
                    <coordinates>10.278081694639198,51.17677965397509,0.0 10.2782659355418,51.1767152133447,0.0 10.2783699460826,51.176679185505996,0.0</coordinates>
                </LineString>
                <LineString id="31674">
                    <coordinates>10.275260676712698,51.17772459002509,0.0 10.275213668964,51.1777529153055,0.0 10.2751542616443,51.177773956075995,0.0</coordinates>
                </LineString>
                <LineString id="31676">
                    <coordinates>10.2787397886341,51.1766554554347,0.0 10.2787199395869,51.176629300626395,0.0</coordinates>
                </LineString>
                <LineString id="31678">
                    <coordinates>10.2797413938949,51.1761684079467,0.0 10.2797464645542,51.17617241989869,0.0</coordinates>
                </LineString>
                <LineString id="31680">
                    <coordinates>10.2802177894969,51.1759435710809,0.0 10.280177034067,51.1759465768752,0.0 10.2800837379885,51.1759503116519,0.0 10.279977581737398,51.1759383773774,0.0</coordinates>
                </LineString>
                <LineString id="31682">
                    <coordinates>10.2803737487387,51.17601916363729,0.0 10.280279736237,51.17603639029078,0.0</coordinates>
                </LineString>
                <LineString id="31684">
                    <coordinates>10.279977581737398,51.1759383773774,0.0 10.2799022769981,51.175928640492,0.0 10.2798435391456,51.17591104754849,0.0</coordinates>
                </LineString>
                <LineString id="31686">
                    <coordinates>10.2814650788015,51.17588449646821,0.0 10.281604666755,51.17587384427739,0.0 10.2816119515672,51.1759006321275,0.0 10.281603966264,51.17590269931159,0.0</coordinates>
                </LineString>
                <LineString id="31688">
                    <coordinates>10.280989881742,51.17606111826699,0.0 10.2809851537225,51.1760736610944,0.0 10.2811176670108,51.176109075681694,0.0</coordinates>
                </LineString>
                <LineString id="31690">
                    <coordinates>10.2822286374094,51.17621795503379,0.0 10.2822573710693,51.1762094142994,0.0</coordinates>
                </LineString>
                <LineString id="31692">
                    <coordinates>10.2822164762974,51.1762207879937,0.0 10.2822286374094,51.17621795503379,0.0</coordinates>
                </LineString>
                <LineString id="31694">
                    <coordinates>10.281553111741697,51.17614012958289,0.0 10.281540172642,51.1761916022813,0.0</coordinates>
                </LineString>
                <LineString id="31696">
                    <coordinates>10.2816664189643,51.176277148602196,0.0 10.281675371033698,51.17627870040409,0.0 10.281793014175,51.17629443356239,0.0</coordinates>
                </LineString>
                <LineString id="31698">
                    <coordinates>10.2816174541036,51.1762690042156,0.0 10.2816664189643,51.176277148602196,0.0</coordinates>
                </LineString>
                <LineString id="31700">
                    <coordinates>10.281768501714998,51.1762201618681,0.0 10.281790695118499,51.1762236790293,0.0</coordinates>
                </LineString>
                <LineString id="31702">
                    <coordinates>10.2814337504794,51.1763368650106,0.0 10.2813357332701,51.17634409129828,0.0</coordinates>
                </LineString>
                <LineString id="31704">
                    <coordinates>10.2815140035255,51.17633007893749,0.0 10.281454083949,51.1763354016984,0.0</coordinates>
                </LineString>
                <LineString id="31706">
                    <coordinates>10.281793014175,51.17629443356239,0.0 10.281819270335697,51.17629753393019,0.0</coordinates>
                </LineString>
                <LineString id="31708">
                    <coordinates>10.280309152252999,51.1763778936981,0.0 10.2803820594578,51.17637751783911,0.0</coordinates>
                </LineString>
                <LineString id="31710">
                    <coordinates>10.280721719399597,51.176389269033294,0.0 10.2806621258072,51.17639966626359,0.0 10.2805833286698,51.1764142131162,0.0 10.2804491008721,51.1764268126848,0.0 10.2804290159287,51.17642851320209,0.0</coordinates>
                </LineString>
                <LineString id="31712">
                    <coordinates>10.2800498002283,51.176304835647294,0.0 10.2800651711039,51.17627069467079,0.0</coordinates>
                </LineString>
                <LineString id="31714">
                    <coordinates>10.2849155916031,51.177256354556086,0.0 10.2849043331991,51.1772487282525,0.0 10.284843897994,51.17720431525099,0.0 10.284758640543497,51.17716208239939,0.0</coordinates>
                </LineString>
                <LineString id="31716">
                    <coordinates>10.2852334964201,51.17681255415191,0.0 10.2852924099137,51.1767969576838,0.0</coordinates>
                </LineString>
                <LineString id="31718">
                    <coordinates>10.2852982996932,51.1768028062642,0.0 10.2853488658837,51.17686344431139,0.0</coordinates>
                </LineString>
                <LineString id="31720">
                    <coordinates>10.284818176838,51.176964700514496,0.0 10.2848525065955,51.176952959999596,0.0</coordinates>
                </LineString>
                <LineString id="31722">
                    <coordinates>10.2847360586885,51.17695736597349,0.0 10.2847179661424,51.17692848716409,0.0</coordinates>
                </LineString>
                <LineString id="31724">
                    <coordinates>10.284257477642099,51.177015559609494,0.0 10.2842319629293,51.1770633782418,0.0</coordinates>
                </LineString>
                <LineString id="31726">
                    <coordinates>10.2844801030041,51.1770642476314,0.0 10.2844383971644,51.17705738848229,0.0</coordinates>
                </LineString>
                <LineString id="31728">
                    <coordinates>10.2834555520052,51.17678605471519,0.0 10.2834463993085,51.176826885637894,0.0 10.2834396850568,51.1768263017094,0.0</coordinates>
                </LineString>
                <LineString id="31730">
                    <coordinates>10.2849709591038,51.1773386918851,0.0 10.2850542328451,51.177417842372,0.0</coordinates>
                </LineString>
                <LineString id="31732">
                    <coordinates>10.284625114295702,51.17748804426049,0.0 10.2846153902619,51.17749071542729,0.0</coordinates>
                </LineString>
                <LineString id="31734">
                    <coordinates>10.2850901930163,51.177453922880986,0.0 10.2851524037553,51.1775144889424,0.0 10.285245200414,51.17760180647169,0.0</coordinates>
                </LineString>
                <LineString id="31736">
                    <coordinates>10.285397580553798,51.17772800462439,0.0 10.2855165614136,51.1778165595993,0.0 10.285469589511399,51.177834830237096,0.0</coordinates>
                </LineString>
                <LineString id="31738">
                    <coordinates>10.2852778714353,51.17763248996549,0.0 10.285334124287202,51.1776794124472,0.0 10.2853931407597,51.1777247033476,0.0</coordinates>
                </LineString>
                <LineString id="31740">
                    <coordinates>10.278973979008299,51.1764696888181,0.0 10.2792765671377,51.1763727730911,0.0</coordinates>
                </LineString>
                <LineString id="31742">
                    <coordinates>10.2792705850638,51.1763394508918,0.0 10.279263751914202,51.1763313047934,0.0</coordinates>
                </LineString>
                <LineString id="31744">
                    <coordinates>10.2807838721304,51.175464595064796,0.0 10.2807729438799,51.175435425342805,0.0 10.2807565903954,51.17538908684379,0.0</coordinates>
                </LineString>
                <LineString id="31746">
                    <coordinates>10.2808513210331,51.17558253060899,0.0 10.2808902634823,51.17557058034951,0.0</coordinates>
                </LineString>
                <LineString id="31748">
                    <coordinates>10.280794305781498,51.175490143734585,0.0 10.2807042478319,51.1755014328202,0.0</coordinates>
                </LineString>
                <LineString id="31750">
                    <coordinates>10.2806570244113,51.1749649369809,0.0 10.2806536447904,51.174944292345806,0.0</coordinates>
                </LineString>
                <LineString id="31752">
                    <coordinates>10.2806589122002,51.17497685784618,0.0 10.2806570244113,51.1749649369809,0.0</coordinates>
                </LineString>
                <LineString id="31754">
                    <coordinates>10.2807055404411,51.175177811357806,0.0 10.280619794498598,51.1751843004058,0.0</coordinates>
                </LineString>
                <LineString id="31756">
                    <coordinates>10.280527029502698,51.17494265657279,0.0 10.2805176830479,51.17491710587249,0.0</coordinates>
                </LineString>
                <LineString id="31758">
                    <coordinates>10.2804271500726,51.17495158070549,0.0 10.2804850859866,51.17510031858739,0.0</coordinates>
                </LineString>
                <LineString id="31760">
                    <coordinates>10.281403962079498,51.1744971822804,0.0 10.281408153504499,51.1745033027732,0.0 10.2814304704111,51.1745361815739,0.0 10.281339575126,51.1745731328917,0.0</coordinates>
                </LineString>
                <LineString id="31762">
                    <coordinates>10.2822669694185,51.175153746128,0.0 10.2823928939759,51.17511739817672,0.0</coordinates>
                </LineString>
                <LineString id="31764">
                    <coordinates>10.2822329684011,51.17516358493239,0.0 10.2822669694185,51.175153746128,0.0</coordinates>
                </LineString>
                <LineString id="31766">
                    <coordinates>10.281863722240999,51.1752547740571,0.0 10.2818875819423,51.175249227273206,0.0</coordinates>
                </LineString>
                <LineString id="31768">
                    <coordinates>10.2818763981577,51.1751945866174,0.0 10.2819036340487,51.17524520193749,0.0</coordinates>
                </LineString>
                <LineString id="31770">
                    <coordinates>10.281350082172898,51.174420096914695,0.0 10.281361073653,51.1744164018531,0.0</coordinates>
                </LineString>
                <LineString id="31772">
                    <coordinates>10.2813181402366,51.1743760825495,0.0 10.281350082172898,51.174420096914695,0.0</coordinates>
                </LineString>
                <LineString id="31774">
                    <coordinates>10.2812642802477,51.17430077735739,0.0 10.2812776513156,51.17429692847651,0.0</coordinates>
                </LineString>
                <LineString id="31776">
                    <coordinates>10.2811181676321,51.1742404779202,0.0 10.281055547737301,51.17413462342899,0.0</coordinates>
                </LineString>
                <LineString id="31778">
                    <coordinates>10.280897490702099,51.17387363711129,0.0 10.2808575272599,51.1738138450263,0.0</coordinates>
                </LineString>
                <LineString id="31780">
                    <coordinates>10.281055547737301,51.17413462342899,0.0 10.281006157290998,51.1740506639407,0.0</coordinates>
                </LineString>
                <LineString id="31782">
                    <coordinates>10.281637046495499,51.17366364572471,0.0 10.281663766923998,51.17370693608509,0.0 10.2816921464292,51.17370057474589,0.0</coordinates>
                </LineString>
                <LineString id="31784">
                    <coordinates>10.2829593052161,51.174029790654295,0.0 10.2829634163165,51.17403384232429,0.0</coordinates>
                </LineString>
                <LineString id="31786">
                    <coordinates>10.2833593773085,51.174422668118495,0.0 10.283291781997198,51.17435400339329,0.0 10.2832597142528,51.1743229595884,0.0</coordinates>
                </LineString>
                <LineString id="31788">
                    <coordinates>10.279819868572798,51.1737413678091,0.0 10.2797078586823,51.17376083747779,0.0</coordinates>
                </LineString>
                <LineString id="31790">
                    <coordinates>10.2792483507086,51.1730823482189,0.0 10.279145670910298,51.17312435642938,0.0</coordinates>
                </LineString>
                <LineString id="31792">
                    <coordinates>10.2788246829023,51.17324976754989,0.0 10.2787817722665,51.173189329080785,0.0</coordinates>
                </LineString>
                <LineString id="31794">
                    <coordinates>10.279401148875898,51.1772462461566,0.0 10.2794473213071,51.177273722805886,0.0 10.2794535086973,51.1772711708666,0.0</coordinates>
                </LineString>
                <LineString id="31796">
                    <coordinates>10.279286942859502,51.17720036537471,0.0 10.279401148875898,51.1772462461566,0.0</coordinates>
                </LineString>
                <LineString id="31798">
                    <coordinates>10.2791422637249,51.1773934180591,0.0 10.2791437145049,51.17738978965279,0.0 10.2791705920491,51.17733969981789,0.0</coordinates>
                </LineString>
                <LineString id="31800">
                    <coordinates>10.2791348966444,51.1774107583596,0.0 10.2791422637249,51.1773934180591,0.0</coordinates>
                </LineString>
                <LineString id="31802">
                    <coordinates>10.2816815620081,51.1772789372406,0.0 10.2816855546179,51.1772707884482,0.0 10.2817137509236,51.177274034189786,0.0</coordinates>
                </LineString>
                <LineString id="31804">
                    <coordinates>10.278956157473301,51.17815150831209,0.0 10.2789385434127,51.1782251250506,0.0</coordinates>
                </LineString>
                <LineString id="31806">
                    <coordinates>10.2852924099137,51.1767969576838,0.0 10.2853274409143,51.17678789718959,0.0 10.2853429624096,51.176783917542984,0.0</coordinates>
                </LineString>
                <LineString id="31808">
                    <coordinates>10.2812227925752,51.177239486683305,0.0 10.2812200727715,51.17723955460761,0.0</coordinates>
                </LineString>
                <LineString id="31810">
                    <coordinates>10.2839177571178,51.17508049449581,0.0 10.2839527422219,51.1751119494651,0.0 10.2839565225189,51.1751152860758,0.0 10.2839759975687,51.1751246061405,0.0</coordinates>
                </LineString>
                <LineString id="31812">
                    <coordinates>10.2302846390544,51.212552506299,0.0 10.2302526735446,51.2125612462006,0.0 10.2301898567487,51.2125806485973,0.0 10.230157430525,51.212589084853505,0.0 10.2301469678887,51.2125917044016,0.0 10.2301398326551,51.212595264222,0.0 10.2301315779358,51.2125955439291,0.0 10.2301194998603,51.212595873696,0.0 10.2301097857361,51.2125953941955,0.0</coordinates>
                </LineString>
                <LineString id="31814">
                    <coordinates>10.216165490031702,51.21308938321399,0.0 10.2161865456714,51.21311046087659,0.0</coordinates>
                </LineString>
                <LineString id="31816">
                    <coordinates>10.216910116748,51.2130598450483,0.0 10.2169187906227,51.21300497041161,0.0</coordinates>
                </LineString>
                <LineString id="31818">
                    <coordinates>10.2181101566441,51.21279846599008,0.0 10.2180456658093,51.2128006484765,0.0 10.218051939375,51.2127949637373,0.0</coordinates>
                </LineString>
                <LineString id="31820">
                    <coordinates>10.2175984320379,51.2129547688314,0.0 10.2174474868359,51.212967114005295,0.0</coordinates>
                </LineString>
                <LineString id="31822">
                    <coordinates>10.218307124002799,51.212969927713,0.0 10.2182873301132,51.21298215777189,0.0</coordinates>
                </LineString>
                <LineString id="31824">
                    <coordinates>10.2887815770483,51.17489173021389,0.0 10.2887962192868,51.1749029834546,0.0</coordinates>
                </LineString>
                <LineString id="31826">
                    <coordinates>10.287683513656399,51.17543191946459,0.0 10.2876516002136,51.175416691689,0.0 10.28761529547,51.17540148953729,0.0</coordinates>
                </LineString>
                <LineString id="31828">
                    <coordinates>10.288494473106102,51.1758164077117,0.0 10.2885275746112,51.17590619359339,0.0</coordinates>
                </LineString>
                <LineString id="31830">
                    <coordinates>10.2228644396103,51.2150798896722,0.0 10.2228622618492,51.2150780856769,0.0</coordinates>
                </LineString>
                <LineString id="31832">
                    <coordinates>10.2257100360431,51.21463093878229,0.0 10.2256656910871,51.21457252705509,0.0</coordinates>
                </LineString>
                <LineString id="31834">
                    <coordinates>10.2256508527792,51.2145526690683,0.0 10.2252386200984,51.214008559878806,0.0 10.2251189676162,51.2139134975368,0.0</coordinates>
                </LineString>
                <LineString id="31836">
                    <coordinates>10.2845806896824,51.17427196285159,0.0 10.2845867443593,51.17426680173988,0.0 10.2846387261276,51.1742309674897,0.0</coordinates>
                </LineString>
                <LineString id="31838">
                    <coordinates>10.284081085829298,51.17453248897811,0.0 10.284036908520699,51.17449132541229,0.0</coordinates>
                </LineString>
                <LineString id="31840">
                    <coordinates>10.2841948143991,51.1744817298579,0.0 10.2840893267237,51.1743836266663,0.0</coordinates>
                </LineString>
                <LineString id="31842">
                    <coordinates>10.2847217932399,51.174171335200704,0.0 10.2847958753123,51.17411875376669,0.0 10.2848695045212,51.174069509746204,0.0 10.2849212052285,51.174038157017804,0.0</coordinates>
                </LineString>
                <LineString id="31844">
                    <coordinates>10.2858859508453,51.17434968449981,0.0 10.2858470910935,51.1743802998438,0.0</coordinates>
                </LineString>
                <LineString id="31846">
                    <coordinates>10.2858052394763,51.17362400162029,0.0 10.2857726956508,51.1735914952331,0.0</coordinates>
                </LineString>
                <LineString id="31848">
                    <coordinates>10.285360640208,51.17381071702679,0.0 10.28559084063,51.173708697035806,0.0</coordinates>
                </LineString>
                <LineString id="31850">
                    <coordinates>10.286403255100199,51.174378746252685,0.0 10.286449514791101,51.1744212698551,0.0</coordinates>
                </LineString>
                <LineString id="31852">
                    <coordinates>10.2871345889011,51.17403313690188,0.0 10.2871811551218,51.1740743432446,0.0</coordinates>
                </LineString>
                <LineString id="31854">
                    <coordinates>10.2878176852484,51.1737633808294,0.0 10.287893342683999,51.1738284302282,0.0 10.2879009933456,51.173824955358,0.0</coordinates>
                </LineString>
                <LineString id="31856">
                    <coordinates>10.2219764892565,51.2126377660365,0.0 10.2220048237734,51.212673938706,0.0</coordinates>
                </LineString>
                <LineString id="31858">
                    <coordinates>10.2870443045101,51.17328857169309,0.0 10.287076473376201,51.1733296751948,0.0</coordinates>
                </LineString>
                <LineString id="31860">
                    <coordinates>10.217136585389,51.2129938689407,0.0 10.2171131011994,51.212996019294295,0.0 10.2169187906227,51.21300497041161,0.0</coordinates>
                </LineString>
                <LineString id="31862">
                    <coordinates>10.217816042581502,51.21293507831601,0.0 10.2177370626152,51.21294219999021,0.0</coordinates>
                </LineString>
                <LineString id="31864">
                    <coordinates>10.2177370626152,51.21294219999021,0.0 10.2176116858087,51.21295364920529,0.0 10.2175984320379,51.2129547688314,0.0</coordinates>
                </LineString>
                <LineString id="31866">
                    <coordinates>10.2181713331329,51.21278944593799,0.0 10.218181079707,51.2127764696388,0.0</coordinates>
                </LineString>
                <LineString id="31868">
                    <coordinates>10.217458822545,51.212926321474576,0.0 10.2174284493811,51.212968639951995,0.0</coordinates>
                </LineString>
                <LineString id="31870">
                    <coordinates>10.2139707312749,51.21383277759921,0.0 10.2139783949745,51.21382410280359,0.0 10.2139691185704,51.213750867578895,0.0 10.2140050752412,51.21374820698941,0.0 10.2140024876908,51.21370556623619,0.0</coordinates>
                </LineString>
                <LineString id="31872">
                    <coordinates>10.2151683335158,51.213215469875806,0.0 10.215159378047499,51.21321943252819,0.0</coordinates>
                </LineString>
                <LineString id="31874">
                    <coordinates>10.2241766161384,51.2141242561204,0.0 10.2241884527613,51.21413468372689,0.0 10.2242021341685,51.214151108344794,0.0 10.2242194823806,51.214173791343,0.0 10.224228850712597,51.214189970732,0.0 10.22423519959,51.2142057627103,0.0 10.2242385404216,51.21422273162359,0.0 10.2242382674724,51.2142361577873,0.0 10.2242367535122,51.21424500744949,0.0</coordinates>
                </LineString>
                <LineString id="31876">
                    <coordinates>10.22171578525,51.21127845847389,0.0 10.2217217650965,51.211268490075,0.0</coordinates>
                </LineString>
                <LineString id="31878">
                    <coordinates>10.2217327740621,51.21127919303098,0.0 10.22171578525,51.21127845847389,0.0</coordinates>
                </LineString>
                <LineString id="31880">
                    <coordinates>10.2857612687106,51.1730919425532,0.0 10.2858454340889,51.17299178287239,0.0</coordinates>
                </LineString>
                <LineString id="31882">
                    <coordinates>10.2143079103217,51.21362227292699,0.0 10.2141230472093,51.213673308583985,0.0</coordinates>
                </LineString>
                <LineString id="31884">
                    <coordinates>10.2819036362311,51.17266820501919,0.0 10.2818992204688,51.1726731293625,0.0 10.2819231495948,51.1727080184373,0.0 10.281925407803701,51.17270997535099,0.0 10.2819461242751,51.1727039329326,0.0</coordinates>
                </LineString>
                <LineString id="31886">
                    <coordinates>10.2794358043872,51.17323629045781,0.0 10.2794472622132,51.1732350475824,0.0</coordinates>
                </LineString>
                <LineString id="31888">
                    <coordinates>10.2815448542701,51.1772273705005,0.0 10.2815067716238,51.1772288518411,0.0</coordinates>
                </LineString>
                <LineString id="31890">
                    <coordinates>10.2790656719409,51.176497916032176,0.0 10.2790854328715,51.17652183109679,0.0 10.279104668927602,51.1765594654255,0.0</coordinates>
                </LineString>
                <LineString id="31892">
                    <coordinates>10.280904459825102,51.1761234731195,0.0 10.280899728870198,51.1761318627459,0.0</coordinates>
                </LineString>
                <LineString id="31894">
                    <coordinates>10.28559084063,51.173708697035806,0.0 10.2856332974831,51.173689820840906,0.0</coordinates>
                </LineString>
                <LineString id="31896">
                    <coordinates>10.2866555445072,51.17479215542559,0.0 10.286667519196198,51.1748008977627,0.0 10.286803944652199,51.1747284171888,0.0 10.2868278247818,51.174716505129204,0.0 10.2869664699991,51.17464662786578,0.0</coordinates>
                </LineString>
                <LineString id="31898">
                    <coordinates>10.2883536690965,51.17396065826401,0.0 10.2883139293575,51.17392778664069,0.0</coordinates>
                </LineString>
                <LineString id="31900">
                    <coordinates>10.2833561204943,51.17676125031449,0.0 10.2834420599611,51.17678274642369,0.0</coordinates>
                </LineString>
                <LineString id="31902">
                    <coordinates>10.2884287882189,51.173922050425396,0.0 10.2884265695588,51.17392017512359,0.0</coordinates>
                </LineString>
                <LineString id="31904">
                    <coordinates>10.2160862682615,51.2172214589207,0.0 10.216177736202802,51.21719955213441,0.0 10.216186030871901,51.217197521063994,0.0 10.2161890505749,51.2171967939867,0.0 10.2161913771891,51.2172021512272,0.0</coordinates>
                </LineString>
                <LineString id="31906">
                    <coordinates>10.2222864855811,51.21363496025809,0.0 10.2223206248073,51.213622237232,0.0 10.2223138957238,51.213605558398896,0.0</coordinates>
                </LineString>
                <LineString id="31908">
                    <coordinates>10.2261657720837,51.2145193737217,0.0 10.2263047700836,51.2144794092987,0.0 10.2263818388749,51.21445760898968,0.0</coordinates>
                </LineString>
                <LineString id="31910">
                    <coordinates>10.2255421377614,51.21230591281219,0.0 10.2255417771221,51.21228065585131,0.0 10.2255209415756,51.21225374904629,0.0 10.2255073200045,51.2121992639591,0.0</coordinates>
                </LineString>
                <LineString id="31912">
                    <coordinates>10.2255073200045,51.2121992639591,0.0 10.2254992302021,51.2121293198971,0.0 10.2254123892653,51.21213883563339,0.0</coordinates>
                </LineString>
                <LineString id="31914">
                    <coordinates>10.2254123892653,51.21213883563339,0.0 10.2254197039164,51.2121253993637,0.0</coordinates>
                </LineString>
                <LineString id="31916">
                    <coordinates>10.2254605776014,51.21202041944969,0.0 10.2255525214048,51.2120136778887,0.0</coordinates>
                </LineString>
                <LineString id="31918">
                    <coordinates>10.2255031487568,51.211883174985005,0.0 10.2256432882823,51.211878125903596,0.0 10.225658952189,51.21187759026369,0.0 10.2256591009238,51.2118837772918,0.0</coordinates>
                </LineString>
                <LineString id="31920">
                    <coordinates>10.225530559691599,51.2117918347629,0.0 10.2255170350918,51.21182125011269,0.0 10.2255222006758,51.21183692520229,0.0 10.225515000944199,51.2118522150572,0.0</coordinates>
                </LineString>
                <LineString id="31922">
                    <coordinates>10.2252862959177,51.21218133191249,0.0 10.2252550178395,51.2121583839118,0.0 10.2252254992672,51.21217195993681,0.0 10.2251803900155,51.212192356301095,0.0 10.2251725865598,51.212186853265095,0.0</coordinates>
                </LineString>
                <LineString id="31924">
                    <coordinates>10.2184002401493,51.212881674818284,0.0 10.2182475130379,51.212897185173,0.0</coordinates>
                </LineString>
                <LineString id="31926">
                    <coordinates>10.2279330131122,51.21364313016429,0.0 10.2278162870715,51.213677572573985,0.0</coordinates>
                </LineString>
                <LineString id="31928">
                    <coordinates>10.2278040454323,51.2134725436838,0.0 10.2277778765718,51.21348647671109,0.0</coordinates>
                </LineString>
                <LineString id="31930">
                    <coordinates>10.2803919282392,51.17495463193129,0.0 10.2803428665925,51.17495874727451,0.0 10.280195955918,51.1749706387468,0.0 10.2801784763354,51.174971901065895,0.0</coordinates>
                </LineString>
                <LineString id="31932">
                    <coordinates>10.2802377990401,51.1751506215074,0.0 10.280243587191098,51.17516533251609,0.0</coordinates>
                </LineString>
                <LineString id="31934">
                    <coordinates>10.2277778765718,51.21348647671109,0.0 10.2277135931136,51.21352091297901,0.0 10.2277061395977,51.2135226879136,0.0</coordinates>
                </LineString>
                <LineString id="31936">
                    <coordinates>10.220452721636,51.2125214685932,0.0 10.2206074462839,51.2124704052919,0.0 10.220683153329999,51.212448641970894,0.0</coordinates>
                </LineString>
                <LineString id="31938">
                    <coordinates>10.2215633844517,51.211626122174806,0.0 10.221552664584898,51.211640989737,0.0</coordinates>
                </LineString>
                <LineString id="31940">
                    <coordinates>10.2802380729038,51.17747997899159,0.0 10.280159530447598,51.17739842244989,0.0</coordinates>
                </LineString>
                <LineString id="31942">
                    <coordinates>10.2182369944476,51.217001181239795,0.0 10.21817617454,51.2169596408581,0.0</coordinates>
                </LineString>
                <LineString id="31944">
                    <coordinates>10.2822620188648,51.1757559167735,0.0 10.2822740492841,51.1757504389746,0.0</coordinates>
                </LineString>
                <LineString id="31946">
                    <coordinates>10.2824364420458,51.17601250272708,0.0 10.282374368609698,51.175922208877594,0.0 10.2822620188648,51.1757559167735,0.0</coordinates>
                </LineString>
                <LineString id="31948">
                    <coordinates>10.2822620188648,51.1757559167735,0.0 10.282258253951698,51.175750243060996,0.0 10.2821649396542,51.1756767233703,0.0</coordinates>
                </LineString>
                <LineString id="31950">
                    <coordinates>10.2821649396542,51.1756767233703,0.0 10.2821759560717,51.17567236337369,0.0</coordinates>
                </LineString>
                <LineString id="31952">
                    <coordinates>10.2799182204252,51.177452642127804,0.0 10.2801613828036,51.1773909164648,0.0</coordinates>
                </LineString>
                <LineString id="31954">
                    <coordinates>10.2842701152192,51.177493609093005,0.0 10.2840137620494,51.17746234217201,0.0</coordinates>
                </LineString>
                <LineString id="31956">
                    <coordinates>10.2838658056149,51.1774444227427,0.0 10.2837237460449,51.1774286931599,0.0</coordinates>
                </LineString>
                <LineString id="31958">
                    <coordinates>10.2822737819469,51.1772540294488,0.0 10.2822864740626,51.1771949479307,0.0</coordinates>
                </LineString>
                <LineString id="31960">
                    <coordinates>10.2856765230464,51.17318652916529,0.0 10.2857612687106,51.1730919425532,0.0</coordinates>
                </LineString>
                <LineString id="31962">
                    <coordinates>10.2215119745433,51.21370373129059,0.0 10.2215112045888,51.21369845174559,0.0</coordinates>
                </LineString>
                <LineString id="31964">
                    <coordinates>10.2228096311414,51.2147240353791,0.0 10.2228142102253,51.21473150325979,0.0 10.2229138922997,51.21469491924999,0.0 10.222918260277302,51.2146933674579,0.0 10.2228913187536,51.21465330575099,0.0</coordinates>
                </LineString>
                <LineString id="31966">
                    <coordinates>10.231931355646799,51.21199862241119,0.0 10.2318605062104,51.21202600388959,0.0 10.231745078262,51.212069342426595,0.0</coordinates>
                </LineString>
                <LineString id="31968">
                    <coordinates>10.2155202001809,51.2184258103564,0.0 10.215471377671399,51.218338676953,0.0 10.2153560599256,51.2183657570986,0.0 10.215340190856598,51.21834302342091,0.0</coordinates>
                </LineString>
                <LineString id="31970">
                    <coordinates>10.2156182551314,51.21884913737319,0.0 10.2154846850873,51.218809183394086,0.0 10.2154933911983,51.21868984570029,0.0</coordinates>
                </LineString>
                <LineString id="31972">
                    <coordinates>10.2158329574694,51.21833088450029,0.0 10.2158138891695,51.2183024027814,0.0 10.215801762508098,51.218292464330695,0.0 10.2157534301396,51.2182604261607,0.0</coordinates>
                </LineString>
                <LineString id="31974">
                    <coordinates>10.2166426802354,51.21813949506869,0.0 10.2165875939356,51.218160751957306,0.0</coordinates>
                </LineString>
                <LineString id="31976">
                    <coordinates>10.215763706573398,51.2165938397684,0.0 10.2157621610898,51.216591236223294,0.0</coordinates>
                </LineString>
                <LineString id="31978">
                    <coordinates>10.215900819135802,51.21687092755539,0.0 10.2158900515179,51.2168506449313,0.0 10.2158240812439,51.21671574076661,0.0 10.215825209052,51.216705815570705,0.0 10.2158264587911,51.216701996103794,0.0 10.215823675002103,51.2166940249316,0.0 10.2158184039236,51.21669004314149,0.0 10.2158070727236,51.216686571272895,0.0</coordinates>
                </LineString>
                <LineString id="31980">
                    <coordinates>10.2150366806165,51.2166868175605,0.0 10.215052565974903,51.21678020901461,0.0</coordinates>
                </LineString>
                <LineString id="31982">
                    <coordinates>10.216753200658102,51.21787744501,0.0 10.2167015980411,51.21784408989009,0.0 10.2166597321013,51.21780435671679,0.0 10.21664170117,51.21778718174641,0.0 10.2166262471599,51.2177755565971,0.0 10.2166134369853,51.2177658954799,0.0 10.216561994097297,51.217737675733595,0.0</coordinates>
                </LineString>
                <LineString id="31984">
                    <coordinates>10.2171922477412,51.217510331734296,0.0 10.2172224338152,51.2175022334976,0.0 10.2172184401732,51.21749481926181,0.0</coordinates>
                </LineString>
                <LineString id="31986">
                    <coordinates>10.2171342746183,51.217722418905396,0.0 10.217175306896,51.21768476660719,0.0 10.2172073490083,51.2176552926508,0.0 10.217251836735597,51.217615634360996,0.0</coordinates>
                </LineString>
                <LineString id="31988">
                    <coordinates>10.2184362459583,51.2170942439425,0.0 10.2184359169968,51.2171068511994,0.0</coordinates>
                </LineString>
                <LineString id="31990">
                    <coordinates>10.2185090128102,51.216855071212294,0.0 10.218530408896,51.2168432790162,0.0 10.2186316907609,51.216803279995894,0.0 10.2187705450233,51.21674624223749,0.0 10.2188854804261,51.2167010840449,0.0</coordinates>
                </LineString>
                <LineString id="31992">
                    <coordinates>10.2147205170994,51.21590638151419,0.0 10.2148547068508,51.215885271207895,0.0 10.2148829621958,51.2158815579761,0.0</coordinates>
                </LineString>
                <LineString id="31994">
                    <coordinates>10.2142369326835,51.21598154625999,0.0 10.2143179797889,51.21596886698679,0.0 10.2144274639099,51.21595369987931,0.0</coordinates>
                </LineString>
                <LineString id="31996">
                    <coordinates>10.2160481355798,51.21565719014131,0.0 10.2160433169743,51.2156318651907,0.0</coordinates>
                </LineString>
                <LineString id="31998">
                    <coordinates>10.2157786103826,51.2156939302464,0.0 10.2157812833176,51.21568328247379,0.0</coordinates>
                </LineString>
                <LineString id="32000">
                    <coordinates>10.2154501349887,51.215735290530496,0.0 10.2154967900518,51.215730284513995,0.0</coordinates>
                </LineString>
                <LineString id="32002">
                    <coordinates>10.2146433629131,51.21583614733619,0.0 10.2147318114329,51.2158082445814,0.0</coordinates>
                </LineString>
                <LineString id="32004">
                    <coordinates>10.2147318114329,51.2158082445814,0.0 10.2147645091993,51.21580180340069,0.0 10.2148152223953,51.2157962392748,0.0 10.2148400231315,51.21579413642289,0.0</coordinates>
                </LineString>
                <LineString id="32006">
                    <coordinates>10.2154501349887,51.215735290530496,0.0 10.2154537174681,51.215751481305695,0.0 10.215464057915499,51.2158302161932,0.0</coordinates>
                </LineString>
                <LineString id="32008">
                    <coordinates>10.216559295136,51.2158811232454,0.0 10.2165403896358,51.215849551723394,0.0 10.2164213190354,51.21570863385729,0.0</coordinates>
                </LineString>
                <LineString id="32010">
                    <coordinates>10.219629843763002,51.2136384945546,0.0 10.219679388190999,51.21364200793,0.0 10.2197318154419,51.21364536736289,0.0 10.219762462071802,51.213649006784706,0.0 10.219800578132801,51.2136541801447,0.0</coordinates>
                </LineString>
                <LineString id="32012">
                    <coordinates>10.219800578132801,51.2136541801447,0.0 10.2198364813023,51.2136584658339,0.0 10.2198791821665,51.2136601760249,0.0</coordinates>
                </LineString>
                <LineString id="32014">
                    <coordinates>10.2235996345635,51.214565838572,0.0 10.223593291645699,51.2145696167794,0.0 10.2235544180638,51.2145989887837,0.0 10.223469861091,51.214659876769694,0.0 10.223433949917,51.2146818144375,0.0</coordinates>
                </LineString>
                <LineString id="32016">
                    <coordinates>10.2212658736898,51.2133727738611,0.0 10.2212933468294,51.21336441761129,0.0</coordinates>
                </LineString>
                <LineString id="32018">
                    <coordinates>10.2212020281632,51.2132983593885,0.0 10.2212069539581,51.213304619022786,0.0</coordinates>
                </LineString>
                <LineString id="32020">
                    <coordinates>10.220671152914,51.21332886421679,0.0 10.2207394158919,51.21337813058889,0.0 10.2207650938566,51.213398540540084,0.0</coordinates>
                </LineString>
                <LineString id="32022">
                    <coordinates>10.2198791821665,51.2136601760249,0.0 10.2200081145965,51.21363337943129,0.0 10.2200260863928,51.213629427671904,0.0</coordinates>
                </LineString>
                <LineString id="32024">
                    <coordinates>10.2204845970445,51.2140867015067,0.0 10.2205023050433,51.21408217033509,0.0 10.220504714031202,51.214087627627194,0.0</coordinates>
                </LineString>
                <LineString id="32026">
                    <coordinates>10.2204160564616,51.21428456108229,0.0 10.2203846090135,51.2142411491068,0.0 10.2203566864355,51.21420580934899,0.0 10.2203984023153,51.2141914940741,0.0 10.2204913462076,51.214173417935896,0.0 10.2205518099347,51.2141610147343,0.0</coordinates>
                </LineString>
                <LineString id="32028">
                    <coordinates>10.2214173735591,51.21373439531959,0.0 10.2213294815044,51.21378782374809,0.0 10.2212160566035,51.2138460420375,0.0 10.2211834126537,51.2138556051854,0.0 10.221174995803,51.21384708107891,0.0</coordinates>
                </LineString>
                <LineString id="32030">
                    <coordinates>10.2202530628799,51.2144464018624,0.0 10.220249199161499,51.214430782291295,0.0</coordinates>
                </LineString>
                <LineString id="32032">
                    <coordinates>10.2207106283108,51.21425868183849,0.0 10.220703228053,51.2142612931615,0.0</coordinates>
                </LineString>
                <LineString id="32034">
                    <coordinates>10.220931213020101,51.2141515089611,0.0 10.2209153485886,51.2141594572601,0.0</coordinates>
                </LineString>
                <LineString id="32036">
                    <coordinates>10.2209153485886,51.2141594572601,0.0 10.2208405368211,51.21419692102349,0.0</coordinates>
                </LineString>
                <LineString id="32038">
                    <coordinates>10.221653269351,51.21376361767831,0.0 10.221609566360202,51.2137868117982,0.0 10.2215491752314,51.21381853507721,0.0</coordinates>
                </LineString>
                <LineString id="32040">
                    <coordinates>10.2222476735363,51.2134545178953,0.0 10.222169060662699,51.2134937406462,0.0</coordinates>
                </LineString>
                <LineString id="32042">
                    <coordinates>10.2224756214537,51.21324992690779,0.0 10.2225396032903,51.2132170980382,0.0 10.2226131975802,51.2131784640551,0.0 10.2227517146076,51.21310411172109,0.0 10.2227765696886,51.21309087902209,0.0 10.222796639515298,51.21307479590519,0.0 10.2228053936698,51.213066748383,0.0 10.2228121452196,51.2130586704534,0.0 10.2228184694537,51.21304979495939,0.0 10.222826029994998,51.213032595982895,0.0 10.222833733835902,51.213004234225494,0.0</coordinates>
                </LineString>
                <LineString id="32044">
                    <coordinates>10.2236724113634,51.21377190312441,0.0 10.223712412173,51.2137653006016,0.0 10.2237510785841,51.2137561787352,0.0</coordinates>
                </LineString>
                <LineString id="32046">
                    <coordinates>10.2235986214975,51.213545479517,0.0 10.2236487939917,51.213535273781,0.0 10.2236750606418,51.213582462738,0.0 10.2236929075778,51.213634216427806,0.0 10.2237064134057,51.2136805015472,0.0 10.2237252939509,51.2137128266377,0.0 10.2237510785841,51.2137561787352,0.0</coordinates>
                </LineString>
                <LineString id="32048">
                    <coordinates>10.222267507596,51.2152433963101,0.0 10.2221491119365,51.2153079764874,0.0 10.2220843166482,51.21534363347481,0.0 10.2220401626747,51.21536698271769,0.0</coordinates>
                </LineString>
                <LineString id="32050">
                    <coordinates>10.221247882779501,51.2157829532156,0.0 10.221204573344,51.2158007055351,0.0 10.2211210604359,51.21583546625429,0.0</coordinates>
                </LineString>
                <LineString id="32052">
                    <coordinates>10.219654412544998,51.21469640196939,0.0 10.2197301982421,51.2146582256218,0.0</coordinates>
                </LineString>
                <LineString id="32054">
                    <coordinates>10.2196109599513,51.2147022853834,0.0 10.2196171332464,51.214699574560406,0.0</coordinates>
                </LineString>
                <LineString id="32056">
                    <coordinates>10.2192820963632,51.214945150094096,0.0 10.219259301974398,51.2149175111889,0.0</coordinates>
                </LineString>
                <LineString id="32058">
                    <coordinates>10.218533314319902,51.215263463899305,0.0 10.2185445019188,51.215259894542,0.0</coordinates>
                </LineString>
                <LineString id="32060">
                    <coordinates>10.217927957882502,51.2154649177564,0.0 10.2179593456891,51.21550464378981,0.0 10.2179511263024,51.2155062176661,0.0</coordinates>
                </LineString>
                <LineString id="32062">
                    <coordinates>10.225645507918099,51.2127263454283,0.0 10.225635133448,51.212687919876494,0.0 10.2256312033391,51.2126736119482,0.0</coordinates>
                </LineString>
                <LineString id="32064">
                    <coordinates>10.2256405699577,51.21264029504089,0.0 10.225632474793498,51.212637538399996,0.0 10.2256247104905,51.21263846347779,0.0 10.2256182331215,51.212644262392,0.0 10.2256197879285,51.21264812447681,0.0 10.225620372494,51.21265451588008,0.0 10.2256243644822,51.2126623702895,0.0 10.2256283945242,51.212667744174894,0.0 10.2256312033391,51.2126736119482,0.0</coordinates>
                </LineString>
                <LineString id="32066">
                    <coordinates>10.2296781918474,51.21259727233021,0.0 10.2297216526936,51.2125877265932,0.0 10.229728608965,51.21258622268479,0.0</coordinates>
                </LineString>
                <LineString id="32068">
                    <coordinates>10.2289355455514,51.2127823679773,0.0 10.2289802592542,51.2127707648992,0.0</coordinates>
                </LineString>
                <LineString id="32070">
                    <coordinates>10.2286290827517,51.2128589234896,0.0 10.228748105905902,51.212830196399594,0.0 10.228830475131,51.21280966131619,0.0</coordinates>
                </LineString>
                <LineString id="32072">
                    <coordinates>10.228033418764,51.2129716519495,0.0 10.2280394672431,51.212972921140604,0.0 10.2280515398406,51.212994373044204,0.0</coordinates>
                </LineString>
                <LineString id="32074">
                    <coordinates>10.2257404394538,51.21456754728919,0.0 10.2257431725109,51.2145679393082,0.0 10.2257558599744,51.214568527166406,0.0 10.225769980678502,51.21456906483261,0.0 10.2257824828708,51.214569631900595,0.0 10.2257996049774,51.214567302462996,0.0 10.2258096624357,51.2145644434325,0.0</coordinates>
                </LineString>
                <LineString id="32076">
                    <coordinates>10.2285564230222,51.2129453545222,0.0 10.2283701787035,51.212986620125996,0.0</coordinates>
                </LineString>
                <LineString id="32078">
                    <coordinates>10.2298038655584,51.2126347265067,0.0 10.2297528940091,51.212646424031995,0.0</coordinates>
                </LineString>
                <LineString id="32080">
                    <coordinates>10.230005122458598,51.2125923012739,0.0 10.2299956860573,51.212593911525396,0.0 10.2299427867598,51.212604375389596,0.0 10.2298038655584,51.2126347265067,0.0</coordinates>
                </LineString>
                <LineString id="32082">
                    <coordinates>10.2280189570631,51.213068420642706,0.0 10.227994965898201,51.2130740983745,0.0</coordinates>
                </LineString>
                <LineString id="32084">
                    <coordinates>10.226639619530697,51.21333302791118,0.0 10.2264891285146,51.21336749679541,0.0 10.226403662253999,51.213395201873,0.0</coordinates>
                </LineString>
                <LineString id="32086">
                    <coordinates>10.226198431660197,51.21347420189449,0.0 10.2262127878793,51.2134689718235,0.0</coordinates>
                </LineString>
                <LineString id="32088">
                    <coordinates>10.2267437775066,51.214465340229,0.0 10.2267406735906,51.21445857805519,0.0</coordinates>
                </LineString>
                <LineString id="32090">
                    <coordinates>10.2320813617431,51.2119085482371,0.0 10.2320907216567,51.211917903839684,0.0</coordinates>
                </LineString>
                <LineString id="32092">
                    <coordinates>10.2320907216567,51.211917903839684,0.0 10.2321139881655,51.211919163202296,0.0 10.232209466665699,51.21187762654209,0.0 10.2322121020234,51.2118813160774,0.0</coordinates>
                </LineString>
                <LineString id="32094">
                    <coordinates>10.230965107171802,51.2122832286984,0.0 10.2309026415216,51.2122195019792,0.0</coordinates>
                </LineString>
                <LineString id="32096">
                    <coordinates>10.2311196879002,51.2122184044482,0.0 10.231346480528698,51.212119027865995,0.0</coordinates>
                </LineString>
                <LineString id="32098">
                    <coordinates>10.2239252339383,51.212996314477195,0.0 10.2238770476972,51.21300029378,0.0</coordinates>
                </LineString>
                <LineString id="32100">
                    <coordinates>10.2245989576689,51.2128864989582,0.0 10.2245827424214,51.212889453258796,0.0 10.224431674808898,51.21291881370739,0.0 10.224245671058002,51.21295670534968,0.0</coordinates>
                </LineString>
                <LineString id="32102">
                    <coordinates>10.2250217472508,51.212773782425096,0.0 10.2250259963733,51.21278276444149,0.0</coordinates>
                </LineString>
                <LineString id="32104">
                    <coordinates>10.222907355967,51.2125393454594,0.0 10.2230049633878,51.2124814157869,0.0</coordinates>
                </LineString>
                <LineString id="32106">
                    <coordinates>10.2230620661203,51.212445066187094,0.0 10.2231048538383,51.21247090433751,0.0 10.223122177729701,51.21245810559289,0.0</coordinates>
                </LineString>
                <LineString id="32108">
                    <coordinates>10.2241945155973,51.2114987497145,0.0 10.224346108081,51.2114154156169,0.0</coordinates>
                </LineString>
                <LineString id="32110">
                    <coordinates>10.224346108081,51.2114154156169,0.0 10.224361456443102,51.21145919359051,0.0</coordinates>
                </LineString>
                <LineString id="32112">
                    <coordinates>10.2280985004047,51.2102819108864,0.0 10.2280665392353,51.2102525168115,0.0 10.228054343601599,51.210219367699594,0.0</coordinates>
                </LineString>
                <LineString id="32114">
                    <coordinates>10.2280159309295,51.21033463379158,0.0 10.2279998792021,51.2103109731397,0.0</coordinates>
                </LineString>
                <LineString id="32116">
                    <coordinates>10.226035191321701,51.211050811929006,0.0 10.225973057270899,51.2109689826958,0.0</coordinates>
                </LineString>
                <LineString id="32118">
                    <coordinates>10.2260863453056,51.21093634187249,0.0 10.2261403212758,51.2109697378502,0.0</coordinates>
                </LineString>
                <LineString id="32120">
                    <coordinates>10.225466733911299,51.2111073776802,0.0 10.2255229748598,51.211196920725094,0.0 10.2255103293614,51.21120196988711,0.0</coordinates>
                </LineString>
                <LineString id="32122">
                    <coordinates>10.224388084066799,51.211649986121394,0.0 10.224402817612,51.2116751375105,0.0</coordinates>
                </LineString>
                <LineString id="32124">
                    <coordinates>10.2245932789615,51.21184319971669,0.0 10.224590823377401,51.211838200266506,0.0 10.2245396211717,51.2118525349366,0.0 10.2244797078811,51.211870459093795,0.0</coordinates>
                </LineString>
                <LineString id="32126">
                    <coordinates>10.2244797078811,51.211870459093795,0.0 10.2244880917296,51.21185527715829,0.0 10.2244939487436,51.21184476738819,0.0 10.2244976067835,51.2118315184222,0.0</coordinates>
                </LineString>
                <LineString id="32128">
                    <coordinates>10.2239601323683,51.21209553907049,0.0 10.2239073567994,51.2121150455214,0.0 10.2238061232124,51.21214934145949,0.0</coordinates>
                </LineString>
                <LineString id="32130">
                    <coordinates>10.2233685579058,51.21176259751719,0.0 10.2235436340182,51.21170879183009,0.0 10.2237196504717,51.2116535977916,0.0</coordinates>
                </LineString>
                <LineString id="32132">
                    <coordinates>10.2226418832162,51.211997976211904,0.0 10.2227526729515,51.2119675300553,0.0 10.2227740265665,51.211961588611494,0.0 10.2228630490587,51.2119270002857,0.0 10.2229672139544,51.211886457017,0.0 10.223055475234199,51.211858626081494,0.0 10.2232399646251,51.21180271638038,0.0 10.223353580006,51.2117672514641,0.0</coordinates>
                </LineString>
                <LineString id="32134">
                    <coordinates>10.2226418832162,51.211997976211904,0.0 10.2225178346786,51.211809155799905,0.0</coordinates>
                </LineString>
                <LineString id="32136">
                    <coordinates>10.220672062082802,51.212923379680305,0.0 10.2207700443275,51.212898538915,0.0 10.2208187540858,51.212868715047605,0.0</coordinates>
                </LineString>
                <LineString id="32138">
                    <coordinates>10.2212589108449,51.21238112625011,0.0 10.221235511760801,51.21231790707651,0.0</coordinates>
                </LineString>
                <LineString id="32140">
                    <coordinates>10.2204694421754,51.2131409465682,0.0 10.220673805541699,51.21301297756259,0.0 10.2206940286523,51.212999620951095,0.0</coordinates>
                </LineString>
                <LineString id="32142">
                    <coordinates>10.219929978555498,51.212864784462994,0.0 10.219925002797602,51.212853885430796,0.0 10.2199036284368,51.2128001896923,0.0</coordinates>
                </LineString>
                <LineString id="32144">
                    <coordinates>10.2147453805479,51.2168219549456,0.0 10.2147793654523,51.216817412195105,0.0</coordinates>
                </LineString>
                <LineString id="32146">
                    <coordinates>10.2792951487528,51.1756701382685,0.0 10.279322779380502,51.1757389008456,0.0</coordinates>
                </LineString>
                <LineString id="32148">
                    <coordinates>10.214199385637501,51.216898406053105,0.0 10.2142784216193,51.21695442984499,0.0 10.2142665670355,51.2169611619158,0.0</coordinates>
                </LineString>
                <LineString id="32150">
                    <coordinates>10.2861060182936,51.17597766261591,0.0 10.2861441679684,51.1759658518228,0.0</coordinates>
                </LineString>
                <LineString id="32152">
                    <coordinates>10.286161101601701,51.174706391234,0.0 10.2862005786057,51.1747278071091,0.0</coordinates>
                </LineString>
                <LineString id="32154">
                    <coordinates>10.2864164681481,51.1748530553782,0.0 10.2864390671986,51.1748498624379,0.0</coordinates>
                </LineString>
                <LineString id="32156">
                    <coordinates>10.2866646943683,51.1740986320188,0.0 10.2866897380897,51.174125940270606,0.0</coordinates>
                </LineString>
                <LineString id="32158">
                    <coordinates>10.286782033475498,51.1734438732414,0.0 10.2867706375492,51.173433413400595,0.0</coordinates>
                </LineString>
                <LineString id="32160">
                    <coordinates>10.2156811371724,51.2186539631042,0.0 10.215614361780498,51.218660226658095,0.0</coordinates>
                </LineString>
                <LineString id="32162">
                    <coordinates>10.216924018230698,51.2178138845675,0.0 10.2169254467609,51.2178172953694,0.0</coordinates>
                </LineString>
                <LineString id="32164">
                    <coordinates>10.2176489827367,51.2171583458079,0.0 10.2177011139937,51.21719209511159,0.0</coordinates>
                </LineString>
                <LineString id="32166">
                    <coordinates>10.2168753546161,51.2157769048958,0.0 10.2169177166626,51.21576556723109,0.0</coordinates>
                </LineString>
                <LineString id="32168">
                    <coordinates>10.215495081978801,51.2156800341261,0.0 10.215497174097099,51.21571701287489,0.0</coordinates>
                </LineString>
                <LineString id="32170">
                    <coordinates>10.214984985439,51.21573538940859,0.0 10.2149901317652,51.215764441057296,0.0</coordinates>
                </LineString>
                <LineString id="32172">
                    <coordinates>10.2211907218562,51.2168213240851,0.0 10.221189432748098,51.21681837391939,0.0</coordinates>
                </LineString>
                <LineString id="32174">
                    <coordinates>10.2184895376923,51.21711091253259,0.0 10.2184571789522,51.2170966840738,0.0</coordinates>
                </LineString>
                <LineString id="32176">
                    <coordinates>10.2226419694964,51.215247950368,0.0 10.2226104657371,51.215263572170095,0.0</coordinates>
                </LineString>
                <LineString id="32178">
                    <coordinates>10.2205978779832,51.21409429385109,0.0 10.2206391560567,51.214087621898585,0.0</coordinates>
                </LineString>
                <LineString id="32180">
                    <coordinates>10.219472436589498,51.21362127647669,0.0 10.219499196144199,51.213649631900005,0.0</coordinates>
                </LineString>
                <LineString id="32182">
                    <coordinates>10.222339606277501,51.2137366921314,0.0 10.2223358684961,51.21373525997039,0.0</coordinates>
                </LineString>
                <LineString id="32184">
                    <coordinates>10.2223499566995,51.21356447571879,0.0 10.2223138957238,51.213605558398896,0.0</coordinates>
                </LineString>
                <LineString id="32186">
                    <coordinates>10.2209247637285,51.2128714141501,0.0 10.2209156524266,51.212861602957894,0.0</coordinates>
                </LineString>
                <LineString id="32188">
                    <coordinates>10.2197846093742,51.21288584737188,0.0 10.219789081505901,51.212886418803,0.0</coordinates>
                </LineString>
                <LineString id="32190">
                    <coordinates>10.2260416388108,51.2147502753385,0.0 10.2260365072865,51.2147512133786,0.0</coordinates>
                </LineString>
                <LineString id="32192">
                    <coordinates>10.2285464500825,51.212819530493306,0.0 10.2286002660705,51.212806824769096,0.0</coordinates>
                </LineString>
                <LineString id="32194">
                    <coordinates>10.2297056414626,51.21255064549559,0.0 10.229724762128898,51.212579790954294,0.0</coordinates>
                </LineString>
                <LineString id="32196">
                    <coordinates>10.2298681906845,51.212523699269994,0.0 10.2298706431659,51.21252618150119,0.0</coordinates>
                </LineString>
                <LineString id="32198">
                    <coordinates>10.2264292158429,51.21279391328251,0.0 10.2264280880165,51.21283073513939,0.0</coordinates>
                </LineString>
                <LineString id="32200">
                    <coordinates>10.228379773386798,51.21301409340629,0.0 10.2283816124298,51.213011298541595,0.0</coordinates>
                </LineString>
                <LineString id="32202">
                    <coordinates>10.227776491278698,51.2130261488013,0.0 10.2277773900103,51.21302920984698,0.0</coordinates>
                </LineString>
                <LineString id="32204">
                    <coordinates>10.2236674818314,51.213771684480896,0.0 10.2236724113634,51.21377190312441,0.0</coordinates>
                </LineString>
                <LineString id="32206">
                    <coordinates>10.223593752514498,51.21354666415049,0.0 10.2235986214975,51.213545479517,0.0</coordinates>
                </LineString>
                <LineString id="32208">
                    <coordinates>10.2251934294396,51.212849308604596,0.0 10.2251962627141,51.2128467176442,0.0</coordinates>
                </LineString>
                <LineString id="32210">
                    <coordinates>10.2258876355806,51.2127303842643,0.0 10.2259073169867,51.212744499434095,0.0</coordinates>
                </LineString>
                <LineString id="32212">
                    <coordinates>10.2243614524825,51.21300604325851,0.0 10.2243618780595,51.21300316408641,0.0</coordinates>
                </LineString>
                <LineString id="32214">
                    <coordinates>10.2244358639446,51.2115254962317,0.0 10.224455366137498,51.21157477585099,0.0</coordinates>
                </LineString>
                <LineString id="32216">
                    <coordinates>10.2256591912956,51.21188887570609,0.0 10.2256591009238,51.2118837772918,0.0</coordinates>
                </LineString>
                <LineString id="32218">
                    <coordinates>10.2263638143904,51.2112925665226,0.0 10.2263610093278,51.21128734606629,0.0</coordinates>
                </LineString>
                <LineString id="32220">
                    <coordinates>10.2253271354238,51.2112447871126,0.0 10.225258857276701,51.21125657984929,0.0</coordinates>
                </LineString>
                <LineString id="32222">
                    <coordinates>10.226077282809,51.2110552883879,0.0 10.226035191321701,51.211050811929006,0.0</coordinates>
                </LineString>
                <LineString id="32224">
                    <coordinates>10.226991594932,51.2107573414023,0.0 10.2269803307165,51.21074468435929,0.0</coordinates>
                </LineString>
                <LineString id="32226">
                    <coordinates>10.2280250141367,51.210347068936194,0.0 10.2280159309295,51.21033463379158,0.0</coordinates>
                </LineString>
                <LineString id="32228">
                    <coordinates>10.228034761181199,51.210195222104396,0.0 10.2280484754147,51.210206693565894,0.0</coordinates>
                </LineString>
                <LineString id="32230">
                    <coordinates>10.213968273402,51.2138352661453,0.0 10.2139707312749,51.21383277759921,0.0</coordinates>
                </LineString>
                <LineString id="32232">
                    <coordinates>10.2785403743431,51.17793454332689,0.0 10.2785426215285,51.177937183344504,0.0</coordinates>
                </LineString>
                <LineString id="32234">
                    <coordinates>10.2814403405771,51.177385093745094,0.0 10.2814742232318,51.177390032179396,0.0</coordinates>
                </LineString>
                <LineString id="32236">
                    <coordinates>10.281046043539899,51.1773148114458,0.0 10.2810498236774,51.1773039177527,0.0</coordinates>
                </LineString>
                <LineString id="32238">
                    <coordinates>10.279612122286,51.176978772815495,0.0 10.279585735323,51.17696111601019,0.0</coordinates>
                </LineString>
                <LineString id="32240">
                    <coordinates>10.2798255762575,51.1767587282711,0.0 10.2798109143764,51.176750736804905,0.0</coordinates>
                </LineString>
                <LineString id="32242">
                    <coordinates>10.27761674493,51.17710597151089,0.0 10.2776437321181,51.17709098768331,0.0</coordinates>
                </LineString>
                <LineString id="32244">
                    <coordinates>10.278623430976698,51.176731197426896,0.0 10.2786041022378,51.1767091225029,0.0</coordinates>
                </LineString>
                <LineString id="32246">
                    <coordinates>10.2794915062992,51.1767769378199,0.0 10.2795068691828,51.17678492165439,0.0</coordinates>
                </LineString>
                <LineString id="32248">
                    <coordinates>10.2784451001176,51.17660234314591,0.0 10.2784462719754,51.176623108184984,0.0</coordinates>
                </LineString>
                <LineString id="32250">
                    <coordinates>10.285037656764501,51.1774753120612,0.0 10.285060042315,51.17746634498929,0.0</coordinates>
                </LineString>
                <LineString id="32252">
                    <coordinates>10.284993524635999,51.17719145987769,0.0 10.2849805605255,51.1772028303763,0.0</coordinates>
                </LineString>
                <LineString id="32254">
                    <coordinates>10.2830981231671,51.1774591951152,0.0 10.2831429000863,51.17743534669499,0.0</coordinates>
                </LineString>
                <LineString id="32256">
                    <coordinates>10.283949960542301,51.1775464113052,0.0 10.2839711115565,51.17752755585779,0.0</coordinates>
                </LineString>
                <LineString id="32258">
                    <coordinates>10.2838012121522,51.17691945006871,0.0 10.2838280468627,51.17691699396239,0.0</coordinates>
                </LineString>
                <LineString id="32260">
                    <coordinates>10.2835391392463,51.176723365462294,0.0 10.2835541259033,51.1767337973778,0.0</coordinates>
                </LineString>
                <LineString id="32262">
                    <coordinates>10.282560457348,51.17617008423199,0.0 10.2825504977632,51.17613867253711,0.0</coordinates>
                </LineString>
                <LineString id="32264">
                    <coordinates>10.282384535489,51.176092026133595,0.0 10.2824248718642,51.1760725805941,0.0</coordinates>
                </LineString>
                <LineString id="32266">
                    <coordinates>10.2804046345011,51.1758373911152,0.0 10.2804239933766,51.1758575154603,0.0</coordinates>
                </LineString>
                <LineString id="32268">
                    <coordinates>10.2830257090318,51.175802076308095,0.0 10.2829693934674,51.1757931683923,0.0</coordinates>
                </LineString>
                <LineString id="32270">
                    <coordinates>10.2840203558934,51.17586035579421,0.0 10.284044240522402,51.1758495141153,0.0</coordinates>
                </LineString>
                <LineString id="32272">
                    <coordinates>10.2844620851331,51.17562255190191,0.0 10.2844365983103,51.1756037317655,0.0</coordinates>
                </LineString>
                <LineString id="32274">
                    <coordinates>10.283634886156902,51.17550357210881,0.0 10.2836163019446,51.1754852755457,0.0</coordinates>
                </LineString>
                <LineString id="32276">
                    <coordinates>10.2844873790986,51.17498547665339,0.0 10.2845097892224,51.174972347907186,0.0</coordinates>
                </LineString>
                <LineString id="32278">
                    <coordinates>10.2827880585391,51.1750837700375,0.0 10.282778513729,51.17507700469359,0.0</coordinates>
                </LineString>
                <LineString id="32280">
                    <coordinates>10.2808225368428,51.1754604975818,0.0 10.2808000626591,51.1754606977668,0.0</coordinates>
                </LineString>
                <LineString id="32282">
                    <coordinates>10.2819624281048,51.175336337869695,0.0 10.281947545714399,51.1753169627096,0.0</coordinates>
                </LineString>
                <LineString id="32284">
                    <coordinates>10.280574336964799,51.17521416982509,0.0 10.280570002449602,51.1751949764474,0.0</coordinates>
                </LineString>
                <LineString id="32286">
                    <coordinates>10.2807058085053,51.1749571317272,0.0 10.280686028682,51.1749606436607,0.0</coordinates>
                </LineString>
                <LineString id="32288">
                    <coordinates>10.2852430605004,51.17404023117619,0.0 10.285231489772,51.1740317912632,0.0</coordinates>
                </LineString>
                <LineString id="32290">
                    <coordinates>10.282566610274502,51.173763826111006,0.0 10.2825988339554,51.173753682452784,0.0</coordinates>
                </LineString>
                <LineString id="32292">
                    <coordinates>10.2813353361424,51.17364021075951,0.0 10.2813341049651,51.173659870724,0.0</coordinates>
                </LineString>
                <LineString id="32294">
                    <coordinates>10.2806051361304,51.173748162887,0.0 10.2806020887116,51.173745124598796,0.0</coordinates>
                </LineString>
                <LineString id="32296">
                    <coordinates>10.2808606055866,51.17357563213839,0.0 10.2808545418474,51.17358872167911,0.0</coordinates>
                </LineString>
                <LineString id="32298">
                    <coordinates>10.2792625137451,51.1762881009628,0.0 10.2792474771354,51.1762909542562,0.0</coordinates>
                </LineString>
                <LineString id="32300">
                    <coordinates>10.279765830817201,51.1758352202952,0.0 10.2797614226531,51.1758426167863,0.0</coordinates>
                </LineString>
                <LineString id="32302">
                    <coordinates>10.2792926894063,51.175666668108796,0.0 10.2792951487528,51.1756701382685,0.0</coordinates>
                </LineString>
                <LineString id="32304">
                    <coordinates>10.2803018751683,51.1725281708175,0.0 10.2803016298629,51.1725316911031,0.0</coordinates>
                </LineString>
                <LineString id="32306">
                    <coordinates>10.2789095804323,51.1730973045484,0.0 10.2788993171575,51.1731002639606,0.0</coordinates>
                </LineString>
                <LineString id="32308">
                    <coordinates>10.286077750315599,51.17448973683139,0.0 10.285968732519,51.17456277086159,0.0 10.2859583494738,51.1745546900215,0.0</coordinates>
                </LineString>
                <LineString id="32310">
                    <coordinates>10.2858859508453,51.17434968449981,0.0 10.2859532697685,51.174400445542304,0.0 10.2860151162675,51.174452241084694,0.0 10.286077750315599,51.17448973683139,0.0</coordinates>
                </LineString>
                <LineString id="32312">
                    <coordinates>10.219685366121897,51.2164132914781,0.0 10.219606927742602,51.216330114199394,0.0</coordinates>
                </LineString>
                <LineString id="32314">
                    <coordinates>10.219549852435,51.216453166242296,0.0 10.219685366121897,51.2164132914781,0.0</coordinates>
                </LineString>
                <LineString id="32316">
                    <coordinates>10.279523451591599,51.177748688318395,0.0 10.2794684142541,51.1777034619179,0.0</coordinates>
                </LineString>
                <LineString id="32318">
                    <coordinates>10.2878825458971,51.1753641473456,0.0 10.2878867361701,51.1753622129864,0.0</coordinates>
                </LineString>
                <LineString id="32320">
                    <coordinates>10.2236619044818,51.215172531681205,0.0 10.2236586219953,51.2151648407962,0.0</coordinates>
                </LineString>
                <LineString id="32322">
                    <coordinates>10.2878109569146,51.17528764194498,0.0 10.2878039185639,51.1752819115268,0.0</coordinates>
                </LineString>
                <LineString id="32324">
                    <coordinates>10.2174677534561,51.217301117012894,0.0 10.217442313152,51.217291218695905,0.0</coordinates>
                </LineString>
                <LineString id="32326">
                    <coordinates>10.2241715645941,51.2143118261874,0.0 10.2242117363062,51.2143086061349,0.0</coordinates>
                </LineString>
                <LineString id="32328">
                    <coordinates>10.2859792185203,51.17656851041931,0.0 10.285940126302002,51.1765197001076,0.0 10.2858369155025,51.1764008481877,0.0</coordinates>
                </LineString>
                <LineString id="32330">
                    <coordinates>10.2884024527547,51.1750933483804,0.0 10.2883707868221,51.1750664110959,0.0</coordinates>
                </LineString>
                <LineString id="32332">
                    <coordinates>10.2240878725886,51.2154217926578,0.0 10.224046083495102,51.2153732536003,0.0</coordinates>
                </LineString>
                <LineString id="32334">
                    <coordinates>10.223787539466,51.21475630993401,0.0 10.2238027745798,51.2147408994071,0.0</coordinates>
                </LineString>
                <LineString id="32336">
                    <coordinates>10.220857483684298,51.2162632706014,0.0 10.2208476460706,51.21625817684729,0.0</coordinates>
                </LineString>
                <LineString id="32338">
                    <coordinates>10.2861376079491,51.17517976721171,0.0 10.2859506364661,51.1752840036834,0.0 10.2858968082177,51.1752527497383,0.0</coordinates>
                </LineString>
                <LineString id="32340">
                    <coordinates>10.2824317324561,51.1773343589316,0.0 10.2824474120033,51.1772737750523,0.0</coordinates>
                </LineString>
                <LineString id="32342">
                    <coordinates>10.281947395044998,51.17716239014759,0.0 10.281950168597902,51.1771566416258,0.0 10.2819451635006,51.17714816294829,0.0</coordinates>
                </LineString>
                <LineString id="32344">
                    <coordinates>10.2224443969318,51.21326613722069,0.0 10.222439948468999,51.21326866762779,0.0</coordinates>
                </LineString>
                <LineString id="32346">
                    <coordinates>10.2829456073145,51.17391073031439,0.0 10.282950480367703,51.173908896045695,0.0</coordinates>
                </LineString>
                <LineString id="32348">
                    <coordinates>10.2844017473421,51.17644747944059,0.0 10.284394583427002,51.17643704546331,0.0</coordinates>
                </LineString>
                <LineString id="32350">
                    <coordinates>10.2249108346491,51.21564149286699,0.0 10.2249494855446,51.2157184537361,0.0 10.224939410077297,51.21572065618779,0.0 10.2249198034258,51.2157250513639,0.0</coordinates>
                </LineString>
                <LineString id="32352">
                    <coordinates>10.217405007606999,51.217586818542195,0.0 10.2174047107419,51.217587092695496,0.0</coordinates>
                </LineString>
                <LineString id="32354">
                    <coordinates>10.2707604637125,51.1784654226828,0.0 10.270729878683898,51.178470598137295,0.0 10.270643068911602,51.1784854424194,0.0</coordinates>
                </LineString>
                <LineString id="32356">
                    <coordinates>10.283742666557398,51.17477933995059,0.0 10.283905723291898,51.174913823294894,0.0</coordinates>
                </LineString>
                <LineString id="32358">
                    <coordinates>10.2840093414833,51.1751521175975,0.0 10.2839900332227,51.17518724412059,0.0</coordinates>
                </LineString>
                <LineString id="32360">
                    <coordinates>10.2843845885218,51.1746669994968,0.0 10.2844273651691,51.174622580236196,0.0</coordinates>
                </LineString>
                <LineString id="32362">
                    <coordinates>10.2841637029686,51.17490280077589,0.0 10.2841716445832,51.1748903409042,0.0 10.2841989377909,51.17485738104568,0.0 10.2842387961617,51.1748118403203,0.0 10.2842899002642,51.174757672732696,0.0 10.2843352505591,51.174712500164794,0.0 10.284371937024398,51.17468229393889,0.0</coordinates>
                </LineString>
                <LineString id="32364">
                    <coordinates>10.2836662472082,51.1753918610091,0.0 10.283588348654503,51.1754269640842,0.0 10.2835792822463,51.175431577554605,0.0</coordinates>
                </LineString>
                <LineString id="32366">
                    <coordinates>10.2839970681611,51.17551483511761,0.0 10.2840004993171,51.175528351720196,0.0</coordinates>
                </LineString>
                <LineString id="32368">
                    <coordinates>10.2837933169584,51.1753315802968,0.0 10.283767210973002,51.1753437108016,0.0</coordinates>
                </LineString>
                <LineString id="32370">
                    <coordinates>10.2830646901359,51.1756500333702,0.0 10.2830320393601,51.17567049085179,0.0</coordinates>
                </LineString>
                <LineString id="32372">
                    <coordinates>10.2832016065646,51.17556301014971,0.0 10.2831104264559,51.175414262350095,0.0</coordinates>
                </LineString>
                <LineString id="32374">
                    <coordinates>10.282827016046,51.1758096334456,0.0 10.2828566767773,51.17578882649919,0.0 10.2829301210537,51.17573621889488,0.0 10.2830320393601,51.17567049085179,0.0</coordinates>
                </LineString>
                <LineString id="32376">
                    <coordinates>10.2828204095917,51.17581423800969,0.0 10.282827016046,51.1758096334456,0.0</coordinates>
                </LineString>
                <LineString id="32378">
                    <coordinates>10.282920658178401,51.175816976636696,0.0 10.282805856403698,51.17589997314669,0.0 10.282703634378898,51.17598964459249,0.0</coordinates>
                </LineString>
                <LineString id="32380">
                    <coordinates>10.2824599949563,51.17602715974098,0.0 10.282461145534702,51.1760285250558,0.0</coordinates>
                </LineString>
                <LineString id="32382">
                    <coordinates>10.282440594694,51.17606703112331,0.0 10.2824248718642,51.1760725805941,0.0</coordinates>
                </LineString>
                <LineString id="32384">
                    <coordinates>10.2825499476705,51.17647267868799,0.0 10.2827898161788,51.17657796928269,0.0</coordinates>
                </LineString>
                <LineString id="32386">
                    <coordinates>10.2829996675072,51.17664551246659,0.0 10.2830320595428,51.1766559211696,0.0</coordinates>
                </LineString>
                <LineString id="32388">
                    <coordinates>10.2841310248102,51.17629487743309,0.0 10.2841459860276,51.1762678406312,0.0</coordinates>
                </LineString>
                <LineString id="32390">
                    <coordinates>10.2840887161236,51.1760229536642,0.0 10.2840867373492,51.17601384524361,0.0</coordinates>
                </LineString>
                <LineString id="32392">
                    <coordinates>10.2842367461157,51.17635095800869,0.0 10.284258937312398,51.176377281048595,0.0 10.2843357202433,51.1763564724643,0.0</coordinates>
                </LineString>
                <LineString id="32394">
                    <coordinates>10.2843428918826,51.17636592670239,0.0 10.2843871240607,51.17642609475178,0.0</coordinates>
                </LineString>
                <LineString id="32396">
                    <coordinates>10.284394583427002,51.17643704546331,0.0 10.2843871240607,51.17642609475178,0.0</coordinates>
                </LineString>
                <LineString id="32398">
                    <coordinates>10.2840928139412,51.1756986363257,0.0 10.284118385067302,51.17568781936289,0.0</coordinates>
                </LineString>
                <LineString id="32400">
                    <coordinates>10.2840867373492,51.17601384524361,0.0 10.2840594664228,51.1758681389193,0.0 10.2840566250327,51.17584759218269,0.0</coordinates>
                </LineString>
                <LineString id="32402">
                    <coordinates>10.2859792185203,51.17656851041931,0.0 10.2860222421705,51.176546756748294,0.0</coordinates>
                </LineString>
                <LineString id="32404">
                    <coordinates>10.2868905610211,51.17540827619399,0.0 10.2870941399138,51.1753316813535,0.0 10.2872604213199,51.1752736249616,0.0</coordinates>
                </LineString>
                <LineString id="32406">
                    <coordinates>10.2872604213199,51.1752736249616,0.0 10.2873157144677,51.17532751731069,0.0</coordinates>
                </LineString>
                <LineString id="32408">
                    <coordinates>10.2867519755443,51.1754780194051,0.0 10.2868267503047,51.17554415326529,0.0</coordinates>
                </LineString>
                <LineString id="32410">
                    <coordinates>10.2877610135136,51.17580452683569,0.0 10.287884695543,51.1757483362943,0.0</coordinates>
                </LineString>
                <LineString id="32412">
                    <coordinates>10.2874834522802,51.1758429494253,0.0 10.287454609387801,51.17580967965219,0.0 10.2874452441823,51.1758127158839,0.0</coordinates>
                </LineString>
                <LineString id="32414">
                    <coordinates>10.2874382821942,51.175867863488804,0.0 10.2874894325949,51.17584983301329,0.0 10.2874834522802,51.1758429494253,0.0</coordinates>
                </LineString>
                <LineString id="32416">
                    <coordinates>10.2872727307778,51.17603511734999,0.0 10.2872381822267,51.175994113942394,0.0</coordinates>
                </LineString>
                <LineString id="32418">
                    <coordinates>10.287164413455402,51.176087262142,0.0 10.2872287429908,51.1761682553068,0.0 10.2872278023084,51.17620561989791,0.0 10.2872308022668,51.1762130441923,0.0 10.2872094855214,51.1762198248915,0.0</coordinates>
                </LineString>
                <LineString id="32420">
                    <coordinates>10.2864480071638,51.176418176765985,0.0 10.2863997460814,51.1763705627875,0.0</coordinates>
                </LineString>
                <LineString id="32422">
                    <coordinates>10.2869377295561,51.1747418734451,0.0 10.2869553915732,51.17475691076359,0.0</coordinates>
                </LineString>
                <LineString id="32424">
                    <coordinates>10.282778513729,51.17507700469359,0.0 10.2827756673994,51.175072396250705,0.0 10.2828219256743,51.17505057435779,0.0</coordinates>
                </LineString>
                <LineString id="32426">
                    <coordinates>10.2828219256743,51.17505057435779,0.0 10.2827821659479,51.17499945184079,0.0 10.2827750117192,51.1749976298524,0.0</coordinates>
                </LineString>
                <LineString id="32428">
                    <coordinates>10.2827750117192,51.1749976298524,0.0 10.2827655423879,51.1749884474364,0.0</coordinates>
                </LineString>
                <LineString id="32430">
                    <coordinates>10.2829177687914,51.17495277258019,0.0 10.282878236787,51.1748939763941,0.0</coordinates>
                </LineString>
                <LineString id="32432">
                    <coordinates>10.2795871149293,51.17763703970311,0.0 10.2794849460878,51.17768695753211,0.0 10.2793563832166,51.1777278482467,0.0 10.2791923235232,51.17778833534409,0.0 10.2791186445547,51.17783551650031,0.0 10.2790748636094,51.17785713066161,0.0 10.2790245735548,51.17788186732109,0.0 10.2789910762179,51.1778942386546,0.0 10.2789343173654,51.177912560508894,0.0 10.2788359425652,51.177942738674105,0.0 10.2787886460611,51.177952749496896,0.0 10.2786486102382,51.17798023811919,0.0 10.2785552528095,51.17799242093829,0.0</coordinates>
                </LineString>
                <LineString id="32434">
                    <coordinates>10.2785347656201,51.17799530183209,0.0 10.2785552528095,51.17799242093829,0.0</coordinates>
                </LineString>
                <LineString id="32436">
                    <coordinates>10.277736467456402,51.176991795924806,0.0 10.2777826665127,51.176976672323896,0.0 10.2778524836003,51.1769533113166,0.0</coordinates>
                </LineString>
                <LineString id="32438">
                    <coordinates>10.2764388570847,51.17724352615059,0.0 10.2763786966027,51.17726025046629,0.0 10.2761452395085,51.177332359313496,0.0 10.2759757922116,51.17738307184881,0.0</coordinates>
                </LineString>
                <LineString id="32440">
                    <coordinates>10.2768999710695,51.1771220997345,0.0 10.2768003121756,51.1771476007105,0.0 10.2766003459496,51.17719949181049,0.0 10.2764388570847,51.17724352615059,0.0</coordinates>
                </LineString>
                <LineString id="32442">
                    <coordinates>10.2777238285437,51.17699592486701,0.0 10.2777145121459,51.1769983947026,0.0</coordinates>
                </LineString>
                <LineString id="32444">
                    <coordinates>10.278132963194599,51.1768530526662,0.0 10.2781784070868,51.176894686578606,0.0</coordinates>
                </LineString>
                <LineString id="32446">
                    <coordinates>10.2794324045918,51.17632172983549,0.0 10.2794871342188,51.17630369254369,0.0</coordinates>
                </LineString>
                <LineString id="32448">
                    <coordinates>10.2805693785078,51.1758240354292,0.0 10.2807053284048,51.175776995243595,0.0</coordinates>
                </LineString>
                <LineString id="32450">
                    <coordinates>10.2803405600429,51.175917148337206,0.0 10.2803461384654,51.17590135483909,0.0 10.2804239933766,51.1758575154603,0.0</coordinates>
                </LineString>
                <LineString id="32452">
                    <coordinates>10.280299994333502,51.1759327422804,0.0 10.2803375372613,51.175918443351094,0.0 10.2803405600429,51.175917148337206,0.0</coordinates>
                </LineString>
                <LineString id="32454">
                    <coordinates>10.2802177894969,51.1759435710809,0.0 10.2801953577307,51.175887254706296,0.0 10.2801808375792,51.17588814700609,0.0</coordinates>
                </LineString>
                <LineString id="32456">
                    <coordinates>10.2807520276512,51.17607222276351,0.0 10.280888074318902,51.1761179915074,0.0 10.280904459825102,51.1761234731195,0.0</coordinates>
                </LineString>
                <LineString id="32458">
                    <coordinates>10.280644164414,51.17602618477589,0.0 10.2806829640653,51.1760427022709,0.0 10.2807236402007,51.176062600411996,0.0 10.2807520276512,51.17607222276351,0.0</coordinates>
                </LineString>
                <LineString id="32460">
                    <coordinates>10.2808960170273,51.1761386132742,0.0 10.2808921655904,51.17614527185629,0.0</coordinates>
                </LineString>
                <LineString id="32462">
                    <coordinates>10.2809944854614,51.17604845674969,0.0 10.2810071436986,51.17601494102599,0.0</coordinates>
                </LineString>
                <LineString id="32464">
                    <coordinates>10.2810824849825,51.1761679705511,0.0 10.2811887250656,51.17619382980169,0.0</coordinates>
                </LineString>
                <LineString id="32466">
                    <coordinates>10.2815140035255,51.17633007893749,0.0 10.2815154791032,51.1763338582235,0.0</coordinates>
                </LineString>
                <LineString id="32468">
                    <coordinates>10.281819270335697,51.17629753393019,0.0 10.2818292486144,51.17633381827851,0.0</coordinates>
                </LineString>
                <LineString id="32470">
                    <coordinates>10.2820896793291,51.176244348864905,0.0 10.282132797133,51.176238194798096,0.0</coordinates>
                </LineString>
                <LineString id="32472">
                    <coordinates>10.2823394612748,51.17617626142859,0.0 10.282406569823502,51.17614602593228,0.0</coordinates>
                </LineString>
                <LineString id="32474">
                    <coordinates>10.2804290159287,51.17642851320209,0.0 10.280413191495501,51.1764298628088,0.0</coordinates>
                </LineString>
                <LineString id="32476">
                    <coordinates>10.2804290159287,51.17642851320209,0.0 10.280448203358,51.1764547928359,0.0</coordinates>
                </LineString>
                <LineString id="32478">
                    <coordinates>10.2805547134336,51.1763653301796,0.0 10.2805533449054,51.176354828299,0.0</coordinates>
                </LineString>
                <LineString id="32480">
                    <coordinates>10.2813357332701,51.17634409129828,0.0 10.2812216572098,51.1763512793919,0.0</coordinates>
                </LineString>
                <LineString id="32482">
                    <coordinates>10.2799754711531,51.176468772558394,0.0 10.280027468029,51.17653727283841,0.0</coordinates>
                </LineString>
                <LineString id="32484">
                    <coordinates>10.285795176631,51.1776713797237,0.0 10.285746423939,51.17764588145678,0.0 10.2855942398312,51.1775703065334,0.0 10.2854685556653,51.17750980854271,0.0</coordinates>
                </LineString>
                <LineString id="32486">
                    <coordinates>10.2847470487899,51.17716113039699,0.0 10.284713064217097,51.177189776212984,0.0</coordinates>
                </LineString>
                <LineString id="32488">
                    <coordinates>10.2850438303032,51.17687391471281,0.0 10.285034354830701,51.1768610197321,0.0</coordinates>
                </LineString>
                <LineString id="32490">
                    <coordinates>10.2850211399113,51.176882625606794,0.0 10.2850438303032,51.17687391471281,0.0</coordinates>
                </LineString>
                <LineString id="32492">
                    <coordinates>10.2834624262662,51.177469591858895,0.0 10.2834592833085,51.1774194202622,0.0 10.283423109248902,51.177392217739204,0.0</coordinates>
                </LineString>
                <LineString id="32494">
                    <coordinates>10.2831775510559,51.1774311535779,0.0 10.283144855968498,51.1774281208592,0.0 10.2831429000863,51.17743534669499,0.0</coordinates>
                </LineString>
                <LineString id="32496">
                    <coordinates>10.2812976621904,51.17550997065389,0.0 10.2812849196573,51.1754965149696,0.0</coordinates>
                </LineString>
                <LineString id="32498">
                    <coordinates>10.280794305781498,51.175490143734585,0.0 10.2807838721304,51.175464595064796,0.0</coordinates>
                </LineString>
                <LineString id="32500">
                    <coordinates>10.2806800787072,51.175067207825805,0.0 10.2806947331706,51.175066542176786,0.0</coordinates>
                </LineString>
                <LineString id="32502">
                    <coordinates>10.2808883014239,51.1746235961875,0.0 10.2810772981281,51.17455475325999,0.0 10.2812165216896,51.1745026275734,0.0</coordinates>
                </LineString>
                <LineString id="32504">
                    <coordinates>10.2816591623542,51.17529865956609,0.0 10.2816595201385,51.175320203691285,0.0 10.2816586670471,51.175337388100395,0.0 10.281651161103998,51.1753519577486,0.0</coordinates>
                </LineString>
                <LineString id="32506">
                    <coordinates>10.2822669694185,51.175153746128,0.0 10.2822981232431,51.17520284570419,0.0</coordinates>
                </LineString>
                <LineString id="32508">
                    <coordinates>10.2816251591362,51.175148844423596,0.0 10.2816502687891,51.175251666636306,0.0 10.2816528834701,51.17526558484009,0.0</coordinates>
                </LineString>
                <LineString id="32510">
                    <coordinates>10.28139425945,51.1749237090451,0.0 10.2815197486785,51.174904849231,0.0</coordinates>
                </LineString>
                <LineString id="32512">
                    <coordinates>10.281405262946,51.174700364390795,0.0 10.2814972200399,51.174864577961394,0.0 10.2815197486785,51.174904849231,0.0</coordinates>
                </LineString>
                <LineString id="32514">
                    <coordinates>10.281110008370298,51.17406833471419,0.0 10.2811016102518,51.1740549697917,0.0</coordinates>
                </LineString>
                <LineString id="32516">
                    <coordinates>10.280705520880598,51.17358325996669,0.0 10.2807272948225,51.173621102135996,0.0</coordinates>
                </LineString>
                <LineString id="32518">
                    <coordinates>10.2806324256271,51.1735065031927,0.0 10.2806704977171,51.1735475334191,0.0 10.280683737604399,51.17355297783839,0.0 10.2806935974802,51.1735674070554,0.0 10.280705520880598,51.17358325996669,0.0</coordinates>
                </LineString>
                <LineString id="32520">
                    <coordinates>10.2808646845712,51.1738063450519,0.0 10.280949325004398,51.173785285571796,0.0</coordinates>
                </LineString>
                <LineString id="32522">
                    <coordinates>10.281335965004,51.173710634865884,0.0 10.2813948521594,51.1736991392019,0.0</coordinates>
                </LineString>
                <LineString id="32524">
                    <coordinates>10.2818539012939,51.173611958130586,0.0 10.2818772203648,51.17360631351879,0.0</coordinates>
                </LineString>
                <LineString id="32526">
                    <coordinates>10.2813948521594,51.1736991392019,0.0 10.2814243319068,51.1736966505891,0.0</coordinates>
                </LineString>
                <LineString id="32528">
                    <coordinates>10.2818539012939,51.173611958130586,0.0 10.2818754290038,51.17364914023019,0.0</coordinates>
                </LineString>
                <LineString id="32530">
                    <coordinates>10.2818541113506,51.1735743580764,0.0 10.281796690016,51.17349406558299,0.0</coordinates>
                </LineString>
                <LineString id="32532">
                    <coordinates>10.2792814217283,51.173671270396994,0.0 10.279248244501998,51.17361939842161,0.0</coordinates>
                </LineString>
                <LineString id="32534">
                    <coordinates>10.2782738646284,51.17354633674131,0.0 10.2782499821208,51.1735659510474,0.0 10.2782325017258,51.17358529997231,0.0 10.2782273433269,51.1735997870886,0.0 10.2782334483048,51.17362056180269,0.0 10.2782662646749,51.173662890883996,0.0</coordinates>
                </LineString>
                <LineString id="32536">
                    <coordinates>10.2792692544366,51.17721490200099,0.0 10.279286942859502,51.17720036537471,0.0</coordinates>
                </LineString>
                <LineString id="32538">
                    <coordinates>10.2791127024995,51.177463353220496,0.0 10.2791214434768,51.177442913765994,0.0</coordinates>
                </LineString>
                <LineString id="32540">
                    <coordinates>10.2812171923977,51.1772397100684,0.0 10.2810623141839,51.17724530085161,0.0</coordinates>
                </LineString>
                <LineString id="32542">
                    <coordinates>10.2812200727715,51.17723955460761,0.0 10.2812171923977,51.1772397100684,0.0</coordinates>
                </LineString>
                <LineString id="32544">
                    <coordinates>10.2861368929361,51.174523432780596,0.0 10.2861475444202,51.17452890158959,0.0</coordinates>
                </LineString>
                <LineString id="32546">
                    <coordinates>10.2834420599611,51.17678274642369,0.0 10.2834555520052,51.17678605471519,0.0</coordinates>
                </LineString>
                <LineString id="32548">
                    <coordinates>10.288555014366601,51.1750125707652,0.0 10.2887703616424,51.174897625124096,0.0</coordinates>
                </LineString>
                <LineString id="32550">
                    <coordinates>10.2887703616424,51.174897625124096,0.0 10.2887815770483,51.17489173021389,0.0</coordinates>
                </LineString>
                <LineString id="32552">
                    <coordinates>10.2879409358736,51.175203478251895,0.0 10.2879348532644,51.175205924295796,0.0 10.2879583200121,51.17522448937,0.0 10.2879925698649,51.1752515454768,0.0 10.2880571961031,51.1752202366503,0.0</coordinates>
                </LineString>
                <LineString id="32554">
                    <coordinates>10.2159031137088,51.2130022222659,0.0 10.215875732466502,51.21300447478071,0.0</coordinates>
                </LineString>
                <LineString id="32556">
                    <coordinates>10.216165490031702,51.21308938321399,0.0 10.216186998676399,51.21297682081269,0.0</coordinates>
                </LineString>
                <LineString id="32558">
                    <coordinates>10.2167804214253,51.21305598138681,0.0 10.216783149298502,51.21300201400549,0.0</coordinates>
                </LineString>
                <LineString id="32560">
                    <coordinates>10.2169187906227,51.21300497041161,0.0 10.216783149298502,51.21300201400549,0.0</coordinates>
                </LineString>
                <LineString id="32562">
                    <coordinates>10.2167804214253,51.21305598138681,0.0 10.216780981138802,51.2130659502847,0.0</coordinates>
                </LineString>
                <LineString id="32564">
                    <coordinates>10.2181365495698,51.21279733957441,0.0 10.2181667318775,51.2127955606694,0.0</coordinates>
                </LineString>
                <LineString id="32566">
                    <coordinates>10.2173855619045,51.21303556087919,0.0 10.2174245599604,51.2130471579674,0.0</coordinates>
                </LineString>
                <LineString id="32568">
                    <coordinates>10.217704614496201,51.2130089923282,0.0 10.2177192179859,51.213021853940816,0.0</coordinates>
                </LineString>
                <LineString id="32570">
                    <coordinates>10.2884298427953,51.1750804895011,0.0 10.288555014366601,51.1750125707652,0.0</coordinates>
                </LineString>
                <LineString id="32572">
                    <coordinates>10.288494473106102,51.1758164077117,0.0 10.2884894126779,51.1758128727365,0.0 10.288105168720799,51.17565383707961,0.0</coordinates>
                </LineString>
                <LineString id="32574">
                    <coordinates>10.2877582082722,51.1754040842532,0.0 10.287683513656399,51.17543191946459,0.0</coordinates>
                </LineString>
                <LineString id="32576">
                    <coordinates>10.2785454600942,51.173384125533296,0.0 10.2785402612775,51.1733870245793,0.0</coordinates>
                </LineString>
                <LineString id="32578">
                    <coordinates>10.2840893267237,51.1743836266663,0.0 10.2841030185351,51.1743780651705,0.0 10.2841079125027,51.1743795213212,0.0 10.284114234537398,51.1743829581265,0.0</coordinates>
                </LineString>
                <LineString id="32580">
                    <coordinates>10.2847217932399,51.174171335200704,0.0 10.2846680712342,51.1741257080022,0.0</coordinates>
                </LineString>
                <LineString id="32582">
                    <coordinates>10.2846067704851,51.174440907501996,0.0 10.2846473607049,51.1744018318359,0.0 10.284700849682899,51.1743519690491,0.0 10.2847872775902,51.174273058533394,0.0 10.284804611605502,51.1742572034187,0.0 10.2848772525263,51.17418641503,0.0 10.2849480925222,51.17413526025899,0.0 10.285154725528702,51.174017119096405,0.0 10.2851866683528,51.1739987272307,0.0</coordinates>
                </LineString>
                <LineString id="32584">
                    <coordinates>10.2852537609532,51.173968013441296,0.0 10.2853637813731,51.1739215407874,0.0</coordinates>
                </LineString>
                <LineString id="32586">
                    <coordinates>10.285104954703202,51.17393396486269,0.0 10.2850607690097,51.17390073030719,0.0</coordinates>
                </LineString>
                <LineString id="32588">
                    <coordinates>10.2856332974831,51.173689820840906,0.0 10.2856410337104,51.17368635636079,0.0 10.2858052394763,51.17362400162029,0.0</coordinates>
                </LineString>
                <LineString id="32590">
                    <coordinates>10.2859663642465,51.17297497305669,0.0 10.285990233280899,51.17296912892599,0.0 10.286032190465498,51.1729490496648,0.0 10.286035174591902,51.172953803879494,0.0</coordinates>
                </LineString>
                <LineString id="32592">
                    <coordinates>10.2861368929361,51.174523432780596,0.0 10.2861952408449,51.1744917543462,0.0 10.2862041432678,51.174492325219305,0.0</coordinates>
                </LineString>
                <LineString id="32594">
                    <coordinates>10.2862171800851,51.174470860433686,0.0 10.286277075112299,51.17443987883129,0.0 10.286403255100199,51.174378746252685,0.0</coordinates>
                </LineString>
                <LineString id="32596">
                    <coordinates>10.286403255100199,51.174378746252685,0.0 10.2865636479868,51.1743020053315,0.0 10.286664603055401,51.174253942412605,0.0</coordinates>
                </LineString>
                <LineString id="32598">
                    <coordinates>10.2867748603794,51.1742022130437,0.0 10.2867370514895,51.1741682005146,0.0</coordinates>
                </LineString>
                <LineString id="32600">
                    <coordinates>10.2867577119592,51.1742099895965,0.0 10.2867748603794,51.1742022130437,0.0</coordinates>
                </LineString>
                <LineString id="32602">
                    <coordinates>10.2870275959474,51.1740318942775,0.0 10.2869867327124,51.1739973337027,0.0</coordinates>
                </LineString>
                <LineString id="32604">
                    <coordinates>10.2871345889011,51.17403313690188,0.0 10.2871715499982,51.17401552812859,0.0 10.2872732723083,51.17396717926629,0.0 10.2872906734791,51.17395990975061,0.0</coordinates>
                </LineString>
                <LineString id="32606">
                    <coordinates>10.2876677137515,51.173787031107,0.0 10.2876336997033,51.173753640739406,0.0</coordinates>
                </LineString>
                <LineString id="32608">
                    <coordinates>10.2878082998535,51.1737229435356,0.0 10.287905429872799,51.1736769271298,0.0 10.2880716755399,51.1735980134299,0.0</coordinates>
                </LineString>
                <LineString id="32610">
                    <coordinates>10.287648105055,51.17313520259839,0.0 10.287653237180498,51.1731410399769,0.0</coordinates>
                </LineString>
                <LineString id="32612">
                    <coordinates>10.286645481073,51.173416055970584,0.0 10.2867250306979,51.1733902702078,0.0</coordinates>
                </LineString>
                <LineString id="32614">
                    <coordinates>10.2159879237564,51.21299461536249,0.0 10.2159031137088,51.2130022222659,0.0</coordinates>
                </LineString>
                <LineString id="32616">
                    <coordinates>10.2174284493811,51.212968639951995,0.0 10.2174474868359,51.212967114005295,0.0</coordinates>
                </LineString>
                <LineString id="32618">
                    <coordinates>10.2163635796503,51.21291959677939,0.0 10.216500963073099,51.2127440126969,0.0 10.2165092436798,51.21274528953028,0.0</coordinates>
                </LineString>
                <LineString id="32620">
                    <coordinates>10.2172814502423,51.21298072138709,0.0 10.217381849059,51.21297267669199,0.0</coordinates>
                </LineString>
                <LineString id="32622">
                    <coordinates>10.2147496522042,51.2134970095413,0.0 10.2147525919114,51.213419852503584,0.0</coordinates>
                </LineString>
                <LineString id="32624">
                    <coordinates>10.2143606200341,51.21371493184219,0.0 10.2143539020357,51.213609939798,0.0</coordinates>
                </LineString>
                <LineString id="32626">
                    <coordinates>10.2143604241867,51.21360820544,0.0 10.2143539020357,51.213609939798,0.0</coordinates>
                </LineString>
                <LineString id="32628">
                    <coordinates>10.2859663642465,51.17297497305669,0.0 10.2858454340889,51.17299178287239,0.0</coordinates>
                </LineString>
                <LineString id="32630">
                    <coordinates>10.2139294434406,51.214229375859894,0.0 10.213866602389,51.2142288124602,0.0</coordinates>
                </LineString>
                <LineString id="32632">
                    <coordinates>10.2266400912726,51.2110328660896,0.0 10.2266425199958,51.2110374515726,0.0 10.2266464686093,51.21104494571179,0.0</coordinates>
                </LineString>
                <LineString id="32634">
                    <coordinates>10.281138835888601,51.1771365731066,0.0 10.2811384889472,51.1771228230492,0.0</coordinates>
                </LineString>
                <LineString id="32636">
                    <coordinates>10.2811406211986,51.1771539490861,0.0 10.2811405003868,51.177149119944495,0.0 10.2811384889472,51.1771228230492,0.0</coordinates>
                </LineString>
                <LineString id="32638">
                    <coordinates>10.2807838721304,51.175464595064796,0.0 10.2808000626591,51.1754606977668,0.0</coordinates>
                </LineString>
                <LineString id="32640">
                    <coordinates>10.2876842891215,51.172881338009695,0.0 10.287669242345,51.17287833107001,0.0</coordinates>
                </LineString>
                <LineString id="32642">
                    <coordinates>10.279707678224,51.17358424475879,0.0 10.2795282785485,51.17362273413941,0.0 10.2795063889434,51.1736276172147,0.0</coordinates>
                </LineString>
                <LineString id="32644">
                    <coordinates>10.2857612687106,51.1730919425532,0.0 10.2856418780632,51.17314397763829,0.0</coordinates>
                </LineString>
                <LineString id="32646">
                    <coordinates>10.2876172981586,51.17294917234971,0.0 10.2876680346282,51.17298548631881,0.0</coordinates>
                </LineString>
                <LineString id="32648">
                    <coordinates>10.2876420561994,51.174295722437,0.0 10.2876151629228,51.17431100657888,0.0</coordinates>
                </LineString>
                <LineString id="32650">
                    <coordinates>10.2886406878091,51.1737502049627,0.0 10.288681750480798,51.17372839467719,0.0</coordinates>
                </LineString>
                <LineString id="32652">
                    <coordinates>10.288784338950498,51.1737744469944,0.0 10.2887909809638,51.1737835426243,0.0</coordinates>
                </LineString>
                <LineString id="32654">
                    <coordinates>10.2887723523453,51.1737807081852,0.0 10.288784338950498,51.1737744469944,0.0</coordinates>
                </LineString>
                <LineString id="32656">
                    <coordinates>10.287263484333401,51.17449130406419,0.0 10.2873020661493,51.1745222263509,0.0</coordinates>
                </LineString>
                <LineString id="32658">
                    <coordinates>10.286471768378,51.1733695535369,0.0 10.2865581199857,51.173447723296796,0.0</coordinates>
                </LineString>
                <LineString id="32660">
                    <coordinates>10.2787817722665,51.173189329080785,0.0 10.2787408814134,51.173135716382404,0.0</coordinates>
                </LineString>
                <LineString id="32662">
                    <coordinates>10.2264489201001,51.21108556051989,0.0 10.2264029195542,51.2111113195637,0.0 10.2263276068974,51.2111564832118,0.0 10.226289333551899,51.2111770555045,0.0 10.2263610093278,51.21128734606629,0.0</coordinates>
                </LineString>
                <LineString id="32664">
                    <coordinates>10.227004895379,51.210835140209994,0.0 10.2268688379076,51.21089611347539,0.0 10.2267829008542,51.210934715941,0.0</coordinates>
                </LineString>
                <LineString id="32666">
                    <coordinates>10.2255421377614,51.21230591281219,0.0 10.2256055212848,51.21229676052979,0.0</coordinates>
                </LineString>
                <LineString id="32668">
                    <coordinates>10.2239371506336,51.215098068431,0.0 10.2238274847305,51.215131867888594,0.0</coordinates>
                </LineString>
                <LineString id="32670">
                    <coordinates>10.2814038332725,51.1728087067945,0.0 10.2814235340575,51.1728207634249,0.0</coordinates>
                </LineString>
                <LineString id="32672">
                    <coordinates>10.284371937024398,51.17468229393889,0.0 10.2843733395165,51.1746811099078,0.0</coordinates>
                </LineString>
                <LineString id="32674">
                    <coordinates>10.2277778765718,51.21348647671109,0.0 10.2278786848866,51.21354979678039,0.0</coordinates>
                </LineString>
                <LineString id="32676">
                    <coordinates>10.2277061395977,51.2135226879136,0.0 10.2276022767063,51.21355761254259,0.0 10.2275354146256,51.21357793212229,0.0 10.2275158239173,51.2135841798055,0.0 10.2275024836043,51.213566673016295,0.0 10.2274994377705,51.21356734605121,0.0</coordinates>
                </LineString>
                <LineString id="32678">
                    <coordinates>10.2243383304724,51.2164245407455,0.0 10.224357339371,51.216396242529804,0.0</coordinates>
                </LineString>
                <LineString id="32680">
                    <coordinates>10.2214172472416,51.2118374651777,0.0 10.2214079081834,51.2118525245096,0.0 10.221390467719,51.2119017916359,0.0</coordinates>
                </LineString>
                <LineString id="32682">
                    <coordinates>10.221552664584898,51.211640989737,0.0 10.2217171264026,51.2116093913725,0.0</coordinates>
                </LineString>
                <LineString id="32684">
                    <coordinates>10.2804222905269,51.17740462136279,0.0 10.280352688612501,51.1773306935869,0.0</coordinates>
                </LineString>
                <LineString id="32686">
                    <coordinates>10.2820803858293,51.1756561096391,0.0 10.2820546233971,51.1756609003776,0.0 10.2820463987334,51.17564862580701,0.0</coordinates>
                </LineString>
                <LineString id="32688">
                    <coordinates>10.2821759560717,51.17567236337369,0.0 10.2821918517645,51.1756660074184,0.0 10.282210167046602,51.17566804722651,0.0</coordinates>
                </LineString>
                <LineString id="32690">
                    <coordinates>10.2789868269575,51.1737294869046,0.0 10.2789432873812,51.1736559595046,0.0 10.278920700859098,51.173622698686295,0.0 10.2789152019047,51.1736240561267,0.0</coordinates>
                </LineString>
                <LineString id="32692">
                    <coordinates>10.2818655872411,51.17782524401229,0.0 10.2816881986032,51.1778084538498,0.0 10.2817057603603,51.1777503608324,0.0 10.281777300069699,51.177546306689095,0.0 10.2817949326784,51.17749476804949,0.0 10.2818744001197,51.1772128192897,0.0 10.2819873449441,51.1772230445976,0.0</coordinates>
                </LineString>
                <LineString id="32694">
                    <coordinates>10.2782662646749,51.173662890883996,0.0 10.2783441510877,51.173769879485896,0.0 10.2783477519982,51.1737734114116,0.0</coordinates>
                </LineString>
                <LineString id="32696">
                    <coordinates>10.2783882379601,51.173719593543495,0.0 10.2783788362518,51.173764321898794,0.0 10.2783477519982,51.1737734114116,0.0</coordinates>
                </LineString>
                <LineString id="32698">
                    <coordinates>10.2785426215285,51.177937183344504,0.0 10.278556338161,51.177955202346595,0.0 10.2785904475818,51.17799899762219,0.0</coordinates>
                </LineString>
                <LineString id="32700">
                    <coordinates>10.2822737819469,51.1772540294488,0.0 10.2823286579493,51.1772597702286,0.0 10.282418541732302,51.17726903632641,0.0</coordinates>
                </LineString>
                <LineString id="32702">
                    <coordinates>10.283423109248902,51.177392217739204,0.0 10.283252959909397,51.17737307301629,0.0 10.2831709486791,51.1773632308751,0.0</coordinates>
                </LineString>
                <LineString id="32704">
                    <coordinates>10.282331917509099,51.173431427906,0.0 10.2822655147257,51.173331892094,0.0</coordinates>
                </LineString>
                <LineString id="32706">
                    <coordinates>10.278861596397999,51.17794897717081,0.0 10.279065554039299,51.177892843919295,0.0</coordinates>
                </LineString>
                <LineString id="32708">
                    <coordinates>10.2203211336589,51.2132464397904,0.0 10.2203240612187,51.2132454954586,0.0</coordinates>
                </LineString>
                <LineString id="32710">
                    <coordinates>10.221489015467698,51.21227808835819,0.0 10.2216342156014,51.21226989373869,0.0 10.2217526879862,51.21226744169109,0.0 10.2217641796265,51.212308734252694,0.0 10.2218794882049,51.2122780519279,0.0</coordinates>
                </LineString>
                <LineString id="32712">
                    <coordinates>10.2257163359499,51.21455972962719,0.0 10.2257280654777,51.21456401562789,0.0</coordinates>
                </LineString>
                <LineString id="32714">
                    <coordinates>10.2205329070502,51.2169771815767,0.0 10.22058123715,51.216928725797594,0.0 10.2206285735308,51.21687708160079,0.0</coordinates>
                </LineString>
                <LineString id="32716">
                    <coordinates>10.2229912496077,51.2146913382632,0.0 10.2229445342832,51.21463324008929,0.0</coordinates>
                </LineString>
                <LineString id="32718">
                    <coordinates>10.2216420464353,51.2155707674789,0.0 10.2216241368294,51.215580150088996,0.0 10.2215973569955,51.2155968592063,0.0</coordinates>
                </LineString>
                <LineString id="32720">
                    <coordinates>10.2154933911983,51.21868984570029,0.0 10.215614361780498,51.218660226658095,0.0</coordinates>
                </LineString>
                <LineString id="32722">
                    <coordinates>10.2168700878978,51.2180279929023,0.0 10.2168147717276,51.218059656232995,0.0 10.2167935041932,51.218070317400205,0.0 10.2167854855009,51.2180744652504,0.0</coordinates>
                </LineString>
                <LineString id="32724">
                    <coordinates>10.2167854855009,51.2180744652504,0.0 10.2167138263768,51.218104171550294,0.0 10.216702893040498,51.2181159610098,0.0 10.2166785536292,51.2181253617733,0.0 10.2166426802354,51.21813949506869,0.0</coordinates>
                </LineString>
                <LineString id="32726">
                    <coordinates>10.2158070727236,51.216686571272895,0.0 10.2157739030927,51.2166114887661,0.0</coordinates>
                </LineString>
                <LineString id="32728">
                    <coordinates>10.2147149421791,51.21682769344619,0.0 10.2147266946456,51.21682619166259,0.0</coordinates>
                </LineString>
                <LineString id="32730">
                    <coordinates>10.215165896996,51.2167870252639,0.0 10.2151183134307,51.2167767708017,0.0 10.2151024897336,51.216775468744196,0.0</coordinates>
                </LineString>
                <LineString id="32732">
                    <coordinates>10.2170291548202,51.2179091746487,0.0 10.216975384037502,51.217865979083086,0.0</coordinates>
                </LineString>
                <LineString id="32734">
                    <coordinates>10.2193502588299,51.2163426336287,0.0 10.219421831272399,51.216319513712094,0.0 10.2195469788993,51.216443422866,0.0 10.219549852435,51.216453166242296,0.0</coordinates>
                </LineString>
                <LineString id="32736">
                    <coordinates>10.2190667334343,51.21663805685329,0.0 10.219008149029502,51.2165715780951,0.0 10.2189488113466,51.2165097893508,0.0 10.2189326080663,51.21650608184009,0.0 10.2189212296207,51.21650939662559,0.0</coordinates>
                </LineString>
                <LineString id="32738">
                    <coordinates>10.2185844273892,51.21690825919289,0.0 10.2186522313179,51.2171205173043,0.0 10.2186677194909,51.217163174446895,0.0 10.2187531381566,51.21714962371819,0.0</coordinates>
                </LineString>
                <LineString id="32740">
                    <coordinates>10.2181745929626,51.2170833482202,0.0 10.218122595598498,51.21711363335429,0.0 10.2180638758236,51.21714749282971,0.0</coordinates>
                </LineString>
                <LineString id="32742">
                    <coordinates>10.2182160128605,51.2172121869444,0.0 10.218226396551302,51.217220561409,0.0</coordinates>
                </LineString>
                <LineString id="32744">
                    <coordinates>10.220264362772701,51.21626380053019,0.0 10.2201784271586,51.2163041871274,0.0</coordinates>
                </LineString>
                <LineString id="32746">
                    <coordinates>10.2204762680715,51.2168393565586,0.0 10.2204789602787,51.21684638232609,0.0 10.2205910357487,51.216830457770094,0.0 10.2206285735308,51.21687708160079,0.0</coordinates>
                </LineString>
                <LineString id="32748">
                    <coordinates>10.215528778531498,51.216206676408596,0.0 10.215576029367199,51.2162907204486,0.0</coordinates>
                </LineString>
                <LineString id="32750">
                    <coordinates>10.2150232107301,51.21586737190179,0.0 10.2151303304172,51.215857076349295,0.0 10.2151916152409,51.2158524104055,0.0 10.2152745770101,51.21584536012709,0.0 10.2152991346285,51.2158491775525,0.0</coordinates>
                </LineString>
                <LineString id="32752">
                    <coordinates>10.214867446274699,51.2159278420142,0.0 10.2148786437331,51.215926250846294,0.0 10.2148829621958,51.2158815579761,0.0</coordinates>
                </LineString>
                <LineString id="32754">
                    <coordinates>10.2143347973347,51.21587635188391,0.0 10.214328529802902,51.2158648306094,0.0</coordinates>
                </LineString>
                <LineString id="32756">
                    <coordinates>10.2160433169743,51.2156318651907,0.0 10.2160247172019,51.21556238052419,0.0 10.2160167286305,51.2155635352763,0.0</coordinates>
                </LineString>
                <LineString id="32758">
                    <coordinates>10.2154967900518,51.215730284513995,0.0 10.2155959189627,51.21571748449241,0.0 10.2157684569317,51.21569554640389,0.0 10.2157786103826,51.2156939302464,0.0</coordinates>
                </LineString>
                <LineString id="32760">
                    <coordinates>10.215497174097099,51.21571701287489,0.0 10.2154967900518,51.215730284513995,0.0</coordinates>
                </LineString>
                <LineString id="32762">
                    <coordinates>10.215265912340397,51.21575364296388,0.0 10.2152635937184,51.2157303068205,0.0</coordinates>
                </LineString>
                <LineString id="32764">
                    <coordinates>10.2148400231315,51.21579413642289,0.0 10.2148414187285,51.215780250947496,0.0</coordinates>
                </LineString>
                <LineString id="32766">
                    <coordinates>10.2152991346285,51.2158491775525,0.0 10.215323565935698,51.2158529301203,0.0</coordinates>
                </LineString>
                <LineString id="32768">
                    <coordinates>10.217542611519002,51.2165366034712,0.0 10.2175499765111,51.21653454915799,0.0 10.2175637071227,51.2165537350811,0.0</coordinates>
                </LineString>
                <LineString id="32770">
                    <coordinates>10.2174294851271,51.2165686182846,0.0 10.217542611519002,51.2165366034712,0.0</coordinates>
                </LineString>
                <LineString id="32772">
                    <coordinates>10.2166061856486,51.2156747016245,0.0 10.216623572677998,51.21567220676209,0.0</coordinates>
                </LineString>
                <LineString id="32774">
                    <coordinates>10.2164213190354,51.21570863385729,0.0 10.2164766974701,51.21569975105928,0.0 10.216497108122098,51.2156956841779,0.0 10.2165444860233,51.215686041186395,0.0 10.216560875979502,51.2156823085689,0.0 10.21660545158,51.2156748073034,0.0 10.2166061856486,51.2156747016245,0.0</coordinates>
                </LineString>
                <LineString id="32776">
                    <coordinates>10.2174748435798,51.215366145470696,0.0 10.2174849470514,51.2153647081945,0.0 10.2175038627159,51.2154108606875,0.0 10.2175260111781,51.2154948902237,0.0</coordinates>
                </LineString>
                <LineString id="32778">
                    <coordinates>10.2160481355798,51.21565719014131,0.0 10.2160626771173,51.2156553621641,0.0 10.2161459391048,51.215644603181595,0.0 10.216254287257499,51.2156243469792,0.0 10.216309745049,51.2156215603517,0.0</coordinates>
                </LineString>
                <LineString id="32780">
                    <coordinates>10.2200436737021,51.2138222412209,0.0 10.220077929812,51.2138105903736,0.0</coordinates>
                </LineString>
                <LineString id="32782">
                    <coordinates>10.2198791821665,51.2136601760249,0.0 10.2198790935827,51.21369552139129,0.0 10.219932589254098,51.21372203595539,0.0 10.2200436737021,51.2138222412209,0.0</coordinates>
                </LineString>
                <LineString id="32784">
                    <coordinates>10.223822888851,51.2151266921151,0.0 10.2237664618799,51.2150583247397,0.0 10.2236028771834,51.214849910861005,0.0</coordinates>
                </LineString>
                <LineString id="32786">
                    <coordinates>10.224508022877298,51.21564416612208,0.0 10.2244746922322,51.2155900471998,0.0</coordinates>
                </LineString>
                <LineString id="32788">
                    <coordinates>10.2244505939481,51.215984500137395,0.0 10.224431959648898,51.215948340405795,0.0 10.224366737624399,51.21585701560299,0.0</coordinates>
                </LineString>
                <LineString id="32790">
                    <coordinates>10.2209141105329,51.21325050123419,0.0 10.2210488148927,51.2132046076418,0.0 10.2211080284508,51.213184121576894,0.0</coordinates>
                </LineString>
                <LineString id="32792">
                    <coordinates>10.2212678013311,51.2133751224458,0.0 10.2213059158738,51.21342938694511,0.0</coordinates>
                </LineString>
                <LineString id="32794">
                    <coordinates>10.2212069539581,51.213304619022786,0.0 10.2212407081289,51.2133427710232,0.0 10.2212658736898,51.2133727738611,0.0</coordinates>
                </LineString>
                <LineString id="32796">
                    <coordinates>10.220234297586499,51.21353354752819,0.0 10.2202693034833,51.21351580415649,0.0 10.2204523601518,51.213431964631184,0.0 10.2205020510172,51.21342870180281,0.0 10.2205505850756,51.2133934277375,0.0</coordinates>
                </LineString>
                <LineString id="32798">
                    <coordinates>10.2200260863928,51.213629427671904,0.0 10.2200744497148,51.21361568105758,0.0</coordinates>
                </LineString>
                <LineString id="32800">
                    <coordinates>10.2198413808642,51.21459775425081,0.0 10.2199009488756,51.21456182123129,0.0 10.2199209931385,51.2145494149186,0.0 10.219966604771999,51.21453355891249,0.0 10.2199727139586,51.2145325101533,0.0 10.2199763449621,51.214536340962006,0.0</coordinates>
                </LineString>
                <LineString id="32802">
                    <coordinates>10.2205518099347,51.2141610147343,0.0 10.2205758565222,51.2141561663989,0.0 10.2206755414859,51.21413326635161,0.0</coordinates>
                </LineString>
                <LineString id="32804">
                    <coordinates>10.2204235519145,51.2142817085082,0.0 10.2204160564616,51.21428456108229,0.0</coordinates>
                </LineString>
                <LineString id="32806">
                    <coordinates>10.2218819811157,51.21364078094421,0.0 10.2218732516608,51.21364520600561,0.0</coordinates>
                </LineString>
                <LineString id="32808">
                    <coordinates>10.2204825353684,51.21434115387541,0.0 10.220460137464999,51.21435855861869,0.0</coordinates>
                </LineString>
                <LineString id="32810">
                    <coordinates>10.2207329628876,51.214282295165184,0.0 10.2207106283108,51.21425868183849,0.0</coordinates>
                </LineString>
                <LineString id="32812">
                    <coordinates>10.221127034940698,51.21409562197629,0.0 10.2211012561866,51.2140737273108,0.0</coordinates>
                </LineString>
                <LineString id="32814">
                    <coordinates>10.2213346343007,51.213942413543805,0.0 10.2213320083851,51.21394407265501,0.0 10.2213302098229,51.213945061137,0.0</coordinates>
                </LineString>
                <LineString id="32816">
                    <coordinates>10.2215491752314,51.21381853507721,0.0 10.2215364540793,51.21382514683701,0.0</coordinates>
                </LineString>
                <LineString id="32818">
                    <coordinates>10.2218111765345,51.2136835021275,0.0 10.2218078122489,51.2136857523282,0.0 10.221726195600498,51.213725648310295,0.0 10.221653269351,51.21376361767831,0.0</coordinates>
                </LineString>
                <LineString id="32820">
                    <coordinates>10.221982371629,51.21358984327621,0.0 10.2218819811157,51.21364078094421,0.0</coordinates>
                </LineString>
                <LineString id="32822">
                    <coordinates>10.2219994504363,51.21360053053069,0.0 10.221982371629,51.21358984327621,0.0</coordinates>
                </LineString>
                <LineString id="32824">
                    <coordinates>10.226964123450202,51.2130622272349,0.0 10.226991006390202,51.21307182171951,0.0 10.2270218117769,51.213083633091806,0.0 10.2270919159862,51.213112319694,0.0 10.2271332293558,51.213127796102796,0.0 10.227166292490901,51.2131397045604,0.0 10.2271888646182,51.2131467615951,0.0 10.2272114994879,51.21315367574379,0.0</coordinates>
                </LineString>
                <LineString id="32826">
                    <coordinates>10.2237510785841,51.2137561787352,0.0 10.2237618131952,51.2137740419547,0.0</coordinates>
                </LineString>
                <LineString id="32828">
                    <coordinates>10.223180117387198,51.21519339211459,0.0 10.2231340564807,51.21519861696759,0.0 10.22307749876,51.21520732319521,0.0 10.223010584696798,51.21507042214879,0.0 10.222928095674801,51.21491610567009,0.0</coordinates>
                </LineString>
                <LineString id="32830">
                    <coordinates>10.2220401626747,51.21536698271769,0.0 10.2221492703123,51.2154462553063,0.0</coordinates>
                </LineString>
                <LineString id="32832">
                    <coordinates>10.2214936494094,51.2156572390601,0.0 10.2215630824555,51.2157241780568,0.0 10.2215832448954,51.2157436410172,0.0</coordinates>
                </LineString>
                <LineString id="32834">
                    <coordinates>10.2211210604359,51.21583546625429,0.0 10.221017513468599,51.21588198632889,0.0</coordinates>
                </LineString>
                <LineString id="32836">
                    <coordinates>10.2197301982421,51.2146582256218,0.0 10.2197404806132,51.214665879255996,0.0</coordinates>
                </LineString>
                <LineString id="32838">
                    <coordinates>10.2196171332464,51.214699574560406,0.0 10.219654412544998,51.21469640196939,0.0</coordinates>
                </LineString>
                <LineString id="32840">
                    <coordinates>10.2195124661484,51.2147603246222,0.0 10.219579278849,51.214815673464294,0.0 10.219637147933602,51.214868000600596,0.0 10.2196638729988,51.2148553183911,0.0 10.2196711577945,51.2148609037997,0.0 10.219679376870902,51.2148563632641,0.0</coordinates>
                </LineString>
                <LineString id="32842">
                    <coordinates>10.2177306721857,51.215494689609,0.0 10.2178234062354,51.2154739874456,0.0 10.217865913535,51.21546517770069,0.0 10.2179196117345,51.21545456962409,0.0</coordinates>
                </LineString>
                <LineString id="32844">
                    <coordinates>10.2173984231225,51.2155682612045,0.0 10.217434920817402,51.21556422341071,0.0 10.2175055939197,51.215554755009094,0.0 10.2175400792678,51.21554982354521,0.0 10.217562370831198,51.2155448592035,0.0 10.217584135349002,51.2155331536963,0.0 10.217667063926,51.2155121045687,0.0</coordinates>
                </LineString>
                <LineString id="32846">
                    <coordinates>10.2245354865123,51.2129384843183,0.0 10.2246656204836,51.2129126986722,0.0</coordinates>
                </LineString>
                <LineString id="32848">
                    <coordinates>10.2248258801394,51.2128847358624,0.0 10.2250323971222,51.21284524860591,0.0 10.225127349527398,51.2128269295775,0.0 10.2251997014779,51.212824646639,0.0</coordinates>
                </LineString>
                <LineString id="32850">
                    <coordinates>10.230159489603299,51.2124748505763,0.0 10.2301789643084,51.2124992458725,0.0</coordinates>
                </LineString>
                <LineString id="32852">
                    <coordinates>10.229924772793,51.212545230794895,0.0 10.2300151202925,51.21252824053159,0.0</coordinates>
                </LineString>
                <LineString id="32854">
                    <coordinates>10.2293411882001,51.21267570503279,0.0 10.2294639219551,51.212646484992604,0.0</coordinates>
                </LineString>
                <LineString id="32856">
                    <coordinates>10.2289802592542,51.2127707648992,0.0 10.2289735767578,51.2127606494934,0.0</coordinates>
                </LineString>
                <LineString id="32858">
                    <coordinates>10.2277869355743,51.2130568352552,0.0 10.2279423575885,51.213019508789685,0.0 10.2280153097237,51.21300270617569,0.0</coordinates>
                </LineString>
                <LineString id="32860">
                    <coordinates>10.227557880685598,51.21310966808541,0.0 10.2275947279344,51.2131024141895,0.0 10.2276717046869,51.21308405462359,0.0 10.2277869355743,51.2130568352552,0.0</coordinates>
                </LineString>
                <LineString id="32862">
                    <coordinates>10.2257001299689,51.21272844097351,0.0 10.225714220074,51.21273311335359,0.0 10.2257253766682,51.21273665353459,0.0 10.2257392608102,51.21273849109859,0.0 10.2257519210029,51.21274014829669,0.0 10.2257683859277,51.2127422407258,0.0 10.2258023204145,51.2127452362132,0.0 10.225890970337202,51.21275162304939,0.0 10.2259047635254,51.212752847929295,0.0</coordinates>
                </LineString>
                <LineString id="32864">
                    <coordinates>10.226403662253999,51.213395201873,0.0 10.2262888926591,51.213430490451785,0.0 10.226206071582,51.21345527792739,0.0 10.226198431660197,51.21347420189449,0.0</coordinates>
                </LineString>
                <LineString id="32866">
                    <coordinates>10.2302846390544,51.212552506299,0.0 10.2302374570142,51.212483994172004,0.0</coordinates>
                </LineString>
                <LineString id="32868">
                    <coordinates>10.227245267848,51.213167347811094,0.0 10.227226830204001,51.21315922073168,0.0 10.2272114994879,51.21315367574379,0.0</coordinates>
                </LineString>
                <LineString id="32870">
                    <coordinates>10.2278102478731,51.213115098534495,0.0 10.2277585921469,51.213126694941394,0.0 10.2276506307016,51.213146859732994,0.0 10.2275891526294,51.2131581814799,0.0 10.2275195435844,51.2131714027006,0.0 10.2274845968949,51.2131761233492,0.0 10.227455957416,51.2131794742159,0.0 10.2274323277582,51.213181696353,0.0</coordinates>
                </LineString>
                <LineString id="32872">
                    <coordinates>10.227994965898201,51.2130740983745,0.0 10.2278557394216,51.2131048740637,0.0 10.2278102478731,51.213115098534495,0.0</coordinates>
                </LineString>
                <LineString id="32874">
                    <coordinates>10.228952368257502,51.21285873654781,0.0 10.228946553695001,51.212850620951095,0.0</coordinates>
                </LineString>
                <LineString id="32876">
                    <coordinates>10.2291939134678,51.212788030079594,0.0 10.229046049321,51.2128261287863,0.0</coordinates>
                </LineString>
                <LineString id="32878">
                    <coordinates>10.2254862337903,51.21384951439511,0.0 10.2254778727376,51.21385143724031,0.0 10.2254594818724,51.2137996306423,0.0 10.2254449453039,51.213760009303094,0.0</coordinates>
                </LineString>
                <LineString id="32880">
                    <coordinates>10.2258406708988,51.2146015366396,0.0 10.2258678627871,51.21460161618721,0.0 10.2260227555822,51.214559241118195,0.0 10.2261657720837,51.2145193737217,0.0</coordinates>
                </LineString>
                <LineString id="32882">
                    <coordinates>10.2309782729951,51.2123576269344,0.0 10.2311188716884,51.21229688833739,0.0</coordinates>
                </LineString>
                <LineString id="32884">
                    <coordinates>10.2304162979562,51.212510340501396,0.0 10.2303386810897,51.212536495063894,0.0</coordinates>
                </LineString>
                <LineString id="32886">
                    <coordinates>10.2314139567521,51.212089671976486,0.0 10.2313759126902,51.212053094211996,0.0</coordinates>
                </LineString>
                <LineString id="32888">
                    <coordinates>10.2239235978578,51.21297261131739,0.0 10.2239252339383,51.212996314477195,0.0</coordinates>
                </LineString>
                <LineString id="32890">
                    <coordinates>10.2245989576689,51.2128864989582,0.0 10.2245832920048,51.21285654206109,0.0</coordinates>
                </LineString>
                <LineString id="32892">
                    <coordinates>10.2228593847741,51.21254258147761,0.0 10.222882057839,51.21255368615639,0.0 10.222907355967,51.2125393454594,0.0</coordinates>
                </LineString>
                <LineString id="32894">
                    <coordinates>10.2230661394215,51.21243665991881,0.0 10.2230620661203,51.212445066187094,0.0</coordinates>
                </LineString>
                <LineString id="32896">
                    <coordinates>10.226341263151,51.210906719223196,0.0 10.2263119534584,51.21087016426039,0.0 10.2262888635003,51.2108632070737,0.0</coordinates>
                </LineString>
                <LineString id="32898">
                    <coordinates>10.225466733911299,51.2111073776802,0.0 10.225578396551597,51.2110798097481,0.0</coordinates>
                </LineString>
                <LineString id="32900">
                    <coordinates>10.2251668210193,51.2111834570734,0.0 10.2252217413633,51.2111702932092,0.0 10.2253959428734,51.211124607001494,0.0 10.225466733911299,51.2111073776802,0.0</coordinates>
                </LineString>
                <LineString id="32902">
                    <coordinates>10.224927317070298,51.2112435605983,0.0 10.2250322984295,51.211215945794805,0.0 10.2251668210193,51.2111834570734,0.0</coordinates>
                </LineString>
                <LineString id="32904">
                    <coordinates>10.2243501528695,51.2115856841361,0.0 10.2243571864768,51.211597432240104,0.0</coordinates>
                </LineString>
                <LineString id="32906">
                    <coordinates>10.224428218974,51.211908629513594,0.0 10.2244158155385,51.2119170532921,0.0 10.2243904621981,51.211933595901606,0.0 10.2243659760393,51.2119480571084,0.0 10.2243469341769,51.21195827695529,0.0 10.22432607347,51.2119662937475,0.0 10.2242805209086,51.2119810915735,0.0</coordinates>
                </LineString>
                <LineString id="32908">
                    <coordinates>10.2208503371664,51.21239254485341,0.0 10.2208420681583,51.212361243571685,0.0</coordinates>
                </LineString>
                <LineString id="32910">
                    <coordinates>10.219975847853902,51.2130312124854,0.0 10.219964305213,51.2130221013819,0.0</coordinates>
                </LineString>
                <LineString id="32912">
                    <coordinates>10.219789081505901,51.212886418803,0.0 10.219804601345198,51.2128870324101,0.0 10.2198248343185,51.2128830791158,0.0 10.219929978555498,51.212864784462994,0.0</coordinates>
                </LineString>
                <LineString id="32914">
                    <coordinates>10.219964305213,51.2130221013819,0.0 10.2199608836073,51.212983133797294,0.0 10.219959882088,51.2129485898936,0.0 10.219958645390902,51.2129223756803,0.0 10.219929978555498,51.212864784462994,0.0</coordinates>
                </LineString>
                <LineString id="32916">
                    <coordinates>10.215503067860501,51.21306871404472,0.0 10.2154334071065,51.2131654128381,0.0</coordinates>
                </LineString>
                <LineString id="32918">
                    <coordinates>10.2265203941985,51.2144194714606,0.0 10.2265223048519,51.2144189160933,0.0 10.2265532918353,51.21441073770439,0.0</coordinates>
                </LineString>
                <LineString id="32920">
                    <coordinates>10.214214645180602,51.214838613343005,0.0 10.2142091127647,51.2148388076097,0.0 10.214174593208202,51.2145688834634,0.0</coordinates>
                </LineString>
                <LineString id="32922">
                    <coordinates>10.2876464083921,51.1760052574768,0.0 10.2876134764483,51.17599859976669,0.0</coordinates>
                </LineString>
                <LineString id="32924">
                    <coordinates>10.2869489809851,51.175999652084194,0.0 10.286989735533599,51.1759873937175,0.0</coordinates>
                </LineString>
                <LineString id="32926">
                    <coordinates>10.2863138132096,51.1763029527886,0.0 10.2863656363024,51.17633818648229,0.0</coordinates>
                </LineString>
                <LineString id="32928">
                    <coordinates>10.2858674803685,51.175827486758585,0.0 10.2858762549186,51.1758392297387,0.0</coordinates>
                </LineString>
                <LineString id="32930">
                    <coordinates>10.2867855581431,51.1742886509694,0.0 10.2867542294157,51.1743055330331,0.0</coordinates>
                </LineString>
                <LineString id="32932">
                    <coordinates>10.2868236380561,51.17427134635,0.0 10.2868082500562,51.1742516767486,0.0</coordinates>
                </LineString>
                <LineString id="32934">
                    <coordinates>10.2871353012489,51.1741139000769,0.0 10.2871141077942,51.174105795935496,0.0</coordinates>
                </LineString>
                <LineString id="32936">
                    <coordinates>10.2877649169258,51.173620089032404,0.0 10.2877282145981,51.17363883445589,0.0</coordinates>
                </LineString>
                <LineString id="32938">
                    <coordinates>10.2876959116939,51.17318499389809,0.0 10.287653237180498,51.1731410399769,0.0</coordinates>
                </LineString>
                <LineString id="32940">
                    <coordinates>10.216656205260103,51.217520971989394,0.0 10.2166578709797,51.217524170660695,0.0</coordinates>
                </LineString>
                <LineString id="32942">
                    <coordinates>10.2160895235157,51.2173461659155,0.0 10.2161198619732,51.21733894226651,0.0</coordinates>
                </LineString>
                <LineString id="32944">
                    <coordinates>10.2162194639905,51.2158181063739,0.0 10.2161901308232,51.21577858198129,0.0</coordinates>
                </LineString>
                <LineString id="32946">
                    <coordinates>10.2160267506729,51.215808741831594,0.0 10.2160189502145,51.21578798304729,0.0</coordinates>
                </LineString>
                <LineString id="32948">
                    <coordinates>10.2157808663204,51.21565295452848,0.0 10.2157812833176,51.21568328247379,0.0</coordinates>
                </LineString>
                <LineString id="32950">
                    <coordinates>10.2146559502744,51.21597705201499,0.0 10.214650735675,51.21594754983499,0.0</coordinates>
                </LineString>
                <LineString id="32952">
                    <coordinates>10.2141509942219,51.215877907584996,0.0 10.2141633511197,51.2159022239443,0.0</coordinates>
                </LineString>
                <LineString id="32954">
                    <coordinates>10.224838995048998,51.21548251193579,0.0 10.2248578816966,51.2154804611011,0.0</coordinates>
                </LineString>
                <LineString id="32956">
                    <coordinates>10.2182130805221,51.2172581325725,0.0 10.218191269755398,51.217239488952096,0.0</coordinates>
                </LineString>
                <LineString id="32958">
                    <coordinates>10.2159871655602,51.21556739065969,0.0 10.2160167286305,51.2155635352763,0.0</coordinates>
                </LineString>
                <LineString id="32960">
                    <coordinates>10.2162776292556,51.215512522709794,0.0 10.2162829858128,51.21555208622888,0.0</coordinates>
                </LineString>
                <LineString id="32962">
                    <coordinates>10.2207360488697,51.214284670356,0.0 10.2207329628876,51.214282295165184,0.0</coordinates>
                </LineString>
                <LineString id="32964">
                    <coordinates>10.2211448992993,51.21384290203011,0.0 10.221146656674598,51.213839638581895,0.0</coordinates>
                </LineString>
                <LineString id="32966">
                    <coordinates>10.2208458443396,51.21341940107439,0.0 10.2208201824774,51.21342086283779,0.0</coordinates>
                </LineString>
                <LineString id="32968">
                    <coordinates>10.223007705935999,51.213158923950694,0.0 10.223003723687599,51.21315082688189,0.0</coordinates>
                </LineString>
                <LineString id="32970">
                    <coordinates>10.2208268970344,51.212295110930995,0.0 10.2208368041263,51.212339247152585,0.0</coordinates>
                </LineString>
                <LineString id="32972">
                    <coordinates>10.2154289279582,51.21317724665079,0.0 10.2154334071065,51.2131654128381,0.0</coordinates>
                </LineString>
                <LineString id="32974">
                    <coordinates>10.2238283705722,51.2153138826158,0.0 10.2238484414209,51.2153279321176,0.0</coordinates>
                </LineString>
                <LineString id="32976">
                    <coordinates>10.227803805735602,51.2136809434352,0.0 10.2278162870715,51.213677572573985,0.0</coordinates>
                </LineString>
                <LineString id="32978">
                    <coordinates>10.2276274676903,51.2133472623291,0.0 10.2276208834317,51.213353985651885,0.0</coordinates>
                </LineString>
                <LineString id="32980">
                    <coordinates>10.2288038222288,51.21276308796848,0.0 10.2288226274399,51.2127974606868,0.0</coordinates>
                </LineString>
                <LineString id="32982">
                    <coordinates>10.2293168221691,51.21264413390159,0.0 10.2293191648523,51.2126468661891,0.0</coordinates>
                </LineString>
                <LineString id="32984">
                    <coordinates>10.2270493158072,51.2133085712815,0.0 10.227045989307902,51.2133064892685,0.0</coordinates>
                </LineString>
                <LineString id="32986">
                    <coordinates>10.2283758171133,51.2128750829503,0.0 10.2284366518952,51.21288350096929,0.0</coordinates>
                </LineString>
                <LineString id="32988">
                    <coordinates>10.2237561835542,51.21388133604609,0.0 10.2237609841559,51.2138800694625,0.0</coordinates>
                </LineString>
                <LineString id="32990">
                    <coordinates>10.223435855826398,51.21340075934499,0.0 10.223442449772202,51.2134112872453,0.0</coordinates>
                </LineString>
                <LineString id="32992">
                    <coordinates>10.2256151957245,51.2128432707337,0.0 10.2256399305513,51.212830907588796,0.0</coordinates>
                </LineString>
                <LineString id="32994">
                    <coordinates>10.2247471961398,51.21292589199539,0.0 10.2246876879013,51.21293026624738,0.0</coordinates>
                </LineString>
                <LineString id="32996">
                    <coordinates>10.2245674183331,51.2128245503803,0.0 10.2245832920048,51.21285654206109,0.0</coordinates>
                </LineString>
                <LineString id="32998">
                    <coordinates>10.2252708267048,51.2122192577695,0.0 10.2252634535008,51.21221745594641,0.0</coordinates>
                </LineString>
                <LineString id="33000">
                    <coordinates>10.2256369926402,51.2117178915774,0.0 10.2256235575052,51.211720393743406,0.0</coordinates>
                </LineString>
                <LineString id="33002">
                    <coordinates>10.2246069950189,51.2112574183684,0.0 10.2246529126475,51.21131277999839,0.0</coordinates>
                </LineString>
                <LineString id="33004">
                    <coordinates>10.221911921254398,51.2119270911487,0.0 10.2219137914991,51.21191531634669,0.0</coordinates>
                </LineString>
                <LineString id="33006">
                    <coordinates>10.2310190141673,51.21211715355489,0.0 10.2310581921473,51.21215364069959,0.0</coordinates>
                </LineString>
                <LineString id="33008">
                    <coordinates>10.231485984438201,51.21188837992259,0.0 10.231510015516799,51.2119533954299,0.0</coordinates>
                </LineString>
                <LineString id="33010">
                    <coordinates>10.2795258537165,51.17775139352161,0.0 10.279523451591599,51.177748688318395,0.0</coordinates>
                </LineString>
                <LineString id="33012">
                    <coordinates>10.2789307689161,51.1776083032374,0.0 10.2789430298539,51.177610488232496,0.0</coordinates>
                </LineString>
                <LineString id="33014">
                    <coordinates>10.2794824412128,51.176911791052,0.0 10.2795130659898,51.1769231725843,0.0</coordinates>
                </LineString>
                <LineString id="33016">
                    <coordinates>10.280163565143,51.176574781798394,0.0 10.2801420186869,51.17655886831069,0.0</coordinates>
                </LineString>
                <LineString id="33018">
                    <coordinates>10.2850676490072,51.1778473597757,0.0 10.2850811786695,51.177836554905284,0.0</coordinates>
                </LineString>
                <LineString id="33020">
                    <coordinates>10.285216922436,51.177652425501,0.0 10.2852531161038,51.177640954898195,0.0</coordinates>
                </LineString>
                <LineString id="33022">
                    <coordinates>10.2845765912743,51.177167648121305,0.0 10.2846095359818,51.17717667111059,0.0</coordinates>
                </LineString>
                <LineString id="33024">
                    <coordinates>10.2847671568347,51.1769109145765,0.0 10.2847391146772,51.17692201908301,0.0</coordinates>
                </LineString>
                <LineString id="33026">
                    <coordinates>10.281876489169703,51.177825134398695,0.0 10.2818655872411,51.17782524401229,0.0</coordinates>
                </LineString>
                <LineString id="33028">
                    <coordinates>10.283644280803902,51.1775066802185,0.0 10.28365084248,51.17749172802889,0.0</coordinates>
                </LineString>
                <LineString id="33030">
                    <coordinates>10.2834949305853,51.17642565866639,0.0 10.2835319098951,51.17646466722259,0.0</coordinates>
                </LineString>
                <LineString id="33032">
                    <coordinates>10.2826948910751,51.176350984464,0.0 10.2826595802722,51.1763606423617,0.0</coordinates>
                </LineString>
                <LineString id="33034">
                    <coordinates>10.281770878043401,51.176197776922095,0.0 10.2817694073299,51.17621310941058,0.0</coordinates>
                </LineString>
                <LineString id="33036">
                    <coordinates>10.2810721220845,51.1759400780295,0.0 10.2810514319691,51.1759442149097,0.0</coordinates>
                </LineString>
                <LineString id="33038">
                    <coordinates>10.2843686020512,51.176313211627686,0.0 10.2843211338886,51.17632291651461,0.0</coordinates>
                </LineString>
                <LineString id="33040">
                    <coordinates>10.2840563871127,51.17621934082519,0.0 10.2840890104155,51.1762092565492,0.0</coordinates>
                </LineString>
                <LineString id="33042">
                    <coordinates>10.2832971944941,51.17545899257169,0.0 10.283257795746199,51.1754705413961,0.0</coordinates>
                </LineString>
                <LineString id="33044">
                    <coordinates>10.2834849018597,51.175314695867,0.0 10.2835038660962,51.1753393176524,0.0</coordinates>
                </LineString>
                <LineString id="33046">
                    <coordinates>10.2838909930966,51.175090323052096,0.0 10.2839108742415,51.17508291960559,0.0</coordinates>
                </LineString>
                <LineString id="33048">
                    <coordinates>10.2808961439073,51.1755708914798,0.0 10.2808902634823,51.17557058034951,0.0</coordinates>
                </LineString>
                <LineString id="33050">
                    <coordinates>10.2806739924427,51.1755055189837,0.0 10.2807042478319,51.1755014328202,0.0</coordinates>
                </LineString>
                <LineString id="33052">
                    <coordinates>10.280560850446001,51.1753957216318,0.0 10.280548278994898,51.17537882539599,0.0</coordinates>
                </LineString>
                <LineString id="33054">
                    <coordinates>10.2807162941528,51.17506589709869,0.0 10.2806947331706,51.175066542176786,0.0</coordinates>
                </LineString>
                <LineString id="33056">
                    <coordinates>10.2813890464715,51.174925834911,0.0 10.28139425945,51.1749237090451,0.0</coordinates>
                </LineString>
                <LineString id="33058">
                    <coordinates>10.2803809393049,51.1749074912375,0.0 10.2803840414791,51.174925210211896,0.0</coordinates>
                </LineString>
                <LineString id="33060">
                    <coordinates>10.2813873604071,51.17440902999119,0.0 10.281361073653,51.1744164018531,0.0</coordinates>
                </LineString>
                <LineString id="33062">
                    <coordinates>10.2819753455883,51.1735124924034,0.0 10.281998624487102,51.1735360271413,0.0</coordinates>
                </LineString>
                <LineString id="33064">
                    <coordinates>10.281715266407002,51.173695286823104,0.0 10.2816921464292,51.17370057474589,0.0</coordinates>
                </LineString>
                <LineString id="33066">
                    <coordinates>10.2807115554582,51.1733470951691,0.0 10.2807097826973,51.173349774965594,0.0</coordinates>
                </LineString>
                <LineString id="33068">
                    <coordinates>10.279738585607802,51.176165858587,0.0 10.2797413938949,51.1761684079467,0.0</coordinates>
                </LineString>
                <LineString id="33070">
                    <coordinates>10.2796116200531,51.175953682287606,0.0 10.2796166181731,51.175953108527096,0.0</coordinates>
                </LineString>
                <LineString id="33072">
                    <coordinates>10.2803422758756,51.173387578083094,0.0 10.280401599310398,51.17337588257269,0.0</coordinates>
                </LineString>
                <LineString id="33074">
                    <coordinates>10.2150736475899,51.21577341866439,0.0 10.2150949422379,51.21577166682,0.0</coordinates>
                </LineString>
                <LineString id="33076">
                    <coordinates>10.214162022864198,51.21446385606599,0.0 10.2142405651735,51.214460361873506,0.0</coordinates>
                </LineString>
                <LineString id="33078">
                    <coordinates>10.287874050980001,51.175357586564104,0.0 10.2878825458971,51.1753641473456,0.0</coordinates>
                </LineString>
                <LineString id="33080">
                    <coordinates>10.2880604510758,51.1754370931497,0.0 10.288070048524398,51.1754335748337,0.0</coordinates>
                </LineString>
                <LineString id="33082">
                    <coordinates>10.287904091260799,51.17535426849139,0.0 10.2879062578621,51.175353302357095,0.0 10.2879087215473,51.1753551273161,0.0</coordinates>
                </LineString>
                <LineString id="33084">
                    <coordinates>10.2238274847305,51.215131867888594,0.0 10.223822888851,51.2151266921151,0.0</coordinates>
                </LineString>
                <LineString id="33086">
                    <coordinates>10.2860019295713,51.17780076479599,0.0 10.2859567926768,51.17776105323859,0.0 10.285885044132797,51.17771970230319,0.0 10.2857993708769,51.17767358965799,0.0</coordinates>
                </LineString>
                <LineString id="33088">
                    <coordinates>10.2878195652356,51.175378427064096,0.0 10.287774897253502,51.1753442246275,0.0</coordinates>
                </LineString>
                <LineString id="33090">
                    <coordinates>10.277891016414598,51.17694012445529,0.0 10.2779222323325,51.1769751755075,0.0</coordinates>
                </LineString>
                <LineString id="33092">
                    <coordinates>10.2867404113152,51.1754852124934,0.0 10.286708338521102,51.17544109884219,0.0</coordinates>
                </LineString>
                <LineString id="33094">
                    <coordinates>10.2240743979231,51.2151208447207,0.0 10.2240829252314,51.215138054139004,0.0</coordinates>
                </LineString>
                <LineString id="33096">
                    <coordinates>10.224389245447602,51.2144385543581,0.0 10.2241706928589,51.2145098065721,0.0</coordinates>
                </LineString>
                <LineString id="33098">
                    <coordinates>10.224202176028,51.214287740306304,0.0 10.2241803947754,51.21430552367931,0.0 10.2241715645941,51.2143118261874,0.0</coordinates>
                </LineString>
                <LineString id="33100">
                    <coordinates>10.2237470317175,51.21476899967018,0.0 10.223787539466,51.21475630993401,0.0</coordinates>
                </LineString>
                <LineString id="33102">
                    <coordinates>10.2240252545333,51.2153539787242,0.0 10.224028747376098,51.21535396879449,0.0</coordinates>
                </LineString>
                <LineString id="33104">
                    <coordinates>10.224046083495102,51.2153732536003,0.0 10.224028747376098,51.21535396879449,0.0</coordinates>
                </LineString>
                <LineString id="33106">
                    <coordinates>10.221189432748098,51.21681837391939,0.0 10.2211546789183,51.216723249310995,0.0 10.221130804836,51.216577562318996,0.0 10.2211181613403,51.21651822828311,0.0 10.2211611443126,51.216506368140706,0.0 10.2211058397859,51.216403721619095,0.0 10.220964026397,51.2163195820854,0.0 10.220857483684298,51.2162632706014,0.0</coordinates>
                </LineString>
                <LineString id="33108">
                    <coordinates>10.282308566637301,51.1778121502767,0.0 10.282388126590602,51.1778129225823,0.0</coordinates>
                </LineString>
                <LineString id="33110">
                    <coordinates>10.282388126590602,51.1778129225823,0.0 10.2824003049376,51.177815411644495,0.0</coordinates>
                </LineString>
                <LineString id="33112">
                    <coordinates>10.2220401626747,51.21536698271769,0.0 10.2220318913567,51.215371396771594,0.0 10.222020716610798,51.215377240998784,0.0</coordinates>
                </LineString>
                <LineString id="33114">
                    <coordinates>10.286569668357501,51.17481648210521,0.0 10.2865180146577,51.174843485324196,0.0</coordinates>
                </LineString>
                <LineString id="33116">
                    <coordinates>10.2844029644149,51.1764493671021,0.0 10.2844017473421,51.17644747944059,0.0</coordinates>
                </LineString>
                <LineString id="33118">
                    <coordinates>10.214162022864198,51.21446385606599,0.0 10.2141687420012,51.214520322778995,0.0</coordinates>
                </LineString>
                <LineString id="33120">
                    <coordinates>10.214217739083798,51.21518463060529,0.0 10.2142099260176,51.2151771759667,0.0 10.214172928324999,51.21499242553819,0.0 10.214214645180602,51.214838613343005,0.0</coordinates>
                </LineString>
                <LineString id="33122">
                    <coordinates>10.2155617750724,51.21849862085149,0.0 10.2155508877985,51.21847957692909,0.0</coordinates>
                </LineString>
                <LineString id="33124">
                    <coordinates>10.2860355043349,51.177832549040794,0.0 10.2860451939354,51.177841995102604,0.0</coordinates>
                </LineString>
                <LineString id="33126">
                    <coordinates>10.281226229993703,51.174401871873705,0.0 10.2811619088262,51.174419876948605,0.0</coordinates>
                </LineString>
                <LineString id="33128">
                    <coordinates>10.283888945430098,51.1746075563191,0.0 10.2838443142322,51.174565909579606,0.0</coordinates>
                </LineString>
                <LineString id="33130">
                    <coordinates>10.2836445188513,51.174691547112204,0.0 10.2837602811914,51.174646508602905,0.0 10.2837745569599,51.174645252696095,0.0</coordinates>
                </LineString>
                <LineString id="33132">
                    <coordinates>10.2845997427177,51.17491640347609,0.0 10.2845097892224,51.174972347907186,0.0</coordinates>
                </LineString>
                <LineString id="33134">
                    <coordinates>10.2847017013431,51.174997131669095,0.0 10.2847714223549,51.175055605641994,0.0 10.2848147844821,51.175093331967794,0.0</coordinates>
                </LineString>
                <LineString id="33136">
                    <coordinates>10.284379519907,51.1746760315554,0.0 10.2843845885218,51.1746669994968,0.0</coordinates>
                </LineString>
                <LineString id="33138">
                    <coordinates>10.2839862989023,51.1751946146914,0.0 10.2839719379991,51.17522397957309,0.0 10.2839681015327,51.17523217568019,0.0</coordinates>
                </LineString>
                <LineString id="33140">
                    <coordinates>10.2832016065646,51.17556301014971,0.0 10.2831374367511,51.17560618916221,0.0</coordinates>
                </LineString>
                <LineString id="33142">
                    <coordinates>10.2829618541745,51.1757890034935,0.0 10.2829693934674,51.1757931683923,0.0</coordinates>
                </LineString>
                <LineString id="33144">
                    <coordinates>10.2825522221358,51.176045656417195,0.0 10.2825565902186,51.17604125274209,0.0</coordinates>
                </LineString>
                <LineString id="33146">
                    <coordinates>10.282406569823502,51.17614602593228,0.0 10.282419999244299,51.17613946294379,0.0 10.2824482711844,51.17612140448379,0.0 10.2824757677623,51.1761022738741,0.0</coordinates>
                </LineString>
                <LineString id="33148">
                    <coordinates>10.2831346178461,51.1766889431889,0.0 10.2831287506519,51.1767329506434,0.0 10.283116940436798,51.17678603120861,0.0</coordinates>
                </LineString>
                <LineString id="33150">
                    <coordinates>10.283259643034897,51.17673007065889,0.0 10.2833561204943,51.17676125031449,0.0</coordinates>
                </LineString>
                <LineString id="33152">
                    <coordinates>10.2830449168791,51.176701740571794,0.0 10.2830343803517,51.17670318610159,0.0</coordinates>
                </LineString>
                <LineString id="33154">
                    <coordinates>10.284465777704298,51.17654065953219,0.0 10.2844312736926,51.17649157437179,0.0</coordinates>
                </LineString>
                <LineString id="33156">
                    <coordinates>10.283565454121499,51.17649874407579,0.0 10.2835424240062,51.176466520469,0.0 10.2835361701954,51.17646855924679,0.0 10.2835319098951,51.17646466722259,0.0</coordinates>
                </LineString>
                <LineString id="33158">
                    <coordinates>10.2860222421705,51.176546756748294,0.0 10.2861333080284,51.1765852764646,0.0</coordinates>
                </LineString>
                <LineString id="33160">
                    <coordinates>10.2861333080284,51.1765852764646,0.0 10.285994084394599,51.176630054577984,0.0 10.2859528573361,51.176683972037296,0.0</coordinates>
                </LineString>
                <LineString id="33162">
                    <coordinates>10.2873588402221,51.175317630795895,0.0 10.2873288219537,51.1753269180826,0.0</coordinates>
                </LineString>
                <LineString id="33164">
                    <coordinates>10.2867404113152,51.1754852124934,0.0 10.2867519755443,51.1754780194051,0.0</coordinates>
                </LineString>
                <LineString id="33166">
                    <coordinates>10.2867519755443,51.1754780194051,0.0 10.2868213435538,51.1754349415028,0.0 10.2868905610211,51.17540827619399,0.0</coordinates>
                </LineString>
                <LineString id="33168">
                    <coordinates>10.286503674443699,51.17570479369739,0.0 10.2865082404589,51.1757077731597,0.0</coordinates>
                </LineString>
                <LineString id="33170">
                    <coordinates>10.285951258161598,51.17587063205309,0.0 10.2860986861351,51.175802376713094,0.0</coordinates>
                </LineString>
                <LineString id="33172">
                    <coordinates>10.2860986861351,51.175802376713094,0.0 10.2861608661149,51.17577346026221,0.0</coordinates>
                </LineString>
                <LineString id="33174">
                    <coordinates>10.2873855745914,51.1759812228281,0.0 10.2873985601619,51.175975039324406,0.0</coordinates>
                </LineString>
                <LineString id="33176">
                    <coordinates>10.2872120478796,51.17595992187821,0.0 10.287187937727099,51.175937104192386,0.0</coordinates>
                </LineString>
                <LineString id="33178">
                    <coordinates>10.2871400048561,51.1760987530185,0.0 10.2870532516932,51.1760447776248,0.0</coordinates>
                </LineString>
                <LineString id="33180">
                    <coordinates>10.286839212176302,51.176177817179195,0.0 10.2868297329031,51.17617968305639,0.0</coordinates>
                </LineString>
                <LineString id="33182">
                    <coordinates>10.2865233318181,51.1763826655336,0.0 10.2866569470142,51.17632325066759,0.0</coordinates>
                </LineString>
                <LineString id="33184">
                    <coordinates>10.2863997460814,51.1763705627875,0.0 10.286385828658098,51.176364066321895,0.0</coordinates>
                </LineString>
                <LineString id="33186">
                    <coordinates>10.2869182622075,51.17471573462089,0.0 10.2869284431739,51.1747142206119,0.0 10.2869649210207,51.17474248727089,0.0</coordinates>
                </LineString>
                <LineString id="33188">
                    <coordinates>10.287003524526,51.17467476811299,0.0 10.2869182622075,51.17471573462089,0.0</coordinates>
                </LineString>
                <LineString id="33190">
                    <coordinates>10.2866555445072,51.17479215542559,0.0 10.286569668357501,51.17481648210521,0.0</coordinates>
                </LineString>
                <LineString id="33192">
                    <coordinates>10.2795626084769,51.17694270706489,0.0 10.2795130659898,51.1769231725843,0.0</coordinates>
                </LineString>
                <LineString id="33194">
                    <coordinates>10.2795626084769,51.17694270706489,0.0 10.279585735323,51.17696111601019,0.0</coordinates>
                </LineString>
                <LineString id="33196">
                    <coordinates>10.2797177795925,51.1767927600028,0.0 10.2797477739847,51.176817625464295,0.0</coordinates>
                </LineString>
                <LineString id="33198">
                    <coordinates>10.284980373436502,51.176084290306605,0.0 10.2849573385448,51.176044848336595,0.0</coordinates>
                </LineString>
                <LineString id="33200">
                    <coordinates>10.2841008863074,51.176092324374395,0.0 10.284093269851699,51.1760455301695,0.0 10.2840887161236,51.1760229536642,0.0</coordinates>
                </LineString>
                <LineString id="33202">
                    <coordinates>10.2838426809104,51.175881904912686,0.0 10.2838355259754,51.17585620684449,0.0 10.2839137188314,51.17582474867109,0.0 10.2839589864637,51.17580573450689,0.0 10.284019270596803,51.175784009959706,0.0 10.2840469843079,51.17577442003749,0.0</coordinates>
                </LineString>
                <LineString id="33204">
                    <coordinates>10.284122116119597,51.176204285378596,0.0 10.2841046984776,51.17614451942389,0.0 10.2841008863074,51.176092324374395,0.0</coordinates>
                </LineString>
                <LineString id="33206">
                    <coordinates>10.278861596397999,51.17794897717081,0.0 10.278867439812,51.17793338541069,0.0 10.278887710838502,51.17787906329349,0.0</coordinates>
                </LineString>
                <LineString id="33208">
                    <coordinates>10.2777238285437,51.17699592486701,0.0 10.277736467456402,51.176991795924806,0.0</coordinates>
                </LineString>
                <LineString id="33210">
                    <coordinates>10.27854527376,51.17662019578649,0.0 10.2784480077174,51.1764658621725,0.0</coordinates>
                </LineString>
                <LineString id="33212">
                    <coordinates>10.2771129990244,51.17693381375199,0.0 10.2772287480823,51.17691517467689,0.0 10.277322160186799,51.17690032384479,0.0 10.2774068457402,51.17690397074819,0.0 10.2775011850349,51.176901467037,0.0 10.2776079463331,51.176894129946604,0.0 10.2776631776097,51.17688800300349,0.0 10.2776812664445,51.17688345986139,0.0 10.277783245205,51.1768551605862,0.0 10.2778850739217,51.176820134857806,0.0 10.2779466193973,51.17680766421581,0.0 10.277994102978699,51.17680335584279,0.0 10.278081694639198,51.17677965397509,0.0</coordinates>
                </LineString>
                <LineString id="33214">
                    <coordinates>10.2777695265328,51.17703073064778,0.0 10.2777637701572,51.17702286100571,0.0</coordinates>
                </LineString>
                <LineString id="33216">
                    <coordinates>10.2781216711594,51.1768590353311,0.0 10.278132963194599,51.1768530526662,0.0</coordinates>
                </LineString>
                <LineString id="33218">
                    <coordinates>10.2793023190386,51.17636444093821,0.0 10.2794324045918,51.17632172983549,0.0</coordinates>
                </LineString>
                <LineString id="33220">
                    <coordinates>10.2802925516278,51.175935599437196,0.0 10.280299994333502,51.1759327422804,0.0</coordinates>
                </LineString>
                <LineString id="33222">
                    <coordinates>10.2802249175903,51.176048763249305,0.0 10.2800097789472,51.17606433526319,0.0</coordinates>
                </LineString>
                <LineString id="33224">
                    <coordinates>10.2810071436986,51.17601494102599,0.0 10.2810353466473,51.1759425852388,0.0</coordinates>
                </LineString>
                <LineString id="33226">
                    <coordinates>10.281122294568199,51.17611000665139,0.0 10.2811895396419,51.17612420901071,0.0</coordinates>
                </LineString>
                <LineString id="33228">
                    <coordinates>10.2811370006407,51.17606718089339,0.0 10.2811176670108,51.176109075681694,0.0</coordinates>
                </LineString>
                <LineString id="33230">
                    <coordinates>10.2811895396419,51.17612420901071,0.0 10.2812677626975,51.17614047835539,0.0 10.2813550174089,51.176167317122804,0.0 10.2813970476554,51.17618042086579,0.0 10.2814232367597,51.1761922491537,0.0 10.281448517077298,51.176194283500486,0.0 10.2814826301012,51.1761860736669,0.0 10.281540172642,51.1761916022813,0.0</coordinates>
                </LineString>
                <LineString id="33232">
                    <coordinates>10.2810037113385,51.176148816350185,0.0 10.2810605741981,51.17616262354619,0.0</coordinates>
                </LineString>
                <LineString id="33234">
                    <coordinates>10.281768501714998,51.1762201618681,0.0 10.2817694073299,51.17621310941058,0.0</coordinates>
                </LineString>
                <LineString id="33236">
                    <coordinates>10.281540172642,51.1761916022813,0.0 10.2816853741514,51.176207326748795,0.0 10.281768501714998,51.1762201618681,0.0</coordinates>
                </LineString>
                <LineString id="33238">
                    <coordinates>10.2805533449054,51.176354828299,0.0 10.2805506192831,51.176333132513385,0.0 10.2805960039222,51.1763275606817,0.0 10.2805943753472,51.1763228981633,0.0</coordinates>
                </LineString>
                <LineString id="33240">
                    <coordinates>10.280721719399597,51.176389269033294,0.0 10.2807439367601,51.17645214449059,0.0 10.2807531842169,51.176450752143296,0.0</coordinates>
                </LineString>
                <LineString id="33242">
                    <coordinates>10.2801050256364,51.1763299819839,0.0 10.2800498002283,51.176304835647294,0.0</coordinates>
                </LineString>
                <LineString id="33244">
                    <coordinates>10.280094678273501,51.17657087468041,0.0 10.2801535144818,51.1766523663877,0.0 10.2801395756054,51.1766576181509,0.0</coordinates>
                </LineString>
                <LineString id="33246">
                    <coordinates>10.2744772737503,51.1779649447121,0.0 10.2744652378065,51.17796746408299,0.0</coordinates>
                </LineString>
                <LineString id="33248">
                    <coordinates>10.285795176631,51.1776713797237,0.0 10.2858705059501,51.17761189396491,0.0</coordinates>
                </LineString>
                <LineString id="33250">
                    <coordinates>10.2857993708769,51.17767358965799,0.0 10.285795176631,51.1776713797237,0.0</coordinates>
                </LineString>
                <LineString id="33252">
                    <coordinates>10.2848525065955,51.176952959999596,0.0 10.2849496541108,51.17690943636579,0.0 10.2850211399113,51.176882625606794,0.0</coordinates>
                </LineString>
                <LineString id="33254">
                    <coordinates>10.2847360586885,51.17695736597349,0.0 10.284642719448199,51.176969544911806,0.0</coordinates>
                </LineString>
                <LineString id="33256">
                    <coordinates>10.2847771005877,51.1769786524318,0.0 10.2847465661521,51.176974438247285,0.0 10.2847360586885,51.17695736597349,0.0</coordinates>
                </LineString>
                <LineString id="33258">
                    <coordinates>10.2831161988635,51.1767932928403,0.0 10.283116940436798,51.17678603120861,0.0</coordinates>
                </LineString>
                <LineString id="33260">
                    <coordinates>10.2831775510559,51.1774311535779,0.0 10.2831748871638,51.177438189236284,0.0</coordinates>
                </LineString>
                <LineString id="33262">
                    <coordinates>10.2850901930163,51.177453922880986,0.0 10.285060042315,51.17746634498929,0.0</coordinates>
                </LineString>
                <LineString id="33264">
                    <coordinates>10.2850542328451,51.177417842372,0.0 10.2850901930163,51.177453922880986,0.0</coordinates>
                </LineString>
                <LineString id="33266">
                    <coordinates>10.2792429676993,51.1763064487905,0.0 10.2792336275401,51.176295344231306,0.0 10.2792474771354,51.1762909542562,0.0</coordinates>
                </LineString>
                <LineString id="33268">
                    <coordinates>10.2792857424838,51.1763698605715,0.0 10.2792940362366,51.17636719578319,0.0</coordinates>
                </LineString>
                <LineString id="33270">
                    <coordinates>10.280742174353998,51.17533987319591,0.0 10.2806648758215,51.1753491652696,0.0</coordinates>
                </LineString>
                <LineString id="33272">
                    <coordinates>10.2807303445688,51.1752861039041,0.0 10.280729745234797,51.17528260716699,0.0</coordinates>
                </LineString>
                <LineString id="33274">
                    <coordinates>10.2807303445688,51.1752861039041,0.0 10.280762281885,51.1752848561565,0.0</coordinates>
                </LineString>
                <LineString id="33276">
                    <coordinates>10.2806800787072,51.175067207825805,0.0 10.2806676241508,51.1750098605076,0.0 10.2806589122002,51.17497685784618,0.0</coordinates>
                </LineString>
                <LineString id="33278">
                    <coordinates>10.2806570244113,51.1749649369809,0.0 10.280686028682,51.1749606436607,0.0</coordinates>
                </LineString>
                <LineString id="33280">
                    <coordinates>10.2811619088262,51.174419876948605,0.0 10.281154842632699,51.1744268478979,0.0</coordinates>
                </LineString>
                <LineString id="33282">
                    <coordinates>10.2818774721236,51.1753261818737,0.0 10.2819409486639,51.1753082269271,0.0 10.281947545714399,51.1753169627096,0.0</coordinates>
                </LineString>
                <LineString id="33284">
                    <coordinates>10.2816251591362,51.175148844423596,0.0 10.2816136469908,51.17515038337079,0.0</coordinates>
                </LineString>
                <LineString id="33286">
                    <coordinates>10.281405262946,51.174700364390795,0.0 10.2813755481393,51.174707236432205,0.0 10.2813718993593,51.174699982240504,0.0</coordinates>
                </LineString>
                <LineString id="33288">
                    <coordinates>10.281339575126,51.1745731328917,0.0 10.2813972886704,51.174685594363496,0.0</coordinates>
                </LineString>
                <LineString id="33290">
                    <coordinates>10.2812675385988,51.1743050682683,0.0 10.2812642802477,51.17430077735739,0.0</coordinates>
                </LineString>
                <LineString id="33292">
                    <coordinates>10.2806020887116,51.173745124598796,0.0 10.280597884729602,51.173727038845605,0.0</coordinates>
                </LineString>
                <LineString id="33294">
                    <coordinates>10.280949325004398,51.173785285571796,0.0 10.2810912196764,51.17376011389091,0.0 10.2812775681087,51.1737220208379,0.0 10.281335965004,51.173710634865884,0.0</coordinates>
                </LineString>
                <LineString id="33296">
                    <coordinates>10.2824304559006,51.1735081795162,0.0 10.282337383548198,51.17353913959519,0.0 10.2823418172149,51.1735437443833,0.0</coordinates>
                </LineString>
                <LineString id="33298">
                    <coordinates>10.2824304559006,51.1735081795162,0.0 10.2825073232891,51.173581250878,0.0 10.2825590297707,51.1736302475427,0.0</coordinates>
                </LineString>
                <LineString id="33300">
                    <coordinates>10.2832597142528,51.1743229595884,0.0 10.283218239778302,51.174282590479905,0.0 10.2831352610746,51.17420227428719,0.0</coordinates>
                </LineString>
                <LineString id="33302">
                    <coordinates>10.280585663437,51.173440354402985,0.0 10.2804800171421,51.17347716020749,0.0 10.2804100277791,51.17350071799589,0.0</coordinates>
                </LineString>
                <LineString id="33304">
                    <coordinates>10.279712513265599,51.173583434870494,0.0 10.279707678224,51.17358424475879,0.0</coordinates>
                </LineString>
                <LineString id="33306">
                    <coordinates>10.2789648293905,51.17319586021479,0.0 10.278960388709,51.1731976017929,0.0</coordinates>
                </LineString>
                <LineString id="33308">
                    <coordinates>10.278960388709,51.1731976017929,0.0 10.278981543237999,51.17326510958781,0.0</coordinates>
                </LineString>
                <LineString id="33310">
                    <coordinates>10.2784371839338,51.1738261113228,0.0 10.2781950650296,51.173887525068885,0.0 10.2781149694565,51.17390362430209,0.0</coordinates>
                </LineString>
                <LineString id="33312">
                    <coordinates>10.2792161751618,51.1771927893342,0.0 10.279222064967001,51.177198233696906,0.0 10.2792692544366,51.17721490200099,0.0</coordinates>
                </LineString>
                <LineString id="33314">
                    <coordinates>10.2791422637249,51.1773934180591,0.0 10.2791045046603,51.177385814980184,0.0</coordinates>
                </LineString>
                <LineString id="33316">
                    <coordinates>10.2791214434768,51.177442913765994,0.0 10.2791281614114,51.177426876388594,0.0</coordinates>
                </LineString>
                <LineString id="33318">
                    <coordinates>10.2815448542701,51.1772273705005,0.0 10.2815135209592,51.177341238926104,0.0 10.2814983898991,51.177392418725596,0.0 10.2814742232318,51.177390032179396,0.0</coordinates>
                </LineString>
                <LineString id="33320">
                    <coordinates>10.2821004084283,51.1773940578936,0.0 10.282105137317899,51.17737917776508,0.0 10.2820882971081,51.17737822036279,0.0 10.2820949885924,51.177352473763,0.0 10.2821025018461,51.177324240143705,0.0 10.2821106049834,51.177294756652586,0.0 10.282122574257698,51.1772489780021,0.0 10.282176443668,51.17725486588711,0.0 10.2821775186245,51.1772509532524,0.0</coordinates>
                </LineString>
                <LineString id="33322">
                    <coordinates>10.2304877609042,51.21249239015199,0.0 10.230465941431598,51.2124974359975,0.0 10.2304162979562,51.212510340501396,0.0</coordinates>
                </LineString>
                <LineString id="33324">
                    <coordinates>10.2887216668018,51.174860550443306,0.0 10.2887380630511,51.1748730968634,0.0</coordinates>
                </LineString>
                <LineString id="33326">
                    <coordinates>10.215732870469,51.2131498867492,0.0 10.2157895427303,51.21301296851149,0.0 10.2157905910843,51.2130110247801,0.0</coordinates>
                </LineString>
                <LineString id="33328">
                    <coordinates>10.2163266411803,51.21296808061339,0.0 10.216186998676399,51.21297682081269,0.0</coordinates>
                </LineString>
                <LineString id="33330">
                    <coordinates>10.287822624335098,51.1753773031901,0.0 10.287874050980001,51.175357586564104,0.0</coordinates>
                </LineString>
                <LineString id="33332">
                    <coordinates>10.2881048440535,51.1752573861859,0.0 10.2881206027455,51.1752693839943,0.0</coordinates>
                </LineString>
                <LineString id="33334">
                    <coordinates>10.2881048440535,51.1752573861859,0.0 10.2883245806573,51.1751375074078,0.0</coordinates>
                </LineString>
                <LineString id="33336">
                    <coordinates>10.2228975190729,51.21515833082919,0.0 10.2229174432273,51.2151531227686,0.0 10.2228809805469,51.2150967623866,0.0 10.2228644396103,51.2150798896722,0.0</coordinates>
                </LineString>
                <LineString id="33338">
                    <coordinates>10.2841948143991,51.1744817298579,0.0 10.284227412852001,51.17446842693881,0.0 10.2843735082411,51.1744032735911,0.0 10.2844945411349,51.17433947861318,0.0 10.284558432559999,51.17429099996198,0.0 10.2845806896824,51.17427196285159,0.0</coordinates>
                </LineString>
                <LineString id="33340">
                    <coordinates>10.2849525841504,51.1740191636426,0.0 10.2849550549296,51.174017707598104,0.0</coordinates>
                </LineString>
                <LineString id="33342">
                    <coordinates>10.2851866683528,51.1739987272307,0.0 10.2852537609532,51.173968013441296,0.0</coordinates>
                </LineString>
                <LineString id="33344">
                    <coordinates>10.2855617629339,51.173474310007094,0.0 10.2855615712871,51.173472536265585,0.0</coordinates>
                </LineString>
                <LineString id="33346">
                    <coordinates>10.285765817129,51.173225395545394,0.0 10.2857583644929,51.1732111818211,0.0</coordinates>
                </LineString>
                <LineString id="33348">
                    <coordinates>10.2867370514895,51.1741682005146,0.0 10.2866897380897,51.174125940270606,0.0</coordinates>
                </LineString>
                <LineString id="33350">
                    <coordinates>10.2870658493679,51.174065490713396,0.0 10.2871345889011,51.17403313690188,0.0</coordinates>
                </LineString>
                <LineString id="33352">
                    <coordinates>10.2872914084934,51.17390917473801,0.0 10.2872526697649,51.173875166743905,0.0</coordinates>
                </LineString>
                <LineString id="33354">
                    <coordinates>10.2876677137515,51.173787031107,0.0 10.2878005139154,51.17372659621039,0.0</coordinates>
                </LineString>
                <LineString id="33356">
                    <coordinates>10.287648105055,51.17313520259839,0.0 10.287639783524,51.1731452119964,0.0</coordinates>
                </LineString>
                <LineString id="33358">
                    <coordinates>10.2876240770852,51.173106722797506,0.0 10.287648105055,51.17313520259839,0.0</coordinates>
                </LineString>
                <LineString id="33360">
                    <coordinates>10.278272940281399,51.1733675935308,0.0 10.2782935068378,51.1733817310195,0.0 10.2782852755435,51.1733865721178,0.0 10.2782701665834,51.1734447816731,0.0 10.278350526729202,51.1734987595271,0.0</coordinates>
                </LineString>
                <LineString id="33362">
                    <coordinates>10.278272940281399,51.1733675935308,0.0 10.2782414084336,51.173344925448,0.0</coordinates>
                </LineString>
                <LineString id="33364">
                    <coordinates>10.2218449090918,51.21271596247289,0.0 10.2218459158168,51.21271658006339,0.0</coordinates>
                </LineString>
                <LineString id="33366">
                    <coordinates>10.2220351562805,51.212703570394496,0.0 10.2221229399428,51.21268708663659,0.0</coordinates>
                </LineString>
                <LineString id="33368">
                    <coordinates>10.2870443045101,51.17328857169309,0.0 10.2873431508785,51.173190106202284,0.0 10.287543995619,51.17311407289151,0.0 10.2876094389253,51.1730884306764,0.0</coordinates>
                </LineString>
                <LineString id="33370">
                    <coordinates>10.216783149298502,51.21300201400549,0.0 10.2167506096994,51.2130003406283,0.0</coordinates>
                </LineString>
                <LineString id="33372">
                    <coordinates>10.2164994838082,51.213056204642704,0.0 10.2165052466343,51.2130756108994,0.0</coordinates>
                </LineString>
                <LineString id="33374">
                    <coordinates>10.2165092436798,51.21274528953028,0.0 10.2165361787662,51.2127490260696,0.0</coordinates>
                </LineString>
                <LineString id="33376">
                    <coordinates>10.2148864690891,51.21334406325168,0.0 10.214880583876,51.2133467242826,0.0</coordinates>
                </LineString>
                <LineString id="33378">
                    <coordinates>10.2147525919114,51.213419852503584,0.0 10.2144062601009,51.213596939664804,0.0 10.2143604241867,51.21360820544,0.0</coordinates>
                </LineString>
                <LineString id="33380">
                    <coordinates>10.214880583876,51.2133467242826,0.0 10.2147525919114,51.213419852503584,0.0</coordinates>
                </LineString>
                <LineString id="33382">
                    <coordinates>10.2216648927202,51.2111758341904,0.0 10.2217265687665,51.211203946522495,0.0 10.2217367247745,51.21123494380281,0.0 10.2217217650965,51.211268490075,0.0</coordinates>
                </LineString>
                <LineString id="33384">
                    <coordinates>10.2256656910871,51.21457252705509,0.0 10.2256508527792,51.2145526690683,0.0</coordinates>
                </LineString>
                <LineString id="33386">
                    <coordinates>10.2811406211986,51.1771539490861,0.0 10.2811418023707,51.1771910391764,0.0</coordinates>
                </LineString>
                <LineString id="33388">
                    <coordinates>10.2811418023707,51.1771910391764,0.0 10.281142358802898,51.17723647134439,0.0</coordinates>
                </LineString>
                <LineString id="33390">
                    <coordinates>10.278948701770798,51.1765371159533,0.0 10.2790656719409,51.176497916032176,0.0</coordinates>
                </LineString>
                <LineString id="33392">
                    <coordinates>10.287549636899001,51.1730080702599,0.0 10.2875836869776,51.17300108031391,0.0</coordinates>
                </LineString>
                <LineString id="33394">
                    <coordinates>10.2875836869776,51.17300108031391,0.0 10.2876680346282,51.17298548631881,0.0</coordinates>
                </LineString>
                <LineString id="33396">
                    <coordinates>10.2880071539895,51.1740924092535,0.0 10.287995988546301,51.174098116040796,0.0</coordinates>
                </LineString>
                <LineString id="33398">
                    <coordinates>10.288759868257502,51.1737408998693,0.0 10.288784338950498,51.1737744469944,0.0</coordinates>
                </LineString>
                <LineString id="33400">
                    <coordinates>10.288466984442397,51.17395373978591,0.0 10.2884287882189,51.173922050425396,0.0</coordinates>
                </LineString>
                <LineString id="33402">
                    <coordinates>10.287313071490297,51.17456679559729,0.0 10.2872724508226,51.1745337758854,0.0</coordinates>
                </LineString>
                <LineString id="33404">
                    <coordinates>10.2862677538486,51.1765127405376,0.0 10.2863723256778,51.1766720827499,0.0 10.2863439931535,51.176683704777695,0.0</coordinates>
                </LineString>
                <LineString id="33406">
                    <coordinates>10.279145670910298,51.17312435642938,0.0 10.27901087597,51.17317780331861,0.0 10.2789811833485,51.17318947547831,0.0</coordinates>
                </LineString>
                <LineString id="33408">
                    <coordinates>10.2861685650104,51.174426684128996,0.0 10.2861345471386,51.17439534287679,0.0</coordinates>
                </LineString>
                <LineString id="33410">
                    <coordinates>10.275468136302699,51.1776149191511,0.0 10.275477978134997,51.17761140546349,0.0</coordinates>
                </LineString>
                <LineString id="33412">
                    <coordinates>10.2275079520436,51.21054112590439,0.0 10.227436339455402,51.2106096380765,0.0</coordinates>
                </LineString>
                <LineString id="33414">
                    <coordinates>10.2266245138043,51.2110028298921,0.0 10.2265219523973,51.211044614273995,0.0 10.2264747821061,51.21107102084429,0.0</coordinates>
                </LineString>
                <LineString id="33416">
                    <coordinates>10.225530559691599,51.2117918347629,0.0 10.2255794927478,51.2117985546187,0.0 10.225655385097099,51.211790131316896,0.0 10.225656107684001,51.21179367514289,0.0</coordinates>
                </LineString>
                <LineString id="33418">
                    <coordinates>10.2255590788498,51.21172417168949,0.0 10.2256235575052,51.211720393743406,0.0</coordinates>
                </LineString>
                <LineString id="33420">
                    <coordinates>10.2254123892653,51.21213883563339,0.0 10.2254070589524,51.21214867922139,0.0 10.2253184792572,51.21215241524849,0.0</coordinates>
                </LineString>
                <LineString id="33422">
                    <coordinates>10.2239104823378,51.2152142485108,0.0 10.2238274847305,51.215131867888594,0.0</coordinates>
                </LineString>
                <LineString id="33424">
                    <coordinates>10.284503220828897,51.17695806089888,0.0 10.2845028527023,51.1769595028125,0.0</coordinates>
                </LineString>
                <LineString id="33426">
                    <coordinates>10.2141327365068,51.21420481711951,0.0 10.2141331225153,51.21420778954591,0.0</coordinates>
                </LineString>
                <LineString id="33428">
                    <coordinates>10.2141687420012,51.214520322778995,0.0 10.214174593208202,51.2145688834634,0.0</coordinates>
                </LineString>
                <LineString id="33430">
                    <coordinates>10.2189665542716,51.2127348920121,0.0 10.2188855308795,51.2127478804789,0.0</coordinates>
                </LineString>
                <LineString id="33432">
                    <coordinates>10.2186832114114,51.2127812000522,0.0 10.218673582387,51.21277888703779,0.0 10.2185410131188,51.21280427837559,0.0</coordinates>
                </LineString>
                <LineString id="33434">
                    <coordinates>10.2154355877568,51.21909137030659,0.0 10.2154453385492,51.2190913032187,0.0</coordinates>
                </LineString>
                <LineString id="33436">
                    <coordinates>10.2885301743417,51.1737111832617,0.0 10.2885492774196,51.173724380590805,0.0</coordinates>
                </LineString>
                <LineString id="33438">
                    <coordinates>10.278887710838502,51.17787906329349,0.0 10.2789174107598,51.177790818594396,0.0</coordinates>
                </LineString>
                <LineString id="33440">
                    <coordinates>10.2245023014316,51.21616896677071,0.0 10.224504050169998,51.2161599678476,0.0 10.2245064408158,51.216148048087085,0.0 10.2245089001416,51.21613508658741,0.0 10.224506028664297,51.21612340163921,0.0 10.224504964019701,51.2161194480925,0.0</coordinates>
                </LineString>
                <LineString id="33442">
                    <coordinates>10.2214760419173,51.2117627658776,0.0 10.2213624399273,51.211736525246394,0.0 10.221249230228,51.2116313536555,0.0</coordinates>
                </LineString>
                <LineString id="33444">
                    <coordinates>10.2801661443643,51.1773955531196,0.0 10.2801641384147,51.1773964225882,0.0 10.280159530447598,51.17739842244989,0.0</coordinates>
                </LineString>
                <LineString id="33446">
                    <coordinates>10.277124670488,51.176985971964,0.0 10.277126551031598,51.1770007514465,0.0 10.2771273879371,51.177007460957384,0.0 10.2771250244835,51.17701638870528,0.0 10.2771210789985,51.17702440319799,0.0 10.277113356285,51.1770351488255,0.0 10.2770940593543,51.17705483940419,0.0 10.2770723992959,51.1770707825153,0.0 10.27704586379,51.1770828512704,0.0</coordinates>
                </LineString>
                <LineString id="33448">
                    <coordinates>10.2821241622248,51.1756349078159,0.0 10.2820803858293,51.1756561096391,0.0</coordinates>
                </LineString>
                <LineString id="33450">
                    <coordinates>10.2286216565026,51.21073634684169,0.0 10.2285927881606,51.21068152349601,0.0 10.2285244628,51.21055988634559,0.0 10.2284903573022,51.2105001923062,0.0 10.2285205953166,51.2104961642078,0.0</coordinates>
                </LineString>
                <LineString id="33452">
                    <coordinates>10.2827331757276,51.17601518583861,0.0 10.282703634378898,51.17598964459249,0.0</coordinates>
                </LineString>
                <LineString id="33454">
                    <coordinates>10.2817173293504,51.17721507060719,0.0 10.2818627090083,51.17720992380811,0.0 10.281904125801,51.1772141636863,0.0 10.2819873449441,51.1772230445976,0.0</coordinates>
                </LineString>
                <LineString id="33456">
                    <coordinates>10.2817808937856,51.172632548179,0.0 10.2817309179989,51.172578973933796,0.0</coordinates>
                </LineString>
                <LineString id="33458">
                    <coordinates>10.2804168311214,51.1732866067938,0.0 10.2803038184507,51.1730431279159,0.0</coordinates>
                </LineString>
                <LineString id="33460">
                    <coordinates>10.2802461336469,51.17268545021749,0.0 10.2803016298629,51.1725316911031,0.0</coordinates>
                </LineString>
                <LineString id="33462">
                    <coordinates>10.2855615712871,51.173472536265585,0.0 10.285559438753602,51.17337885230091,0.0</coordinates>
                </LineString>
                <LineString id="33464">
                    <coordinates>10.2241725093074,51.21412050811939,0.0 10.2241766161384,51.2141242561204,0.0</coordinates>
                </LineString>
                <LineString id="33466">
                    <coordinates>10.2157739030927,51.2166114887661,0.0 10.2157723973998,51.216608966733084,0.0</coordinates>
                </LineString>
                <LineString id="33468">
                    <coordinates>10.216793256169,51.21795701898819,0.0 10.216765334997499,51.21795909269971,0.0</coordinates>
                </LineString>
                <LineString id="33470">
                    <coordinates>10.2225028246698,51.21331774327889,0.0 10.2225046907514,51.213319461643195,0.0</coordinates>
                </LineString>
                <LineString id="33472">
                    <coordinates>10.2257280654777,51.21456401562789,0.0 10.2257343280911,51.21456642085899,0.0 10.2257404394538,51.21456754728919,0.0</coordinates>
                </LineString>
                <LineString id="33474">
                    <coordinates>10.232015164944498,51.2121643420952,0.0 10.231745078262,51.212069342426595,0.0</coordinates>
                </LineString>
                <LineString id="33476">
                    <coordinates>10.2158642461321,51.2183805879089,0.0 10.2157192497455,51.218430768518495,0.0 10.2155617750724,51.21849862085149,0.0</coordinates>
                </LineString>
                <LineString id="33478">
                    <coordinates>10.2215603864707,51.2137485513822,0.0 10.2215560425425,51.213750966480795,0.0</coordinates>
                </LineString>
                <LineString id="33480">
                    <coordinates>10.221017513468599,51.21588198632889,0.0 10.2210067530926,51.215887099619295,0.0 10.2209531221386,51.215914916028595,0.0 10.2208633876265,51.21596254485469,0.0 10.2207272112236,51.2160367687526,0.0 10.2206309157389,51.21609009589269,0.0</coordinates>
                </LineString>
                <LineString id="33482">
                    <coordinates>10.2180638758236,51.21714749282971,0.0 10.2180068175753,51.21718169220391,0.0 10.217833693595098,51.217320317355195,0.0 10.2176948198108,51.21740708198178,0.0</coordinates>
                </LineString>
                <LineString id="33484">
                    <coordinates>10.2164080830936,51.2182881217432,0.0 10.2163601410117,51.2182289235124,0.0</coordinates>
                </LineString>
                <LineString id="33486">
                    <coordinates>10.2147841980054,51.216957506367685,0.0 10.2148178112909,51.216940363647,0.0 10.2147999417535,51.2169264450454,0.0 10.214788808669699,51.216914516979294,0.0 10.2147781411357,51.21690313538269,0.0 10.2146826875273,51.2168363527921,0.0</coordinates>
                </LineString>
                <LineString id="33488">
                    <coordinates>10.2160349774958,51.21709373648599,0.0 10.216105205657698,51.2170762165352,0.0</coordinates>
                </LineString>
                <LineString id="33490">
                    <coordinates>10.2161358228281,51.217330771343505,0.0 10.216131760548901,51.2173229155379,0.0</coordinates>
                </LineString>
                <LineString id="33492">
                    <coordinates>10.216423986051101,51.217632948779894,0.0 10.2165040920862,51.2176024454463,0.0</coordinates>
                </LineString>
                <LineString id="33494">
                    <coordinates>10.2173894321683,51.21759835757899,0.0 10.217272961977,51.21769207018269,0.0 10.2171584240004,51.217792077781496,0.0 10.217065085075399,51.21787762045659,0.0 10.2170291548202,51.2179091746487,0.0</coordinates>
                </LineString>
                <LineString id="33496">
                    <coordinates>10.219770591116399,51.2164203140251,0.0 10.2197309608669,51.216432080819594,0.0 10.2197013338955,51.21645652211739,0.0 10.2196914597906,51.216462772454896,0.0 10.219681278689901,51.2164691889227,0.0 10.2196670942077,51.21647437586321,0.0 10.219651267173301,51.2164787287638,0.0 10.2196351617533,51.216483248228286,0.0 10.2196193359287,51.2164857133487,0.0 10.2196004220598,51.21648622572259,0.0 10.219585311022,51.2164857441666,0.0 10.219569471105302,51.21648523354269,0.0 10.219467011965099,51.216508288238586,0.0 10.2193537007454,51.21655478417319,0.0 10.2191897723834,51.216634031744306,0.0</coordinates>
                </LineString>
                <LineString id="33498">
                    <coordinates>10.2182369944476,51.217001181239795,0.0 10.2182632613284,51.2169859483433,0.0 10.218324159825599,51.21694977567359,0.0 10.2183605737434,51.21693049911349,0.0</coordinates>
                </LineString>
                <LineString id="33500">
                    <coordinates>10.2206309157389,51.21609009589269,0.0 10.220561646192,51.2161255401953,0.0 10.2205518105496,51.21613376887859,0.0 10.2205475264155,51.2161387108977,0.0 10.2205428107822,51.21614630724759,0.0 10.220536454906302,51.21615263811061,0.0 10.2205319295465,51.2161571539556,0.0 10.220525875948498,51.2161615836405,0.0 10.2205212490799,51.21616501920231,0.0 10.220514078316,51.216167238465495,0.0 10.2205077254841,51.2161697758061,0.0 10.220499233804599,51.216170986142004,0.0 10.220488919945202,51.2161715664783,0.0 10.2204808578944,51.2161720282269,0.0 10.2204740347817,51.21617005467861,0.0 10.2204639574231,51.21617044083929,0.0 10.2204532920381,51.2161716001453,0.0 10.2204473259165,51.216173388244286,0.0 10.2204276358973,51.2161810445898,0.0 10.220292320035401,51.21624961768711,0.0</coordinates>
                </LineString>
                <LineString id="33502">
                    <coordinates>10.2207149012322,51.21619205495309,0.0 10.2206309157389,51.21609009589269,0.0</coordinates>
                </LineString>
                <LineString id="33504">
                    <coordinates>10.214648296338598,51.21591845855559,0.0 10.214662044848101,51.215916043327695,0.0 10.2147205170994,51.21590638151419,0.0</coordinates>
                </LineString>
                <LineString id="33506">
                    <coordinates>10.216309745049,51.2156215603517,0.0 10.2163994970232,51.21561657246459,0.0 10.216427403336501,51.2156152177812,0.0</coordinates>
                </LineString>
                <LineString id="33508">
                    <coordinates>10.2152514682729,51.215683322584695,0.0 10.2152428089809,51.2156614629209,0.0</coordinates>
                </LineString>
                <LineString id="33510">
                    <coordinates>10.2147045509409,51.21574438987009,0.0 10.2147113901637,51.2157485304729,0.0 10.2147318114329,51.2158082445814,0.0</coordinates>
                </LineString>
                <LineString id="33512">
                    <coordinates>10.214988629811797,51.2157803385607,0.0 10.2149901317652,51.215764441057296,0.0</coordinates>
                </LineString>
                <LineString id="33514">
                    <coordinates>10.2166725226256,51.21576047434261,0.0 10.216682782736102,51.215756837094105,0.0 10.2166786351442,51.215751191422704,0.0</coordinates>
                </LineString>
                <LineString id="33516">
                    <coordinates>10.2166786351442,51.215751191422704,0.0 10.2166358975628,51.2156862653459,0.0</coordinates>
                </LineString>
                <LineString id="33518">
                    <coordinates>10.215464057915499,51.2158302161932,0.0 10.2155755282265,51.21581252527749,0.0 10.215631780733899,51.21580436637431,0.0 10.215680965204,51.215798356061995,0.0 10.2157305599966,51.2157924688474,0.0</coordinates>
                </LineString>
                <LineString id="33520">
                    <coordinates>10.2175260111781,51.2154948902237,0.0 10.2175604417674,51.215482847225594,0.0 10.2176151412112,51.215462617791694,0.0 10.2176406003597,51.2154530900571,0.0 10.2177723407567,51.2154119284915,0.0 10.2178696018067,51.21538629706049,0.0 10.2180252541576,51.21534415984829,0.0</coordinates>
                </LineString>
                <LineString id="33522">
                    <coordinates>10.216309745049,51.2156215603517,0.0 10.2162829858128,51.21555208622888,0.0</coordinates>
                </LineString>
                <LineString id="33524">
                    <coordinates>10.2235800610331,51.214821283637114,0.0 10.2235540287741,51.21478882302039,0.0 10.223542807408798,51.2147750516074,0.0 10.2235368707606,51.2147678957632,0.0 10.223529142899999,51.2147607936383,0.0 10.2235186929904,51.21474520007461,0.0 10.2235085325639,51.214730267136595,0.0 10.2234991917443,51.21472118980869,0.0 10.2234923736642,51.21471462288019,0.0 10.2234787943446,51.2147052205249,0.0 10.2234671017285,51.214697375018105,0.0 10.2234516469316,51.214691333233404,0.0 10.223433949917,51.2146818144375,0.0</coordinates>
                </LineString>
                <LineString id="33526">
                    <coordinates>10.2239078490602,51.215475488173794,0.0 10.2239134831865,51.2154700451275,0.0 10.2240878725886,51.2154217926578,0.0</coordinates>
                </LineString>
                <LineString id="33528">
                    <coordinates>10.2246948216547,51.2155929456714,0.0 10.2247296166805,51.2155840344432,0.0 10.224780450956098,51.2155116129875,0.0 10.224859445414399,51.21549004963569,0.0 10.2248578816966,51.2154804611011,0.0</coordinates>
                </LineString>
                <LineString id="33530">
                    <coordinates>10.2244813451042,51.215651546349385,0.0 10.2244854872461,51.2156595918507,0.0</coordinates>
                </LineString>
                <LineString id="33532">
                    <coordinates>10.2244854872461,51.2156595918507,0.0 10.224500485899698,51.2156830931593,0.0 10.224488169778098,51.215686241438696,0.0 10.224527432247198,51.215747650916796,0.0</coordinates>
                </LineString>
                <LineString id="33534">
                    <coordinates>10.2244120108878,51.21631340668869,0.0 10.2244235661017,51.216295432192496,0.0</coordinates>
                </LineString>
                <LineString id="33536">
                    <coordinates>10.221357275818198,51.213122645656995,0.0 10.2213434099975,51.2131058403349,0.0</coordinates>
                </LineString>
                <LineString id="33538">
                    <coordinates>10.2211976705805,51.21339662929349,0.0 10.2212678013311,51.2133751224458,0.0</coordinates>
                </LineString>
                <LineString id="33540">
                    <coordinates>10.2214648944507,51.2136232161391,0.0 10.2214927912931,51.21361389541449,0.0</coordinates>
                </LineString>
                <LineString id="33542">
                    <coordinates>10.2213059158738,51.21342938694511,0.0 10.221333039858699,51.213422292899295,0.0</coordinates>
                </LineString>
                <LineString id="33544">
                    <coordinates>10.220702140072,51.2133169747149,0.0 10.2207326382017,51.21330663295431,0.0 10.2208129480898,51.213281712283894,0.0 10.2209141105329,51.21325050123419,0.0</coordinates>
                </LineString>
                <LineString id="33546">
                    <coordinates>10.2215560425425,51.213750966480795,0.0 10.221463512916499,51.21380031522839,0.0</coordinates>
                </LineString>
                <LineString id="33548">
                    <coordinates>10.2204825353684,51.21434115387541,0.0 10.2204912468832,51.214352801866994,0.0</coordinates>
                </LineString>
                <LineString id="33550">
                    <coordinates>10.220703228053,51.2142612931615,0.0 10.2206035049521,51.21429854888228,0.0 10.2204825353684,51.21434115387541,0.0</coordinates>
                </LineString>
                <LineString id="33552">
                    <coordinates>10.2208405368211,51.21419692102349,0.0 10.2207643610403,51.2142330065909,0.0 10.2207145466438,51.214257285104075,0.0 10.2207106283108,51.21425868183849,0.0</coordinates>
                </LineString>
                <LineString id="33554">
                    <coordinates>10.221829743858597,51.213704226320786,0.0 10.2218297554623,51.21370132288929,0.0 10.2218111765345,51.2136835021275,0.0</coordinates>
                </LineString>
                <LineString id="33556">
                    <coordinates>10.222169060662699,51.2134937406462,0.0 10.222154075686,51.2135011630998,0.0 10.2219992615531,51.213581272157285,0.0</coordinates>
                </LineString>
                <LineString id="33558">
                    <coordinates>10.222454627944302,51.2133483846884,0.0 10.2224069703166,51.21337431477941,0.0 10.2222764566297,51.2134400145161,0.0</coordinates>
                </LineString>
                <LineString id="33560">
                    <coordinates>10.2225084233403,51.213318053039,0.0 10.2225892238512,51.213278872272,0.0 10.2226601391382,51.21325034672,0.0 10.2227075473776,51.2132323774348,0.0</coordinates>
                </LineString>
                <LineString id="33562">
                    <coordinates>10.2227075473776,51.2132323774348,0.0 10.2227162327649,51.2132290933087,0.0 10.222725365043198,51.21322572607269,0.0</coordinates>
                </LineString>
                <LineString id="33564">
                    <coordinates>10.2237609841559,51.2138800694625,0.0 10.2238197682676,51.213865157987904,0.0</coordinates>
                </LineString>
                <LineString id="33566">
                    <coordinates>10.2232243964408,51.2147516103432,0.0 10.2232183737006,51.214742601339694,0.0</coordinates>
                </LineString>
                <LineString id="33568">
                    <coordinates>10.222301330281399,51.2152247983381,0.0 10.2223979841124,51.21532269656289,0.0</coordinates>
                </LineString>
                <LineString id="33570">
                    <coordinates>10.2213998579964,51.21591205047541,0.0 10.2213511482943,51.215858928515196,0.0 10.2213210753938,51.21585633203019,0.0 10.2212656388428,51.2158005997421,0.0 10.221247882779501,51.2157829532156,0.0</coordinates>
                </LineString>
                <LineString id="33572">
                    <coordinates>10.2186925401265,51.2151958230457,0.0 10.2187320226426,51.21517858874179,0.0</coordinates>
                </LineString>
                <LineString id="33574">
                    <coordinates>10.2195124661484,51.2147603246222,0.0 10.219516106327701,51.214758348368484,0.0 10.2195379741363,51.2147335463725,0.0</coordinates>
                </LineString>
                <LineString id="33576">
                    <coordinates>10.2188459377622,51.21513194978329,0.0 10.2189016820248,51.2151885149614,0.0</coordinates>
                </LineString>
                <LineString id="33578">
                    <coordinates>10.2184501914621,51.2152910550358,0.0 10.218533314319902,51.215263463899305,0.0</coordinates>
                </LineString>
                <LineString id="33580">
                    <coordinates>10.2180882996396,51.215409942935096,0.0 10.218098008438199,51.21540686350868,0.0 10.2181069589391,51.21539338966569,0.0 10.2181517064586,51.21537919325349,0.0</coordinates>
                </LineString>
                <LineString id="33582">
                    <coordinates>10.2179196117345,51.21545456962409,0.0 10.2179594166647,51.2154467974412,0.0 10.218017226740798,51.2154253296807,0.0 10.2180471258987,51.2154172088898,0.0 10.2180681804005,51.2154161090828,0.0 10.2180882996396,51.215409942935096,0.0</coordinates>
                </LineString>
                <LineString id="33584">
                    <coordinates>10.2179196117345,51.21545456962409,0.0 10.217927957882502,51.2154649177564,0.0</coordinates>
                </LineString>
                <LineString id="33586">
                    <coordinates>10.217667063926,51.2155121045687,0.0 10.217710224365,51.21550009557419,0.0</coordinates>
                </LineString>
                <LineString id="33588">
                    <coordinates>10.2226015597641,51.2127381884791,0.0 10.2225786482502,51.2127518731616,0.0</coordinates>
                </LineString>
                <LineString id="33590">
                    <coordinates>10.2225954681387,51.21273469794439,0.0 10.2226015597641,51.2127381884791,0.0</coordinates>
                </LineString>
                <LineString id="33592">
                    <coordinates>10.222210991818798,51.212623106375204,0.0 10.222163848932102,51.2126527838164,0.0</coordinates>
                </LineString>
                <LineString id="33594">
                    <coordinates>10.2300151202925,51.21252824053159,0.0 10.2301287807006,51.21250943625098,0.0 10.2301789643084,51.2124992458725,0.0</coordinates>
                </LineString>
                <LineString id="33596">
                    <coordinates>10.229208725442,51.212709308459196,0.0 10.2292300325885,51.2127034460421,0.0 10.2293411882001,51.21267570503279,0.0</coordinates>
                </LineString>
                <LineString id="33598">
                    <coordinates>10.228830475131,51.21280966131619,0.0 10.2288226274399,51.2127974606868,0.0</coordinates>
                </LineString>
                <LineString id="33600">
                    <coordinates>10.2265461612306,51.21287523329569,0.0 10.226666513185,51.2129043758426,0.0 10.2266899386201,51.2129093333721,0.0 10.226772510065102,51.212930900594706,0.0</coordinates>
                </LineString>
                <LineString id="33602">
                    <coordinates>10.2264272396412,51.2128472359846,0.0 10.2265461612306,51.21287523329569,0.0</coordinates>
                </LineString>
                <LineString id="33604">
                    <coordinates>10.226145036709,51.21278244222369,0.0 10.2261699426401,51.212786487387795,0.0 10.226221238109,51.2127965688828,0.0 10.2262385072818,51.21280119948129,0.0 10.2263585806937,51.21283013136819,0.0 10.2264272396412,51.2128472359846,0.0</coordinates>
                </LineString>
                <LineString id="33606">
                    <coordinates>10.2259047635254,51.212752847929295,0.0 10.2259073169867,51.212744499434095,0.0</coordinates>
                </LineString>
                <LineString id="33608">
                    <coordinates>10.2252726299582,51.213814084448295,0.0 10.2252839330098,51.213829834623,0.0</coordinates>
                </LineString>
                <LineString id="33610">
                    <coordinates>10.2258096624357,51.2145644434325,0.0 10.2258406708988,51.2146015366396,0.0</coordinates>
                </LineString>
                <LineString id="33612">
                    <coordinates>10.230277524108,51.2125622601932,0.0 10.2303254410669,51.212647827487004,0.0 10.2303578447897,51.21269600665189,0.0 10.2303620537151,51.21269672651979,0.0</coordinates>
                </LineString>
                <LineString id="33614">
                    <coordinates>10.2281654635446,51.21303404230381,0.0 10.2281280876893,51.213043140211994,0.0 10.2280506169056,51.2130609532286,0.0 10.2280189570631,51.213068420642706,0.0</coordinates>
                </LineString>
                <LineString id="33616">
                    <coordinates>10.2290509752828,51.2128327836251,0.0 10.229046049321,51.2128261287863,0.0</coordinates>
                </LineString>
                <LineString id="33618">
                    <coordinates>10.229199459894298,51.2127956741537,0.0 10.2291939134678,51.212788030079594,0.0</coordinates>
                </LineString>
                <LineString id="33620">
                    <coordinates>10.226198431660197,51.21347420189449,0.0 10.2261364226435,51.2135056602898,0.0</coordinates>
                </LineString>
                <LineString id="33622">
                    <coordinates>10.225743257804199,51.21365522839249,0.0 10.225662343013,51.213683280599994,0.0</coordinates>
                </LineString>
                <LineString id="33624">
                    <coordinates>10.225205626284998,51.2138414033717,0.0 10.2250949134221,51.21388653286899,0.0</coordinates>
                </LineString>
                <LineString id="33626">
                    <coordinates>10.2311390282732,51.21231881267789,0.0 10.2311882752398,51.2123737994914,0.0 10.2312153995806,51.212414473316095,0.0 10.2312566524822,51.2124961998878,0.0</coordinates>
                </LineString>
                <LineString id="33628">
                    <coordinates>10.2311188716884,51.21229688833739,0.0 10.2311390282732,51.21231881267789,0.0</coordinates>
                </LineString>
                <LineString id="33630">
                    <coordinates>10.2320813617431,51.2119085482371,0.0 10.232005449286898,51.21183639361849,0.0</coordinates>
                </LineString>
                <LineString id="33632">
                    <coordinates>10.2315059240699,51.2120494042868,0.0 10.2317295888887,51.2119483166531,0.0 10.2317569062967,51.21193311460391,0.0</coordinates>
                </LineString>
                <LineString id="33634">
                    <coordinates>10.231346480528698,51.212119027865995,0.0 10.2314139567521,51.212089671976486,0.0</coordinates>
                </LineString>
                <LineString id="33636">
                    <coordinates>10.230965107171802,51.2122832286984,0.0 10.2311196879002,51.2122184044482,0.0</coordinates>
                </LineString>
                <LineString id="33638">
                    <coordinates>10.225514268826903,51.21272094882611,0.0 10.225397660213998,51.212732979791895,0.0 10.2252396156401,51.212752859453985,0.0 10.225134585806602,51.21276637819191,0.0 10.225071820185699,51.21277395744119,0.0 10.2250259963733,51.21278276444149,0.0</coordinates>
                </LineString>
                <LineString id="33640">
                    <coordinates>10.2220577617151,51.212163222362996,0.0 10.2221051760368,51.2121577128628,0.0 10.2221501838482,51.21214407624029,0.0 10.2223915349349,51.21207189756391,0.0 10.2226238568225,51.212002997290895,0.0</coordinates>
                </LineString>
                <LineString id="33642">
                    <coordinates>10.222907355967,51.2125393454594,0.0 10.2228799993937,51.2125208881817,0.0</coordinates>
                </LineString>
                <LineString id="33644">
                    <coordinates>10.228054343601599,51.210219367699594,0.0 10.2280484754147,51.210206693565894,0.0</coordinates>
                </LineString>
                <LineString id="33646">
                    <coordinates>10.227036412674,51.21065649292869,0.0 10.2271021414005,51.21063688462939,0.0</coordinates>
                </LineString>
                <LineString id="33648">
                    <coordinates>10.2269585737212,51.21067690658539,0.0 10.2270242255819,51.210660047951094,0.0 10.227036412674,51.21065649292869,0.0</coordinates>
                </LineString>
                <LineString id="33650">
                    <coordinates>10.224346108081,51.2114154156169,0.0 10.224413288067801,51.21139273844839,0.0 10.224517982033,51.2113636814241,0.0 10.2246587386154,51.2113239254496,0.0</coordinates>
                </LineString>
                <LineString id="33652">
                    <coordinates>10.224361456443102,51.21145919359051,0.0 10.2243405265249,51.21148167343719,0.0 10.2243333336801,51.2114930528947,0.0 10.224323828562298,51.21150910776969,0.0 10.2243171604407,51.211533269263484,0.0 10.2243455081877,51.2115780624948,0.0 10.2243501528695,51.2115856841361,0.0</coordinates>
                </LineString>
                <LineString id="33654">
                    <coordinates>10.224455366137498,51.21157477585099,0.0 10.2243571864768,51.211597432240104,0.0</coordinates>
                </LineString>
                <LineString id="33656">
                    <coordinates>10.224402817612,51.2116751375105,0.0 10.2244261695975,51.21170804273359,0.0</coordinates>
                </LineString>
                <LineString id="33658">
                    <coordinates>10.223822925301,51.212165732582406,0.0 10.2238061232124,51.21214934145949,0.0</coordinates>
                </LineString>
                <LineString id="33660">
                    <coordinates>10.2233685579058,51.21176259751719,0.0 10.2233340862739,51.21172670957768,0.0</coordinates>
                </LineString>
                <LineString id="33662">
                    <coordinates>10.2206940286523,51.212999620951095,0.0 10.220672062082802,51.212923379680305,0.0</coordinates>
                </LineString>
                <LineString id="33664">
                    <coordinates>10.220672062082802,51.212923379680305,0.0 10.2206669007961,51.212908747217796,0.0 10.2206436395059,51.21285051020569,0.0 10.2206188651428,51.21279216928029,0.0 10.2206053378456,51.2127584148164,0.0 10.2205809800274,51.212721583099196,0.0 10.220481024455598,51.2125933474549,0.0 10.220449540308401,51.2125520294751,0.0 10.2204432580196,51.21254383441939,0.0 10.220452721636,51.2125214685932,0.0</coordinates>
                </LineString>
                <LineString id="33666">
                    <coordinates>10.2199036284368,51.2128001896923,0.0 10.2198993644892,51.2127919893453,0.0</coordinates>
                </LineString>
                <LineString id="33668">
                    <coordinates>10.2186832114114,51.2127812000522,0.0 10.218791179849703,51.21276353372111,0.0 10.2188501454091,51.2127535717289,0.0</coordinates>
                </LineString>
                <LineString id="33670">
                    <coordinates>10.279322779380502,51.1757389008456,0.0 10.2798435391456,51.17591104754849,0.0</coordinates>
                </LineString>
                <LineString id="33672">
                    <coordinates>10.2867699025733,51.1761216338328,0.0 10.286784844236802,51.17613831237939,0.0</coordinates>
                </LineString>
                <LineString id="33674">
                    <coordinates>10.2865095199197,51.17621123118539,0.0 10.2865793005873,51.1762404171104,0.0</coordinates>
                </LineString>
                <LineString id="33676">
                    <coordinates>10.2859216176065,51.17606801195639,0.0 10.285915019310702,51.17605079928149,0.0</coordinates>
                </LineString>
                <LineString id="33678">
                    <coordinates>10.2876057418559,51.1757247381836,0.0 10.2876527752877,51.1757248061891,0.0</coordinates>
                </LineString>
                <LineString id="33680">
                    <coordinates>10.2864565180013,51.174426010996996,0.0 10.286449514791101,51.1744212698551,0.0</coordinates>
                </LineString>
                <LineString id="33682">
                    <coordinates>10.285725352798899,51.17439296254069,0.0 10.2857402173977,51.1744055229067,0.0</coordinates>
                </LineString>
                <LineString id="33684">
                    <coordinates>10.2887743383786,51.173814762510595,0.0 10.2887717775292,51.1737935367938,0.0</coordinates>
                </LineString>
                <LineString id="33686">
                    <coordinates>10.2879154445313,51.173813929919994,0.0 10.2879009933456,51.173824955358,0.0</coordinates>
                </LineString>
                <LineString id="33688">
                    <coordinates>10.287978549368699,51.173520437879,0.0 10.2880034824001,51.17354070544529,0.0</coordinates>
                </LineString>
                <LineString id="33690">
                    <coordinates>10.2165032529056,51.218023671537985,0.0 10.216521050467,51.2180524484143,0.0</coordinates>
                </LineString>
                <LineString id="33692">
                    <coordinates>10.217175736392099,51.21747529988029,0.0 10.217188177372002,51.2175030511713,0.0</coordinates>
                </LineString>
                <LineString id="33694">
                    <coordinates>10.2152342280802,51.21591903413271,0.0 10.2152757158663,51.21591477644628,0.0</coordinates>
                </LineString>
                <LineString id="33696">
                    <coordinates>10.2153478910537,51.2156964701608,0.0 10.2153497879225,51.21573294252369,0.0</coordinates>
                </LineString>
                <LineString id="33698">
                    <coordinates>10.2205747761265,51.217460032538895,0.0 10.2205762397206,51.21745733996159,0.0</coordinates>
                </LineString>
                <LineString id="33700">
                    <coordinates>10.2188926431099,51.2165198389272,0.0 10.2189212296207,51.21650939662559,0.0</coordinates>
                </LineString>
                <LineString id="33702">
                    <coordinates>10.218205542828498,51.21543622414261,0.0 10.2181757148039,51.21540355170891,0.0</coordinates>
                </LineString>
                <LineString id="33704">
                    <coordinates>10.2189219361133,51.215207422435505,0.0 10.2189016820248,51.2151885149614,0.0</coordinates>
                </LineString>
                <LineString id="33706">
                    <coordinates>10.2194237308834,51.214913468305305,0.0 10.2193990512524,51.2149246983095,0.0</coordinates>
                </LineString>
                <LineString id="33708">
                    <coordinates>10.221688464840499,51.2137944650007,0.0 10.2216639345057,51.2137721129829,0.0</coordinates>
                </LineString>
                <LineString id="33710">
                    <coordinates>10.221187001671998,51.213841204616095,0.0 10.2211834188541,51.213843181793,0.0</coordinates>
                </LineString>
                <LineString id="33712">
                    <coordinates>10.221339967136,51.213349457374996,0.0 10.2212933468294,51.21336441761129,0.0</coordinates>
                </LineString>
                <LineString id="33714">
                    <coordinates>10.2211513584189,51.213412133526504,0.0 10.2211976705805,51.21339662929349,0.0</coordinates>
                </LineString>
                <LineString id="33716">
                    <coordinates>10.2225888943274,51.2127139851979,0.0 10.2225935710527,51.21271593502169,0.0</coordinates>
                </LineString>
                <LineString id="33718">
                    <coordinates>10.222930917336502,51.2122922852232,0.0 10.2229627514369,51.2122776931576,0.0</coordinates>
                </LineString>
                <LineString id="33720">
                    <coordinates>10.215848595540002,51.2129114872047,0.0 10.2158475364536,51.21291556128569,0.0</coordinates>
                </LineString>
                <LineString id="33722">
                    <coordinates>10.2231848383701,51.2151934547905,0.0 10.223180117387198,51.21519339211459,0.0</coordinates>
                </LineString>
                <LineString id="33724">
                    <coordinates>10.2268887787861,51.2133497205218,0.0 10.2269025329431,51.2133489849821,0.0</coordinates>
                </LineString>
                <LineString id="33726">
                    <coordinates>10.2294477840721,51.21273665717699,0.0 10.229443763586,51.21273176900289,0.0</coordinates>
                </LineString>
                <LineString id="33728">
                    <coordinates>10.2289567231807,51.2127250208329,0.0 10.2289735767578,51.2127606494934,0.0</coordinates>
                </LineString>
                <LineString id="33730">
                    <coordinates>10.2286940527536,51.212331126829596,0.0 10.228701648255297,51.212348034146586,0.0</coordinates>
                </LineString>
                <LineString id="33732">
                    <coordinates>10.2274541041768,51.2132035200112,0.0 10.2274502775244,51.21320179001519,0.0</coordinates>
                </LineString>
                <LineString id="33734">
                    <coordinates>10.2266728690501,51.21299492442229,0.0 10.226676236501001,51.212992584235884,0.0</coordinates>
                </LineString>
                <LineString id="33736">
                    <coordinates>10.2257557263495,51.2136745470383,0.0 10.2257527565868,51.2136669058994,0.0</coordinates>
                </LineString>
                <LineString id="33738">
                    <coordinates>10.2262942173881,51.213259429166,0.0 10.2263058192469,51.21325622492829,0.0</coordinates>
                </LineString>
                <LineString id="33740">
                    <coordinates>10.2244602781586,51.21193842160671,0.0 10.2244483832835,51.21192766052639,0.0</coordinates>
                </LineString>
                <LineString id="33742">
                    <coordinates>10.223703816903402,51.2116217054752,0.0 10.2237063282927,51.2116241347951,0.0</coordinates>
                </LineString>
                <LineString id="33744">
                    <coordinates>10.2255629820041,51.2120126049132,0.0 10.2255525214048,51.2120136778887,0.0</coordinates>
                </LineString>
                <LineString id="33746">
                    <coordinates>10.2245927377421,51.21184648166331,0.0 10.2245932789615,51.21184319971669,0.0</coordinates>
                </LineString>
                <LineString id="33748">
                    <coordinates>10.2270743315539,51.2109139511515,0.0 10.2270629707416,51.2109172310303,0.0</coordinates>
                </LineString>
                <LineString id="33750">
                    <coordinates>10.2206988352866,51.211752203010995,0.0 10.2206965251198,51.211764986921594,0.0</coordinates>
                </LineString>
                <LineString id="33752">
                    <coordinates>10.2817078612412,51.17729436287959,0.0 10.2817115946505,51.17728164360939,0.0</coordinates>
                </LineString>
                <LineString id="33754">
                    <coordinates>10.2812287064151,51.1763901726755,0.0 10.2812279663186,51.1763700702471,0.0</coordinates>
                </LineString>
                <LineString id="33756">
                    <coordinates>10.2844530367657,51.176902183532206,0.0 10.284449722080799,51.17691712943319,0.0</coordinates>
                </LineString>
                <LineString id="33758">
                    <coordinates>10.2834631529987,51.177490080616685,0.0 10.2834624262662,51.177469591858895,0.0</coordinates>
                </LineString>
                <LineString id="33760">
                    <coordinates>10.282519963853602,51.1766442438781,0.0 10.2824992078339,51.1766590056479,0.0</coordinates>
                </LineString>
                <LineString id="33762">
                    <coordinates>10.281955700509098,51.1763464983274,0.0 10.2819565931818,51.1763286312977,0.0</coordinates>
                </LineString>
                <LineString id="33764">
                    <coordinates>10.280294862793,51.1762049232448,0.0 10.2802958193728,51.176183047840404,0.0</coordinates>
                </LineString>
                <LineString id="33766">
                    <coordinates>10.2808917433134,51.176164323417595,0.0 10.2808921655904,51.17614527185629,0.0</coordinates>
                </LineString>
                <LineString id="33768">
                    <coordinates>10.2838445842203,51.17588495330211,0.0 10.2838426809104,51.175881904912686,0.0</coordinates>
                </LineString>
                <LineString id="33770">
                    <coordinates>10.281801443139999,51.17542293432089,0.0 10.281810088107802,51.175437750123706,0.0</coordinates>
                </LineString>
                <LineString id="33772">
                    <coordinates>10.2815937871748,51.175159126179295,0.0 10.2816136469908,51.17515038337079,0.0</coordinates>
                </LineString>
                <LineString id="33774">
                    <coordinates>10.2847068288665,51.1752247672637,0.0 10.2847262733403,51.1752156402819,0.0</coordinates>
                </LineString>
                <LineString id="33776">
                    <coordinates>10.2855354613303,51.17314190605361,0.0 10.2856418780632,51.17314397763829,0.0</coordinates>
                </LineString>
                <LineString id="33778">
                    <coordinates>10.281297280735698,51.1742924523573,0.0 10.2812776513156,51.17429692847651,0.0</coordinates>
                </LineString>
                <LineString id="33780">
                    <coordinates>10.281575233627,51.173728478280594,0.0 10.281550600926598,51.1737317572772,0.0</coordinates>
                </LineString>
                <LineString id="33782">
                    <coordinates>10.2806431067957,51.173594613564205,0.0 10.280664921943798,51.1735890369901,0.0</coordinates>
                </LineString>
                <LineString id="33784">
                    <coordinates>10.2828639885382,51.17407033699919,0.0 10.2829017222573,51.17405622883539,0.0</coordinates>
                </LineString>
                <LineString id="33786">
                    <coordinates>10.281992307219898,51.17269832735139,0.0 10.2819461242751,51.1727039329326,0.0</coordinates>
                </LineString>
                <LineString id="33788">
                    <coordinates>10.2783956592575,51.1737176890823,0.0 10.2783882379601,51.173719593543495,0.0</coordinates>
                </LineString>
                <LineString id="33790">
                    <coordinates>10.2785525964253,51.17321200932601,0.0 10.278574842158998,51.173237893801485,0.0</coordinates>
                </LineString>
                <LineString id="33792">
                    <coordinates>10.288032455902398,51.1754442707127,0.0 10.288036398415398,51.17544709716089,0.0 10.2880604510758,51.1754370931497,0.0</coordinates>
                </LineString>
                <LineString id="33794">
                    <coordinates>10.286708338521102,51.17544109884219,0.0 10.2868658485074,51.17536274212599,0.0</coordinates>
                </LineString>
                <LineString id="33796">
                    <coordinates>10.2871379657529,51.17519711173029,0.0 10.2871322534103,51.17519187712501,0.0 10.287100247896099,51.17516254331329,0.0</coordinates>
                </LineString>
                <LineString id="33798">
                    <coordinates>10.2240743979231,51.2151208447207,0.0 10.2240477107493,51.215065576926186,0.0</coordinates>
                </LineString>
                <LineString id="33800">
                    <coordinates>10.2812227925752,51.177239486683305,0.0 10.281202627504697,51.1773287439849,0.0 10.2811996356931,51.17733882222729,0.0</coordinates>
                </LineString>
                <LineString id="33802">
                    <coordinates>10.282418541732302,51.17726903632641,0.0 10.2825138058663,51.1772813029151,0.0</coordinates>
                </LineString>
                <LineString id="33804">
                    <coordinates>10.2824317324561,51.1773343589316,0.0 10.282308566637301,51.1778121502767,0.0</coordinates>
                </LineString>
                <LineString id="33806">
                    <coordinates>10.217409916040898,51.21297008367809,0.0 10.2174284493811,51.212968639951995,0.0</coordinates>
                </LineString>
                <LineString id="33808">
                    <coordinates>10.2865486220941,51.174863063191495,0.0 10.2865870312361,51.174887834361996,0.0</coordinates>
                </LineString>
                <LineString id="33810">
                    <coordinates>10.2865233318181,51.1763826655336,0.0 10.2865873667383,51.17646425703449,0.0 10.2866318913254,51.17652124621279,0.0 10.286644334219401,51.17651697859999,0.0</coordinates>
                </LineString>
                <LineString id="33812">
                    <coordinates>10.214274625625698,51.214836184350894,0.0 10.214214645180602,51.214838613343005,0.0</coordinates>
                </LineString>
                <LineString id="33814">
                    <coordinates>10.2143526028885,51.2151538135136,0.0 10.214379981071803,51.2151461226523,0.0</coordinates>
                </LineString>
                <LineString id="33816">
                    <coordinates>10.2812584024404,51.1755258448045,0.0 10.2812976621904,51.17550997065389,0.0</coordinates>
                </LineString>
                <LineString id="33818">
                    <coordinates>10.2809447551992,51.17566430549619,0.0 10.2811187959674,51.1755812640767,0.0</coordinates>
                </LineString>
                <LineString id="33820">
                    <coordinates>10.2796590749286,51.1767369620351,0.0 10.2796815222028,51.17675249331699,0.0</coordinates>
                </LineString>
                <LineString id="33822">
                    <coordinates>10.2796843658663,51.17682020817279,0.0 10.2796806237447,51.17682276910519,0.0</coordinates>
                </LineString>
                <LineString id="33824">
                    <coordinates>10.2782208924812,51.1769355038424,0.0 10.2782630582311,51.17697607367,0.0</coordinates>
                </LineString>
                <LineString id="33826">
                    <coordinates>10.2810605741981,51.17616262354619,0.0 10.2810824849825,51.1761679705511,0.0</coordinates>
                </LineString>
                <LineString id="33828">
                    <coordinates>10.283905723291898,51.174913823294894,0.0 10.283826685113299,51.17495037510229,0.0</coordinates>
                </LineString>
                <LineString id="33830">
                    <coordinates>10.2840054892009,51.1750563048458,0.0 10.2840013530937,51.175066024776605,0.0</coordinates>
                </LineString>
                <LineString id="33832">
                    <coordinates>10.2845997427177,51.17491640347609,0.0 10.2846110011784,51.17492401183719,0.0 10.2847017013431,51.174997131669095,0.0</coordinates>
                </LineString>
                <LineString id="33834">
                    <coordinates>10.284871064196,51.17514252046159,0.0 10.2847262733403,51.1752156402819,0.0</coordinates>
                </LineString>
                <LineString id="33836">
                    <coordinates>10.2843685547732,51.1746963668689,0.0 10.284379519907,51.1746760315554,0.0</coordinates>
                </LineString>
                <LineString id="33838">
                    <coordinates>10.2839681015327,51.17523217568019,0.0 10.2839495200247,51.1752423220177,0.0</coordinates>
                </LineString>
                <LineString id="33840">
                    <coordinates>10.283456323172102,51.175493599376885,0.0 10.2834953475477,51.17553335711601,0.0</coordinates>
                </LineString>
                <LineString id="33842">
                    <coordinates>10.282737321484602,51.17580035244141,0.0 10.2827414613385,51.17579708707791,0.0</coordinates>
                </LineString>
                <LineString id="33844">
                    <coordinates>10.2829618541745,51.1757890034935,0.0 10.282920658178401,51.175816976636696,0.0</coordinates>
                </LineString>
                <LineString id="33846">
                    <coordinates>10.2831910878744,51.1756460267679,0.0 10.2831732316977,51.17565588697139,0.0</coordinates>
                </LineString>
                <LineString id="33848">
                    <coordinates>10.2825565902186,51.17604125274209,0.0 10.2825608040775,51.1760367658977,0.0 10.282583972585401,51.1760090227147,0.0</coordinates>
                </LineString>
                <LineString id="33850">
                    <coordinates>10.2833561204943,51.17676125031449,0.0 10.2833485576774,51.17678352324081,0.0</coordinates>
                </LineString>
                <LineString id="33852">
                    <coordinates>10.283259643034897,51.17673007065889,0.0 10.283324713103498,51.17667693542089,0.0</coordinates>
                </LineString>
                <LineString id="33854">
                    <coordinates>10.2831346178461,51.1766889431889,0.0 10.283233996182,51.17672172069369,0.0 10.283259643034897,51.17673007065889,0.0</coordinates>
                </LineString>
                <LineString id="33856">
                    <coordinates>10.284155070524598,51.17633519738278,0.0 10.2842367461157,51.17635095800869,0.0</coordinates>
                </LineString>
                <LineString id="33858">
                    <coordinates>10.2846226209411,51.17678464177319,0.0 10.2845520345466,51.1766846684804,0.0</coordinates>
                </LineString>
                <LineString id="33860">
                    <coordinates>10.2840469843079,51.17577442003749,0.0 10.284045869726102,51.1757659175963,0.0 10.284030091867699,51.1756519509536,0.0 10.2840294808562,51.17564953280489,0.0</coordinates>
                </LineString>
                <LineString id="33862">
                    <coordinates>10.2840294808562,51.17564953280489,0.0 10.2839331666422,51.175680284810994,0.0</coordinates>
                </LineString>
                <LineString id="33864">
                    <coordinates>10.2841104838703,51.175628273856894,0.0 10.2841761116773,51.175609755938595,0.0</coordinates>
                </LineString>
                <LineString id="33866">
                    <coordinates>10.2835937049322,51.17648856882998,0.0 10.283762912709898,51.176427422960195,0.0 10.2839214830738,51.176371973014696,0.0 10.2840920502792,51.176313093986195,0.0 10.284106591893098,51.176308156236296,0.0</coordinates>
                </LineString>
                <LineString id="33868">
                    <coordinates>10.2855079663326,51.1760153412849,0.0 10.285629362748098,51.17597961569879,0.0</coordinates>
                </LineString>
                <LineString id="33870">
                    <coordinates>10.287323538744701,51.1753286296665,0.0 10.2873157144677,51.17532751731069,0.0</coordinates>
                </LineString>
                <LineString id="33872">
                    <coordinates>10.2868905610211,51.17540827619399,0.0 10.286954111414001,51.175474362508695,0.0</coordinates>
                </LineString>
                <LineString id="33874">
                    <coordinates>10.2866390262895,51.17554828166359,0.0 10.2867057599095,51.1756021710155,0.0</coordinates>
                </LineString>
                <LineString id="33876">
                    <coordinates>10.286361039662102,51.17568155262838,0.0 10.286369375513301,51.1756777373006,0.0 10.2865155105222,51.175609992885896,0.0 10.2866390262895,51.17554828166359,0.0</coordinates>
                </LineString>
                <LineString id="33878">
                    <coordinates>10.286981434528,51.175605775564584,0.0 10.2869891511794,51.1756198312551,0.0</coordinates>
                </LineString>
                <LineString id="33880">
                    <coordinates>10.2867057599095,51.1756021710155,0.0 10.2867054592218,51.175611830331896,0.0</coordinates>
                </LineString>
                <LineString id="33882">
                    <coordinates>10.286275430661,51.1757206168122,0.0 10.2862278784755,51.1756782090691,0.0</coordinates>
                </LineString>
                <LineString id="33884">
                    <coordinates>10.2862375023653,51.17582794439401,0.0 10.2862839564801,51.175880305411795,0.0</coordinates>
                </LineString>
                <LineString id="33886">
                    <coordinates>10.2860834693806,51.1757888853214,0.0 10.2860506773136,51.175759944230705,0.0</coordinates>
                </LineString>
                <LineString id="33888">
                    <coordinates>10.287884695543,51.1757483362943,0.0 10.288105168720799,51.17565383707961,0.0</coordinates>
                </LineString>
                <LineString id="33890">
                    <coordinates>10.2877610135136,51.17580452683569,0.0 10.28769744805,51.175743438916605,0.0</coordinates>
                </LineString>
                <LineString id="33892">
                    <coordinates>10.287542228224797,51.17590708672619,0.0 10.2877262474139,51.1758207565649,0.0</coordinates>
                </LineString>
                <LineString id="33894">
                    <coordinates>10.2871400048561,51.1760987530185,0.0 10.287164413455402,51.176087262142,0.0</coordinates>
                </LineString>
                <LineString id="33896">
                    <coordinates>10.2865933407121,51.176263285238896,0.0 10.2865793005873,51.1762404171104,0.0</coordinates>
                </LineString>
                <LineString id="33898">
                    <coordinates>10.2859571299473,51.17659340242928,0.0 10.2859635401479,51.17658328424798,0.0</coordinates>
                </LineString>
                <LineString id="33900">
                    <coordinates>10.282917668655998,51.17516998466709,0.0 10.2829780884908,51.17514498147659,0.0</coordinates>
                </LineString>
                <LineString id="33902">
                    <coordinates>10.2829780884908,51.17514498147659,0.0 10.282983919982,51.175150460752796,0.0</coordinates>
                </LineString>
                <LineString id="33904">
                    <coordinates>10.2829177687914,51.17495277258019,0.0 10.2829221611753,51.174951947073595,0.0</coordinates>
                </LineString>
                <LineString id="33906">
                    <coordinates>10.2830415308257,51.17489837722129,0.0 10.2830464448245,51.17490430149719,0.0</coordinates>
                </LineString>
                <LineString id="33908">
                    <coordinates>10.2840887161236,51.1760229536642,0.0 10.2840466412193,51.17602876416319,0.0</coordinates>
                </LineString>
                <LineString id="33910">
                    <coordinates>10.2785347656201,51.17799530183209,0.0 10.2784926276247,51.1779462733933,0.0</coordinates>
                </LineString>
                <LineString id="33912">
                    <coordinates>10.280159530447598,51.17739842244989,0.0 10.280073024572799,51.1774340709132,0.0 10.279977805843998,51.177470571098794,0.0 10.2797998041957,51.1775387379071,0.0 10.2797347300534,51.17756531613081,0.0</coordinates>
                </LineString>
                <LineString id="33914">
                    <coordinates>10.2789927447096,51.1776134937723,0.0 10.2790305073352,51.177539930634794,0.0</coordinates>
                </LineString>
                <LineString id="33916">
                    <coordinates>10.2776439369544,51.1770167642787,0.0 10.2776255395317,51.17702152761089,0.0</coordinates>
                </LineString>
                <LineString id="33918">
                    <coordinates>10.27854527376,51.17662019578649,0.0 10.2786808285639,51.17657274759489,0.0</coordinates>
                </LineString>
                <LineString id="33920">
                    <coordinates>10.278457581222503,51.17664969475141,0.0 10.27854527376,51.17662019578649,0.0</coordinates>
                </LineString>
                <LineString id="33922">
                    <coordinates>10.278081694639198,51.17677965397509,0.0 10.2780510246221,51.17671688733561,0.0 10.278061481987699,51.1767148837392,0.0</coordinates>
                </LineString>
                <LineString id="33924">
                    <coordinates>10.277090888246201,51.176937290762396,0.0 10.2771129990244,51.17693381375199,0.0</coordinates>
                </LineString>
                <LineString id="33926">
                    <coordinates>10.275372124569502,51.177662218308406,0.0 10.2753582889046,51.177669664468795,0.0</coordinates>
                </LineString>
                <LineString id="33928">
                    <coordinates>10.2758566240117,51.1774438830687,0.0 10.2757547815198,51.177494539608986,0.0</coordinates>
                </LineString>
                <LineString id="33930">
                    <coordinates>10.2776255395317,51.17702152761089,0.0 10.277602905658501,51.17702714551239,0.0</coordinates>
                </LineString>
                <LineString id="33932">
                    <coordinates>10.2778524836003,51.1769533113166,0.0 10.277891016414598,51.17694012445529,0.0</coordinates>
                </LineString>
                <LineString id="33934">
                    <coordinates>10.278081694639198,51.17677965397509,0.0 10.278132963194599,51.1768530526662,0.0</coordinates>
                </LineString>
                <LineString id="33936">
                    <coordinates>10.2792765671377,51.1763727730911,0.0 10.2792857424838,51.1763698605715,0.0</coordinates>
                </LineString>
                <LineString id="33938">
                    <coordinates>10.2798356985894,51.17613219117809,0.0 10.2799739650632,51.1760748209819,0.0</coordinates>
                </LineString>
                <LineString id="33940">
                    <coordinates>10.2807053284048,51.175776995243595,0.0 10.2806908721976,51.17576309180819,0.0</coordinates>
                </LineString>
                <LineString id="33942">
                    <coordinates>10.2802958193728,51.176183047840404,0.0 10.280294709995701,51.176178653643696,0.0 10.2802596217967,51.1761819315364,0.0 10.2801914597363,51.176171625601704,0.0 10.2802408264389,51.1760451405626,0.0</coordinates>
                </LineString>
                <LineString id="33944">
                    <coordinates>10.2810353466473,51.1759425852388,0.0 10.2810719401788,51.175852256814395,0.0 10.2813089751971,51.17588470281729,0.0 10.281406035026299,51.17588974216909,0.0 10.2814650788015,51.17588449646821,0.0</coordinates>
                </LineString>
                <LineString id="33946">
                    <coordinates>10.2819500283032,51.17624589434,0.0 10.2820414017626,51.1762515778197,0.0 10.2820896793291,51.176244348864905,0.0</coordinates>
                </LineString>
                <LineString id="33948">
                    <coordinates>10.2816664189643,51.176277148602196,0.0 10.281660348962,51.1763415861734,0.0</coordinates>
                </LineString>
                <LineString id="33950">
                    <coordinates>10.2814337504794,51.1763368650106,0.0 10.2814421811124,51.176357448956296,0.0</coordinates>
                </LineString>
                <LineString id="33952">
                    <coordinates>10.281045376964,51.17635561186909,0.0 10.2809810171537,51.1763584240133,0.0 10.2809488236138,51.17636077377049,0.0</coordinates>
                </LineString>
                <LineString id="33954">
                    <coordinates>10.2800498002283,51.176304835647294,0.0 10.2800380287426,51.1762983429944,0.0</coordinates>
                </LineString>
                <LineString id="33956">
                    <coordinates>10.2800262045781,51.176397458359695,0.0 10.2800268105754,51.17641730712119,0.0 10.2799754711531,51.176468772558394,0.0</coordinates>
                </LineString>
                <LineString id="33958">
                    <coordinates>10.280094678273501,51.17657087468041,0.0 10.2801362292689,51.17655495368639,0.0 10.2801420186869,51.17655886831069,0.0</coordinates>
                </LineString>
                <LineString id="33960">
                    <coordinates>10.2744652378065,51.17796746408299,0.0 10.2744159434697,51.1779777133673,0.0 10.274065687609799,51.17804609997268,0.0</coordinates>
                </LineString>
                <LineString id="33962">
                    <coordinates>10.274065687609799,51.17804609997268,0.0 10.2737325625128,51.17810763653759,0.0 10.2734473231478,51.1781648445874,0.0 10.2733635962653,51.17820096062079,0.0 10.273136973607,51.1782181035547,0.0 10.2727703832849,51.17824126169149,0.0 10.272404117867199,51.1782622210455,0.0 10.272041850173801,51.17828220449331,0.0 10.2717563367885,51.17829921224689,0.0 10.271691566438,51.1783033526699,0.0 10.2714692174795,51.17834501598179,0.0 10.2711281066941,51.1784019504108,0.0 10.2707604637125,51.1784654226828,0.0</coordinates>
                </LineString>
                <LineString id="33964">
                    <coordinates>10.2855730073158,51.1774158793851,0.0 10.285581628438099,51.1774201948042,0.0 10.2855621844523,51.1774343021224,0.0</coordinates>
                </LineString>
                <LineString id="33966">
                    <coordinates>10.2855621844523,51.1774343021224,0.0 10.2854685556653,51.17750980854271,0.0</coordinates>
                </LineString>
                <LineString id="33968">
                    <coordinates>10.2847470487899,51.17716113039699,0.0 10.284739769846603,51.1771557198909,0.0</coordinates>
                </LineString>
                <LineString id="33970">
                    <coordinates>10.2850438303032,51.17687391471281,0.0 10.2850798175006,51.176860283658094,0.0 10.2852334964201,51.17681255415191,0.0</coordinates>
                </LineString>
                <LineString id="33972">
                    <coordinates>10.2847179661424,51.17692848716409,0.0 10.2847391146772,51.17692201908301,0.0</coordinates>
                </LineString>
                <LineString id="33974">
                    <coordinates>10.284642719448199,51.176969544911806,0.0 10.284626251370899,51.176967811242584,0.0</coordinates>
                </LineString>
                <LineString id="33976">
                    <coordinates>10.2844383971644,51.17705738848229,0.0 10.284312309213398,51.1770356011122,0.0 10.284257477642099,51.177015559609494,0.0</coordinates>
                </LineString>
                <LineString id="33978">
                    <coordinates>10.2844383971644,51.17705738848229,0.0 10.2844382086322,51.177096004638294,0.0</coordinates>
                </LineString>
                <LineString id="33980">
                    <coordinates>10.2836472552424,51.1768413115275,0.0 10.2834885710138,51.1767976860711,0.0</coordinates>
                </LineString>
                <LineString id="33982">
                    <coordinates>10.2849058625043,51.17727458650688,0.0 10.284893400848201,51.1772835911309,0.0 10.2849021010918,51.1772903978535,0.0</coordinates>
                </LineString>
                <LineString id="33984">
                    <coordinates>10.2852778714353,51.17763248996549,0.0 10.2852531161038,51.177640954898195,0.0</coordinates>
                </LineString>
                <LineString id="33986">
                    <coordinates>10.285245200414,51.17760180647169,0.0 10.2852778714353,51.17763248996549,0.0</coordinates>
                </LineString>
                <LineString id="33988">
                    <coordinates>10.2845296170065,51.177525209273,0.0 10.2844939896439,51.17749867133459,0.0</coordinates>
                </LineString>
                <LineString id="33990">
                    <coordinates>10.2842701152192,51.177493609093005,0.0 10.2842436896658,51.177560571007994,0.0</coordinates>
                </LineString>
                <LineString id="33992">
                    <coordinates>10.2837237460449,51.1774286931599,0.0 10.2836721838091,51.17742844928338,0.0 10.28365084248,51.17749172802889,0.0</coordinates>
                </LineString>
                <LineString id="33994">
                    <coordinates>10.2806648758215,51.1753491652696,0.0 10.2805465582352,51.17536433598319,0.0 10.280548278994898,51.17537882539599,0.0</coordinates>
                </LineString>
                <LineString id="33996">
                    <coordinates>10.280723552919701,51.17524876056089,0.0 10.2807055404411,51.175177811357806,0.0</coordinates>
                </LineString>
                <LineString id="33998">
                    <coordinates>10.2798346621731,51.1749890693545,0.0 10.2798344586742,51.17501068614569,0.0</coordinates>
                </LineString>
                <LineString id="34000">
                    <coordinates>10.2803803153071,51.17469084376099,0.0 10.2802328763992,51.17470234995249,0.0 10.2801160755788,51.17470138835739,0.0 10.2801134428387,51.174670281897306,0.0</coordinates>
                </LineString>
                <LineString id="34002">
                    <coordinates>10.281839780113998,51.1752602297307,0.0 10.2817995462171,51.1752696173089,0.0 10.281651161103998,51.1753519577486,0.0</coordinates>
                </LineString>
                <LineString id="34004">
                    <coordinates>10.2815817888214,51.17503559588451,0.0 10.281571403923198,51.1750387425256,0.0</coordinates>
                </LineString>
                <LineString id="34006">
                    <coordinates>10.281229178174698,51.17425445119069,0.0 10.281202794597199,51.17421479744579,0.0</coordinates>
                </LineString>
                <LineString id="34008">
                    <coordinates>10.2811442249577,51.17427890431781,0.0 10.2811181676321,51.1742404779202,0.0</coordinates>
                </LineString>
                <LineString id="34010">
                    <coordinates>10.280705520880598,51.17358325996669,0.0 10.2806897205291,51.1735855268902,0.0 10.280664921943798,51.1735890369901,0.0</coordinates>
                </LineString>
                <LineString id="34012">
                    <coordinates>10.280854575401598,51.173809774354496,0.0 10.2808646845712,51.1738063450519,0.0</coordinates>
                </LineString>
                <LineString id="34014">
                    <coordinates>10.2818772203648,51.17360631351879,0.0 10.2819869329745,51.173577818534596,0.0</coordinates>
                </LineString>
                <LineString id="34016">
                    <coordinates>10.2815170683142,51.173688609560905,0.0 10.2815994757758,51.17367259589399,0.0</coordinates>
                </LineString>
                <LineString id="34018">
                    <coordinates>10.281335965004,51.173710634865884,0.0 10.2813329437822,51.17368034077279,0.0</coordinates>
                </LineString>
                <LineString id="34020">
                    <coordinates>10.2814243319068,51.1736966505891,0.0 10.2814387220873,51.17373117491759,0.0 10.281427861869,51.17373211213268,0.0</coordinates>
                </LineString>
                <LineString id="34022">
                    <coordinates>10.2830842789436,51.1741533784125,0.0 10.2831166452671,51.1741844626067,0.0</coordinates>
                </LineString>
                <LineString id="34024">
                    <coordinates>10.2825903475717,51.1736598961566,0.0 10.2826619432196,51.17373245854069,0.0</coordinates>
                </LineString>
                <LineString id="34026">
                    <coordinates>10.281901880089201,51.1731296380211,0.0 10.282078871553301,51.1730453889884,0.0</coordinates>
                </LineString>
                <LineString id="34028">
                    <coordinates>10.280585663437,51.173440354402985,0.0 10.2805804350006,51.17342982276679,0.0 10.280560992701497,51.173409274701406,0.0 10.280520330391102,51.173342532315694,0.0 10.280401599310398,51.17337588257269,0.0</coordinates>
                </LineString>
                <LineString id="34030">
                    <coordinates>10.2792814217283,51.173671270396994,0.0 10.279075489037002,51.17371104994,0.0</coordinates>
                </LineString>
                <LineString id="34032">
                    <coordinates>10.279568044344,51.172906332896694,0.0 10.279591335224099,51.17292719841449,0.0 10.279482962780802,51.17295311288779,0.0 10.2793438573864,51.1730113601058,0.0 10.2793583071819,51.1730307831909,0.0</coordinates>
                </LineString>
                <LineString id="34034">
                    <coordinates>10.2783701349012,51.1734867863282,0.0 10.2783614138815,51.173492105660394,0.0</coordinates>
                </LineString>
                <LineString id="34036">
                    <coordinates>10.2786731120766,51.17378846418789,0.0 10.2785003953068,51.173814491953294,0.0</coordinates>
                </LineString>
                <LineString id="34038">
                    <coordinates>10.2789868269575,51.1737294869046,0.0 10.2788001358939,51.17376213261889,0.0 10.2786731120766,51.17378846418789,0.0</coordinates>
                </LineString>
                <LineString id="34040">
                    <coordinates>10.2793932056479,51.177112275522795,0.0 10.2794057045049,51.1771019146095,0.0</coordinates>
                </LineString>
                <LineString id="34042">
                    <coordinates>10.2791705920491,51.17733969981789,0.0 10.2791836644551,51.177321616382294,0.0 10.2792406951175,51.1772525436214,0.0 10.2792667163531,51.1772170041819,0.0</coordinates>
                </LineString>
                <LineString id="34044">
                    <coordinates>10.2791705920491,51.17733969981789,0.0 10.2792066615953,51.177345048631096,0.0</coordinates>
                </LineString>
                <LineString id="34046">
                    <coordinates>10.2790103497541,51.17740101589359,0.0 10.279071744533702,51.177434874387004,0.0</coordinates>
                </LineString>
                <LineString id="34048">
                    <coordinates>10.2789174107598,51.177790818594396,0.0 10.2789541446418,51.1776987938727,0.0 10.2789927447096,51.1776134937723,0.0</coordinates>
                </LineString>
                <LineString id="34050">
                    <coordinates>10.2813880288997,51.177293045971005,0.0 10.281389109865,51.177287434414204,0.0 10.2813495832984,51.17728428287839,0.0 10.2813621503771,51.17723436891751,0.0 10.2813619710343,51.1772314986298,0.0 10.2814459866926,51.17722779732251,0.0 10.281499227624,51.1772244260845,0.0 10.281507433911,51.1772221913513,0.0</coordinates>
                </LineString>
                <LineString id="34052">
                    <coordinates>10.2817115946505,51.17728164360939,0.0 10.2817137509236,51.177274034189786,0.0</coordinates>
                </LineString>
                <LineString id="34054">
                    <coordinates>10.2819451635006,51.17714816294829,0.0 10.281918464325098,51.1771038571861,0.0 10.2819265680294,51.1771005331869,0.0</coordinates>
                </LineString>
                <LineString id="34056">
                    <coordinates>10.2789385434127,51.1782251250506,0.0 10.2790841384161,51.178246180289804,0.0</coordinates>
                </LineString>
                <LineString id="34058">
                    <coordinates>10.2789708941389,51.17807757956549,0.0 10.2791890035743,51.1780927343007,0.0</coordinates>
                </LineString>
                <LineString id="34060">
                    <coordinates>10.215875732466502,51.21300447478071,0.0 10.2157905910843,51.2130110247801,0.0</coordinates>
                </LineString>
                <LineString id="34062">
                    <coordinates>10.2158385641315,51.21314151057409,0.0 10.215875732466502,51.21300447478071,0.0</coordinates>
                </LineString>
                <LineString id="34064">
                    <coordinates>10.2177370626152,51.21294219999021,0.0 10.217704614496201,51.2130089923282,0.0</coordinates>
                </LineString>
                <LineString id="34066">
                    <coordinates>10.2180764284292,51.21297894716349,0.0 10.218100010129998,51.212910464559585,0.0</coordinates>
                </LineString>
                <LineString id="34068">
                    <coordinates>10.2221594827903,51.2132785394099,0.0 10.2221741686711,51.2132896667366,0.0</coordinates>
                </LineString>
                <LineString id="34070">
                    <coordinates>10.2222184946378,51.213316823058605,0.0 10.222262995384797,51.213360261998496,0.0</coordinates>
                </LineString>
                <LineString id="34072">
                    <coordinates>10.2805176830479,51.17491710587249,0.0 10.2805510252656,51.17491345166,0.0 10.2805492621141,51.1748627968083,0.0 10.2805474267761,51.174824852068284,0.0 10.280543134935199,51.1747822056728,0.0 10.2805801966726,51.1747227452683,0.0 10.2804523849962,51.17472137949508,0.0 10.2804014074764,51.1747039547989,0.0</coordinates>
                </LineString>
                <LineString id="34074">
                    <coordinates>10.2153709648653,51.21312641719359,0.0 10.215342676192599,51.2130739995539,0.0</coordinates>
                </LineString>
                <LineString id="34076">
                    <coordinates>10.2851866683528,51.1739987272307,0.0 10.285231489772,51.1740317912632,0.0</coordinates>
                </LineString>
                <LineString id="34078">
                    <coordinates>10.2846387261276,51.1742309674897,0.0 10.2847217932399,51.174171335200704,0.0</coordinates>
                </LineString>
                <LineString id="34080">
                    <coordinates>10.285526923790599,51.17410467435929,0.0 10.2854767383166,51.17412525315439,0.0</coordinates>
                </LineString>
                <LineString id="34082">
                    <coordinates>10.2851866683528,51.1739987272307,0.0 10.2853191168372,51.173959837834,0.0 10.2853571434406,51.173987174814485,0.0</coordinates>
                </LineString>
                <LineString id="34084">
                    <coordinates>10.2850888401787,51.1739416214818,0.0 10.285104954703202,51.17393396486269,0.0</coordinates>
                </LineString>
                <LineString id="34086">
                    <coordinates>10.285526923790599,51.17410467435929,0.0 10.2856079499193,51.174165632779385,0.0 10.2857502543725,51.17426245808401,0.0 10.2857835209935,51.174285122558494,0.0 10.2858671287557,51.1743374077799,0.0 10.2858859508453,51.17434968449981,0.0</coordinates>
                </LineString>
                <LineString id="34088">
                    <coordinates>10.286087083799,51.17274120718311,0.0 10.286101657984798,51.172736125835094,0.0 10.2861065587342,51.1727439555656,0.0</coordinates>
                </LineString>
                <LineString id="34090">
                    <coordinates>10.286044278793302,51.17309168350399,0.0 10.286151823819003,51.173044014213,0.0 10.2863790583793,51.17295473233279,0.0 10.2863953190437,51.17297823532001,0.0</coordinates>
                </LineString>
                <LineString id="34092">
                    <coordinates>10.2867577119592,51.1742099895965,0.0 10.2868082500562,51.1742516767486,0.0</coordinates>
                </LineString>
                <LineString id="34094">
                    <coordinates>10.2867317885433,51.1742218627345,0.0 10.2867577119592,51.1742099895965,0.0</coordinates>
                </LineString>
                <LineString id="34096">
                    <coordinates>10.2873286123667,51.17394176688,0.0 10.2872914084934,51.17390917473801,0.0</coordinates>
                </LineString>
                <LineString id="34098">
                    <coordinates>10.2872906734791,51.17395990975061,0.0 10.2873003175624,51.1739558977581,0.0 10.2873286123667,51.17394176688,0.0</coordinates>
                </LineString>
                <LineString id="34100">
                    <coordinates>10.2878005139154,51.17372659621039,0.0 10.2878341752227,51.1737548393694,0.0 10.2878176852484,51.1737633808294,0.0</coordinates>
                </LineString>
                <LineString id="34102">
                    <coordinates>10.2878005139154,51.17372659621039,0.0 10.2877658343695,51.17369341189129,0.0</coordinates>
                </LineString>
                <LineString id="34104">
                    <coordinates>10.2862121174358,51.17358258685889,0.0 10.2862595207853,51.1736270240842,0.0</coordinates>
                </LineString>
                <LineString id="34106">
                    <coordinates>10.284156900063,51.1754757822508,0.0 10.2841709358837,51.175476374614796,0.0</coordinates>
                </LineString>
                <LineString id="34108">
                    <coordinates>10.2218971449671,51.2127476888919,0.0 10.221854278083999,51.2127216872846,0.0</coordinates>
                </LineString>
                <LineString id="34110">
                    <coordinates>10.2157106825357,51.21302623946669,0.0 10.215503067860501,51.21306871404472,0.0</coordinates>
                </LineString>
                <LineString id="34112">
                    <coordinates>10.2182475130379,51.212897185173,0.0 10.2182155779267,51.21289913518541,0.0 10.2181189567711,51.21290869440469,0.0</coordinates>
                </LineString>
                <LineString id="34114">
                    <coordinates>10.2179392431522,51.212924386824795,0.0 10.217816042581502,51.21293507831601,0.0</coordinates>
                </LineString>
                <LineString id="34116">
                    <coordinates>10.2167506096994,51.2130003406283,0.0 10.216730327523099,51.21299925852029,0.0 10.2164752160758,51.212962640663996,0.0</coordinates>
                </LineString>
                <LineString id="34118">
                    <coordinates>10.2157844906142,51.213011480146086,0.0 10.2157106825357,51.21302623946669,0.0</coordinates>
                </LineString>
                <LineString id="34120">
                    <coordinates>10.2175718659601,51.213020455102594,0.0 10.2175693966533,51.2130369671744,0.0</coordinates>
                </LineString>
                <LineString id="34122">
                    <coordinates>10.2179667843783,51.2129220643473,0.0 10.2179392431522,51.212924386824795,0.0</coordinates>
                </LineString>
                <LineString id="34124">
                    <coordinates>10.2175984320379,51.2129547688314,0.0 10.2175718659601,51.213020455102594,0.0</coordinates>
                </LineString>
                <LineString id="34126">
                    <coordinates>10.2157905910843,51.2130110247801,0.0 10.2157844906142,51.213011480146086,0.0</coordinates>
                </LineString>
                <LineString id="34128">
                    <coordinates>10.2175372230306,51.2128470683764,0.0 10.2175604377301,51.212825568422396,0.0</coordinates>
                </LineString>
                <LineString id="34130">
                    <coordinates>10.2193198744874,51.21255633359849,0.0 10.2192811596329,51.2125637452581,0.0</coordinates>
                </LineString>
                <LineString id="34132">
                    <coordinates>10.2830978047105,51.177193541500394,0.0 10.283071702595,51.177281408514,0.0</coordinates>
                </LineString>
                <LineString id="34134">
                    <coordinates>10.283071702595,51.177281408514,0.0 10.2830565654264,51.1773316445175,0.0</coordinates>
                </LineString>
                <LineString id="34136">
                    <coordinates>10.2831709486791,51.1773632308751,0.0 10.2831768963165,51.1773447907625,0.0 10.2831054349852,51.177337000146196,0.0 10.2830565654264,51.1773316445175,0.0</coordinates>
                </LineString>
                <LineString id="34138">
                    <coordinates>10.2151249252686,51.21336428543489,0.0 10.2151264086235,51.21336182695149,0.0 10.215159378047499,51.21321943252819,0.0</coordinates>
                </LineString>
                <LineString id="34140">
                    <coordinates>10.2153726643771,51.2131342909448,0.0 10.215353567642001,51.2131440140796,0.0</coordinates>
                </LineString>
                <LineString id="34142">
                    <coordinates>10.2851633277735,51.175993273999296,0.0 10.2851364697946,51.175953955827694,0.0</coordinates>
                </LineString>
                <LineString id="34144">
                    <coordinates>10.2888194919529,51.17501529705989,0.0 10.288830042797,51.17502388350779,0.0</coordinates>
                </LineString>
                <LineString id="34146">
                    <coordinates>10.2810623141839,51.17724530085161,0.0 10.2810688657892,51.177239104436595,0.0</coordinates>
                </LineString>
                <LineString id="34148">
                    <coordinates>10.2809151582785,51.17567722010789,0.0 10.2809447551992,51.17566430549619,0.0</coordinates>
                </LineString>
                <LineString id="34150">
                    <coordinates>10.280880411561398,51.1756363197472,0.0 10.2809447551992,51.17566430549619,0.0</coordinates>
                </LineString>
                <LineString id="34152">
                    <coordinates>10.2787857474764,51.17326502536329,0.0 10.2787373173929,51.17328372132349,0.0 10.2785655493392,51.17337267178209,0.0 10.2785454600942,51.173384125533296,0.0</coordinates>
                </LineString>
                <LineString id="34154">
                    <coordinates>10.2860751196463,51.17352434189889,0.0 10.286327498601,51.1734195709152,0.0 10.2864648036315,51.173363392614995,0.0</coordinates>
                </LineString>
                <LineString id="34156">
                    <coordinates>10.2872474752879,51.174499978337494,0.0 10.287237479687597,51.1745053695648,0.0</coordinates>
                </LineString>
                <LineString id="34158">
                    <coordinates>10.2876151629228,51.17431100657888,0.0 10.2875925090317,51.17432379973561,0.0</coordinates>
                </LineString>
                <LineString id="34160">
                    <coordinates>10.2880410966597,51.1741296729406,0.0 10.287995988546301,51.174098116040796,0.0</coordinates>
                </LineString>
                <LineString id="34162">
                    <coordinates>10.2887723523453,51.1737807081852,0.0 10.2887717775292,51.1737935367938,0.0</coordinates>
                </LineString>
                <LineString id="34164">
                    <coordinates>10.2881089495795,51.17414868061789,0.0 10.2880678317768,51.1741155640132,0.0</coordinates>
                </LineString>
                <LineString id="34166">
                    <coordinates>10.2883932948827,51.17399351921679,0.0 10.2883536690965,51.17396065826401,0.0</coordinates>
                </LineString>
                <LineString id="34168">
                    <coordinates>10.2887315678951,51.1737018670692,0.0 10.288759868257502,51.1737408998693,0.0</coordinates>
                </LineString>
                <LineString id="34170">
                    <coordinates>10.2789811833485,51.17318947547831,0.0 10.2789648293905,51.17319586021479,0.0</coordinates>
                </LineString>
                <LineString id="34172">
                    <coordinates>10.2861685650104,51.174426684128996,0.0 10.2862171800851,51.174470860433686,0.0</coordinates>
                </LineString>
                <LineString id="34174">
                    <coordinates>10.216097063354798,51.2172473334117,0.0 10.2160862682615,51.2172214589207,0.0</coordinates>
                </LineString>
                <LineString id="34176">
                    <coordinates>10.227687557277502,51.2140240471281,0.0 10.2278216161231,51.21413024716269,0.0 10.2278161539508,51.2141334636049,0.0</coordinates>
                </LineString>
                <LineString id="34178">
                    <coordinates>10.2255778464952,51.2116588688445,0.0 10.2255819400664,51.21163911805319,0.0 10.2255594773506,51.2115826740653,0.0 10.2254960825565,51.21145469137339,0.0 10.2255031306729,51.21145265872849,0.0 10.225597167524198,51.211427915939694,0.0</coordinates>
                </LineString>
                <LineString id="34180">
                    <coordinates>10.2255590788498,51.21172417168949,0.0 10.2255778464952,51.2116588688445,0.0</coordinates>
                </LineString>
                <LineString id="34182">
                    <coordinates>10.225515000944199,51.2118522150572,0.0 10.2254319039885,51.21184215450639,0.0</coordinates>
                </LineString>
                <LineString id="34184">
                    <coordinates>10.2269130191576,51.2143325313382,0.0 10.2269098528107,51.21432664919319,0.0</coordinates>
                </LineString>
                <LineString id="34186">
                    <coordinates>10.2268514591558,51.2143392308653,0.0 10.2269098528107,51.21432664919319,0.0</coordinates>
                </LineString>
                <LineString id="34188">
                    <coordinates>10.2811176670108,51.176109075681694,0.0 10.281122294568199,51.17611000665139,0.0</coordinates>
                </LineString>
                <LineString id="34190">
                    <coordinates>10.2816072066841,51.1762672895543,0.0 10.2816174541036,51.1762690042156,0.0</coordinates>
                </LineString>
                <LineString id="34192">
                    <coordinates>10.2191528251259,51.21270389877001,0.0 10.2192161326629,51.2126937958985,0.0</coordinates>
                </LineString>
                <LineString id="34194">
                    <coordinates>10.2191528251259,51.21270389877001,0.0 10.2189665542716,51.2127348920121,0.0</coordinates>
                </LineString>
                <LineString id="34196">
                    <coordinates>10.2184002401493,51.212881674818284,0.0 10.218307124002799,51.212969927713,0.0</coordinates>
                </LineString>
                <LineString id="34198">
                    <coordinates>10.216105205657698,51.2170762165352,0.0 10.21624091001,51.21704301885429,0.0 10.2163814098927,51.2170027654192,0.0 10.216415966649,51.21699490479259,0.0 10.2164020054112,51.2169657638443,0.0 10.216392247472,51.2169678805064,0.0</coordinates>
                </LineString>
                <LineString id="34200">
                    <coordinates>10.2226889780828,51.212815989595,0.0 10.2225916963628,51.2127598112631,0.0</coordinates>
                </LineString>
                <LineString id="34202">
                    <coordinates>10.229776719337801,51.2126872550578,0.0 10.2297539403506,51.2126534786284,0.0</coordinates>
                </LineString>
                <LineString id="34204">
                    <coordinates>10.2308825527287,51.21263669721719,0.0 10.2309310287136,51.2126255008519,0.0</coordinates>
                </LineString>
                <LineString id="34206">
                    <coordinates>10.2853146086803,51.1737697964563,0.0 10.285322331280101,51.1737786564159,0.0</coordinates>
                </LineString>
                <LineString id="34208">
                    <coordinates>10.286668370069199,51.17631832986489,0.0 10.2868147101539,51.17625011163259,0.0</coordinates>
                </LineString>
                <LineString id="34210">
                    <coordinates>10.280296752533,51.176377909235086,0.0 10.280309152252999,51.1763778936981,0.0</coordinates>
                </LineString>
                <LineString id="34212">
                    <coordinates>10.2810498236774,51.1773039177527,0.0 10.2810623141839,51.17724530085161,0.0</coordinates>
                </LineString>
                <LineString id="34214">
                    <coordinates>10.2853637813731,51.1739215407874,0.0 10.2854548642728,51.173881334909495,0.0</coordinates>
                </LineString>
                <LineString id="34216">
                    <coordinates>10.2201263648284,51.213656096232796,0.0 10.2200744497148,51.21361568105758,0.0</coordinates>
                </LineString>
                <LineString id="34218">
                    <coordinates>10.2790730219364,51.1773479106535,0.0 10.2790795123205,51.177355278622095,0.0</coordinates>
                </LineString>
                <LineString id="34220">
                    <coordinates>10.284524256587,51.1742015027728,0.0 10.284510849145098,51.17420634033619,0.0</coordinates>
                </LineString>
                <LineString id="34222">
                    <coordinates>10.285104874216803,51.1773345596388,0.0 10.284975539644,51.17727920354471,0.0 10.2849268523437,51.1772639179662,0.0</coordinates>
                </LineString>
                <LineString id="34224">
                    <coordinates>10.281637046495499,51.17366364572471,0.0 10.2817567402601,51.1736351716789,0.0 10.2818539012939,51.173611958130586,0.0</coordinates>
                </LineString>
                <LineString id="34226">
                    <coordinates>10.2873020661493,51.1745222263509,0.0 10.287340572574799,51.174552868846305,0.0</coordinates>
                </LineString>
                <LineString id="34228">
                    <coordinates>10.2254197039164,51.2121253993637,0.0 10.2254355776821,51.2120951926085,0.0 10.2254605776014,51.21202041944969,0.0</coordinates>
                </LineString>
                <LineString id="34230">
                    <coordinates>10.2224787298243,51.21333464619111,0.0 10.2224759211393,51.21333622164669,0.0</coordinates>
                </LineString>
                <LineString id="34232">
                    <coordinates>10.2830265982678,51.17487148623161,0.0 10.2830415308257,51.17489837722129,0.0</coordinates>
                </LineString>
                <LineString id="34234">
                    <coordinates>10.2840788474313,51.1756364398646,0.0 10.2841104838703,51.175628273856894,0.0</coordinates>
                </LineString>
                <LineString id="34236">
                    <coordinates>10.2864480071638,51.176418176765985,0.0 10.2865011543881,51.1764713278927,0.0 10.286520337447302,51.176490100208696,0.0 10.2865475437021,51.1765165861373,0.0 10.2865523310795,51.17652131280241,0.0 10.286544776304998,51.176524114777294,0.0</coordinates>
                </LineString>
                <LineString id="34238">
                    <coordinates>10.284000645559498,51.17506774937599,0.0 10.2839853566693,51.175102853936885,0.0 10.2839759975687,51.1751246061405,0.0</coordinates>
                </LineString>
                <LineString id="34240">
                    <coordinates>10.2876172981586,51.17294917234971,0.0 10.287627040155598,51.172942123309994,0.0 10.2877162475696,51.172911524993594,0.0 10.287696026737299,51.1728837301833,0.0 10.2876842891215,51.172881338009695,0.0</coordinates>
                </LineString>
                <LineString id="34242">
                    <coordinates>10.215363001494298,51.21590288376579,0.0 10.215387373136602,51.215956329375395,0.0</coordinates>
                </LineString>
                <LineString id="34244">
                    <coordinates>10.226772510065102,51.212930900594706,0.0 10.2267977424663,51.212937629439296,0.0 10.2268223023451,51.21294621790481,0.0 10.226972343576,51.212999101680396,0.0 10.2270316894924,51.2130239306706,0.0 10.2271035031866,51.213055061334586,0.0</coordinates>
                </LineString>
                <LineString id="34246">
                    <coordinates>10.220406393953,51.2135811117312,0.0 10.2203456058193,51.2136041804581,0.0</coordinates>
                </LineString>
                <LineString id="34248">
                    <coordinates>10.2869026981401,51.17620938286599,0.0 10.2871400048561,51.1760987530185,0.0</coordinates>
                </LineString>
                <LineString id="34250">
                    <coordinates>10.2803737487387,51.17601916363729,0.0 10.2803834194228,51.1760186944697,0.0</coordinates>
                </LineString>
                <LineString id="34252">
                    <coordinates>10.2887380630511,51.1748730968634,0.0 10.2887578683285,51.1748882012076,0.0 10.2887703616424,51.174897625124096,0.0</coordinates>
                </LineString>
                <LineString id="34254">
                    <coordinates>10.225578396551597,51.2110798097481,0.0 10.2256056672301,51.211072941681195,0.0</coordinates>
                </LineString>
                <LineString id="34256">
                    <coordinates>10.2303702712014,51.212695924843,0.0 10.2303620537151,51.21269672651979,0.0</coordinates>
                </LineString>
                <LineString id="34258">
                    <coordinates>10.2811887250656,51.17619382980169,0.0 10.2812862851994,51.17621774558209,0.0 10.281424879578699,51.17623885692859,0.0</coordinates>
                </LineString>
                <LineString id="34260">
                    <coordinates>10.2845028527023,51.1769595028125,0.0 10.2844801030041,51.1770642476314,0.0</coordinates>
                </LineString>
                <LineString id="34262">
                    <coordinates>10.2265461612306,51.21287523329569,0.0 10.2265988209112,51.21285687455669,0.0</coordinates>
                </LineString>
                <LineString id="34264">
                    <coordinates>10.2161081579152,51.218460725174396,0.0 10.2160854227841,51.21842303630951,0.0</coordinates>
                </LineString>
                <LineString id="34266">
                    <coordinates>10.2300191238778,51.2126146091721,0.0 10.230019496200699,51.2126119898712,0.0</coordinates>
                </LineString>
                <LineString id="34268">
                    <coordinates>10.2789858047926,51.173285857148606,0.0 10.278981543237999,51.17326510958781,0.0</coordinates>
                </LineString>
                <LineString id="34270">
                    <coordinates>10.285629362748098,51.17597961569879,0.0 10.2858830509543,51.17590203110111,0.0 10.2859250679957,51.1758827258461,0.0</coordinates>
                </LineString>
                <LineString id="34272">
                    <coordinates>10.2853950423687,51.17558846499868,0.0 10.2854508094531,51.1755520026535,0.0</coordinates>
                </LineString>
                <LineString id="34274">
                    <coordinates>10.2249149265044,51.211246815663,0.0 10.224927317070298,51.2112435605983,0.0</coordinates>
                </LineString>
                <LineString id="34276">
                    <coordinates>10.2242277012137,51.211636217195306,0.0 10.224220475938598,51.2116231267402,0.0</coordinates>
                </LineString>
                <LineString id="34278">
                    <coordinates>10.2815492522628,51.1761377715884,0.0 10.281553111741697,51.17614012958289,0.0</coordinates>
                </LineString>
                <LineString id="34280">
                    <coordinates>10.2825676828434,51.17639485611001,0.0 10.2826595802722,51.1763606423617,0.0</coordinates>
                </LineString>
                <LineString id="34282">
                    <coordinates>10.2846153902619,51.17749071542729,0.0 10.2845684193335,51.17749932199959,0.0 10.2844939896439,51.17749867133459,0.0</coordinates>
                </LineString>
                <LineString id="34284">
                    <coordinates>10.2808514693314,51.17380562051141,0.0 10.280836575001098,51.17378582251699,0.0 10.2807842662709,51.1737038337012,0.0</coordinates>
                </LineString>
                <LineString id="34286">
                    <coordinates>10.2157204491558,51.21585669752789,0.0 10.2157219985918,51.2158529006093,0.0 10.2157225809087,51.21582264183489,0.0</coordinates>
                </LineString>
                <LineString id="34288">
                    <coordinates>10.285891966231603,51.1775993353578,0.0 10.2858705059501,51.17761189396491,0.0</coordinates>
                </LineString>
                <LineString id="34290">
                    <coordinates>10.2836302782768,51.1753241098628,0.0 10.2836329321748,51.17532658494769,0.0</coordinates>
                </LineString>
                <LineString id="34292">
                    <coordinates>10.285612557200999,51.17613896918079,0.0 10.2855079663326,51.1760153412849,0.0</coordinates>
                </LineString>
                <LineString id="34294">
                    <coordinates>10.2815817888214,51.17503559588451,0.0 10.2816097521548,51.17510087486521,0.0 10.2816251591362,51.175148844423596,0.0</coordinates>
                </LineString>
                <LineString id="34296">
                    <coordinates>10.2794799997837,51.173550002875494,0.0 10.2793544830927,51.17357126796299,0.0</coordinates>
                </LineString>
                <LineString id="34298">
                    <coordinates>10.281959999785002,51.1762600028762,0.0 10.281961823189198,51.1762392361995,0.0</coordinates>
                </LineString>
                <LineString id="34300">
                    <coordinates>10.281959999785002,51.1762600028762,0.0 10.281961823189198,51.1762392361995,0.0</coordinates>
                </LineString>
                <LineString id="34302">
                    <coordinates>10.2140391997463,51.21712070288701,0.0 10.214141339902397,51.21704369590099,0.0</coordinates>
                </LineString>
                <LineString id="34304">
                    <coordinates>10.2132801997459,51.21712100288699,0.0 10.2134541631973,51.2170530938402,0.0</coordinates>
                </LineString>
                <LineString id="34306">
                    <coordinates>10.2153699997472,51.217250002887106,0.0 10.2153349633921,51.217120231816786,0.0</coordinates>
                </LineString>
                <LineString id="34308">
                    <coordinates>10.2237999997523,51.21553000288671,0.0 10.2238455214839,51.2155055620919,0.0</coordinates>
                </LineString>
                <LineString id="34310">
                    <coordinates>10.2170773997483,51.21553460288668,0.0 10.21719204111,51.215585244187196,0.0</coordinates>
                </LineString>
                <LineString id="34312">
                    <coordinates>10.281961823189198,51.1762392361995,0.0 10.2819636465916,51.1762184695226,0.0</coordinates>
                </LineString>
                <LineString id="34314">
                    <coordinates>10.281961823189198,51.1762392361995,0.0 10.2819636465916,51.1762184695226,0.0</coordinates>
                </LineString>
                <LineString id="34316">
                    <coordinates>10.281961823189198,51.1762392361995,0.0 10.2819636465916,51.1762184695226,0.0</coordinates>
                </LineString>
                <LineString id="34318">
                    <coordinates>10.281961823189198,51.1762392361995,0.0 10.2819636465916,51.1762184695226,0.0</coordinates>
                </LineString>
                <LineString id="34320">
                    <coordinates>10.2794729268127,51.17780569821189,0.0 10.2795258537165,51.17775139352161,0.0</coordinates>
                </LineString>
                <LineString id="34322">
                    <coordinates>10.281961823189198,51.1762392361995,0.0 10.2819636465916,51.1762184695226,0.0</coordinates>
                </LineString>
                <LineString id="34324">
                    <coordinates>10.2799542388043,51.1775935315547,0.0 10.2800472777946,51.177585660158385,0.0</coordinates>
                </LineString>
                <LineString id="34326">
                    <coordinates>10.2268619235403,51.2128840897746,0.0 10.2268709473313,51.2128974766623,0.0</coordinates>
                </LineString>
                <LineString id="34328">
                    <coordinates>10.2876797207237,51.17578632055279,0.0 10.2876057418559,51.1757247381836,0.0</coordinates>
                </LineString>
                <LineString id="34330">
                    <coordinates>10.2862596937575,51.174325680732984,0.0 10.2861228874936,51.174365758427896,0.0</coordinates>
                </LineString>
                <LineString id="34332">
                    <coordinates>10.224420398679902,51.2155772457195,0.0 10.2244572975971,51.21557078854038,0.0</coordinates>
                </LineString>
                <LineString id="34334">
                    <coordinates>10.2815064997848,51.17493190287589,0.0 10.281447773124,51.174928868908204,0.0</coordinates>
                </LineString>
                <LineString id="34336">
                    <coordinates>10.2220778997513,51.21375180288619,0.0 10.222040929271,51.21367691112749,0.0</coordinates>
                </LineString>
                <LineString id="34338">
                    <coordinates>10.225338499753299,51.212971502885985,0.0 10.2252659645011,51.21291040576719,0.0</coordinates>
                </LineString>
                <LineString id="34340">
                    <coordinates>10.281961823189198,51.1762392361995,0.0 10.2819636465916,51.1762184695226,0.0</coordinates>
                </LineString>
                <LineString id="34342">
                    <coordinates>10.281961823189198,51.1762392361995,0.0 10.2819636465916,51.1762184695226,0.0</coordinates>
                </LineString>
                <LineString id="34344">
                    <coordinates>10.213529063055798,51.2170375937512,0.0 10.2136281261416,51.2169851845289,0.0</coordinates>
                </LineString>
                <LineString id="34346">
                    <coordinates>10.279422876937398,51.1778350982467,0.0 10.2795258537165,51.17775139352161,0.0</coordinates>
                </LineString>
                <LineString id="34348">
                    <coordinates>10.21719204111,51.215585244187196,0.0 10.2173066827241,51.21563588537728,0.0</coordinates>
                </LineString>
                <LineString id="34350">
                    <coordinates>10.2210424496097,51.213881452504005,0.0 10.2211448992993,51.21384290203011,0.0</coordinates>
                </LineString>
                <LineString id="34352">
                    <coordinates>10.281959999785002,51.1762600028762,0.0 10.281961823189198,51.1762392361995,0.0</coordinates>
                </LineString>
                <LineString id="34354">
                    <coordinates>10.281959999785002,51.1762600028762,0.0 10.281961823189198,51.1762392361995,0.0</coordinates>
                </LineString>
                <LineString id="34356">
                    <coordinates>10.281959999785002,51.1762600028762,0.0 10.281961823189198,51.1762392361995,0.0</coordinates>
                </LineString>
                <LineString id="34358">
                    <coordinates>10.281959999785002,51.1762600028762,0.0 10.281961823189198,51.1762392361995,0.0</coordinates>
                </LineString>
                <LineString id="34360">
                    <coordinates>10.281959999785002,51.1762600028762,0.0 10.281961823189198,51.1762392361995,0.0</coordinates>
                </LineString>
                <LineString id="34362">
                    <coordinates>10.2284232997552,51.21059670288538,0.0 10.2284638693585,51.210684470835794,0.0</coordinates>
                </LineString>
                <LineString id="34364">
                    <coordinates>10.2268528997542,51.2128707028861,0.0 10.2268619235403,51.2128840897746,0.0</coordinates>
                </LineString>
                <LineString id="34366">
                    <coordinates>10.2809320997845,51.1773194028765,0.0 10.2809890716647,51.17731710717509,0.0</coordinates>
                </LineString>
                <LineString id="34368">
                    <coordinates>10.2281362997549,51.212966902886095,0.0 10.2281554445341,51.213011738080795,0.0</coordinates>
                </LineString>
                <LineString id="34370">
                    <coordinates>10.2877536997878,51.1758479028762,0.0 10.2876797207237,51.17578632055279,0.0</coordinates>
                </LineString>
                <LineString id="34372">
                    <coordinates>10.2158057997475,51.215812702886694,0.0 10.2157620070189,51.215836022617104,0.0</coordinates>
                </LineString>
                <LineString id="34374">
                    <coordinates>10.2802661378809,51.17341879050459,0.0 10.2803422758756,51.173387578083094,0.0</coordinates>
                </LineString>
                <LineString id="34376">
                    <coordinates>10.281961823189198,51.1762392361995,0.0 10.2819636465916,51.1762184695226,0.0</coordinates>
                </LineString>
                <LineString id="34378">
                    <coordinates>10.281961823189198,51.1762392361995,0.0 10.2819636465916,51.1762184695226,0.0</coordinates>
                </LineString>
                <LineString id="34380">
                    <coordinates>10.281961823189198,51.1762392361995,0.0 10.2819636465916,51.1762184695226,0.0</coordinates>
                </LineString>
                <LineString id="34382">
                    <coordinates>10.281961823189198,51.1762392361995,0.0 10.2819636465916,51.1762184695226,0.0</coordinates>
                </LineString>
                <LineString id="34384">
                    <coordinates>10.2794469768531,51.17781149822699,0.0 10.2795258537165,51.17775139352161,0.0</coordinates>
                </LineString>
                <LineString id="34386">
                    <coordinates>10.2159970270849,51.2171814157606,0.0 10.215975654431599,51.217171328630094,0.0</coordinates>
                </LineString>
                <LineString id="34388">
                    <coordinates>10.222040929271,51.21367691112749,0.0 10.2220039589076,51.21360201935729,0.0</coordinates>
                </LineString>
                <LineString id="34390">
                    <coordinates>10.281959999785002,51.1762600028762,0.0 10.281961823189198,51.1762392361995,0.0</coordinates>
                </LineString>
                <LineString id="34392">
                    <coordinates>10.281959999785002,51.1762600028762,0.0 10.281961823189198,51.1762392361995,0.0</coordinates>
                </LineString>
                <LineString id="34394">
                    <coordinates>10.281959999785002,51.1762600028762,0.0 10.281961823189198,51.1762392361995,0.0</coordinates>
                </LineString>
                <LineString id="34396">
                    <coordinates>10.2797310997838,51.17767870287669,0.0 10.279889188946502,51.17763218162601,0.0</coordinates>
                </LineString>
                <LineString id="34398">
                    <coordinates>10.279368099783701,51.1778716028767,0.0 10.2794469768531,51.17781149822699,0.0</coordinates>
                </LineString>
                <LineString id="34400">
                    <coordinates>10.2839443997859,51.17695500287649,0.0 10.2837863079787,51.1769147741209,0.0</coordinates>
                </LineString>
                <LineString id="34402">
                    <coordinates>10.2856739997868,51.1775219028767,0.0 10.2856111474909,51.177465019923694,0.0</coordinates>
                </LineString>
                <LineString id="34404">
                    <coordinates>10.2261999997538,51.2127400028859,0.0 10.2261970090839,51.2127334071528,0.0</coordinates>
                </LineString>
                <LineString id="34406">
                    <coordinates>10.2243834997527,51.2155837028868,0.0 10.224420398679902,51.2155772457195,0.0</coordinates>
                </LineString>
                <LineString id="34408">
                    <coordinates>10.2209399997506,51.21392000288629,0.0 10.2210424496097,51.213881452504005,0.0</coordinates>
                </LineString>
                <LineString id="34410">
                    <coordinates>10.2864582588937,51.17444300693641,0.0 10.2864565180013,51.174426010996996,0.0</coordinates>
                </LineString>
                <LineString id="34412">
                    <coordinates>10.281447773124,51.174928868908204,0.0 10.2813890464715,51.174925834911,0.0</coordinates>
                </LineString>
                <LineString id="34414">
                    <coordinates>10.281961823189198,51.1762392361995,0.0 10.2819636465916,51.1762184695226,0.0</coordinates>
                </LineString>
                <LineString id="34416">
                    <coordinates>10.2134541631973,51.2170530938402,0.0 10.2136281261416,51.2169851845289,0.0</coordinates>
                </LineString>
                <LineString id="34418">
                    <coordinates>10.279889188946502,51.17763218162601,0.0 10.2800472777946,51.177585660158385,0.0</coordinates>
                </LineString>
                <LineString id="34420">
                    <coordinates>10.280681703261298,51.17362915822599,0.0 10.2806431067957,51.173594613564205,0.0</coordinates>
                </LineString>
                <LineString id="34422">
                    <coordinates>10.2281554445341,51.213011738080795,0.0 10.2281745893493,51.2130565732725,0.0</coordinates>
                </LineString>
                <LineString id="34424">
                    <coordinates>10.225628953770402,51.21152686952801,0.0 10.225607707875298,51.2114251361655,0.0</coordinates>
                </LineString>
                <LineString id="34426">
                    <coordinates>10.2197253178521,51.2125220059611,0.0 10.2197310359492,51.2125027090359,0.0</coordinates>
                </LineString>
                <LineString id="34428">
                    <coordinates>10.2864599997872,51.174460002875804,0.0 10.2864582588937,51.17444300693641,0.0</coordinates>
                </LineString>
                <LineString id="34430">
                    <coordinates>10.281959999785002,51.1762600028762,0.0 10.281961823189198,51.1762392361995,0.0</coordinates>
                </LineString>
                <LineString id="34432">
                    <coordinates>10.281959999785002,51.1762600028762,0.0 10.281961823189198,51.1762392361995,0.0</coordinates>
                </LineString>
                <LineString id="34434">
                    <coordinates>10.2145799997466,51.21708000288699,0.0 10.2146753659133,51.217022045512195,0.0</coordinates>
                </LineString>
                <LineString id="34436">
                    <coordinates>10.2798611997839,51.1776014028767,0.0 10.2799542388043,51.1775935315547,0.0</coordinates>
                </LineString>
                <LineString id="34438">
                    <coordinates>10.2809573997845,51.1771337028765,0.0 10.281048117832897,51.177135138026685,0.0</coordinates>
                </LineString>
                <LineString id="34440">
                    <coordinates>10.2831260997856,51.1757298028761,0.0 10.283171429400202,51.175701385151896,0.0</coordinates>
                </LineString>
                <LineString id="34442">
                    <coordinates>10.2793544830927,51.17357126796299,0.0 10.279228966289,51.17359253291459,0.0</coordinates>
                </LineString>
                <LineString id="34444">
                    <coordinates>10.281961823189198,51.1762392361995,0.0 10.2819636465916,51.1762184695226,0.0</coordinates>
                </LineString>
                <LineString id="34446">
                    <coordinates>10.281961823189198,51.1762392361995,0.0 10.2819636465916,51.1762184695226,0.0</coordinates>
                </LineString>
                <LineString id="34448">
                    <coordinates>10.281961823189198,51.1762392361995,0.0 10.2819636465916,51.1762184695226,0.0</coordinates>
                </LineString>
                <LineString id="34450">
                    <coordinates>10.2258171177376,51.2127765435973,0.0 10.2258876355806,51.2127303842643,0.0</coordinates>
                </LineString>
                <LineString id="34452">
                    <coordinates>10.285718302672,51.17779104022151,0.0 10.2858444055911,51.17779667743049,0.0</coordinates>
                </LineString>
                <LineString id="34454">
                    <coordinates>10.2238455214839,51.2155055620919,0.0 10.2238910431673,51.21548112127871,0.0</coordinates>
                </LineString>
                <LineString id="34456">
                    <coordinates>10.2157620070189,51.215836022617104,0.0 10.215718214246099,51.215859342330496,0.0</coordinates>
                </LineString>
                <LineString id="34458">
                    <coordinates>10.2276229053468,51.213450198166896,0.0 10.227565411024502,51.213415793419905,0.0</coordinates>
                </LineString>
                <LineString id="34460">
                    <coordinates>10.2801899997841,51.17345000287539,0.0 10.2802661378809,51.17341879050459,0.0</coordinates>
                </LineString>
                <LineString id="34462">
                    <coordinates>10.281959999785002,51.1762600028762,0.0 10.281961823189198,51.1762392361995,0.0</coordinates>
                </LineString>
                <LineString id="34464">
                    <coordinates>10.281959999785002,51.1762600028762,0.0 10.281961823189198,51.1762392361995,0.0</coordinates>
                </LineString>
                <LineString id="34466">
                    <coordinates>10.281959999785002,51.1762600028762,0.0 10.281961823189198,51.1762392361995,0.0</coordinates>
                </LineString>
                <LineString id="34468">
                    <coordinates>10.213429999746,51.217090002887,0.0 10.213529063055798,51.2170375937512,0.0</coordinates>
                </LineString>
                <LineString id="34470">
                    <coordinates>10.2254447997534,51.212841302885984,0.0 10.2255299977364,51.212842286840896,0.0</coordinates>
                </LineString>
                <LineString id="34472">
                    <coordinates>10.225650199753503,51.2116286028856,0.0 10.225628953770402,51.21152686952801,0.0</coordinates>
                </LineString>
                <LineString id="34474">
                    <coordinates>10.2197195997499,51.212541302885796,0.0 10.2197253178521,51.2125220059611,0.0</coordinates>
                </LineString>
                <LineString id="34476">
                    <coordinates>10.2860853110972,51.172783226075,0.0 10.2861241223742,51.1727635492614,0.0</coordinates>
                </LineString>
                <LineString id="34478">
                    <coordinates>10.281961823189198,51.1762392361995,0.0 10.2819636465916,51.1762184695226,0.0</coordinates>
                </LineString>
                <LineString id="34480">
                    <coordinates>10.281961823189198,51.1762392361995,0.0 10.2819636465916,51.1762184695226,0.0</coordinates>
                </LineString>
                <LineString id="34482">
                    <coordinates>10.281961823189198,51.1762392361995,0.0 10.2819636465916,51.1762184695226,0.0</coordinates>
                </LineString>
                <LineString id="34484">
                    <coordinates>10.2839875932586,51.174511362120505,0.0 10.2840251866846,51.1744827213527,0.0</coordinates>
                </LineString>
                <LineString id="34486">
                    <coordinates>10.2261970090839,51.2127334071528,0.0 10.2261940184149,51.21272681141941,0.0</coordinates>
                </LineString>
                <LineString id="34488">
                    <coordinates>10.2236045919113,51.213960269567494,0.0 10.2237561835542,51.21388133604609,0.0</coordinates>
                </LineString>
                <LineString id="34490">
                    <coordinates>10.281959999785002,51.1762600028762,0.0 10.281961823189198,51.1762392361995,0.0</coordinates>
                </LineString>
                <LineString id="34492">
                    <coordinates>10.281959999785002,51.1762600028762,0.0 10.281961823189198,51.1762392361995,0.0</coordinates>
                </LineString>
                <LineString id="34494">
                    <coordinates>10.281959999785002,51.1762600028762,0.0 10.281961823189198,51.1762392361995,0.0</coordinates>
                </LineString>
                <LineString id="34496">
                    <coordinates>10.2279199997549,51.21074000288539,0.0 10.2277139754544,51.2106405645729,0.0</coordinates>
                </LineString>
                <LineString id="34498">
                    <coordinates>10.2160578997476,51.219227202887694,0.0 10.215821574896202,51.2191679338946,0.0</coordinates>
                </LineString>
                <LineString id="34500">
                    <coordinates>10.2243274997527,51.21550350288669,0.0 10.2243923986275,51.2155371457312,0.0</coordinates>
                </LineString>
                <LineString id="34502">
                    <coordinates>10.2807202997843,51.173663702875494,0.0 10.280681703261298,51.17362915822599,0.0</coordinates>
                </LineString>
                <LineString id="34504">
                    <coordinates>10.2855921997868,51.1777854028767,0.0 10.285718302672,51.17779104022151,0.0</coordinates>
                </LineString>
                <LineString id="34506">
                    <coordinates>10.2863964997872,51.17428560287579,0.0 10.2862596937575,51.174325680732984,0.0</coordinates>
                </LineString>
                <LineString id="34508">
                    <coordinates>10.227680399754698,51.21348460288619,0.0 10.2276229053468,51.213450198166896,0.0</coordinates>
                </LineString>
                <LineString id="34510">
                    <coordinates>10.281961823189198,51.1762392361995,0.0 10.2819636465916,51.1762184695226,0.0</coordinates>
                </LineString>
                <LineString id="34512">
                    <coordinates>10.214141339902397,51.21704369590099,0.0 10.2142434797171,51.21696668882159,0.0</coordinates>
                </LineString>
                <LineString id="34514">
                    <coordinates>10.2284638693585,51.210684470835794,0.0 10.228504439112,51.2107722387723,0.0</coordinates>
                </LineString>
                <LineString id="34516">
                    <coordinates>10.2241720751153,51.2144394606457,0.0 10.224139250415499,51.214482918394694,0.0</coordinates>
                </LineString>
                <LineString id="34518">
                    <coordinates>10.2255299977364,51.212842286840896,0.0 10.2256151957245,51.2128432707337,0.0</coordinates>
                </LineString>
                <LineString id="34520">
                    <coordinates>10.2856111474909,51.177465019923694,0.0 10.285548295348798,51.177408136937785,0.0</coordinates>
                </LineString>
                <LineString id="34522">
                    <coordinates>10.2233970148505,51.212344898533296,0.0 10.223307429822999,51.21237759411079,0.0</coordinates>
                </LineString>
                <LineString id="34524">
                    <coordinates>10.2153349633921,51.217120231816786,0.0 10.2152999272247,51.216990460735,0.0</coordinates>
                </LineString>
                <LineString id="34526">
                    <coordinates>10.225779258132,51.2112013571865,0.0 10.225728516374,51.21126271146359,0.0</coordinates>
                </LineString>
                <LineString id="34528">
                    <coordinates>10.2248429399508,51.21287236937549,0.0 10.2248258801394,51.2128847358624,0.0</coordinates>
                </LineString>
                <LineString id="34530">
                    <coordinates>10.286046499787002,51.17280290287539,0.0 10.2860853110972,51.172783226075,0.0</coordinates>
                </LineString>
                <LineString id="34532">
                    <coordinates>10.281959999785002,51.1762600028762,0.0 10.281961823189198,51.1762392361995,0.0</coordinates>
                </LineString>
                <LineString id="34534">
                    <coordinates>10.281959999785002,51.1762600028762,0.0 10.281961823189198,51.1762392361995,0.0</coordinates>
                </LineString>
                <LineString id="34536">
                    <coordinates>10.281959999785002,51.1762600028762,0.0 10.281961823189198,51.1762392361995,0.0</coordinates>
                </LineString>
                <LineString id="34538">
                    <coordinates>10.283949999786,51.1745400028758,0.0 10.2839875932586,51.174511362120505,0.0</coordinates>
                </LineString>
                <LineString id="34540">
                    <coordinates>10.225829999753701,51.21114000288551,0.0 10.225779258132,51.2112013571865,0.0</coordinates>
                </LineString>
                <LineString id="34542">
                    <coordinates>10.2138499997463,51.216230002886796,0.0 10.2140142863845,51.2161356196246,0.0</coordinates>
                </LineString>
                <LineString id="34544">
                    <coordinates>10.2210518997507,51.21412350288631,0.0 10.2209949677384,51.2141522421336,0.0</coordinates>
                </LineString>
                <LineString id="34546">
                    <coordinates>10.281961823189198,51.1762392361995,0.0 10.2819636465916,51.1762184695226,0.0</coordinates>
                </LineString>
                <LineString id="34548">
                    <coordinates>10.281961823189198,51.1762392361995,0.0 10.2819636465916,51.1762184695226,0.0</coordinates>
                </LineString>
                <LineString id="34550">
                    <coordinates>10.2165016263268,51.21802183721269,0.0 10.2165032529056,51.218023671537985,0.0</coordinates>
                </LineString>
                <LineString id="34552">
                    <coordinates>10.2146753659133,51.217022045512195,0.0 10.2147707318409,51.21696408805659,0.0</coordinates>
                </LineString>
                <LineString id="34554">
                    <coordinates>10.279922188860699,51.1776125815851,0.0 10.2800472777946,51.177585660158385,0.0</coordinates>
                </LineString>
                <LineString id="34556">
                    <coordinates>10.281048117832897,51.177135138026685,0.0 10.281138835888601,51.1771365731066,0.0</coordinates>
                </LineString>
                <LineString id="34558">
                    <coordinates>10.2847559851189,51.174445455283994,0.0 10.2846067704851,51.174440907501996,0.0</coordinates>
                </LineString>
                <LineString id="34560">
                    <coordinates>10.283171429400202,51.175701385151896,0.0 10.2832167589591,51.1756729674094,0.0</coordinates>
                </LineString>
                <LineString id="34562">
                    <coordinates>10.2252659645011,51.21291040576719,0.0 10.2251934294396,51.212849308604596,0.0</coordinates>
                </LineString>
                <LineString id="34564">
                    <coordinates>10.2307228566498,51.2123781310412,0.0 10.2307731136579,51.212431359175596,0.0</coordinates>
                </LineString>
                <LineString id="34566">
                    <coordinates>10.2140142863845,51.2161356196246,0.0 10.214178572352703,51.2160412361236,0.0</coordinates>
                </LineString>
                <LineString id="34568">
                    <coordinates>10.215821574896202,51.2191679338946,0.0 10.2155852506608,51.219108664429314,0.0</coordinates>
                </LineString>
                <LineString id="34570">
                    <coordinates>10.281959999785002,51.1762600028762,0.0 10.281961823189198,51.1762392361995,0.0</coordinates>
                </LineString>
                <LineString id="34572">
                    <coordinates>10.215097599746999,51.21714670288709,0.0 10.2151987636575,51.217068581857,0.0</coordinates>
                </LineString>
                <LineString id="34574">
                    <coordinates>10.2797970997839,51.1776395028766,0.0 10.279922188860699,51.1776125815851,0.0</coordinates>
                </LineString>
                <LineString id="34576">
                    <coordinates>10.2849051997864,51.17445000287581,0.0 10.2847559851189,51.174445455283994,0.0</coordinates>
                </LineString>
                <LineString id="34578">
                    <coordinates>10.281959999785002,51.1762600028762,0.0 10.281961823189198,51.1762392361995,0.0</coordinates>
                </LineString>
                <LineString id="34580">
                    <coordinates>10.279319899783601,51.1779188028767,0.0 10.279422876937398,51.1778350982467,0.0</coordinates>
                </LineString>
                <LineString id="34582">
                    <coordinates>10.2189344997493,51.2149262028865,0.0 10.2189192798298,51.2148821716795,0.0</coordinates>
                </LineString>
                <LineString id="34584">
                    <coordinates>10.2822599997852,51.17325000287541,0.0 10.2822627572535,51.17329094748491,0.0</coordinates>
                </LineString>
                <LineString id="34586">
                    <coordinates>10.2234865997522,51.21231220288579,0.0 10.2233970148505,51.212344898533296,0.0</coordinates>
                </LineString>
                <LineString id="34588">
                    <coordinates>10.281959999785002,51.1762600028762,0.0 10.281961823189198,51.1762392361995,0.0</coordinates>
                </LineString>
                <LineString id="34590">
                    <coordinates>10.2242048997526,51.21439600288651,0.0 10.2241720751153,51.2144394606457,0.0</coordinates>
                </LineString>
                <LineString id="34592">
                    <coordinates>10.2257465997535,51.21282270288601,0.0 10.2258171177376,51.2127765435973,0.0</coordinates>
                </LineString>
                <LineString id="34594">
                    <coordinates>10.281959999785002,51.1762600028762,0.0 10.281961823189198,51.1762392361995,0.0</coordinates>
                </LineString>
                <LineString id="34596">
                    <coordinates>10.2160183997476,51.2171915028871,0.0 10.2159970270849,51.2171814157606,0.0</coordinates>
                </LineString>
                <LineString id="34598">
                    <coordinates>10.281959999785002,51.1762600028762,0.0 10.281961823189198,51.1762392361995,0.0</coordinates>
                </LineString>
                <LineString id="34600">
                    <coordinates>10.2235699997522,51.21527000288668,0.0 10.2236159521659,51.2152212672937,0.0</coordinates>
                </LineString>
                <LineString id="34602">
                    <coordinates>10.2306725997564,51.212324902885904,0.0 10.2307228566498,51.2123781310412,0.0</coordinates>
                </LineString>
                <LineString id="34604">
                    <coordinates>10.2857304997869,51.175277802876096,0.0 10.2857665401623,51.1752317070105,0.0</coordinates>
                </LineString>
                <LineString id="34606">
                    <coordinates>10.2164999997479,51.21802000288731,0.0 10.2165016263268,51.21802183721269,0.0</coordinates>
                </LineString>
                <LineString id="34608">
                    <coordinates>10.2790602997835,51.175781402876105,0.0 10.279191539640802,51.175760151935094,0.0</coordinates>
                </LineString>
                <LineString id="34610">
                    <coordinates>10.2807899997844,51.17642000287629,0.0 10.2808408716937,51.17629216316061,0.0</coordinates>
                </LineString>
                <LineString id="34612">
                    <coordinates>10.2794199997836,51.1778600028767,0.0 10.2794729268127,51.17780569821189,0.0</coordinates>
                </LineString>
                <LineString id="34614">
                    <coordinates>10.2234529997522,51.214039202886305,0.0 10.2236045919113,51.213960269567494,0.0</coordinates>
                </LineString>
                <LineString id="34616">
                    <coordinates>10.224859999753,51.21286000288601,0.0 10.2248429399508,51.21287236937549,0.0</coordinates>
                </LineString>
                <LineString id="34618">
                    <coordinates>10.2822627572535,51.17329094748491,0.0 10.2822655147257,51.173331892094,0.0</coordinates>
                </LineString>
                <LineString id="34620">
                    <coordinates>10.281961823189198,51.1762392361995,0.0 10.2819636465916,51.1762184695226,0.0</coordinates>
                </LineString>
                <LineString id="34622">
                    <coordinates>10.2837863079787,51.1769147741209,0.0 10.2836282164511,51.17687454515359,0.0</coordinates>
                </LineString>
                <LineString id="34624">
                    <coordinates>10.281961823189198,51.1762392361995,0.0 10.2819636465916,51.1762184695226,0.0</coordinates>
                </LineString>
                <LineString id="34626">
                    <coordinates>10.2857665401623,51.1752317070105,0.0 10.2858025804649,51.17518561113269,0.0</coordinates>
                </LineString>
                <LineString id="34628">
                    <coordinates>10.281961823189198,51.1762392361995,0.0 10.2819636465916,51.1762184695226,0.0</coordinates>
                </LineString>
                <LineString id="34630">
                    <coordinates>10.2809890716647,51.17731710717509,0.0 10.281046043539899,51.1773148114458,0.0</coordinates>
                </LineString>
                <LineString id="34632">
                    <coordinates>10.2236159521659,51.2152212672937,0.0 10.2236619044818,51.215172531681205,0.0</coordinates>
                </LineString>
                <LineString id="34634">
                    <coordinates>10.2189192798298,51.2148821716795,0.0 10.218904059938097,51.21483814047049,0.0</coordinates>
                </LineString>
                <LineString id="34636">
                    <coordinates>10.281961823189198,51.1762392361995,0.0 10.2819636465916,51.1762184695226,0.0</coordinates>
                </LineString>
                <LineString id="34638">
                    <coordinates>10.2209949677384,51.2141522421336,0.0 10.2209380356554,51.21418098135231,0.0</coordinates>
                </LineString>
                <LineString id="34640">
                    <coordinates>10.281961823189198,51.1762392361995,0.0 10.2819636465916,51.1762184695226,0.0</coordinates>
                </LineString>
                <LineString id="34642">
                    <coordinates>10.2151987636575,51.217068581857,0.0 10.2152999272247,51.216990460735,0.0</coordinates>
                </LineString>
                <LineString id="34644">
                    <coordinates>10.2243923986275,51.2155371457312,0.0 10.2244572975971,51.21557078854038,0.0</coordinates>
                </LineString>
                <LineString id="34646">
                    <coordinates>10.2808408716937,51.17629216316061,0.0 10.2808917433134,51.176164323417595,0.0</coordinates>
                </LineString>
                <LineString id="34648">
                    <coordinates>10.2277139754544,51.2106405645729,0.0 10.2275079520436,51.21054112590439,0.0</coordinates>
                </LineString>
                <LineString id="34650">
                    <coordinates>10.279191539640802,51.175760151935094,0.0 10.279322779380502,51.1757389008456,0.0</coordinates>
                </LineString>
            </MultiGeometry>
        </Placemark>
        <Placemark id="34657">
            <name>MultiPoint</name>
            <styleUrl>#36310</styleUrl>
            <MultiGeometry id="34656">
                <Point id="34658">
                    <coordinates>10.281785,51.17539239999999,0.0</coordinates>
                </Point>
                <Point id="34660">
                    <coordinates>10.2803865,51.17586459999999,0.0</coordinates>
                </Point>
                <Point id="34662">
                    <coordinates>10.2819428,51.17533149999999,0.0</coordinates>
                </Point>
                <Point id="34664">
                    <coordinates>10.2806595,51.1757553,0.0</coordinates>
                </Point>
                <Point id="34666">
                    <coordinates>10.2824701,51.17520509999999,0.0</coordinates>
                </Point>
                <Point id="34668">
                    <coordinates>10.2811244,51.1755524,0.0</coordinates>
                </Point>
                <Point id="34670">
                    <coordinates>10.2827911,51.175080099999995,0.0</coordinates>
                </Point>
                <Point id="34672">
                    <coordinates>10.2815711,51.1753632,0.0</coordinates>
                </Point>
                <Point id="34674">
                    <coordinates>10.2831722,51.17499329999998,0.0</coordinates>
                </Point>
                <Point id="34676">
                    <coordinates>10.281836999999998,51.175238099999994,0.0</coordinates>
                </Point>
                <Point id="34678">
                    <coordinates>10.28239,51.17509999999999,0.0</coordinates>
                </Point>
                <Point id="34680">
                    <coordinates>10.282726400000001,51.17499239999999,0.0</coordinates>
                </Point>
                <Point id="34682">
                    <coordinates>10.2797829,51.1750567,0.0</coordinates>
                </Point>
                <Point id="34684">
                    <coordinates>10.283052,51.17519440000001,0.0</coordinates>
                </Point>
                <Point id="34686">
                    <coordinates>10.2830695,51.175360799999986,0.0</coordinates>
                </Point>
                <Point id="34688">
                    <coordinates>10.282907299999998,51.174909199999995,0.0</coordinates>
                </Point>
                <Point id="34690">
                    <coordinates>10.2830067,51.175291400000006,0.0</coordinates>
                </Point>
                <Point id="34692">
                    <coordinates>10.2829856,51.174589499999996,0.0</coordinates>
                </Point>
                <Point id="34694">
                    <coordinates>10.285510500000001,51.174156499999995,0.0</coordinates>
                </Point>
                <Point id="34696">
                    <coordinates>10.285762100000001,51.17435319999999,0.0</coordinates>
                </Point>
                <Point id="34698">
                    <coordinates>10.286194,51.17464489999999,0.0</coordinates>
                </Point>
                <Point id="34700">
                    <coordinates>10.2864422,51.174808399999996,0.0</coordinates>
                </Point>
                <Point id="34702">
                    <coordinates>10.2885653,51.17592499999999,0.0</coordinates>
                </Point>
                <Point id="34704">
                    <coordinates>10.2813,51.173649999999995,0.0</coordinates>
                </Point>
                <Point id="34706">
                    <coordinates>10.281418,51.17371749999999,0.0</coordinates>
                </Point>
                <Point id="34708">
                    <coordinates>10.2815982,51.17369109999999,0.0</coordinates>
                </Point>
                <Point id="34710">
                    <coordinates>10.2818411,51.17347699999999,0.0</coordinates>
                </Point>
                <Point id="34712">
                    <coordinates>10.2817396,51.173657899999995,0.0</coordinates>
                </Point>
                <Point id="34714">
                    <coordinates>10.2819998,51.1735333,0.0</coordinates>
                </Point>
                <Point id="34716">
                    <coordinates>10.2818318,51.1736371,0.0</coordinates>
                </Point>
                <Point id="34718">
                    <coordinates>10.286424200000003,51.17444029999999,0.0</coordinates>
                </Point>
                <Point id="34720">
                    <coordinates>10.28646,51.174459999999996,0.0</coordinates>
                </Point>
                <Point id="34722">
                    <coordinates>10.2867685,51.17427899999999,0.0</coordinates>
                </Point>
                <Point id="34724">
                    <coordinates>10.2867423,51.174102,0.0</coordinates>
                </Point>
                <Point id="34726">
                    <coordinates>10.2868251,51.17425159999999,0.0</coordinates>
                </Point>
                <Point id="34728">
                    <coordinates>10.2870089,51.1739792,0.0</coordinates>
                </Point>
                <Point id="34730">
                    <coordinates>10.2871388,51.174105499999996,0.0</coordinates>
                </Point>
                <Point id="34732">
                    <coordinates>10.2872726,51.17385829999999,0.0</coordinates>
                </Point>
                <Point id="34734">
                    <coordinates>10.2871928,51.1740805,0.0</coordinates>
                </Point>
                <Point id="34736">
                    <coordinates>10.2875764,51.1737211,0.0</coordinates>
                </Point>
                <Point id="34738">
                    <coordinates>10.287534,51.173913500000005,0.0</coordinates>
                </Point>
                <Point id="34740">
                    <coordinates>10.2877917,51.17361910000001,0.0</coordinates>
                </Point>
                <Point id="34742">
                    <coordinates>10.2875923,51.173886399999994,0.0</coordinates>
                </Point>
                <Point id="34744">
                    <coordinates>10.2880253,51.1735065,0.0</coordinates>
                </Point>
                <Point id="34746">
                    <coordinates>10.2879101,51.1737416,0.0</coordinates>
                </Point>
                <Point id="34748">
                    <coordinates>10.2825388,51.17614650000001,0.0</coordinates>
                </Point>
                <Point id="34750">
                    <coordinates>10.282049999999998,51.176179999999995,0.0</coordinates>
                </Point>
                <Point id="34752">
                    <coordinates>10.2827209,51.1760299,0.0</coordinates>
                </Point>
                <Point id="34754">
                    <coordinates>10.282375,51.1761223,0.0</coordinates>
                </Point>
                <Point id="34756">
                    <coordinates>10.2830232,51.1757809,0.0</coordinates>
                </Point>
                <Point id="34758">
                    <coordinates>10.2825241,51.175987799999994,0.0</coordinates>
                </Point>
                <Point id="34760">
                    <coordinates>10.28275,51.1758447,0.0</coordinates>
                </Point>
                <Point id="34762">
                    <coordinates>10.2831833,51.17566980000001,0.0</coordinates>
                </Point>
                <Point id="34764">
                    <coordinates>10.283,51.17559,0.0</coordinates>
                </Point>
                <Point id="34766">
                    <coordinates>10.283310900000002,51.1756057,0.0</coordinates>
                </Point>
                <Point id="34768">
                    <coordinates>10.2835281,51.1755404,0.0</coordinates>
                </Point>
                <Point id="34770">
                    <coordinates>10.2833045,51.17547219999999,0.0</coordinates>
                </Point>
                <Point id="34772">
                    <coordinates>10.2838041,51.1754139,0.0</coordinates>
                </Point>
                <Point id="34774">
                    <coordinates>10.2834929,51.1753802,0.0</coordinates>
                </Point>
                <Point id="34776">
                    <coordinates>10.2840817,51.17507990000001,0.0</coordinates>
                </Point>
                <Point id="34778">
                    <coordinates>10.2836047,51.1753203,0.0</coordinates>
                </Point>
                <Point id="34780">
                    <coordinates>10.28418,51.17493999999999,0.0</coordinates>
                </Point>
                <Point id="34782">
                    <coordinates>10.2838184,51.17519329999999,0.0</coordinates>
                </Point>
                <Point id="34784">
                    <coordinates>10.2845677,51.17467289999999,0.0</coordinates>
                </Point>
                <Point id="34786">
                    <coordinates>10.2839147,51.1751181,0.0</coordinates>
                </Point>
                <Point id="34788">
                    <coordinates>10.283892999999999,51.1749533,0.0</coordinates>
                </Point>
                <Point id="34790">
                    <coordinates>10.2844922,51.1749244,0.0</coordinates>
                </Point>
                <Point id="34792">
                    <coordinates>10.284993,51.1750887,0.0</coordinates>
                </Point>
                <Point id="34794">
                    <coordinates>10.28541,51.17539,0.0</coordinates>
                </Point>
                <Point id="34796">
                    <coordinates>10.2812074,51.17573699999999,0.0</coordinates>
                </Point>
                <Point id="34798">
                    <coordinates>10.2811276,51.175875600000005,0.0</coordinates>
                </Point>
                <Point id="34800">
                    <coordinates>10.2815326,51.1758914,0.0</coordinates>
                </Point>
                <Point id="34802">
                    <coordinates>10.28191,51.17564000000001,0.0</coordinates>
                </Point>
                <Point id="34804">
                    <coordinates>10.28221,51.175630000000005,0.0</coordinates>
                </Point>
                <Point id="34806">
                    <coordinates>10.2823049,51.1757691,0.0</coordinates>
                </Point>
                <Point id="34808">
                    <coordinates>10.2800819,51.176145999999996,0.0</coordinates>
                </Point>
                <Point id="34810">
                    <coordinates>10.280136900000002,51.1763022,0.0</coordinates>
                </Point>
                <Point id="34812">
                    <coordinates>10.2798296,51.1765668,0.0</coordinates>
                </Point>
                <Point id="34814">
                    <coordinates>10.280036800000001,51.1765699,0.0</coordinates>
                </Point>
                <Point id="34816">
                    <coordinates>10.27962,51.17672,0.0</coordinates>
                </Point>
                <Point id="34818">
                    <coordinates>10.280110899999999,51.17665319999999,0.0</coordinates>
                </Point>
                <Point id="34820">
                    <coordinates>10.2795666,51.1768469,0.0</coordinates>
                </Point>
                <Point id="34822">
                    <coordinates>10.2798329,51.176746400000006,0.0</coordinates>
                </Point>
                <Point id="34824">
                    <coordinates>10.2794936,51.1769299,0.0</coordinates>
                </Point>
                <Point id="34826">
                    <coordinates>10.2797378,51.17682279999998,0.0</coordinates>
                </Point>
                <Point id="34828">
                    <coordinates>10.279354799999998,51.177047899999984,0.0</coordinates>
                </Point>
                <Point id="34830">
                    <coordinates>10.2795943,51.1769626,0.0</coordinates>
                </Point>
                <Point id="34832">
                    <coordinates>10.2792879,51.177116799999986,0.0</coordinates>
                </Point>
                <Point id="34834">
                    <coordinates>10.2792287,51.1771657,0.0</coordinates>
                </Point>
                <Point id="34836">
                    <coordinates>10.2793982,51.1771322,0.0</coordinates>
                </Point>
                <Point id="34838">
                    <coordinates>10.2790959,51.1773331,0.0</coordinates>
                </Point>
                <Point id="34840">
                    <coordinates>10.2789902,51.1774016,0.0</coordinates>
                </Point>
                <Point id="34842">
                    <coordinates>10.279452499999998,51.177262299999995,0.0</coordinates>
                </Point>
                <Point id="34844">
                    <coordinates>10.278932300000001,51.1776321,0.0</coordinates>
                </Point>
                <Point id="34846">
                    <coordinates>10.279236999999998,51.1773394,0.0</coordinates>
                </Point>
                <Point id="34848">
                    <coordinates>10.279151600000002,51.1774297,0.0</coordinates>
                </Point>
                <Point id="34850">
                    <coordinates>10.2791245,51.1774931,0.0</coordinates>
                </Point>
                <Point id="34852">
                    <coordinates>10.2791446,51.17809009999999,0.0</coordinates>
                </Point>
                <Point id="34854">
                    <coordinates>10.2790515,51.178245100000005,0.0</coordinates>
                </Point>
                <Point id="34856">
                    <coordinates>10.2804275,51.1760531,0.0</coordinates>
                </Point>
                <Point id="34858">
                    <coordinates>10.28105,51.17602999999999,0.0</coordinates>
                </Point>
                <Point id="34860">
                    <coordinates>10.280556199999998,51.17603209999999,0.0</coordinates>
                </Point>
                <Point id="34862">
                    <coordinates>10.2814848,51.1761719,0.0</coordinates>
                </Point>
                <Point id="34864">
                    <coordinates>10.2816461,51.176347099999994,0.0</coordinates>
                </Point>
                <Point id="34866">
                    <coordinates>10.2817844,51.17620169999999,0.0</coordinates>
                </Point>
                <Point id="34868">
                    <coordinates>10.2817965,51.17633479999999,0.0</coordinates>
                </Point>
                <Point id="34870">
                    <coordinates>10.2819615,51.176213600000004,0.0</coordinates>
                </Point>
                <Point id="34872">
                    <coordinates>10.281923299999999,51.17633699999999,0.0</coordinates>
                </Point>
                <Point id="34874">
                    <coordinates>10.2823606,51.1765732,0.0</coordinates>
                </Point>
                <Point id="34876">
                    <coordinates>10.28079,51.176419999999986,0.0</coordinates>
                </Point>
                <Point id="34878">
                    <coordinates>10.2795,51.175745299999996,0.0</coordinates>
                </Point>
                <Point id="34880">
                    <coordinates>10.279552300000002,51.175926699999984,0.0</coordinates>
                </Point>
                <Point id="34882">
                    <coordinates>10.27922,51.17566,0.0</coordinates>
                </Point>
                <Point id="34884">
                    <coordinates>10.280004899999998,51.175923099999984,0.0</coordinates>
                </Point>
                <Point id="34886">
                    <coordinates>10.27973,51.17581999999999,0.0</coordinates>
                </Point>
                <Point id="34888">
                    <coordinates>10.2888158,51.17378119999999,0.0</coordinates>
                </Point>
                <Point id="34890">
                    <coordinates>10.2887616,51.173809899999995,0.0</coordinates>
                </Point>
                <Point id="34892">
                    <coordinates>10.2884556,51.173970499999996,0.0</coordinates>
                </Point>
                <Point id="34894">
                    <coordinates>10.2858644,51.17516229999999,0.0</coordinates>
                </Point>
                <Point id="34896">
                    <coordinates>10.288402000000001,51.17399859999999,0.0</coordinates>
                </Point>
                <Point id="34898">
                    <coordinates>10.288120700000002,51.17415090000001,0.0</coordinates>
                </Point>
                <Point id="34900">
                    <coordinates>10.288069,51.1741789,0.0</coordinates>
                </Point>
                <Point id="34902">
                    <coordinates>10.287736899999999,51.1743556,0.0</coordinates>
                </Point>
                <Point id="34904">
                    <coordinates>10.2876836,51.1743838,0.0</coordinates>
                </Point>
                <Point id="34906">
                    <coordinates>10.2873678,51.17454849999999,0.0</coordinates>
                </Point>
                <Point id="34908">
                    <coordinates>10.287317,51.174575,0.0</coordinates>
                </Point>
                <Point id="34910">
                    <coordinates>10.2870041,51.17474119999999,0.0</coordinates>
                </Point>
                <Point id="34912">
                    <coordinates>10.2869488,51.1747708,0.0</coordinates>
                </Point>
                <Point id="34914">
                    <coordinates>10.283991,51.175699,0.0</coordinates>
                </Point>
                <Point id="34916">
                    <coordinates>10.283735,51.1754868,0.0</coordinates>
                </Point>
                <Point id="34918">
                    <coordinates>10.2848465,51.17527019999999,0.0</coordinates>
                </Point>
                <Point id="34920">
                    <coordinates>10.2842352,51.1754871,0.0</coordinates>
                </Point>
                <Point id="34922">
                    <coordinates>10.2839786,51.175847399999995,0.0</coordinates>
                </Point>
                <Point id="34924">
                    <coordinates>10.284463900000002,51.175600900000006,0.0</coordinates>
                </Point>
                <Point id="34926">
                    <coordinates>10.283917700000002,51.1758679,0.0</coordinates>
                </Point>
                <Point id="34928">
                    <coordinates>10.284026200000001,51.176012899999996,0.0</coordinates>
                </Point>
                <Point id="34930">
                    <coordinates>10.283795099999999,51.17612270000001,0.0</coordinates>
                </Point>
                <Point id="34932">
                    <coordinates>10.2841569,51.17564159999999,0.0</coordinates>
                </Point>
                <Point id="34934">
                    <coordinates>10.2840884,51.1762012,0.0</coordinates>
                </Point>
                <Point id="34936">
                    <coordinates>10.2842112,51.176110800000004,0.0</coordinates>
                </Point>
                <Point id="34938">
                    <coordinates>10.284353799999998,51.17634389999999,0.0</coordinates>
                </Point>
                <Point id="34940">
                    <coordinates>10.2845625,51.1766471,0.0</coordinates>
                </Point>
                <Point id="34942">
                    <coordinates>10.2846663,51.1768019,0.0</coordinates>
                </Point>
                <Point id="34944">
                    <coordinates>10.2847177,51.1768765,0.0</coordinates>
                </Point>
                <Point id="34946">
                    <coordinates>10.281600300000001,51.17517959999999,0.0</coordinates>
                </Point>
                <Point id="34948">
                    <coordinates>10.2815605,51.1750575,0.0</coordinates>
                </Point>
                <Point id="34950">
                    <coordinates>10.2815065,51.1749319,0.0</coordinates>
                </Point>
                <Point id="34952">
                    <coordinates>10.2813586,51.17490409999999,0.0</coordinates>
                </Point>
                <Point id="34954">
                    <coordinates>10.281349499999997,51.1746394,0.0</coordinates>
                </Point>
                <Point id="34956">
                    <coordinates>10.28022,51.17652209999999,0.0</coordinates>
                </Point>
                <Point id="34958">
                    <coordinates>10.280344,51.1763551,0.0</coordinates>
                </Point>
                <Point id="34960">
                    <coordinates>10.2803881,51.17647869999999,0.0</coordinates>
                </Point>
                <Point id="34962">
                    <coordinates>10.280484,51.1763499,0.0</coordinates>
                </Point>
                <Point id="34964">
                    <coordinates>10.2806439,51.17641949999999,0.0</coordinates>
                </Point>
                <Point id="34966">
                    <coordinates>10.28055,51.176320000000004,0.0</coordinates>
                </Point>
                <Point id="34968">
                    <coordinates>10.2808937,51.1763946,0.0</coordinates>
                </Point>
                <Point id="34970">
                    <coordinates>10.2810662,51.1762856,0.0</coordinates>
                </Point>
                <Point id="34972">
                    <coordinates>10.281197699999998,51.176376999999995,0.0</coordinates>
                </Point>
                <Point id="34974">
                    <coordinates>10.2814013,51.176367400000004,0.0</coordinates>
                </Point>
                <Point id="34976">
                    <coordinates>10.2815439,51.176354399999994,0.0</coordinates>
                </Point>
                <Point id="34978">
                    <coordinates>10.277635700000001,51.17709489999999,0.0</coordinates>
                </Point>
                <Point id="34980">
                    <coordinates>10.2784726,51.1778968,0.0</coordinates>
                </Point>
                <Point id="34982">
                    <coordinates>10.278436,51.1781093,0.0</coordinates>
                </Point>
                <Point id="34984">
                    <coordinates>10.2824947,51.1765299,0.0</coordinates>
                </Point>
                <Point id="34986">
                    <coordinates>10.28274,51.17637,0.0</coordinates>
                </Point>
                <Point id="34988">
                    <coordinates>10.282490000000001,51.17663,0.0</coordinates>
                </Point>
                <Point id="34990">
                    <coordinates>10.28353,51.17670999999999,0.0</coordinates>
                </Point>
                <Point id="34992">
                    <coordinates>10.2827234,51.17661079999999,0.0</coordinates>
                </Point>
                <Point id="34994">
                    <coordinates>10.2840106,51.17680109999999,0.0</coordinates>
                </Point>
                <Point id="34996">
                    <coordinates>10.2829429,51.176679899999996,0.0</coordinates>
                </Point>
                <Point id="34998">
                    <coordinates>10.2844537,51.17690030000001,0.0</coordinates>
                </Point>
                <Point id="35000">
                    <coordinates>10.283224,51.17675059999999,0.0</coordinates>
                </Point>
                <Point id="35002">
                    <coordinates>10.2849958,51.17719589999999,0.0</coordinates>
                </Point>
                <Point id="35004">
                    <coordinates>10.283307,51.1767761,0.0</coordinates>
                </Point>
                <Point id="35006">
                    <coordinates>10.2852255,51.17730459999999,0.0</coordinates>
                </Point>
                <Point id="35008">
                    <coordinates>10.283399,51.176808,0.0</coordinates>
                </Point>
                <Point id="35010">
                    <coordinates>10.2855278,51.1774322,0.0</coordinates>
                </Point>
                <Point id="35012">
                    <coordinates>10.283612699999999,51.176855999999994,0.0</coordinates>
                </Point>
                <Point id="35014">
                    <coordinates>10.2859012,51.17761780000001,0.0</coordinates>
                </Point>
                <Point id="35016">
                    <coordinates>10.283787300000002,51.1769136,0.0</coordinates>
                </Point>
                <Point id="35018">
                    <coordinates>10.2856806,51.177847699999994,0.0</coordinates>
                </Point>
                <Point id="35020">
                    <coordinates>10.284101900000001,51.17706049999999,0.0</coordinates>
                </Point>
                <Point id="35022">
                    <coordinates>10.2844059,51.177088899999994,0.0</coordinates>
                </Point>
                <Point id="35024">
                    <coordinates>10.2845658,51.17714349999999,0.0</coordinates>
                </Point>
                <Point id="35026">
                    <coordinates>10.2846951,51.1771837,0.0</coordinates>
                </Point>
                <Point id="35028">
                    <coordinates>10.285061,51.1774732,0.0</coordinates>
                </Point>
                <Point id="35030">
                    <coordinates>10.2852209,51.1776188,0.0</coordinates>
                </Point>
                <Point id="35032">
                    <coordinates>10.2852944,51.1777226,0.0</coordinates>
                </Point>
                <Point id="35034">
                    <coordinates>10.285347300000002,51.17785849999999,0.0</coordinates>
                </Point>
                <Point id="35036">
                    <coordinates>10.280324699999998,51.176192699999994,0.0</coordinates>
                </Point>
                <Point id="35038">
                    <coordinates>10.2814271,51.17450049999999,0.0</coordinates>
                </Point>
                <Point id="35040">
                    <coordinates>10.28137,51.17441,0.0</coordinates>
                </Point>
                <Point id="35042">
                    <coordinates>10.281296600000001,51.1743089,0.0</coordinates>
                </Point>
                <Point id="35044">
                    <coordinates>10.281,51.173829999999995,0.0</coordinates>
                </Point>
                <Point id="35046">
                    <coordinates>10.28087,51.17355,0.0</coordinates>
                </Point>
                <Point id="35048">
                    <coordinates>10.281108300000001,51.1743849,0.0</coordinates>
                </Point>
                <Point id="35050">
                    <coordinates>10.28068,51.17333,0.0</coordinates>
                </Point>
                <Point id="35052">
                    <coordinates>10.2808624,51.1740651,0.0</coordinates>
                </Point>
                <Point id="35054">
                    <coordinates>10.28061,51.17324000000001,0.0</coordinates>
                </Point>
                <Point id="35056">
                    <coordinates>10.28048,51.17301,0.0</coordinates>
                </Point>
                <Point id="35058">
                    <coordinates>10.2806599,51.17358649999999,0.0</coordinates>
                </Point>
                <Point id="35060">
                    <coordinates>10.280468,51.1727047,0.0</coordinates>
                </Point>
                <Point id="35062">
                    <coordinates>10.2803725,51.173360599999995,0.0</coordinates>
                </Point>
                <Point id="35064">
                    <coordinates>10.2803286,51.1733004,0.0</coordinates>
                </Point>
                <Point id="35066">
                    <coordinates>10.28019,51.17345,0.0</coordinates>
                </Point>
                <Point id="35068">
                    <coordinates>10.280163000000002,51.172996100000006,0.0</coordinates>
                </Point>
                <Point id="35070">
                    <coordinates>10.2801184,51.172773499999984,0.0</coordinates>
                </Point>
                <Point id="35072">
                    <coordinates>10.2803654,51.172501299999986,0.0</coordinates>
                </Point>
                <Point id="35074">
                    <coordinates>10.2798627,51.17270359999999,0.0</coordinates>
                </Point>
                <Point id="35076">
                    <coordinates>10.2796165,51.1728422,0.0</coordinates>
                </Point>
                <Point id="35078">
                    <coordinates>10.2809142,51.1755991,0.0</coordinates>
                </Point>
                <Point id="35080">
                    <coordinates>10.280698999999998,51.1755031,0.0</coordinates>
                </Point>
                <Point id="35082">
                    <coordinates>10.2808278,51.1754712,0.0</coordinates>
                </Point>
                <Point id="35084">
                    <coordinates>10.2806697,51.1753993,0.0</coordinates>
                </Point>
                <Point id="35086">
                    <coordinates>10.2807848,51.1753104,0.0</coordinates>
                </Point>
                <Point id="35088">
                    <coordinates>10.2805897,51.175268499999994,0.0</coordinates>
                </Point>
                <Point id="35090">
                    <coordinates>10.2807136,51.175056299999994,0.0</coordinates>
                </Point>
                <Point id="35092">
                    <coordinates>10.280583,51.1751074,0.0</coordinates>
                </Point>
                <Point id="35094">
                    <coordinates>10.2807171,51.1749788,0.0</coordinates>
                </Point>
                <Point id="35096">
                    <coordinates>10.2805371,51.1748784,0.0</coordinates>
                </Point>
                <Point id="35098">
                    <coordinates>10.28076,51.174579999999985,0.0</coordinates>
                </Point>
                <Point id="35100">
                    <coordinates>10.281126899999999,51.174498299999996,0.0</coordinates>
                </Point>
                <Point id="35102">
                    <coordinates>10.2853706,51.1767168,0.0</coordinates>
                </Point>
                <Point id="35104">
                    <coordinates>10.284983,51.17686739999999,0.0</coordinates>
                </Point>
                <Point id="35106">
                    <coordinates>10.2856381,51.176639599999994,0.0</coordinates>
                </Point>
                <Point id="35108">
                    <coordinates>10.2854269,51.1768461,0.0</coordinates>
                </Point>
                <Point id="35110">
                    <coordinates>10.2861391,51.176433999999986,0.0</coordinates>
                </Point>
                <Point id="35112">
                    <coordinates>10.286343499999997,51.1763401,0.0</coordinates>
                </Point>
                <Point id="35114">
                    <coordinates>10.286554000000002,51.176244999999994,0.0</coordinates>
                </Point>
                <Point id="35116">
                    <coordinates>10.2859304,51.1766951,0.0</coordinates>
                </Point>
                <Point id="35118">
                    <coordinates>10.2867642,51.176147699999994,0.0</coordinates>
                </Point>
                <Point id="35120">
                    <coordinates>10.2869688,51.1760675,0.0</coordinates>
                </Point>
                <Point id="35122">
                    <coordinates>10.286460099999998,51.17654279999999,0.0</coordinates>
                </Point>
                <Point id="35124">
                    <coordinates>10.2871605,51.1759652,0.0</coordinates>
                </Point>
                <Point id="35126">
                    <coordinates>10.2873774,51.1758656,0.0</coordinates>
                </Point>
                <Point id="35128">
                    <coordinates>10.286886,51.176350299999996,0.0</coordinates>
                </Point>
                <Point id="35130">
                    <coordinates>10.2875932,51.175767,0.0</coordinates>
                </Point>
                <Point id="35132">
                    <coordinates>10.287127600000002,51.17623890000001,0.0</coordinates>
                </Point>
                <Point id="35134">
                    <coordinates>10.2878013,51.175669299999996,0.0</coordinates>
                </Point>
                <Point id="35136">
                    <coordinates>10.2873695,51.1761254,0.0</coordinates>
                </Point>
                <Point id="35138">
                    <coordinates>10.287599200000002,51.1760171,0.0</coordinates>
                </Point>
                <Point id="35140">
                    <coordinates>10.2880676,51.17579729999999,0.0</coordinates>
                </Point>
                <Point id="35142">
                    <coordinates>10.2830424,51.1742251,0.0</coordinates>
                </Point>
                <Point id="35144">
                    <coordinates>10.2832138,51.1743619,0.0</coordinates>
                </Point>
                <Point id="35146">
                    <coordinates>10.282922,51.1740853,0.0</coordinates>
                </Point>
                <Point id="35148">
                    <coordinates>10.2827387,51.17390149999999,0.0</coordinates>
                </Point>
                <Point id="35150">
                    <coordinates>10.2820375,51.1727332,0.0</coordinates>
                </Point>
                <Point id="35152">
                    <coordinates>10.28256,51.17372879999999,0.0</coordinates>
                </Point>
                <Point id="35154">
                    <coordinates>10.2819301,51.1725967,0.0</coordinates>
                </Point>
                <Point id="35156">
                    <coordinates>10.2824133,51.17358349999999,0.0</coordinates>
                </Point>
                <Point id="35158">
                    <coordinates>10.2819738,51.17312369999999,0.0</coordinates>
                </Point>
                <Point id="35160">
                    <coordinates>10.2817047,51.172619499999996,0.0</coordinates>
                </Point>
                <Point id="35162">
                    <coordinates>10.2813767,51.1725528,0.0</coordinates>
                </Point>
                <Point id="35164">
                    <coordinates>10.2780713,51.1769409,0.0</coordinates>
                </Point>
                <Point id="35166">
                    <coordinates>10.2784438,51.176622699999996,0.0</coordinates>
                </Point>
                <Point id="35168">
                    <coordinates>10.2783866,51.176476099999995,0.0</coordinates>
                </Point>
                <Point id="35170">
                    <coordinates>10.2786039,51.1767245,0.0</coordinates>
                </Point>
                <Point id="35172">
                    <coordinates>10.2793153,51.1763371,0.0</coordinates>
                </Point>
                <Point id="35174">
                    <coordinates>10.2788013,51.17666040000001,0.0</coordinates>
                </Point>
                <Point id="35176">
                    <coordinates>10.2794816,51.1762757,0.0</coordinates>
                </Point>
                <Point id="35178">
                    <coordinates>10.2798202,51.176240499999984,0.0</coordinates>
                </Point>
                <Point id="35180">
                    <coordinates>10.2790716,51.17657659999999,0.0</coordinates>
                </Point>
                <Point id="35182">
                    <coordinates>10.2797104,51.1761598,0.0</coordinates>
                </Point>
                <Point id="35184">
                    <coordinates>10.280686599999997,51.173766199999996,0.0</coordinates>
                </Point>
                <Point id="35186">
                    <coordinates>10.280343000000002,51.173913500000005,0.0</coordinates>
                </Point>
                <Point id="35188">
                    <coordinates>10.2857903,51.1732744,0.0</coordinates>
                </Point>
                <Point id="35190">
                    <coordinates>10.286429999999998,51.17301679999999,0.0</coordinates>
                </Point>
                <Point id="35192">
                    <coordinates>10.2855613,51.17314799999999,0.0</coordinates>
                </Point>
                <Point id="35194">
                    <coordinates>10.2859268,51.17301669999999,0.0</coordinates>
                </Point>
                <Point id="35196">
                    <coordinates>10.285662899999998,51.172919799999995,0.0</coordinates>
                </Point>
                <Point id="35198">
                    <coordinates>10.2860465,51.17280289999999,0.0</coordinates>
                </Point>
                <Point id="35200">
                    <coordinates>10.28616,51.17278,0.0</coordinates>
                </Point>
                <Point id="35202">
                    <coordinates>10.27948,51.17355,0.0</coordinates>
                </Point>
                <Point id="35204">
                    <coordinates>10.2792082,51.17362169999999,0.0</coordinates>
                </Point>
                <Point id="35206">
                    <coordinates>10.2780208,51.1737936,0.0</coordinates>
                </Point>
                <Point id="35208">
                    <coordinates>10.2791738,51.17294879999999,0.0</coordinates>
                </Point>
                <Point id="35210">
                    <coordinates>10.2789796,51.173263399999996,0.0</coordinates>
                </Point>
                <Point id="35212">
                    <coordinates>10.278852099999998,51.173083199999994,0.0</coordinates>
                </Point>
                <Point id="35214">
                    <coordinates>10.27874,51.173089999999995,0.0</coordinates>
                </Point>
                <Point id="35216">
                    <coordinates>10.285730499999998,51.1752778,0.0</coordinates>
                </Point>
                <Point id="35218">
                    <coordinates>10.2268549,51.2144621,0.0</coordinates>
                </Point>
                <Point id="35220">
                    <coordinates>10.2796096,51.173712699999996,0.0</coordinates>
                </Point>
                <Point id="35222">
                    <coordinates>10.282975199999997,51.173298199999984,0.0</coordinates>
                </Point>
                <Point id="35224">
                    <coordinates>10.2853039,51.17562190000001,0.0</coordinates>
                </Point>
                <Point id="35226">
                    <coordinates>10.2801914,51.174626700000005,0.0</coordinates>
                </Point>
                <Point id="35228">
                    <coordinates>10.286087399999998,51.175057499999994,0.0</coordinates>
                </Point>
                <Point id="35230">
                    <coordinates>10.2793263,51.173296699999995,0.0</coordinates>
                </Point>
                <Point id="35232">
                    <coordinates>10.28226,51.173249999999996,0.0</coordinates>
                </Point>
                <Point id="35234">
                    <coordinates>10.220447,51.216788699999995,0.0</coordinates>
                </Point>
                <Point id="35236">
                    <coordinates>10.2862265,51.1766425,0.0</coordinates>
                </Point>
                <Point id="35238">
                    <coordinates>10.2782116,51.176684099999996,0.0</coordinates>
                </Point>
                <Point id="35240">
                    <coordinates>10.2784742,51.173285699999994,0.0</coordinates>
                </Point>
                <Point id="35242">
                    <coordinates>10.2862187,51.174369899999995,0.0</coordinates>
                </Point>
                <Point id="35244">
                    <coordinates>10.2788817,51.17776579999999,0.0</coordinates>
                </Point>
                <Point id="35246">
                    <coordinates>10.2161905,51.2173762,0.0</coordinates>
                </Point>
                <Point id="35248">
                    <coordinates>10.281959999999998,51.176259999999985,0.0</coordinates>
                </Point>
                <Point id="35250">
                    <coordinates>10.2815549,51.1770963,0.0</coordinates>
                </Point>
                <Point id="35252">
                    <coordinates>10.2858299,51.1760858,0.0</coordinates>
                </Point>
                <Point id="35254">
                    <coordinates>10.281959999999998,51.176259999999985,0.0</coordinates>
                </Point>
                <Point id="35256">
                    <coordinates>10.281959999999998,51.176259999999985,0.0</coordinates>
                </Point>
                <Point id="35258">
                    <coordinates>10.286254,51.175896899999984,0.0</coordinates>
                </Point>
                <Point id="35260">
                    <coordinates>10.281959999999998,51.176259999999985,0.0</coordinates>
                </Point>
                <Point id="35262">
                    <coordinates>10.2864636,51.1758016,0.0</coordinates>
                </Point>
                <Point id="35264">
                    <coordinates>10.281959999999998,51.176259999999985,0.0</coordinates>
                </Point>
                <Point id="35266">
                    <coordinates>10.281959999999998,51.176259999999985,0.0</coordinates>
                </Point>
                <Point id="35268">
                    <coordinates>10.287296400000002,51.175423,0.0</coordinates>
                </Point>
                <Point id="35270">
                    <coordinates>10.281959999999998,51.176259999999985,0.0</coordinates>
                </Point>
                <Point id="35272">
                    <coordinates>10.2852565,51.1740207,0.0</coordinates>
                </Point>
                <Point id="35274">
                    <coordinates>10.2860547,51.17371709999999,0.0</coordinates>
                </Point>
                <Point id="35276">
                    <coordinates>10.2839644,51.174520199999996,0.0</coordinates>
                </Point>
                <Point id="35278">
                    <coordinates>10.2867458,51.173442900000005,0.0</coordinates>
                </Point>
                <Point id="35280">
                    <coordinates>10.2871097,51.17331629999999,0.0</coordinates>
                </Point>
                <Point id="35282">
                    <coordinates>10.2858231,51.1735669,0.0</coordinates>
                </Point>
                <Point id="35284">
                    <coordinates>10.283389499999998,51.1774691,0.0</coordinates>
                </Point>
                <Point id="35286">
                    <coordinates>10.2834695,51.177478099999995,0.0</coordinates>
                </Point>
                <Point id="35288">
                    <coordinates>10.277537300000002,51.173798000000005,0.0</coordinates>
                </Point>
                <Point id="35290">
                    <coordinates>10.281959999999998,51.176259999999985,0.0</coordinates>
                </Point>
                <Point id="35292">
                    <coordinates>10.281959999999998,51.176259999999985,0.0</coordinates>
                </Point>
                <Point id="35294">
                    <coordinates>10.281959999999998,51.176259999999985,0.0</coordinates>
                </Point>
                <Point id="35296">
                    <coordinates>10.281959999999998,51.176259999999985,0.0</coordinates>
                </Point>
                <Point id="35298">
                    <coordinates>10.27942,51.177859999999995,0.0</coordinates>
                </Point>
                <Point id="35300">
                    <coordinates>10.281959999999998,51.176259999999985,0.0</coordinates>
                </Point>
                <Point id="35302">
                    <coordinates>10.281959999999998,51.176259999999985,0.0</coordinates>
                </Point>
                <Point id="35304">
                    <coordinates>10.281959999999998,51.176259999999985,0.0</coordinates>
                </Point>
                <Point id="35306">
                    <coordinates>10.281959999999998,51.176259999999985,0.0</coordinates>
                </Point>
                <Point id="35308">
                    <coordinates>10.2866816,51.1756726,0.0</coordinates>
                </Point>
                <Point id="35310">
                    <coordinates>10.281959999999998,51.176259999999985,0.0</coordinates>
                </Point>
                <Point id="35312">
                    <coordinates>10.2868811,51.1756214,0.0</coordinates>
                </Point>
                <Point id="35314">
                    <coordinates>10.281959999999998,51.176259999999985,0.0</coordinates>
                </Point>
                <Point id="35316">
                    <coordinates>10.2860123,51.175729499999996,0.0</coordinates>
                </Point>
                <Point id="35318">
                    <coordinates>10.28616,51.17563,0.0</coordinates>
                </Point>
                <Point id="35320">
                    <coordinates>10.2842372,51.1744036,0.0</coordinates>
                </Point>
                <Point id="35322">
                    <coordinates>10.2875838,51.17316159999999,0.0</coordinates>
                </Point>
                <Point id="35324">
                    <coordinates>10.284561299999998,51.174189699999985,0.0</coordinates>
                </Point>
                <Point id="35326">
                    <coordinates>10.287717799999998,51.173104599999995,0.0</coordinates>
                </Point>
                <Point id="35328">
                    <coordinates>10.2850928,51.1738747,0.0</coordinates>
                </Point>
                <Point id="35330">
                    <coordinates>10.283101,51.1774366,0.0</coordinates>
                </Point>
                <Point id="35332">
                    <coordinates>10.283179699999998,51.17744549999998,0.0</coordinates>
                </Point>
                <Point id="35334">
                    <coordinates>10.2836674,51.1775006,0.0</coordinates>
                </Point>
                <Point id="35336">
                    <coordinates>10.2784332,51.1771436,0.0</coordinates>
                </Point>
                <Point id="35338">
                    <coordinates>10.281959999999998,51.176259999999985,0.0</coordinates>
                </Point>
                <Point id="35340">
                    <coordinates>10.2838301,51.17659029999999,0.0</coordinates>
                </Point>
                <Point id="35342">
                    <coordinates>10.2835982,51.1764373,0.0</coordinates>
                </Point>
                <Point id="35344">
                    <coordinates>10.284999,51.1761422,0.0</coordinates>
                </Point>
                <Point id="35346">
                    <coordinates>10.2853344,51.17605189999999,0.0</coordinates>
                </Point>
                <Point id="35348">
                    <coordinates>10.281959999999998,51.176259999999985,0.0</coordinates>
                </Point>
                <Point id="35350">
                    <coordinates>10.286042,51.1759913,0.0</coordinates>
                </Point>
                <Point id="35352">
                    <coordinates>10.281959999999998,51.176259999999985,0.0</coordinates>
                </Point>
                <Point id="35354">
                    <coordinates>10.281959999999998,51.176259999999985,0.0</coordinates>
                </Point>
                <Point id="35356">
                    <coordinates>10.281959999999998,51.176259999999985,0.0</coordinates>
                </Point>
                <Point id="35358">
                    <coordinates>10.281959999999998,51.176259999999985,0.0</coordinates>
                </Point>
                <Point id="35360">
                    <coordinates>10.2870893,51.17551759999999,0.0</coordinates>
                </Point>
                <Point id="35362">
                    <coordinates>10.285780000000003,51.17581,0.0</coordinates>
                </Point>
                <Point id="35364">
                    <coordinates>10.281959999999998,51.176259999999985,0.0</coordinates>
                </Point>
                <Point id="35366">
                    <coordinates>10.281959999999998,51.176259999999985,0.0</coordinates>
                </Point>
                <Point id="35368">
                    <coordinates>10.2855213,51.1739114,0.0</coordinates>
                </Point>
                <Point id="35370">
                    <coordinates>10.2837987,51.1745921,0.0</coordinates>
                </Point>
                <Point id="35372">
                    <coordinates>10.281959999999998,51.176259999999985,0.0</coordinates>
                </Point>
                <Point id="35374">
                    <coordinates>10.2847042,51.1741051,0.0</coordinates>
                </Point>
                <Point id="35376">
                    <coordinates>10.2277187,51.2141449,0.0</coordinates>
                </Point>
                <Point id="35378">
                    <coordinates>10.2279648,51.2140169,0.0</coordinates>
                </Point>
                <Point id="35380">
                    <coordinates>10.218822800000002,51.21489429999998,0.0</coordinates>
                </Point>
                <Point id="35382">
                    <coordinates>10.21552,51.21604,0.0</coordinates>
                </Point>
                <Point id="35384">
                    <coordinates>10.2154779,51.21618720000001,0.0</coordinates>
                </Point>
                <Point id="35386">
                    <coordinates>10.21588,51.21647999999999,0.0</coordinates>
                </Point>
                <Point id="35388">
                    <coordinates>10.2158072,51.2167772,0.0</coordinates>
                </Point>
                <Point id="35390">
                    <coordinates>10.2158903,51.216956,0.0</coordinates>
                </Point>
                <Point id="35392">
                    <coordinates>10.215996,51.2171499,0.0</coordinates>
                </Point>
                <Point id="35394">
                    <coordinates>10.2163,51.21696,0.0</coordinates>
                </Point>
                <Point id="35396">
                    <coordinates>10.2161247,51.2172908,0.0</coordinates>
                </Point>
                <Point id="35398">
                    <coordinates>10.21639,51.21717000000001,0.0</coordinates>
                </Point>
                <Point id="35400">
                    <coordinates>10.21664,51.21748,0.0</coordinates>
                </Point>
                <Point id="35402">
                    <coordinates>10.216450600000002,51.21777250000001,0.0</coordinates>
                </Point>
                <Point id="35404">
                    <coordinates>10.2165,51.218019999999996,0.0</coordinates>
                </Point>
                <Point id="35406">
                    <coordinates>10.2160104,51.218208,0.0</coordinates>
                </Point>
                <Point id="35408">
                    <coordinates>10.216382799999998,51.218293899999985,0.0</coordinates>
                </Point>
                <Point id="35410">
                    <coordinates>10.2161031,51.2184141,0.0</coordinates>
                </Point>
                <Point id="35412">
                    <coordinates>10.21569,51.21824,0.0</coordinates>
                </Point>
                <Point id="35414">
                    <coordinates>10.2157704,51.2186442,0.0</coordinates>
                </Point>
                <Point id="35416">
                    <coordinates>10.2156442,51.21886409999999,0.0</coordinates>
                </Point>
                <Point id="35418">
                    <coordinates>10.2140392,51.2171207,0.0</coordinates>
                </Point>
                <Point id="35420">
                    <coordinates>10.214230700000002,51.2170294,0.0</coordinates>
                </Point>
                <Point id="35422">
                    <coordinates>10.21458,51.217079999999996,0.0</coordinates>
                </Point>
                <Point id="35424">
                    <coordinates>10.214757199999998,51.21703819999999,0.0</coordinates>
                </Point>
                <Point id="35426">
                    <coordinates>10.2150976,51.2171467,0.0</coordinates>
                </Point>
                <Point id="35428">
                    <coordinates>10.2153142,51.21704209999999,0.0</coordinates>
                </Point>
                <Point id="35430">
                    <coordinates>10.2135977,51.216961699999985,0.0</coordinates>
                </Point>
                <Point id="35432">
                    <coordinates>10.21343,51.21709,0.0</coordinates>
                </Point>
                <Point id="35434">
                    <coordinates>10.2132802,51.21712099999999,0.0</coordinates>
                </Point>
                <Point id="35436">
                    <coordinates>10.22563,51.212340000000005,0.0</coordinates>
                </Point>
                <Point id="35438">
                    <coordinates>10.22792,51.21074,0.0</coordinates>
                </Point>
                <Point id="35440">
                    <coordinates>10.2797311,51.1776787,0.0</coordinates>
                </Point>
                <Point id="35442">
                    <coordinates>10.2820109,51.1770943,0.0</coordinates>
                </Point>
                <Point id="35444">
                    <coordinates>10.2797971,51.177639500000005,0.0</coordinates>
                </Point>
                <Point id="35446">
                    <coordinates>10.2822524,51.17711429999999,0.0</coordinates>
                </Point>
                <Point id="35448">
                    <coordinates>10.279861199999997,51.17760139999999,0.0</coordinates>
                </Point>
                <Point id="35450">
                    <coordinates>10.2799313,51.177559300000006,0.0</coordinates>
                </Point>
                <Point id="35452">
                    <coordinates>10.284234,51.17736119999999,0.0</coordinates>
                </Point>
                <Point id="35454">
                    <coordinates>10.280187,51.17749990000001,0.0</coordinates>
                </Point>
                <Point id="35456">
                    <coordinates>10.2804169,51.17741699999999,0.0</coordinates>
                </Point>
                <Point id="35458">
                    <coordinates>10.2810313,51.17733559999999,0.0</coordinates>
                </Point>
                <Point id="35460">
                    <coordinates>10.2811279,51.177346799999995,0.0</coordinates>
                </Point>
                <Point id="35462">
                    <coordinates>10.2813284,51.17732709999999,0.0</coordinates>
                </Point>
                <Point id="35464">
                    <coordinates>10.281425399999998,51.17733839999999,0.0</coordinates>
                </Point>
                <Point id="35466">
                    <coordinates>10.2816211,51.17732010000001,0.0</coordinates>
                </Point>
                <Point id="35468">
                    <coordinates>10.282182499999998,51.1774104,0.0</coordinates>
                </Point>
                <Point id="35470">
                    <coordinates>10.2837499,51.17750999999999,0.0</coordinates>
                </Point>
                <Point id="35472">
                    <coordinates>10.2839529,51.1775325,0.0</coordinates>
                </Point>
                <Point id="35474">
                    <coordinates>10.2840328,51.177541299999994,0.0</coordinates>
                </Point>
                <Point id="35476">
                    <coordinates>10.284235,51.17756239999999,0.0</coordinates>
                </Point>
                <Point id="35478">
                    <coordinates>10.2843161,51.1775714,0.0</coordinates>
                </Point>
                <Point id="35480">
                    <coordinates>10.2284233,51.21059670000001,0.0</coordinates>
                </Point>
                <Point id="35482">
                    <coordinates>10.2820014,51.17783169999999,0.0</coordinates>
                </Point>
                <Point id="35484">
                    <coordinates>10.2181864,51.2169415,0.0</coordinates>
                </Point>
                <Point id="35486">
                    <coordinates>10.2778655,51.17349370000001,0.0</coordinates>
                </Point>
                <Point id="35488">
                    <coordinates>10.2784611,51.1736985,0.0</coordinates>
                </Point>
                <Point id="35490">
                    <coordinates>10.278813599999998,51.173613599999996,0.0</coordinates>
                </Point>
                <Point id="35492">
                    <coordinates>10.2182088,51.2151689,0.0</coordinates>
                </Point>
                <Point id="35494">
                    <coordinates>10.2832539,51.1745146,0.0</coordinates>
                </Point>
                <Point id="35496">
                    <coordinates>10.2159408,51.2128758,0.0</coordinates>
                </Point>
                <Point id="35498">
                    <coordinates>10.2793199,51.1779188,0.0</coordinates>
                </Point>
                <Point id="35500">
                    <coordinates>10.2793681,51.177871599999996,0.0</coordinates>
                </Point>
                <Point id="35502">
                    <coordinates>10.2191478,51.21476690000001,0.0</coordinates>
                </Point>
                <Point id="35504">
                    <coordinates>10.28287,51.177189999999996,0.0</coordinates>
                </Point>
                <Point id="35506">
                    <coordinates>10.2228337,51.2151716,0.0</coordinates>
                </Point>
                <Point id="35508">
                    <coordinates>10.2782881,51.173381799999994,0.0</coordinates>
                </Point>
                <Point id="35510">
                    <coordinates>10.2880571,51.17516249999999,0.0</coordinates>
                </Point>
                <Point id="35512">
                    <coordinates>10.21505,51.21312,0.0</coordinates>
                </Point>
                <Point id="35514">
                    <coordinates>10.2888907,51.17500139999999,0.0</coordinates>
                </Point>
                <Point id="35516">
                    <coordinates>10.281228099999998,51.17712159999999,0.0</coordinates>
                </Point>
                <Point id="35518">
                    <coordinates>10.2213766,51.21109059999999,0.0</coordinates>
                </Point>
                <Point id="35520">
                    <coordinates>10.28759,51.172869999999996,0.0</coordinates>
                </Point>
                <Point id="35522">
                    <coordinates>10.2851189,51.17594119999999,0.0</coordinates>
                </Point>
                <Point id="35524">
                    <coordinates>10.2139845,51.214308700000004,0.0</coordinates>
                </Point>
                <Point id="35526">
                    <coordinates>10.287430599999999,51.172970199999995,0.0</coordinates>
                </Point>
                <Point id="35528">
                    <coordinates>10.2800957,51.175076,0.0</coordinates>
                </Point>
                <Point id="35530">
                    <coordinates>10.2887341,51.174788299999996,0.0</coordinates>
                </Point>
                <Point id="35532">
                    <coordinates>10.285346699999998,51.17375719999999,0.0</coordinates>
                </Point>
                <Point id="35534">
                    <coordinates>10.2885814,51.17369969999999,0.0</coordinates>
                </Point>
                <Point id="35536">
                    <coordinates>10.222864399999999,51.21474929999999,0.0</coordinates>
                </Point>
                <Point id="35538">
                    <coordinates>10.2153972,51.218308500000006,0.0</coordinates>
                </Point>
                <Point id="35540">
                    <coordinates>10.226431800000002,51.214333599999996,0.0</coordinates>
                </Point>
                <Point id="35542">
                    <coordinates>10.2142999,51.214289599999994,0.0</coordinates>
                </Point>
                <Point id="35544">
                    <coordinates>10.2848791,51.17399149999999,0.0</coordinates>
                </Point>
                <Point id="35546">
                    <coordinates>10.214284100000002,51.214850900000016,0.0</coordinates>
                </Point>
                <Point id="35548">
                    <coordinates>10.281718299999998,51.1773311,0.0</coordinates>
                </Point>
                <Point id="35550">
                    <coordinates>10.2809574,51.177133699999985,0.0</coordinates>
                </Point>
                <Point id="35552">
                    <coordinates>10.2884903,51.175250599999984,0.0</coordinates>
                </Point>
                <Point id="35554">
                    <coordinates>10.2859495,51.1744898,0.0</coordinates>
                </Point>
                <Point id="35556">
                    <coordinates>10.2143008,51.214608500000004,0.0</coordinates>
                </Point>
                <Point id="35558">
                    <coordinates>10.2160579,51.21922719999999,0.0</coordinates>
                </Point>
                <Point id="35560">
                    <coordinates>10.2184447,51.21561179999999,0.0</coordinates>
                </Point>
                <Point id="35562">
                    <coordinates>10.228774,51.211222799999994,0.0</coordinates>
                </Point>
                <Point id="35564">
                    <coordinates>10.21952,51.21630999999999,0.0</coordinates>
                </Point>
                <Point id="35566">
                    <coordinates>10.2237348,51.2151593,0.0</coordinates>
                </Point>
                <Point id="35568">
                    <coordinates>10.288039999999999,51.17564,0.0</coordinates>
                </Point>
                <Point id="35570">
                    <coordinates>10.2242897,51.2150492,0.0</coordinates>
                </Point>
                <Point id="35572">
                    <coordinates>10.2870796,51.175277600000015,0.0</coordinates>
                </Point>
                <Point id="35574">
                    <coordinates>10.2165,51.218019999999996,0.0</coordinates>
                </Point>
                <Point id="35576">
                    <coordinates>10.224870099999999,51.215709699999984,0.0</coordinates>
                </Point>
                <Point id="35578">
                    <coordinates>10.2855446,51.176289700000005,0.0</coordinates>
                </Point>
                <Point id="35580">
                    <coordinates>10.28778,51.17550000000001,0.0</coordinates>
                </Point>
                <Point id="35582">
                    <coordinates>10.2794693,51.1777725,0.0</coordinates>
                </Point>
                <Point id="35584">
                    <coordinates>10.2174172,51.217323900000004,0.0</coordinates>
                </Point>
                <Point id="35586">
                    <coordinates>10.2240984,51.214432,0.0</coordinates>
                </Point>
                <Point id="35588">
                    <coordinates>10.2242049,51.214396,0.0</coordinates>
                </Point>
                <Point id="35590">
                    <coordinates>10.22357,51.21527,0.0</coordinates>
                </Point>
                <Point id="35592">
                    <coordinates>10.2882934,51.17503209999999,0.0</coordinates>
                </Point>
                <Point id="35594">
                    <coordinates>10.283369199999997,51.1765736,0.0</coordinates>
                </Point>
                <Point id="35596">
                    <coordinates>10.2790603,51.175781400000005,0.0</coordinates>
                </Point>
                <Point id="35598">
                    <coordinates>10.2236918,51.21477749999999,0.0</coordinates>
                </Point>
                <Point id="35600">
                    <coordinates>10.2824563,51.1777934,0.0</coordinates>
                </Point>
                <Point id="35602">
                    <coordinates>10.28395,51.17454,0.0</coordinates>
                </Point>
                <Point id="35604">
                    <coordinates>10.286658000000001,51.17645259999999,0.0</coordinates>
                </Point>
                <Point id="35606">
                    <coordinates>10.283188799999998,51.17409309999999,0.0</coordinates>
                </Point>
                <Point id="35608">
                    <coordinates>10.2839444,51.176955,0.0</coordinates>
                </Point>
                <Point id="35610">
                    <coordinates>10.2268529,51.2128707,0.0</coordinates>
                </Point>
                <Point id="35612">
                    <coordinates>10.2243275,51.21550349999999,0.0</coordinates>
                </Point>
                <Point id="35614">
                    <coordinates>10.2254448,51.2128413,0.0</coordinates>
                </Point>
                <Point id="35616">
                    <coordinates>10.285674,51.1775219,0.0</coordinates>
                </Point>
                <Point id="35618">
                    <coordinates>10.2257466,51.2128227,0.0</coordinates>
                </Point>
                <Point id="35620">
                    <coordinates>10.2262,51.21274,0.0</coordinates>
                </Point>
                <Point id="35622">
                    <coordinates>10.2160184,51.217191500000006,0.0</coordinates>
                </Point>
                <Point id="35624">
                    <coordinates>10.2807203,51.17366369999999,0.0</coordinates>
                </Point>
                <Point id="35626">
                    <coordinates>10.2809321,51.177319399999995,0.0</coordinates>
                </Point>
                <Point id="35628">
                    <coordinates>10.2844258,51.1764389,0.0</coordinates>
                </Point>
                <Point id="35630">
                    <coordinates>10.2281363,51.21296689999999,0.0</coordinates>
                </Point>
                <Point id="35632">
                    <coordinates>10.2829619,51.1738707,0.0</coordinates>
                </Point>
                <Point id="35634">
                    <coordinates>10.2172274,51.2177853,0.0</coordinates>
                </Point>
                <Point id="35636">
                    <coordinates>10.2849052,51.17444999999999,0.0</coordinates>
                </Point>
                <Point id="35638">
                    <coordinates>10.2234866,51.21231219999999,0.0</coordinates>
                </Point>
                <Point id="35640">
                    <coordinates>10.225650199999999,51.211628600000004,0.0</coordinates>
                </Point>
                <Point id="35642">
                    <coordinates>10.283126100000002,51.17572979999999,0.0</coordinates>
                </Point>
                <Point id="35644">
                    <coordinates>10.2855922,51.1777854,0.0</coordinates>
                </Point>
                <Point id="35646">
                    <coordinates>10.287753699999998,51.17584789999999,0.0</coordinates>
                </Point>
                <Point id="35648">
                    <coordinates>10.2863965,51.1742856,0.0</coordinates>
                </Point>
                <Point id="35650">
                    <coordinates>10.21537,51.21725,0.0</coordinates>
                </Point>
                <Point id="35652">
                    <coordinates>10.2284986,51.21075150000001,0.0</coordinates>
                </Point>
                <Point id="35654">
                    <coordinates>10.223461,51.21492089999999,0.0</coordinates>
                </Point>
                <Point id="35656">
                    <coordinates>10.2238725,51.21531829999999,0.0</coordinates>
                </Point>
                <Point id="35658">
                    <coordinates>10.2239682,51.21549499999999,0.0</coordinates>
                </Point>
                <Point id="35660">
                    <coordinates>10.2240228,51.21562039999999,0.0</coordinates>
                </Point>
                <Point id="35662">
                    <coordinates>10.2238,51.21553,0.0</coordinates>
                </Point>
                <Point id="35664">
                    <coordinates>10.224383499999998,51.2155837,0.0</coordinates>
                </Point>
                <Point id="35666">
                    <coordinates>10.2244,51.215540000000004,0.0</coordinates>
                </Point>
                <Point id="35668">
                    <coordinates>10.22475,51.215489999999996,0.0</coordinates>
                </Point>
                <Point id="35670">
                    <coordinates>10.2245418,51.2157545,0.0</coordinates>
                </Point>
                <Point id="35672">
                    <coordinates>10.221880799999997,51.21306919999999,0.0</coordinates>
                </Point>
                <Point id="35674">
                    <coordinates>10.2213876,51.21312429999999,0.0</coordinates>
                </Point>
                <Point id="35676">
                    <coordinates>10.2212121,51.213172599999986,0.0</coordinates>
                </Point>
                <Point id="35678">
                    <coordinates>10.22132,51.21336000000001,0.0</coordinates>
                </Point>
                <Point id="35680">
                    <coordinates>10.221329999999998,51.21341999999998,0.0</coordinates>
                </Point>
                <Point id="35682">
                    <coordinates>10.221143,51.2133825,0.0</coordinates>
                </Point>
                <Point id="35684">
                    <coordinates>10.2207345,51.21335229999999,0.0</coordinates>
                </Point>
                <Point id="35686">
                    <coordinates>10.220638,51.21341259999999,0.0</coordinates>
                </Point>
                <Point id="35688">
                    <coordinates>10.2205049,51.21367469999999,0.0</coordinates>
                </Point>
                <Point id="35690">
                    <coordinates>10.22015,51.21367000000001,0.0</coordinates>
                </Point>
                <Point id="35692">
                    <coordinates>10.219449999999998,51.21367999999999,0.0</coordinates>
                </Point>
                <Point id="35694">
                    <coordinates>10.22011,51.21385999999999,0.0</coordinates>
                </Point>
                <Point id="35696">
                    <coordinates>10.2169862,51.21779619999999,0.0</coordinates>
                </Point>
                <Point id="35698">
                    <coordinates>10.21705,51.217520000000015,0.0</coordinates>
                </Point>
                <Point id="35700">
                    <coordinates>10.2172,51.21746999999999,0.0</coordinates>
                </Point>
                <Point id="35702">
                    <coordinates>10.217719999999998,51.217487299999995,0.0</coordinates>
                </Point>
                <Point id="35704">
                    <coordinates>10.21757,51.217209999999994,0.0</coordinates>
                </Point>
                <Point id="35706">
                    <coordinates>10.2179157,51.2170872,0.0</coordinates>
                </Point>
                <Point id="35708">
                    <coordinates>10.2181821,51.217225799999994,0.0</coordinates>
                </Point>
                <Point id="35710">
                    <coordinates>10.2182522,51.217187700000004,0.0</coordinates>
                </Point>
                <Point id="35712">
                    <coordinates>10.218433300000001,51.2170923,0.0</coordinates>
                </Point>
                <Point id="35714">
                    <coordinates>10.2185023,51.2170558,0.0</coordinates>
                </Point>
                <Point id="35716">
                    <coordinates>10.2187813,51.216949799999995,0.0</coordinates>
                </Point>
                <Point id="35718">
                    <coordinates>10.2188489,51.216570999999995,0.0</coordinates>
                </Point>
                <Point id="35720">
                    <coordinates>10.21841,51.21679,0.0</coordinates>
                </Point>
                <Point id="35722">
                    <coordinates>10.2190986,51.216793899999985,0.0</coordinates>
                </Point>
                <Point id="35724">
                    <coordinates>10.2191283,51.216519099999985,0.0</coordinates>
                </Point>
                <Point id="35726">
                    <coordinates>10.2193272,51.2167122,0.0</coordinates>
                </Point>
                <Point id="35728">
                    <coordinates>10.2193815,51.216441800000005,0.0</coordinates>
                </Point>
                <Point id="35730">
                    <coordinates>10.2197575,51.21648979999999,0.0</coordinates>
                </Point>
                <Point id="35732">
                    <coordinates>10.21981,51.21627999999999,0.0</coordinates>
                </Point>
                <Point id="35734">
                    <coordinates>10.22019,51.2163379,0.0</coordinates>
                </Point>
                <Point id="35736">
                    <coordinates>10.220538399999999,51.216244599999996,0.0</coordinates>
                </Point>
                <Point id="35738">
                    <coordinates>10.2210099,51.2160381,0.0</coordinates>
                </Point>
                <Point id="35740">
                    <coordinates>10.2213926,51.2159435,0.0</coordinates>
                </Point>
                <Point id="35742">
                    <coordinates>10.2216282,51.21582369999999,0.0</coordinates>
                </Point>
                <Point id="35744">
                    <coordinates>10.221854899999999,51.21567499999998,0.0</coordinates>
                </Point>
                <Point id="35746">
                    <coordinates>10.2220193,51.215585100000006,0.0</coordinates>
                </Point>
                <Point id="35748">
                    <coordinates>10.2221885,51.21549279999999,0.0</coordinates>
                </Point>
                <Point id="35750">
                    <coordinates>10.2223704,51.215393299999995,0.0</coordinates>
                </Point>
                <Point id="35752">
                    <coordinates>10.2220818,51.2151723,0.0</coordinates>
                </Point>
                <Point id="35754">
                    <coordinates>10.2226273,51.215254300000005,0.0</coordinates>
                </Point>
                <Point id="35756">
                    <coordinates>10.223184,51.215166499999995,0.0</coordinates>
                </Point>
                <Point id="35758">
                    <coordinates>10.223453,51.214039199999995,0.0</coordinates>
                </Point>
                <Point id="35760">
                    <coordinates>10.2239154,51.214019399999984,0.0</coordinates>
                </Point>
                <Point id="35762">
                    <coordinates>10.223796,51.21387490000001,0.0</coordinates>
                </Point>
                <Point id="35764">
                    <coordinates>10.223673999999999,51.21371289999999,0.0</coordinates>
                </Point>
                <Point id="35766">
                    <coordinates>10.2236164,51.2135336,0.0</coordinates>
                </Point>
                <Point id="35768">
                    <coordinates>10.223564199999998,51.213382599999996,0.0</coordinates>
                </Point>
                <Point id="35770">
                    <coordinates>10.2267629,51.213341799999995,0.0</coordinates>
                </Point>
                <Point id="35772">
                    <coordinates>10.2264563,51.2133971,0.0</coordinates>
                </Point>
                <Point id="35774">
                    <coordinates>10.226149999999999,51.21328999999999,0.0</coordinates>
                </Point>
                <Point id="35776">
                    <coordinates>10.2263052,51.21344179999999,0.0</coordinates>
                </Point>
                <Point id="35778">
                    <coordinates>10.22611,51.213570000000004,0.0</coordinates>
                </Point>
                <Point id="35780">
                    <coordinates>10.2258664,51.21363370000001,0.0</coordinates>
                </Point>
                <Point id="35782">
                    <coordinates>10.2257116,51.213680700000005,0.0</coordinates>
                </Point>
                <Point id="35784">
                    <coordinates>10.2255684,51.2138137,0.0</coordinates>
                </Point>
                <Point id="35786">
                    <coordinates>10.2255833,51.21365090000001,0.0</coordinates>
                </Point>
                <Point id="35788">
                    <coordinates>10.2254439,51.213924,0.0</coordinates>
                </Point>
                <Point id="35790">
                    <coordinates>10.2261383,51.21479709999999,0.0</coordinates>
                </Point>
                <Point id="35792">
                    <coordinates>10.2262481,51.214574899999995,0.0</coordinates>
                </Point>
                <Point id="35794">
                    <coordinates>10.22094,51.212889999999994,0.0</coordinates>
                </Point>
                <Point id="35796">
                    <coordinates>10.220769999999998,51.21287999999999,0.0</coordinates>
                </Point>
                <Point id="35798">
                    <coordinates>10.2207412,51.2125546,0.0</coordinates>
                </Point>
                <Point id="35800">
                    <coordinates>10.22077,51.21233,0.0</coordinates>
                </Point>
                <Point id="35802">
                    <coordinates>10.2210076,51.21242899999999,0.0</coordinates>
                </Point>
                <Point id="35804">
                    <coordinates>10.2212327,51.2123846,0.0</coordinates>
                </Point>
                <Point id="35806">
                    <coordinates>10.221474799999998,51.212334599999984,0.0</coordinates>
                </Point>
                <Point id="35808">
                    <coordinates>10.22185,51.21199,0.0</coordinates>
                </Point>
                <Point id="35810">
                    <coordinates>10.222540000000002,51.21181,0.0</coordinates>
                </Point>
                <Point id="35812">
                    <coordinates>10.221680000000001,51.21181,0.0</coordinates>
                </Point>
                <Point id="35814">
                    <coordinates>10.22175,51.21159999999999,0.0</coordinates>
                </Point>
                <Point id="35816">
                    <coordinates>10.22186,51.21129999999999,0.0</coordinates>
                </Point>
                <Point id="35818">
                    <coordinates>10.2216274,51.211288700000004,0.0</coordinates>
                </Point>
                <Point id="35820">
                    <coordinates>10.2214367,51.2115985,0.0</coordinates>
                </Point>
                <Point id="35822">
                    <coordinates>10.22126,51.21163,0.0</coordinates>
                </Point>
                <Point id="35824">
                    <coordinates>10.2209253,51.211728199999996,0.0</coordinates>
                </Point>
                <Point id="35826">
                    <coordinates>10.2207001,51.21175139999999,0.0</coordinates>
                </Point>
                <Point id="35828">
                    <coordinates>10.2253328,51.2121952,0.0</coordinates>
                </Point>
                <Point id="35830">
                    <coordinates>10.2252052,51.21214299999999,0.0</coordinates>
                </Point>
                <Point id="35832">
                    <coordinates>10.2254016,51.2121193,0.0</coordinates>
                </Point>
                <Point id="35834">
                    <coordinates>10.22561,51.21205,0.0</coordinates>
                </Point>
                <Point id="35836">
                    <coordinates>10.225416099999999,51.2118908,0.0</coordinates>
                </Point>
                <Point id="35838">
                    <coordinates>10.22563,51.21195999999999,0.0</coordinates>
                </Point>
                <Point id="35840">
                    <coordinates>10.225659999999998,51.21182999999999,0.0</coordinates>
                </Point>
                <Point id="35842">
                    <coordinates>10.22565,51.21176,0.0</coordinates>
                </Point>
                <Point id="35844">
                    <coordinates>10.2255177,51.211794499999996,0.0</coordinates>
                </Point>
                <Point id="35846">
                    <coordinates>10.22561,51.211569999999995,0.0</coordinates>
                </Point>
                <Point id="35848">
                    <coordinates>10.22583,51.211139999999986,0.0</coordinates>
                </Point>
                <Point id="35850">
                    <coordinates>10.225937599999998,51.211265399999995,0.0</coordinates>
                </Point>
                <Point id="35852">
                    <coordinates>10.2262364,51.2112946,0.0</coordinates>
                </Point>
                <Point id="35854">
                    <coordinates>10.22647,51.21113999999999,0.0</coordinates>
                </Point>
                <Point id="35856">
                    <coordinates>10.2266677,51.2110449,0.0</coordinates>
                </Point>
                <Point id="35858">
                    <coordinates>10.2268834,51.21096459999998,0.0</coordinates>
                </Point>
                <Point id="35860">
                    <coordinates>10.2271507,51.21083730000001,0.0</coordinates>
                </Point>
                <Point id="35862">
                    <coordinates>10.2279906,51.2103537,0.0</coordinates>
                </Point>
                <Point id="35864">
                    <coordinates>10.22797,51.21019,0.0</coordinates>
                </Point>
                <Point id="35866">
                    <coordinates>10.2282128,51.2103069,0.0</coordinates>
                </Point>
                <Point id="35868">
                    <coordinates>10.2268708,51.21073499999999,0.0</coordinates>
                </Point>
                <Point id="35870">
                    <coordinates>10.22651,51.21089,0.0</coordinates>
                </Point>
                <Point id="35872">
                    <coordinates>10.2263032,51.2109234,0.0</coordinates>
                </Point>
                <Point id="35874">
                    <coordinates>10.22614,51.21083999999999,0.0</coordinates>
                </Point>
                <Point id="35876">
                    <coordinates>10.2261809,51.2109614,0.0</coordinates>
                </Point>
                <Point id="35878">
                    <coordinates>10.2260636,51.2110473,0.0</coordinates>
                </Point>
                <Point id="35880">
                    <coordinates>10.2257566,51.2112177,0.0</coordinates>
                </Point>
                <Point id="35882">
                    <coordinates>10.2254358,51.2111797,0.0</coordinates>
                </Point>
                <Point id="35884">
                    <coordinates>10.2252976,51.211213699999995,0.0</coordinates>
                </Point>
                <Point id="35886">
                    <coordinates>10.2249769,51.2113464,0.0</coordinates>
                </Point>
                <Point id="35888">
                    <coordinates>10.224646199999999,51.21129719999998,0.0</coordinates>
                </Point>
                <Point id="35890">
                    <coordinates>10.2225999,51.2126952,0.0</coordinates>
                </Point>
                <Point id="35892">
                    <coordinates>10.222830000000002,51.21251,0.0</coordinates>
                </Point>
                <Point id="35894">
                    <coordinates>10.2229013,51.212308,0.0</coordinates>
                </Point>
                <Point id="35896">
                    <coordinates>10.2231712,51.2124526,0.0</coordinates>
                </Point>
                <Point id="35898">
                    <coordinates>10.2231139,51.2121945,0.0</coordinates>
                </Point>
                <Point id="35900">
                    <coordinates>10.2233724,51.2123482,0.0</coordinates>
                </Point>
                <Point id="35902">
                    <coordinates>10.2236399,51.21225929999999,0.0</coordinates>
                </Point>
                <Point id="35904">
                    <coordinates>10.22359,51.21211,0.0</coordinates>
                </Point>
                <Point id="35906">
                    <coordinates>10.223883,51.2121353,0.0</coordinates>
                </Point>
                <Point id="35908">
                    <coordinates>10.2239949,51.2120966,0.0</coordinates>
                </Point>
                <Point id="35910">
                    <coordinates>10.224273399999998,51.21200569999999,0.0</coordinates>
                </Point>
                <Point id="35912">
                    <coordinates>10.224480899999998,51.2119188,0.0</coordinates>
                </Point>
                <Point id="35914">
                    <coordinates>10.2247608,51.21187449999999,0.0</coordinates>
                </Point>
                <Point id="35916">
                    <coordinates>10.224360499999998,51.2117375,0.0</coordinates>
                </Point>
                <Point id="35918">
                    <coordinates>10.2242971,51.211623,0.0</coordinates>
                </Point>
                <Point id="35920">
                    <coordinates>10.224450000000001,51.21154000000001,0.0</coordinates>
                </Point>
                <Point id="35922">
                    <coordinates>10.2236805,51.2116075,0.0</coordinates>
                </Point>
                <Point id="35924">
                    <coordinates>10.22332,51.211679999999994,0.0</coordinates>
                </Point>
                <Point id="35926">
                    <coordinates>10.2141099,51.2160405,0.0</coordinates>
                </Point>
                <Point id="35928">
                    <coordinates>10.2139606,51.21594879999999,0.0</coordinates>
                </Point>
                <Point id="35930">
                    <coordinates>10.21385,51.21623000000001,0.0</coordinates>
                </Point>
                <Point id="35932">
                    <coordinates>10.21433,51.21585000000001,0.0</coordinates>
                </Point>
                <Point id="35934">
                    <coordinates>10.214362199999998,51.21602870000001,0.0</coordinates>
                </Point>
                <Point id="35936">
                    <coordinates>10.2145,51.215799999999994,0.0</coordinates>
                </Point>
                <Point id="35938">
                    <coordinates>10.2146342,51.2159546,0.0</coordinates>
                </Point>
                <Point id="35940">
                    <coordinates>10.21464,51.21579,0.0</coordinates>
                </Point>
                <Point id="35942">
                    <coordinates>10.2148404,51.21593219999999,0.0</coordinates>
                </Point>
                <Point id="35944">
                    <coordinates>10.21482,51.21577,0.0</coordinates>
                </Point>
                <Point id="35946">
                    <coordinates>10.21497,51.21575000000001,0.0</coordinates>
                </Point>
                <Point id="35948">
                    <coordinates>10.2151918,51.21574350000001,0.0</coordinates>
                </Point>
                <Point id="35950">
                    <coordinates>10.2152155,51.21588559999999,0.0</coordinates>
                </Point>
                <Point id="35952">
                    <coordinates>10.21528,51.215709999999994,0.0</coordinates>
                </Point>
                <Point id="35954">
                    <coordinates>10.215449999999999,51.215689999999995,0.0</coordinates>
                </Point>
                <Point id="35956">
                    <coordinates>10.215664199999999,51.215834599999994,0.0</coordinates>
                </Point>
                <Point id="35958">
                    <coordinates>10.2158058,51.2158127,0.0</coordinates>
                </Point>
                <Point id="35960">
                    <coordinates>10.21575,51.21567,0.0</coordinates>
                </Point>
                <Point id="35962">
                    <coordinates>10.2159676,51.21579659999999,0.0</coordinates>
                </Point>
                <Point id="35964">
                    <coordinates>10.216009999999999,51.21557000000001,0.0</coordinates>
                </Point>
                <Point id="35966">
                    <coordinates>10.216152599999997,51.21577159999999,0.0</coordinates>
                </Point>
                <Point id="35968">
                    <coordinates>10.2164434,51.2159159,0.0</coordinates>
                </Point>
                <Point id="35970">
                    <coordinates>10.2162,51.215540000000004,0.0</coordinates>
                </Point>
                <Point id="35972">
                    <coordinates>10.21643,51.215599999999995,0.0</coordinates>
                </Point>
                <Point id="35974">
                    <coordinates>10.2166025,51.21577849999999,0.0</coordinates>
                </Point>
                <Point id="35976">
                    <coordinates>10.2168,51.21554999999999,0.0</coordinates>
                </Point>
                <Point id="35978">
                    <coordinates>10.2168334,51.21575059999999,0.0</coordinates>
                </Point>
                <Point id="35980">
                    <coordinates>10.2170774,51.2155346,0.0</coordinates>
                </Point>
                <Point id="35982">
                    <coordinates>10.2175391,51.21651949999999,0.0</coordinates>
                </Point>
                <Point id="35984">
                    <coordinates>10.2172714,51.215622399999994,0.0</coordinates>
                </Point>
                <Point id="35986">
                    <coordinates>10.2173964,51.21557990000001,0.0</coordinates>
                </Point>
                <Point id="35988">
                    <coordinates>10.21733,51.215419999999995,0.0</coordinates>
                </Point>
                <Point id="35990">
                    <coordinates>10.217631400000002,51.21553490000001,0.0</coordinates>
                </Point>
                <Point id="35992">
                    <coordinates>10.217793,51.21549679999999,0.0</coordinates>
                </Point>
                <Point id="35994">
                    <coordinates>10.2178949,51.21547859999999,0.0</coordinates>
                </Point>
                <Point id="35996">
                    <coordinates>10.2180625,51.2154272,0.0</coordinates>
                </Point>
                <Point id="35998">
                    <coordinates>10.21791,51.21526,0.0</coordinates>
                </Point>
                <Point id="36000">
                    <coordinates>10.2181985,51.215399299999994,0.0</coordinates>
                </Point>
                <Point id="36002">
                    <coordinates>10.218437699999999,51.21530779999998,0.0</coordinates>
                </Point>
                <Point id="36004">
                    <coordinates>10.218566400000002,51.2152727,0.0</coordinates>
                </Point>
                <Point id="36006">
                    <coordinates>10.218697,51.2152221,0.0</coordinates>
                </Point>
                <Point id="36008">
                    <coordinates>10.2189345,51.2149262,0.0</coordinates>
                </Point>
                <Point id="36010">
                    <coordinates>10.2189687,51.2150861,0.0</coordinates>
                </Point>
                <Point id="36012">
                    <coordinates>10.2193109,51.214932499999996,0.0</coordinates>
                </Point>
                <Point id="36014">
                    <coordinates>10.219407300000002,51.2148667,0.0</coordinates>
                </Point>
                <Point id="36016">
                    <coordinates>10.219656799999997,51.2149805,0.0</coordinates>
                </Point>
                <Point id="36018">
                    <coordinates>10.2195827,51.2147258,0.0</coordinates>
                </Point>
                <Point id="36020">
                    <coordinates>10.2197109,51.2146624,0.0</coordinates>
                </Point>
                <Point id="36022">
                    <coordinates>10.219999499999998,51.21451569999999,0.0</coordinates>
                </Point>
                <Point id="36024">
                    <coordinates>10.220142,51.214470799999994,0.0</coordinates>
                </Point>
                <Point id="36026">
                    <coordinates>10.2203128,51.21441779999999,0.0</coordinates>
                </Point>
                <Point id="36028">
                    <coordinates>10.2205423,51.21435569999999,0.0</coordinates>
                </Point>
                <Point id="36030">
                    <coordinates>10.220418,51.21413940000001,0.0</coordinates>
                </Point>
                <Point id="36032">
                    <coordinates>10.2206883,51.21430670000001,0.0</coordinates>
                </Point>
                <Point id="36034">
                    <coordinates>10.22053,51.21414000000001,0.0</coordinates>
                </Point>
                <Point id="36036">
                    <coordinates>10.2208003,51.214261599999986,0.0</coordinates>
                </Point>
                <Point id="36038">
                    <coordinates>10.2208955,51.2142045,0.0</coordinates>
                </Point>
                <Point id="36040">
                    <coordinates>10.22099,51.2142,0.0</coordinates>
                </Point>
                <Point id="36042">
                    <coordinates>10.221051899999999,51.21412349999999,0.0</coordinates>
                </Point>
                <Point id="36044">
                    <coordinates>10.2211695,51.214063599999996,0.0</coordinates>
                </Point>
                <Point id="36046">
                    <coordinates>10.22094,51.21392000000001,0.0</coordinates>
                </Point>
                <Point id="36048">
                    <coordinates>10.221069999999997,51.213899999999995,0.0</coordinates>
                </Point>
                <Point id="36050">
                    <coordinates>10.2213073,51.2139877,0.0</coordinates>
                </Point>
                <Point id="36052">
                    <coordinates>10.22116,51.213819999999984,0.0</coordinates>
                </Point>
                <Point id="36054">
                    <coordinates>10.221386,51.213939599999996,0.0</coordinates>
                </Point>
                <Point id="36056">
                    <coordinates>10.2215091,51.21385419999999,0.0</coordinates>
                </Point>
                <Point id="36058">
                    <coordinates>10.2216477,51.2137899,0.0</coordinates>
                </Point>
                <Point id="36060">
                    <coordinates>10.22151,51.21366999999999,0.0</coordinates>
                </Point>
                <Point id="36062">
                    <coordinates>10.2217778,51.213720200000004,0.0</coordinates>
                </Point>
                <Point id="36064">
                    <coordinates>10.2220779,51.213751800000004,0.0</coordinates>
                </Point>
                <Point id="36066">
                    <coordinates>10.2220467,51.2135824,0.0</coordinates>
                </Point>
                <Point id="36068">
                    <coordinates>10.2222256,51.213487499999985,0.0</coordinates>
                </Point>
                <Point id="36070">
                    <coordinates>10.222397200000001,51.2137103,0.0</coordinates>
                </Point>
                <Point id="36072">
                    <coordinates>10.2223803,51.213406799999994,0.0</coordinates>
                </Point>
                <Point id="36074">
                    <coordinates>10.2226693,51.213259999999984,0.0</coordinates>
                </Point>
                <Point id="36076">
                    <coordinates>10.2228029,51.213214,0.0</coordinates>
                </Point>
                <Point id="36078">
                    <coordinates>10.2230217,51.2131543,0.0</coordinates>
                </Point>
                <Point id="36080">
                    <coordinates>10.22377,51.212979999999995,0.0</coordinates>
                </Point>
                <Point id="36082">
                    <coordinates>10.2239732,51.21297139999999,0.0</coordinates>
                </Point>
                <Point id="36084">
                    <coordinates>10.2241207,51.213039599999995,0.0</coordinates>
                </Point>
                <Point id="36086">
                    <coordinates>10.2243024,51.21292369999999,0.0</coordinates>
                </Point>
                <Point id="36088">
                    <coordinates>10.2244477,51.2132117,0.0</coordinates>
                </Point>
                <Point id="36090">
                    <coordinates>10.2244787,51.21296219999999,0.0</coordinates>
                </Point>
                <Point id="36092">
                    <coordinates>10.224589999999997,51.21282999999999,0.0</coordinates>
                </Point>
                <Point id="36094">
                    <coordinates>10.2247793,51.2129066,0.0</coordinates>
                </Point>
                <Point id="36096">
                    <coordinates>10.2249523,51.212776799999986,0.0</coordinates>
                </Point>
                <Point id="36098">
                    <coordinates>10.2250305,51.2128589,0.0</coordinates>
                </Point>
                <Point id="36100">
                    <coordinates>10.22486,51.21285999999999,0.0</coordinates>
                </Point>
                <Point id="36102">
                    <coordinates>10.2253385,51.2129715,0.0</coordinates>
                </Point>
                <Point id="36104">
                    <coordinates>10.2257651,51.2126961,0.0</coordinates>
                </Point>
                <Point id="36106">
                    <coordinates>10.2262,51.21274,0.0</coordinates>
                </Point>
                <Point id="36108">
                    <coordinates>10.22644,51.21281,0.0</coordinates>
                </Point>
                <Point id="36110">
                    <coordinates>10.22664,51.212849999999996,0.0</coordinates>
                </Point>
                <Point id="36112">
                    <coordinates>10.2266699,51.213013600000004,0.0</coordinates>
                </Point>
                <Point id="36114">
                    <coordinates>10.22689,51.212889999999994,0.0</coordinates>
                </Point>
                <Point id="36116">
                    <coordinates>10.22714,51.21305000000001,0.0</coordinates>
                </Point>
                <Point id="36118">
                    <coordinates>10.2269452,51.21313799999999,0.0</coordinates>
                </Point>
                <Point id="36120">
                    <coordinates>10.2272461,51.213255,0.0</coordinates>
                </Point>
                <Point id="36122">
                    <coordinates>10.227488000000001,51.21318769999999,0.0</coordinates>
                </Point>
                <Point id="36124">
                    <coordinates>10.227430000000002,51.213080000000005,0.0</coordinates>
                </Point>
                <Point id="36126">
                    <coordinates>10.227830299999999,51.21312739999999,0.0</coordinates>
                </Point>
                <Point id="36128">
                    <coordinates>10.2278,51.213029999999996,0.0</coordinates>
                </Point>
                <Point id="36130">
                    <coordinates>10.2279607,51.2130985,0.0</coordinates>
                </Point>
                <Point id="36132">
                    <coordinates>10.227983699999998,51.213002599999996,0.0</coordinates>
                </Point>
                <Point id="36134">
                    <coordinates>10.2281256,51.2130624,0.0</coordinates>
                </Point>
                <Point id="36136">
                    <coordinates>10.2282656,51.2129325,0.0</coordinates>
                </Point>
                <Point id="36138">
                    <coordinates>10.228400799999998,51.2130046,0.0</coordinates>
                </Point>
                <Point id="36140">
                    <coordinates>10.2284006,51.21290309999999,0.0</coordinates>
                </Point>
                <Point id="36142">
                    <coordinates>10.2285626,51.2129668,0.0</coordinates>
                </Point>
                <Point id="36144">
                    <coordinates>10.2285763,51.21286130000001,0.0</coordinates>
                </Point>
                <Point id="36146">
                    <coordinates>10.228672,51.21293719999999,0.0</coordinates>
                </Point>
                <Point id="36148">
                    <coordinates>10.228841800000001,51.212789799999996,0.0</coordinates>
                </Point>
                <Point id="36150">
                    <coordinates>10.2289068,51.212873300000005,0.0</coordinates>
                </Point>
                <Point id="36152">
                    <coordinates>10.2290047,51.21275020000001,0.0</coordinates>
                </Point>
                <Point id="36154">
                    <coordinates>10.2286409,51.21236509999999,0.0</coordinates>
                </Point>
                <Point id="36156">
                    <coordinates>10.2290571,51.2128337,0.0</coordinates>
                </Point>
                <Point id="36158">
                    <coordinates>10.2291025,51.21272119999999,0.0</coordinates>
                </Point>
                <Point id="36160">
                    <coordinates>10.2291706,51.21281009999999,0.0</coordinates>
                </Point>
                <Point id="36162">
                    <coordinates>10.22933,51.21280000000001,0.0</coordinates>
                </Point>
                <Point id="36164">
                    <coordinates>10.2292416,51.2126879,0.0</coordinates>
                </Point>
                <Point id="36166">
                    <coordinates>10.22931,51.2125,0.0</coordinates>
                </Point>
                <Point id="36168">
                    <coordinates>10.22949,51.21263,0.0</coordinates>
                </Point>
                <Point id="36170">
                    <coordinates>10.2297481,51.212675299999994,0.0</coordinates>
                </Point>
                <Point id="36172">
                    <coordinates>10.22965,51.21259,0.0</coordinates>
                </Point>
                <Point id="36174">
                    <coordinates>10.22974,51.21258,0.0</coordinates>
                </Point>
                <Point id="36176">
                    <coordinates>10.2299628,51.212627499999996,0.0</coordinates>
                </Point>
                <Point id="36178">
                    <coordinates>10.22988,51.21251999999999,0.0</coordinates>
                </Point>
                <Point id="36180">
                    <coordinates>10.229969999999998,51.2125,0.0</coordinates>
                </Point>
                <Point id="36182">
                    <coordinates>10.2305625,51.21258709999999,0.0</coordinates>
                </Point>
                <Point id="36184">
                    <coordinates>10.2302392,51.21244620000001,0.0</coordinates>
                </Point>
                <Point id="36186">
                    <coordinates>10.2308278,51.21253949999999,0.0</coordinates>
                </Point>
                <Point id="36188">
                    <coordinates>10.2306726,51.212324900000006,0.0</coordinates>
                </Point>
                <Point id="36190">
                    <coordinates>10.2310324,51.212512399999994,0.0</coordinates>
                </Point>
                <Point id="36192">
                    <coordinates>10.2312478,51.212506299999994,0.0</coordinates>
                </Point>
                <Point id="36194">
                    <coordinates>10.2308591,51.2122456,0.0</coordinates>
                </Point>
                <Point id="36196">
                    <coordinates>10.231083200000002,51.2121584,0.0</coordinates>
                </Point>
                <Point id="36198">
                    <coordinates>10.2313216,51.21208179999999,0.0</coordinates>
                </Point>
                <Point id="36200">
                    <coordinates>10.2315547,51.21190409999999,0.0</coordinates>
                </Point>
                <Point id="36202">
                    <coordinates>10.2320721,51.212151,0.0</coordinates>
                </Point>
                <Point id="36204">
                    <coordinates>10.227660000000002,51.213350000000005,0.0</coordinates>
                </Point>
                <Point id="36206">
                    <coordinates>10.2276804,51.213484599999994,0.0</coordinates>
                </Point>
                <Point id="36208">
                    <coordinates>10.2275754,51.2134166,0.0</coordinates>
                </Point>
                <Point id="36210">
                    <coordinates>10.227447399999999,51.213573999999994,0.0</coordinates>
                </Point>
                <Point id="36212">
                    <coordinates>10.227812200000002,51.2136852,0.0</coordinates>
                </Point>
                <Point id="36214">
                    <coordinates>10.2278959,51.213828599999985,0.0</coordinates>
                </Point>
                <Point id="36216">
                    <coordinates>10.220917099999998,51.216896899999995,0.0</coordinates>
                </Point>
                <Point id="36218">
                    <coordinates>10.220530399999998,51.2170049,0.0</coordinates>
                </Point>
                <Point id="36220">
                    <coordinates>10.2205524,51.21709169999998,0.0</coordinates>
                </Point>
                <Point id="36222">
                    <coordinates>10.2206056,51.2173021,0.0</coordinates>
                </Point>
                <Point id="36224">
                    <coordinates>10.222698699999999,51.2129176,0.0</coordinates>
                </Point>
                <Point id="36226">
                    <coordinates>10.2224131,51.2127779,0.0</coordinates>
                </Point>
                <Point id="36228">
                    <coordinates>10.2224933,51.21271149999998,0.0</coordinates>
                </Point>
                <Point id="36230">
                    <coordinates>10.2221532,51.2125859,0.0</coordinates>
                </Point>
                <Point id="36232">
                    <coordinates>10.221963300000002,51.2126464,0.0</coordinates>
                </Point>
                <Point id="36234">
                    <coordinates>10.2218935,51.2126678,0.0</coordinates>
                </Point>
                <Point id="36236">
                    <coordinates>10.2213665,51.2129142,0.0</coordinates>
                </Point>
                <Point id="36238">
                    <coordinates>10.2202576,51.2132183,0.0</coordinates>
                </Point>
                <Point id="36240">
                    <coordinates>10.219675999999998,51.213192699999986,0.0</coordinates>
                </Point>
                <Point id="36242">
                    <coordinates>10.2197633,51.2130307,0.0</coordinates>
                </Point>
                <Point id="36244">
                    <coordinates>10.219798,51.2128541,0.0</coordinates>
                </Point>
                <Point id="36246">
                    <coordinates>10.219773,51.212778199999995,0.0</coordinates>
                </Point>
                <Point id="36248">
                    <coordinates>10.2197196,51.21254129999999,0.0</coordinates>
                </Point>
                <Point id="36250">
                    <coordinates>10.2195271,51.2125843,0.0</coordinates>
                </Point>
                <Point id="36252">
                    <coordinates>10.219159999999999,51.21265999999999,0.0</coordinates>
                </Point>
                <Point id="36254">
                    <coordinates>10.2189549,51.212934899999986,0.0</coordinates>
                </Point>
                <Point id="36256">
                    <coordinates>10.2183375,51.212931399999995,0.0</coordinates>
                </Point>
                <Point id="36258">
                    <coordinates>10.21808,51.21276999999999,0.0</coordinates>
                </Point>
                <Point id="36260">
                    <coordinates>10.2180963,51.21294699999999,0.0</coordinates>
                </Point>
                <Point id="36262">
                    <coordinates>10.217950000000002,51.212770000000006,0.0</coordinates>
                </Point>
                <Point id="36264">
                    <coordinates>10.2179831,51.2129575,0.0</coordinates>
                </Point>
                <Point id="36266">
                    <coordinates>10.2177476,51.21297590000001,0.0</coordinates>
                </Point>
                <Point id="36268">
                    <coordinates>10.217619099999999,51.21298139999999,0.0</coordinates>
                </Point>
                <Point id="36270">
                    <coordinates>10.2174086,51.21300229999999,0.0</coordinates>
                </Point>
                <Point id="36272">
                    <coordinates>10.21746,51.21281,0.0</coordinates>
                </Point>
                <Point id="36274">
                    <coordinates>10.2172501,51.21301069999999,0.0</coordinates>
                </Point>
                <Point id="36276">
                    <coordinates>10.2171072,51.2130238,0.0</coordinates>
                </Point>
                <Point id="36278">
                    <coordinates>10.216886,51.213048900000004,0.0</coordinates>
                </Point>
                <Point id="36280">
                    <coordinates>10.2168233,51.21270629999999,0.0</coordinates>
                </Point>
                <Point id="36282">
                    <coordinates>10.21655,51.21274999999999,0.0</coordinates>
                </Point>
                <Point id="36284">
                    <coordinates>10.2167773,51.21306150000001,0.0</coordinates>
                </Point>
                <Point id="36286">
                    <coordinates>10.2165461,51.2130813,0.0</coordinates>
                </Point>
                <Point id="36288">
                    <coordinates>10.216371599999999,51.213098699999996,0.0</coordinates>
                </Point>
                <Point id="36290">
                    <coordinates>10.2161908,51.213117999999994,0.0</coordinates>
                </Point>
                <Point id="36292">
                    <coordinates>10.215933499999998,51.21316609999999,0.0</coordinates>
                </Point>
                <Point id="36294">
                    <coordinates>10.215759699999998,51.213155699999994,0.0</coordinates>
                </Point>
                <Point id="36296">
                    <coordinates>10.215491,51.213174099999996,0.0</coordinates>
                </Point>
                <Point id="36298">
                    <coordinates>10.215082,51.21338859999999,0.0</coordinates>
                </Point>
                <Point id="36300">
                    <coordinates>10.21478,51.21325999999999,0.0</coordinates>
                </Point>
                <Point id="36302">
                    <coordinates>10.214830599999999,51.21353659999999,0.0</coordinates>
                </Point>
                <Point id="36304">
                    <coordinates>10.2143618,51.2137184,0.0</coordinates>
                </Point>
                <Point id="36306">
                    <coordinates>10.213900499999998,51.21382839999998,0.0</coordinates>
                </Point>
                <Point id="36308">
                    <coordinates>10.2141096,51.21526829999999,0.0</coordinates>
                </Point>
            </MultiGeometry>
        </Placemark>
    </Document>
</kml>
