<?xml version="1.0" encoding="UTF-8"?>
<kml xmlns="http://www.opengis.net/kml/2.2" xmlns:gx="http://www.google.com/kml/ext/2.2">
    <Document id="10957">
        <Style id="12886">
            <IconStyle id="12887">
                <color>ff0000ff</color>
                <colorMode>normal</colorMode>
                <scale>1</scale>
                <heading>0</heading>
                <Icon id="12888">
                    <href>http://maps.google.com/mapfiles/kml/pushpin/ylw-pushpin.png</href>
                </Icon>
            </IconStyle>
            <LineStyle id="12889">
                <color>ff0000ff</color>
                <colorMode>normal</colorMode>
                <width>5</width>
            </LineStyle>
        </Style>
        <Style id="13458">
            <IconStyle id="13460">
                <colorMode>normal</colorMode>
                <scale>1</scale>
                <heading>0</heading>
                <Icon id="13461">
                    <href>http://maps.google.com/mapfiles/kml/shapes/placemark_circle.png</href>
                </Icon>
            </IconStyle>
            <LabelStyle id="13459">
                <colorMode>normal</colorMode>
                <scale>0.0</scale>
            </LabelStyle>
        </Style>
        <open>1</open>
        <Placemark id="10959">
            <name>MultiLine</name>
            <styleUrl>#12886</styleUrl>
            <MultiGeometry id="10958">
                <LineString id="10960">
                    <coordinates>10.998411067405101,51.140418803711796,0.0 10.9984326956658,51.1404236810645,0.0</coordinates>
                </LineString>
                <LineString id="10962">
                    <coordinates>10.998858167387798,51.1389715034883,0.0 10.998858681462698,51.13896887411659,0.0</coordinates>
                </LineString>
                <LineString id="10964">
                    <coordinates>10.9987182349095,51.14002648377029,0.0 10.9990406302959,51.14004135892431,0.0</coordinates>
                </LineString>
                <LineString id="10966">
                    <coordinates>10.9978237689751,51.13922501982119,0.0 10.9978986171759,51.1392512613868,0.0</coordinates>
                </LineString>
                <LineString id="10968">
                    <coordinates>10.9972548383269,51.1392835544316,0.0 10.997211323769601,51.139276538707,0.0</coordinates>
                </LineString>
                <LineString id="10970">
                    <coordinates>11.000139873191802,51.13926346579489,0.0 11.0000144676667,51.1392452792518,0.0</coordinates>
                </LineString>
                <LineString id="10972">
                    <coordinates>10.9991726009542,51.1392956297865,0.0 10.9989962065973,51.13931081359929,0.0 10.998894907746,51.1393196731336,0.0</coordinates>
                </LineString>
                <LineString id="10974">
                    <coordinates>10.9978699257154,51.138644376707695,0.0 10.9978628714765,51.1386005939197,0.0</coordinates>
                </LineString>
                <LineString id="10976">
                    <coordinates>10.997857354782402,51.1390549753502,0.0 10.9977699350376,51.139049102975996,0.0</coordinates>
                </LineString>
                <LineString id="10978">
                    <coordinates>10.9975811718924,51.1387240808278,0.0 10.997866845883,51.13875171466059,0.0</coordinates>
                </LineString>
                <LineString id="10980">
                    <coordinates>11.0025075243512,51.13953658484639,0.0 11.002498312957398,51.13953768388549,0.0</coordinates>
                </LineString>
                <LineString id="10982">
                    <coordinates>11.0002559553866,51.14078190396269,0.0 11.0002728852961,51.14078468236139,0.0</coordinates>
                </LineString>
                <LineString id="10984">
                    <coordinates>10.9988362415715,51.1389348116835,0.0 10.9987576669097,51.1389414834268,0.0 10.9986769587518,51.13894836158631,0.0</coordinates>
                </LineString>
                <LineString id="10986">
                    <coordinates>10.9966949629956,51.1399549423436,0.0 10.9967581887259,51.139960356413695,0.0 10.9968904439082,51.139970416203205,0.0</coordinates>
                </LineString>
                <LineString id="10988">
                    <coordinates>10.9963280151427,51.13993219080199,0.0 10.996342506788,51.1399327285829,0.0</coordinates>
                </LineString>
                <LineString id="10990">
                    <coordinates>10.9973336474121,51.14026004580279,0.0 10.997298057654602,51.1402664466397,0.0</coordinates>
                </LineString>
                <LineString id="10992">
                    <coordinates>10.997488773331298,51.14024996780719,0.0 10.9974848760588,51.14024979958599,0.0 10.9974432698549,51.1402489757248,0.0</coordinates>
                </LineString>
                <LineString id="10994">
                    <coordinates>11.0014088284507,51.14104876884419,0.0 11.0014271738403,51.141080674428,0.0 11.001435645291599,51.1411331254428,0.0 11.0014443753784,51.141191475427604,0.0</coordinates>
                </LineString>
                <LineString id="10996">
                    <coordinates>11.004697873246402,51.14083581196609,0.0 11.0046935016445,51.140844413184695,0.0</coordinates>
                </LineString>
                <LineString id="10998">
                    <coordinates>10.999982911754,51.1401362842584,0.0 10.9999350281082,51.14021905002879,0.0</coordinates>
                </LineString>
                <LineString id="11000">
                    <coordinates>10.9988628472386,51.1392917487767,0.0 10.9988622239273,51.1393225666372,0.0</coordinates>
                </LineString>
                <LineString id="11002">
                    <coordinates>10.9976693830711,51.13898385374219,0.0 10.9976575644658,51.13898261990211,0.0</coordinates>
                </LineString>
                <LineString id="11004">
                    <coordinates>10.996850344201,51.139175725731,0.0 10.9968509809528,51.139178652606496,0.0</coordinates>
                </LineString>
                <LineString id="11006">
                    <coordinates>11.0022727085932,51.1395535048804,0.0 11.0022471938205,51.13955592111301,0.0</coordinates>
                </LineString>
                <LineString id="11008">
                    <coordinates>11.0022471938205,51.13955592111301,0.0 11.0021673293171,51.1395627459528,0.0</coordinates>
                </LineString>
                <LineString id="11010">
                    <coordinates>11.0019122624241,51.13958182073059,0.0 11.0019022813413,51.1395821670736,0.0</coordinates>
                </LineString>
                <LineString id="11012">
                    <coordinates>11.002075364337,51.1390860406154,0.0 11.0021271341627,51.13909258558358,0.0</coordinates>
                </LineString>
                <LineString id="11014">
                    <coordinates>11.0027399084408,51.13952243020049,0.0 11.0028648766165,51.13951721179469,0.0 11.0029944531748,51.1395089942447,0.0 11.003211134351,51.139494138574086,0.0 11.0033437515952,51.1394966703801,0.0</coordinates>
                </LineString>
                <LineString id="11016">
                    <coordinates>11.001871445055,51.1401033273539,0.0 11.001911303511001,51.140092422103706,0.0</coordinates>
                </LineString>
                <LineString id="11018">
                    <coordinates>10.9982327786565,51.14061978122789,0.0 10.9982891904641,51.140606654809396,0.0</coordinates>
                </LineString>
                <LineString id="11020">
                    <coordinates>10.9979021786762,51.14121766579009,0.0 10.997892071977198,51.14117955589369,0.0 10.9978873511401,51.1411626341788,0.0 10.997887815763598,51.141157011061,0.0 10.9978920842211,51.14114465181989,0.0 10.9978955785771,51.1411317466116,0.0</coordinates>
                </LineString>
                <LineString id="11022">
                    <coordinates>11.0030429417185,51.139381907763784,0.0 11.0030479590312,51.1394209806225,0.0 11.002916238994702,51.139429881107894,0.0 11.0029169837807,51.139434444862395,0.0 11.0029148671035,51.1394345346954,0.0</coordinates>
                </LineString>
                <LineString id="11024">
                    <coordinates>11.0034450062575,51.14003767994979,0.0 11.0034443662658,51.1400481646284,0.0</coordinates>
                </LineString>
                <LineString id="11026">
                    <coordinates>11.0034464364898,51.14026671311699,0.0 11.0035515869273,51.14027082655011,0.0</coordinates>
                </LineString>
                <LineString id="11028">
                    <coordinates>10.995998691473797,51.14052236851649,0.0 10.9959832612313,51.14047481929469,0.0</coordinates>
                </LineString>
                <LineString id="11030">
                    <coordinates>10.9969438862045,51.1404004933155,0.0 10.9969401890915,51.140398340228586,0.0</coordinates>
                </LineString>
                <LineString id="11032">
                    <coordinates>10.999399422033699,51.138515160072686,0.0 10.9996195065265,51.13849936036701,0.0 10.9996731508734,51.1384958098527,0.0</coordinates>
                </LineString>
                <LineString id="11034">
                    <coordinates>10.997910253669302,51.1386771362959,0.0 10.9979055025735,51.1386774731484,0.0</coordinates>
                </LineString>
                <LineString id="11036">
                    <coordinates>10.9982300147041,51.138640942766,0.0 10.9982237894434,51.1386103449356,0.0</coordinates>
                </LineString>
                <LineString id="11038">
                    <coordinates>10.9976811378969,51.13892201139349,0.0 10.9976709200373,51.138926040827,0.0 10.9976575644658,51.13898261990211,0.0</coordinates>
                </LineString>
                <LineString id="11040">
                    <coordinates>10.9968589930167,51.13889978437659,0.0 10.9968609907206,51.1389117838062,0.0</coordinates>
                </LineString>
                <LineString id="11042">
                    <coordinates>10.997587235256102,51.1386723562646,0.0 10.9975975249255,51.138677550142894,0.0 10.997593237238497,51.1386927856855,0.0 10.9975811718924,51.1387240808278,0.0</coordinates>
                </LineString>
                <LineString id="11044">
                    <coordinates>10.9975840676072,51.13867017177661,0.0 10.997587235256102,51.1386723562646,0.0</coordinates>
                </LineString>
                <LineString id="11046">
                    <coordinates>10.9987230502475,51.1384442497234,0.0 10.998725796844997,51.13844674519209,0.0</coordinates>
                </LineString>
                <LineString id="11048">
                    <coordinates>11.002539841602799,51.141846854835094,0.0 11.0026158134761,51.1418305311727,0.0</coordinates>
                </LineString>
                <LineString id="11050">
                    <coordinates>11.0025179737016,51.14083272171369,0.0 11.0028056736983,51.14096807551519,0.0 11.0028326586989,51.1409412127005,0.0</coordinates>
                </LineString>
                <LineString id="11052">
                    <coordinates>11.0001976458006,51.13906938406629,0.0 11.0002021181846,51.13906872113639,0.0</coordinates>
                </LineString>
                <LineString id="11054">
                    <coordinates>10.9996423004321,51.138964905451694,0.0 10.9996487949867,51.1389844041205,0.0</coordinates>
                </LineString>
                <LineString id="11056">
                    <coordinates>10.9961272375636,51.139942891404694,0.0 10.9961553208802,51.13994066034069,0.0</coordinates>
                </LineString>
                <LineString id="11058">
                    <coordinates>10.9956575209838,51.139716015396104,0.0 10.9957253025691,51.1397169027266,0.0</coordinates>
                </LineString>
                <LineString id="11060">
                    <coordinates>11.000673533900597,51.13941888613291,0.0 11.0004854308593,51.13940323890589,0.0 11.0004027429401,51.1393627923819,0.0 11.000266958507,51.1392971725328,0.0</coordinates>
                </LineString>
                <LineString id="11062">
                    <coordinates>11.000762216065198,51.1394258997229,0.0 11.0007022616469,51.1394211989128,0.0</coordinates>
                </LineString>
                <LineString id="11064">
                    <coordinates>11.0007063975173,51.1393665992513,0.0 11.0007099745663,51.139377632299386,0.0 11.0007022616469,51.1394211989128,0.0</coordinates>
                </LineString>
                <LineString id="11066">
                    <coordinates>10.999761467422802,51.1406321560694,0.0 10.9997488250682,51.140674332135504,0.0</coordinates>
                </LineString>
                <LineString id="11068">
                    <coordinates>10.998816586755202,51.140509619594,0.0 10.9988923649249,51.1405240299894,0.0 10.999016887863498,51.14055542396309,0.0 10.999096357874098,51.14057290407679,0.0 10.9991544661798,51.14058374736269,0.0</coordinates>
                </LineString>
                <LineString id="11070">
                    <coordinates>10.9990206106892,51.1407051401722,0.0 10.9988874412576,51.1406823915401,0.0 10.9987586243237,51.140662556466,0.0 10.9987263793672,51.1406583254335,0.0 10.9986530225749,51.1406482323791,0.0</coordinates>
                </LineString>
                <LineString id="11072">
                    <coordinates>10.9990165703925,51.14089338862068,0.0 10.999012960416898,51.1408911644335,0.0</coordinates>
                </LineString>
                <LineString id="11074">
                    <coordinates>11.0017828096333,51.1425979452402,0.0 11.0018225012917,51.1425955421591,0.0</coordinates>
                </LineString>
                <LineString id="11076">
                    <coordinates>11.002768722464298,51.1428253848508,0.0 11.002739355183,51.142844703579684,0.0</coordinates>
                </LineString>
                <LineString id="11078">
                    <coordinates>11.0048521109478,51.1406835471194,0.0 11.004887650901598,51.140624234492,0.0</coordinates>
                </LineString>
                <LineString id="11080">
                    <coordinates>11.0048913025063,51.14061788337489,0.0 11.004887650901598,51.140624234492,0.0</coordinates>
                </LineString>
                <LineString id="11082">
                    <coordinates>11.004784165232103,51.1408843851345,0.0 11.0047233877643,51.141002981075296,0.0</coordinates>
                </LineString>
                <LineString id="11084">
                    <coordinates>11.0043775761698,51.1413790144348,0.0 11.0043736309343,51.1413877181469,0.0</coordinates>
                </LineString>
                <LineString id="11086">
                    <coordinates>11.0042094311523,51.140540432144995,0.0 11.0041734753217,51.14053598227089,0.0 11.0041490143853,51.1405305695057,0.0 11.0041509261615,51.14052672051749,0.0</coordinates>
                </LineString>
                <LineString id="11088">
                    <coordinates>11.0048131786233,51.14104700859189,0.0 11.0048329293871,51.1410482012923,0.0 11.004889286828503,51.141094731014306,0.0 11.0049016206405,51.14110460690021,0.0 11.0049035721149,51.1411068887139,0.0 11.005011088281,51.141112719859095,0.0 11.0050112618812,51.1411019795183,0.0</coordinates>
                </LineString>
                <LineString id="11090">
                    <coordinates>11.0000157672972,51.14007450514929,0.0 11.0000087420903,51.140074274327795,0.0</coordinates>
                </LineString>
                <LineString id="11092">
                    <coordinates>11.0046232334524,51.14110739006699,0.0 11.0046234280888,51.141104982679,0.0</coordinates>
                </LineString>
                <LineString id="11094">
                    <coordinates>11.0046186306057,51.14114137416189,0.0 11.0046232334524,51.14110739006699,0.0</coordinates>
                </LineString>
                <LineString id="11096">
                    <coordinates>10.9993911895345,51.13846500311109,0.0 10.999419449450599,51.1384624851286,0.0 10.9994160981616,51.1384350670665,0.0</coordinates>
                </LineString>
                <LineString id="11098">
                    <coordinates>10.9993519523336,51.1411831039101,0.0 10.9993718803827,51.14114765101309,0.0 10.9993754907009,51.1411412637576,0.0</coordinates>
                </LineString>
                <LineString id="11100">
                    <coordinates>10.9986370030803,51.140646971683005,0.0 10.9986010558006,51.14064412919349,0.0 10.998565002883801,51.140641546469105,0.0 10.998544385948902,51.1406407767674,0.0 10.9984967045967,51.140648629585684,0.0 10.9983952319673,51.140633010234694,0.0</coordinates>
                </LineString>
                <LineString id="11102">
                    <coordinates>10.998388798616299,51.14000947101109,0.0 10.9984850539717,51.14001057347608,0.0</coordinates>
                </LineString>
                <LineString id="11104">
                    <coordinates>10.9992917816949,51.14006214998039,0.0 10.9993162514589,51.14006447163331,0.0</coordinates>
                </LineString>
                <LineString id="11106">
                    <coordinates>10.999479868108299,51.140085286791184,0.0 10.9995280909538,51.1400906969376,0.0</coordinates>
                </LineString>
                <LineString id="11108">
                    <coordinates>11.0003027864923,51.13904336031809,0.0 11.0003090813502,51.1390330677838,0.0</coordinates>
                </LineString>
                <LineString id="11110">
                    <coordinates>11.0017160569713,51.14079117733239,0.0 11.0017492103551,51.1407393600686,0.0</coordinates>
                </LineString>
                <LineString id="11112">
                    <coordinates>11.0014768304064,51.140568331297686,0.0 11.0016245422244,51.14055551483019,0.0 11.001704822002402,51.14054939503921,0.0 11.001798899249698,51.14055415268119,0.0 11.0019201879055,51.140562000822,0.0</coordinates>
                </LineString>
                <LineString id="11114">
                    <coordinates>11.0034071183787,51.140631006867295,0.0 11.0034049907498,51.140643555328,0.0</coordinates>
                </LineString>
                <LineString id="11116">
                    <coordinates>10.998057424310298,51.138992264504196,0.0 10.9980082766508,51.138995978626696,0.0 10.9979011618763,51.13900289981649,0.0 10.9978713466329,51.1390033186719,0.0</coordinates>
                </LineString>
                <LineString id="11118">
                    <coordinates>10.9972938323168,51.1401335983465,0.0 10.9972883644541,51.1400792580929,0.0</coordinates>
                </LineString>
                <LineString id="11120">
                    <coordinates>10.997298057654602,51.1402664466397,0.0 10.9972487143624,51.14027583081259,0.0 10.997188081639699,51.140289882379896,0.0 10.9970589150301,51.14032388638369,0.0</coordinates>
                </LineString>
                <LineString id="11122">
                    <coordinates>10.9986882453768,51.13933703355719,0.0 10.9985450288624,51.13935157470561,0.0</coordinates>
                </LineString>
                <LineString id="11124">
                    <coordinates>10.997866845883,51.13875171466059,0.0 10.9978723961223,51.1386794458799,0.0</coordinates>
                </LineString>
                <LineString id="11126">
                    <coordinates>10.998320271322699,51.1385281666242,0.0 10.998320117576098,51.13853131144969,0.0</coordinates>
                </LineString>
                <LineString id="11128">
                    <coordinates>10.9969514067236,51.13869022548999,0.0 10.996963267187102,51.138660492737,0.0</coordinates>
                </LineString>
                <LineString id="11130">
                    <coordinates>11.0024836793092,51.1405846214687,0.0 11.0025206252272,51.14058555662551,0.0</coordinates>
                </LineString>
                <LineString id="11132">
                    <coordinates>10.9972215434582,51.1396076722535,0.0 10.997210001012702,51.13954088414138,0.0 10.9971975770445,51.139469935567,0.0 10.9972633953149,51.13946513313961,0.0</coordinates>
                </LineString>
                <LineString id="11134">
                    <coordinates>10.9986769587518,51.13894836158631,0.0 10.998659469761,51.1389496681531,0.0</coordinates>
                </LineString>
                <LineString id="11136">
                    <coordinates>10.999274232098998,51.138892471491495,0.0 10.9992334616713,51.13889600607449,0.0</coordinates>
                </LineString>
                <LineString id="11138">
                    <coordinates>10.9997347771346,51.1388120563841,0.0 10.9998094416198,51.138823004911295,0.0</coordinates>
                </LineString>
                <LineString id="11140">
                    <coordinates>10.9967490813263,51.13988936431569,0.0 10.996698061901702,51.1399299615845,0.0</coordinates>
                </LineString>
                <LineString id="11142">
                    <coordinates>11.0027399084408,51.13952243020049,0.0 11.0027644254311,51.139572986357,0.0</coordinates>
                </LineString>
                <LineString id="11144">
                    <coordinates>10.997528623839901,51.14025202607968,0.0 10.997488773331298,51.14024996780719,0.0</coordinates>
                </LineString>
                <LineString id="11146">
                    <coordinates>11.0014443753784,51.141191475427604,0.0 11.0014678297039,51.1412886395738,0.0 11.0014773805848,51.141334771558995,0.0 11.0014676263777,51.14147965344489,0.0</coordinates>
                </LineString>
                <LineString id="11148">
                    <coordinates>11.0020227420469,51.14244644201651,0.0 11.0020204773337,51.14243814386429,0.0</coordinates>
                </LineString>
                <LineString id="11150">
                    <coordinates>10.998507641953198,51.1399763480056,0.0 10.9985087442444,51.139979557513485,0.0</coordinates>
                </LineString>
                <LineString id="11152">
                    <coordinates>10.998374815212198,51.13997618201429,0.0 10.9983764560017,51.139978937694885,0.0</coordinates>
                </LineString>
                <LineString id="11154">
                    <coordinates>10.998610104436702,51.140145696168,0.0 10.9986539897986,51.140097279543006,0.0 10.9986556896772,51.1400794599654,0.0</coordinates>
                </LineString>
                <LineString id="11156">
                    <coordinates>10.9996478667523,51.140364320445094,0.0 10.999722819544502,51.1403415268801,0.0</coordinates>
                </LineString>
                <LineString id="11158">
                    <coordinates>10.999638119157098,51.139191562649195,0.0 10.999641868404,51.1392475330841,0.0 10.9996435112529,51.139274010666895,0.0</coordinates>
                </LineString>
                <LineString id="11160">
                    <coordinates>10.998114045039,51.13932606945048,0.0 10.9980796388884,51.13932535240009,0.0</coordinates>
                </LineString>
                <LineString id="11162">
                    <coordinates>10.995849313427,51.138824040185,0.0 10.995855731937299,51.1388449946315,0.0</coordinates>
                </LineString>
                <LineString id="11164">
                    <coordinates>11.000190227374901,51.139651302784195,0.0 11.0001870020699,51.1397007595248,0.0</coordinates>
                </LineString>
                <LineString id="11166">
                    <coordinates>11.001937623209598,51.139464551159804,0.0 11.0019545833752,51.139412200207495,0.0</coordinates>
                </LineString>
                <LineString id="11168">
                    <coordinates>11.0020482597894,51.1402079837486,0.0 11.001948450139798,51.140213982159594,0.0 11.0018817689315,51.14021769219949,0.0</coordinates>
                </LineString>
                <LineString id="11170">
                    <coordinates>11.0019251708947,51.1400463460515,0.0 11.0019100968134,51.14005492780121,0.0 11.001911303511001,51.140092422103706,0.0</coordinates>
                </LineString>
                <LineString id="11172">
                    <coordinates>11.0015852365863,51.1401689234064,0.0 11.0015940709188,51.140167425707205,0.0 11.0016748182531,51.140152842316404,0.0 11.0018030379692,51.14012148588319,0.0</coordinates>
                </LineString>
                <LineString id="11174">
                    <coordinates>10.9980186910205,51.1403797136339,0.0 10.997646647221503,51.14027665107831,0.0</coordinates>
                </LineString>
                <LineString id="11176">
                    <coordinates>10.9980015900578,51.140977918184205,0.0 10.998011910324102,51.1409473811193,0.0 10.9980926847817,51.140848438922895,0.0</coordinates>
                </LineString>
                <LineString id="11178">
                    <coordinates>10.997923288079999,51.1409599349588,0.0 10.997926999764799,51.14096207915,0.0</coordinates>
                </LineString>
                <LineString id="11180">
                    <coordinates>11.002513241306502,51.139445629224596,0.0 11.002584355464,51.139431754126996,0.0</coordinates>
                </LineString>
                <LineString id="11182">
                    <coordinates>11.0027304915335,51.139444154885496,0.0 11.002592815692399,51.1394509367887,0.0 11.0025913691322,51.13943318022889,0.0 11.002584355464,51.139431754126996,0.0</coordinates>
                </LineString>
                <LineString id="11184">
                    <coordinates>11.003601464570899,51.1406562847715,0.0 11.0035960951203,51.140656796370095,0.0</coordinates>
                </LineString>
                <LineString id="11186">
                    <coordinates>10.997857354782402,51.1390549753502,0.0 10.9978922646988,51.1390674004263,0.0</coordinates>
                </LineString>
                <LineString id="11188">
                    <coordinates>10.999293379042602,51.138981077745704,0.0 10.9992873028982,51.1389408990041,0.0</coordinates>
                </LineString>
                <LineString id="11190">
                    <coordinates>10.996829828505698,51.14030955398629,0.0 10.9968410320207,51.14032006824619,0.0 10.9968655015827,51.1403698971373,0.0</coordinates>
                </LineString>
                <LineString id="11192">
                    <coordinates>10.9960737250225,51.14040629939218,0.0 10.996078732165,51.14040668392809,0.0</coordinates>
                </LineString>
                <LineString id="11194">
                    <coordinates>10.996252363269901,51.1405040677037,0.0 10.9962549148295,51.1405017164998,0.0</coordinates>
                </LineString>
                <LineString id="11196">
                    <coordinates>10.996778393276,51.140423416850396,0.0 10.9967547066373,51.14038955907099,0.0</coordinates>
                </LineString>
                <LineString id="11198">
                    <coordinates>10.9970589150301,51.14032388638369,0.0 10.9970706520735,51.1403440773298,0.0</coordinates>
                </LineString>
                <LineString id="11200">
                    <coordinates>10.9997331689714,51.13853256642409,0.0 10.9997755362882,51.13851131006909,0.0</coordinates>
                </LineString>
                <LineString id="11202">
                    <coordinates>11.0003632219805,51.1387622700035,0.0 11.00036714867,51.1387643799989,0.0</coordinates>
                </LineString>
                <LineString id="11204">
                    <coordinates>11.0010506923751,51.14101977012669,0.0 11.0010529314311,51.1410034113353,0.0 11.0010645947125,51.1409734517764,0.0 11.0009875928589,51.1409587357118,0.0</coordinates>
                </LineString>
                <LineString id="11206">
                    <coordinates>11.0022703937686,51.14196841692411,0.0 11.002387904439297,51.14189577210119,0.0 11.002412666242797,51.141885915539504,0.0 11.002467882096099,51.141867958824996,0.0</coordinates>
                </LineString>
                <LineString id="11208">
                    <coordinates>11.0021315972292,51.142149538778305,0.0 11.0021275772286,51.14212521630839,0.0 11.0020706575048,51.142085619947586,0.0</coordinates>
                </LineString>
                <LineString id="11210">
                    <coordinates>11.00285590892,51.1418284242834,0.0 11.002831409776,51.141800871090894,0.0</coordinates>
                </LineString>
                <LineString id="11212">
                    <coordinates>10.999237856770097,51.14115179947368,0.0 10.999303831479901,51.14114713206511,0.0</coordinates>
                </LineString>
                <LineString id="11214">
                    <coordinates>11.0004636629156,51.141376455887695,0.0 11.0004242722062,51.1413530447529,0.0</coordinates>
                </LineString>
                <LineString id="11216">
                    <coordinates>11.0008173108655,51.1409267913564,0.0 11.0008882419935,51.14093676346201,0.0</coordinates>
                </LineString>
                <LineString id="11218">
                    <coordinates>11.0011306355438,51.140168711540014,0.0 11.0011498834433,51.1402150611654,0.0</coordinates>
                </LineString>
                <LineString id="11220">
                    <coordinates>10.9971784510348,51.1397137863827,0.0 10.997183999821997,51.1397142294468,0.0</coordinates>
                </LineString>
                <LineString id="11222">
                    <coordinates>10.9996487949867,51.1389844041205,0.0 10.9996614026803,51.13900996866891,0.0</coordinates>
                </LineString>
                <LineString id="11224">
                    <coordinates>10.999885939748701,51.13869279721639,0.0 10.9998407220487,51.1386872421055,0.0</coordinates>
                </LineString>
                <LineString id="11226">
                    <coordinates>10.9969599800856,51.139940449718495,0.0 10.9968964668699,51.1399384131475,0.0 10.9968904439082,51.139970416203205,0.0</coordinates>
                </LineString>
                <LineString id="11228">
                    <coordinates>10.9966665637178,51.139952631396,0.0 10.9966693664109,51.13988592127739,0.0</coordinates>
                </LineString>
                <LineString id="11230">
                    <coordinates>10.9957526622454,51.139980649329,0.0 10.995748648932098,51.13991796173169,0.0 10.9957463802068,51.1398927731319,0.0 10.9957454042341,51.1398712271718,0.0 10.9957483494825,51.1398381999844,0.0</coordinates>
                </LineString>
                <LineString id="11232">
                    <coordinates>10.9957483494825,51.1398381999844,0.0 10.9957518222841,51.1398045660737,0.0 10.995760633897799,51.139739543530595,0.0 10.9957620215667,51.1397196987919,0.0 10.9957253025691,51.1397169027266,0.0</coordinates>
                </LineString>
                <LineString id="11234">
                    <coordinates>10.9959412111036,51.1400225647864,0.0 10.9959334169036,51.1399635572037,0.0</coordinates>
                </LineString>
                <LineString id="11236">
                    <coordinates>10.9955538250731,51.140322195834294,0.0 10.995532590783,51.1403156403913,0.0</coordinates>
                </LineString>
                <LineString id="11238">
                    <coordinates>10.9996045053299,51.14052081632959,0.0 10.9996699806003,51.1405114432149,0.0</coordinates>
                </LineString>
                <LineString id="11240">
                    <coordinates>10.998466015153298,51.1403841630547,0.0 10.998441860277199,51.140410222106894,0.0</coordinates>
                </LineString>
                <LineString id="11242">
                    <coordinates>10.9979792994583,51.140402666782,0.0 10.998000265626201,51.1404077632701,0.0 10.9980186910205,51.1403797136339,0.0</coordinates>
                </LineString>
                <LineString id="11244">
                    <coordinates>10.9986056102168,51.140714354062595,0.0 10.9986092703432,51.14070302332141,0.0</coordinates>
                </LineString>
                <LineString id="11246">
                    <coordinates>11.0023865813938,51.1426715806573,0.0 11.002483663228,51.142651823466,0.0 11.002512455417998,51.14266782653999,0.0</coordinates>
                </LineString>
                <LineString id="11248">
                    <coordinates>11.0020832466346,51.1394185110466,0.0 11.002013781421798,51.13941553659,0.0</coordinates>
                </LineString>
                <LineString id="11250">
                    <coordinates>11.005042193874703,51.140691150016,0.0 11.0050653846649,51.14069184157549,0.0</coordinates>
                </LineString>
                <LineString id="11252">
                    <coordinates>11.004583132215599,51.14125921422959,0.0 11.0045430334442,51.141294577327486,0.0</coordinates>
                </LineString>
                <LineString id="11254">
                    <coordinates>11.004417014673,51.14060201092149,0.0 11.0044152652416,51.1406082793279,0.0</coordinates>
                </LineString>
                <LineString id="11256">
                    <coordinates>11.0034990504118,51.1409818471598,0.0 11.0034782758001,51.14078718491869,0.0</coordinates>
                </LineString>
                <LineString id="11258">
                    <coordinates>11.0034990504118,51.1409818471598,0.0 11.0035114326164,51.1410492260406,0.0 11.003526521255102,51.14111567513369,0.0 11.0036642539814,51.1411350325244,0.0</coordinates>
                </LineString>
                <LineString id="11260">
                    <coordinates>10.9993141903041,51.1412509983164,0.0 10.999332693760898,51.141217331038895,0.0</coordinates>
                </LineString>
                <LineString id="11262">
                    <coordinates>10.999070210277798,51.14004392209579,0.0 10.9992917816949,51.14006214998039,0.0</coordinates>
                </LineString>
                <LineString id="11264">
                    <coordinates>10.9978003072701,51.13933725299519,0.0 10.997819666770198,51.13924555146529,0.0</coordinates>
                </LineString>
                <LineString id="11266">
                    <coordinates>10.996209593592898,51.139138194635194,0.0 10.9962159833773,51.1391189501127,0.0</coordinates>
                </LineString>
                <LineString id="11268">
                    <coordinates>11.000248974821801,51.1390261721303,0.0 11.0003090813502,51.1390330677838,0.0</coordinates>
                </LineString>
                <LineString id="11270">
                    <coordinates>11.001786520571798,51.1406756678664,0.0 11.0019259474239,51.1406985384722,0.0</coordinates>
                </LineString>
                <LineString id="11272">
                    <coordinates>11.0011496886326,51.1406322017056,0.0 11.0012121506324,51.14062075252338,0.0</coordinates>
                </LineString>
                <LineString id="11274">
                    <coordinates>10.997857354782402,51.1390549753502,0.0 10.9978713466329,51.1390033186719,0.0</coordinates>
                </LineString>
                <LineString id="11276">
                    <coordinates>10.998278851850403,51.1389792384292,0.0 10.9982422943946,51.1389808850892,0.0 10.998155447777,51.138986173227195,0.0</coordinates>
                </LineString>
                <LineString id="11278">
                    <coordinates>10.9985006627503,51.138963015141,0.0 10.9984638027838,51.1389660975172,0.0</coordinates>
                </LineString>
                <LineString id="11280">
                    <coordinates>10.996575669633701,51.1404315127206,0.0 10.9965212492636,51.1404410867674,0.0 10.996487830980099,51.14044551941519,0.0 10.996462665581502,51.1404482609867,0.0</coordinates>
                </LineString>
                <LineString id="11282">
                    <coordinates>10.998512651899599,51.1393171485156,0.0 10.998506736179598,51.1393528380515,0.0</coordinates>
                </LineString>
                <LineString id="11284">
                    <coordinates>10.9978723961223,51.1386794458799,0.0 10.9978699257154,51.138644376707695,0.0</coordinates>
                </LineString>
                <LineString id="11286">
                    <coordinates>11.0025474584499,51.14058895844428,0.0 11.0025502091863,51.14049308755429,0.0</coordinates>
                </LineString>
                <LineString id="11288">
                    <coordinates>11.0002728852961,51.14078468236139,0.0 11.0003704274095,51.140796419225794,0.0 11.0004015648485,51.14080232128158,0.0 11.000509963017,51.1408208565304,0.0 11.000573582228798,51.1408213549255,0.0</coordinates>
                </LineString>
                <LineString id="11290">
                    <coordinates>11.002417951094598,51.139654502704985,0.0 11.0025275817161,51.1396442549225,0.0</coordinates>
                </LineString>
                <LineString id="11292">
                    <coordinates>10.998858387493899,51.1389328977243,0.0 10.9988362415715,51.1389348116835,0.0</coordinates>
                </LineString>
                <LineString id="11294">
                    <coordinates>10.9997720249008,51.13898089105779,0.0 10.9997737264057,51.1389715750456,0.0</coordinates>
                </LineString>
                <LineString id="11296">
                    <coordinates>10.9961553208802,51.13994066034069,0.0 10.996211029954,51.1399362122457,0.0 10.9962194449142,51.1399356102524,0.0</coordinates>
                </LineString>
                <LineString id="11298">
                    <coordinates>11.0014045592024,51.14119175591799,0.0 11.0014443753784,51.141191475427604,0.0</coordinates>
                </LineString>
                <LineString id="11300">
                    <coordinates>11.0013991510159,51.141192734511904,0.0 11.0014045592024,51.14119175591799,0.0</coordinates>
                </LineString>
                <LineString id="11302">
                    <coordinates>11.0045614331118,51.1406685892587,0.0 11.004557450480203,51.140739532280506,0.0 11.004535176078699,51.1407719907436,0.0</coordinates>
                </LineString>
                <LineString id="11304">
                    <coordinates>11.004789574756503,51.140679869177895,0.0 11.0048521109478,51.1406835471194,0.0</coordinates>
                </LineString>
                <LineString id="11306">
                    <coordinates>11.0048521109478,51.1406835471194,0.0 11.004911351391,51.1406869902569,0.0</coordinates>
                </LineString>
                <LineString id="11308">
                    <coordinates>11.005042193874703,51.140691150016,0.0 11.0050491737199,51.1406589119941,0.0</coordinates>
                </LineString>
                <LineString id="11310">
                    <coordinates>11.0044126479139,51.14070344125489,0.0 11.0043097942275,51.1406994560085,0.0 11.0042762922755,51.14071511739079,0.0 11.0042549108948,51.1407326167661,0.0 11.0042419273512,51.14074831788819,0.0 11.004223015640399,51.140811115708495,0.0 11.0042831512536,51.1408134701267,0.0</coordinates>
                </LineString>
                <LineString id="11312">
                    <coordinates>11.0000321836984,51.139847592966696,0.0 11.0000599835279,51.13984921481259,0.0</coordinates>
                </LineString>
                <LineString id="11314">
                    <coordinates>10.999732606145699,51.14006968512499,0.0 10.9997508430821,51.1400780928801,0.0 10.9997497186515,51.1401116301151,0.0</coordinates>
                </LineString>
                <LineString id="11316">
                    <coordinates>10.9994645492563,51.14014486057669,0.0 10.9992634120921,51.1401239223057,0.0 10.999155202914398,51.1401145922174,0.0</coordinates>
                </LineString>
                <LineString id="11318">
                    <coordinates>10.9999276135846,51.1402315532493,0.0 10.9999094961789,51.1402612777643,0.0 10.9998493938868,51.1403573326467,0.0 10.999722819544502,51.1403415268801,0.0</coordinates>
                </LineString>
                <LineString id="11320">
                    <coordinates>10.9977799080325,51.1401471916235,0.0 10.9978263093011,51.1401020688396,0.0</coordinates>
                </LineString>
                <LineString id="11322">
                    <coordinates>10.9987180876015,51.139316209752,0.0 10.9987210654709,51.1393344468933,0.0</coordinates>
                </LineString>
                <LineString id="11324">
                    <coordinates>10.998301268048202,51.13935526833651,0.0 10.998286255743098,51.1393556881613,0.0</coordinates>
                </LineString>
                <LineString id="11326">
                    <coordinates>10.996492513138799,51.13916312048789,0.0 10.996496379608,51.13914887915,0.0</coordinates>
                </LineString>
                <LineString id="11328">
                    <coordinates>11.0019588601172,51.1393987352452,0.0 11.0019850583783,51.139323487260995,0.0 11.0020168735692,51.1392216438567,0.0 11.0020603750862,51.1390840700542,0.0</coordinates>
                </LineString>
                <LineString id="11330">
                    <coordinates>11.0036935677085,51.139327429406904,0.0 11.0037058622111,51.139317843966,0.0</coordinates>
                </LineString>
                <LineString id="11332">
                    <coordinates>11.0019026358331,51.1403931640978,0.0 11.001974243802799,51.14038960392989,0.0</coordinates>
                </LineString>
                <LineString id="11334">
                    <coordinates>11.0014585159596,51.1401632128853,0.0 11.001463867737598,51.1401780993423,0.0 11.001495379114298,51.1401759232135,0.0 11.0014995178608,51.140184111524,0.0</coordinates>
                </LineString>
                <LineString id="11336">
                    <coordinates>10.9980926847817,51.140848438922895,0.0 10.9981318199419,51.140851884154294,0.0</coordinates>
                </LineString>
                <LineString id="11338">
                    <coordinates>11.0029148671035,51.1394345346954,0.0 11.0027304915335,51.139444154885496,0.0</coordinates>
                </LineString>
                <LineString id="11340">
                    <coordinates>11.00343967837,51.1399027910298,0.0 11.003439872110098,51.139915700841705,0.0</coordinates>
                </LineString>
                <LineString id="11342">
                    <coordinates>10.997970438284902,51.13907598012031,0.0 10.9978922646988,51.1390674004263,0.0</coordinates>
                </LineString>
                <LineString id="11344">
                    <coordinates>10.998684384999198,51.138984228216394,0.0 10.9986769587518,51.13894836158631,0.0</coordinates>
                </LineString>
                <LineString id="11346">
                    <coordinates>10.996101137915902,51.140459398714604,0.0 10.996114041269598,51.140407310432,0.0</coordinates>
                </LineString>
                <LineString id="11348">
                    <coordinates>10.9969401890915,51.140398340228586,0.0 10.996892327462898,51.14036371794649,0.0</coordinates>
                </LineString>
                <LineString id="11350">
                    <coordinates>10.9970834503167,51.138924998673495,0.0 10.9968589930167,51.13889978437659,0.0</coordinates>
                </LineString>
                <LineString id="11352">
                    <coordinates>10.9996088135845,51.1414399485152,0.0 10.9997047675528,51.141409496103606,0.0</coordinates>
                </LineString>
                <LineString id="11354">
                    <coordinates>10.9994847449137,51.1409488900507,0.0 10.9995626896841,51.1407360503624,0.0</coordinates>
                </LineString>
                <LineString id="11356">
                    <coordinates>11.0026042590406,51.1403407626961,0.0 11.002596444565798,51.140336704991,0.0 11.0025489983326,51.140335015176206,0.0</coordinates>
                </LineString>
                <LineString id="11358">
                    <coordinates>10.995640011297398,51.139832245386295,0.0 10.9957027636043,51.1398364154864,0.0</coordinates>
                </LineString>
                <LineString id="11360">
                    <coordinates>10.9957922482021,51.140122736176195,0.0 10.9959053199655,51.1400290255367,0.0 10.9959412111036,51.1400225647864,0.0</coordinates>
                </LineString>
                <LineString id="11362">
                    <coordinates>11.000780679248699,51.13936619980149,0.0 11.000770908127897,51.13937602221819,0.0 11.000762216065198,51.1394258997229,0.0</coordinates>
                </LineString>
                <LineString id="11364">
                    <coordinates>11.002631213422998,51.1393671632263,0.0 11.0026113320746,51.13940988915579,0.0</coordinates>
                </LineString>
                <LineString id="11366">
                    <coordinates>10.9997654552674,51.14061754711909,0.0 10.999792265550402,51.1405240842137,0.0 10.9997738840165,51.1405223630254,0.0</coordinates>
                </LineString>
                <LineString id="11368">
                    <coordinates>10.9984326956658,51.1404236810645,0.0 10.998441860277199,51.140410222106894,0.0</coordinates>
                </LineString>
                <LineString id="11370">
                    <coordinates>10.9982907595682,51.1403418710769,0.0 10.9982913191622,51.1403450669524,0.0</coordinates>
                </LineString>
                <LineString id="11372">
                    <coordinates>10.9989745589183,51.14082468611279,0.0 10.9990442952485,51.1407100889334,0.0</coordinates>
                </LineString>
                <LineString id="11374">
                    <coordinates>10.9994222268507,51.14093379339991,0.0 10.9994847449137,51.1409488900507,0.0</coordinates>
                </LineString>
                <LineString id="11376">
                    <coordinates>11.0013698620347,51.141757117718676,0.0 11.0013739375914,51.14175565133899,0.0</coordinates>
                </LineString>
                <LineString id="11378">
                    <coordinates>11.004789574756503,51.140679869177895,0.0 11.0048604943755,51.1406977131118,0.0 11.0048731621404,51.140727951855595,0.0 11.004786374870898,51.1408799723642,0.0</coordinates>
                </LineString>
                <LineString id="11380">
                    <coordinates>10.9964303532691,51.13993678091659,0.0 10.9964278429186,51.13991019696799,0.0</coordinates>
                </LineString>
                <LineString id="11382">
                    <coordinates>10.9978955785771,51.1411317466116,0.0 10.9980384460192,51.14117191014089,0.0 10.9980499162323,51.1411549293002,0.0</coordinates>
                </LineString>
                <LineString id="11384">
                    <coordinates>11.0047119055973,51.141387647212795,0.0 11.0047488608911,51.141368230719905,0.0</coordinates>
                </LineString>
                <LineString id="11386">
                    <coordinates>10.998374717530002,51.1400104291675,0.0 10.998388798616299,51.14000947101109,0.0</coordinates>
                </LineString>
                <LineString id="11388">
                    <coordinates>10.9990406302959,51.14004135892431,0.0 10.999070210277798,51.14004392209579,0.0</coordinates>
                </LineString>
                <LineString id="11390">
                    <coordinates>11.0000157672972,51.14007450514929,0.0 11.0000204486199,51.140056890809305,0.0 11.000029516768,51.140024050678896,0.0 11.0000370490313,51.13999550314159,0.0 11.0000386616795,51.139983022249595,0.0</coordinates>
                </LineString>
                <LineString id="11392">
                    <coordinates>10.9999925666061,51.139975688877705,0.0 10.9999979646337,51.13997649906779,0.0</coordinates>
                </LineString>
                <LineString id="11394">
                    <coordinates>10.997358515785898,51.1392968385648,0.0 10.9972548383269,51.1392835544316,0.0</coordinates>
                </LineString>
                <LineString id="11396">
                    <coordinates>10.9969078181092,51.1392269701498,0.0 10.9968760323797,51.13922204139891,0.0</coordinates>
                </LineString>
                <LineString id="11398">
                    <coordinates>10.996843971133398,51.139217299046,0.0 10.9967096795496,51.139197127117804,0.0</coordinates>
                </LineString>
                <LineString id="11400">
                    <coordinates>11.0016856714594,51.14083258200399,0.0 11.0017160569713,51.14079117733239,0.0</coordinates>
                </LineString>
                <LineString id="11402">
                    <coordinates>11.0034369300581,51.1407795427821,0.0 11.0034782758001,51.14078718491869,0.0</coordinates>
                </LineString>
                <LineString id="11404">
                    <coordinates>11.0034299310052,51.14049455081889,0.0 11.0034071183787,51.140631006867295,0.0</coordinates>
                </LineString>
                <LineString id="11406">
                    <coordinates>10.997298057654602,51.1402664466397,0.0 10.9972942178583,51.140215446257585,0.0</coordinates>
                </LineString>
                <LineString id="11408">
                    <coordinates>10.996892327462898,51.14036371794649,0.0 10.9968655015827,51.1403698971373,0.0</coordinates>
                </LineString>
                <LineString id="11410">
                    <coordinates>10.9968655015827,51.1403698971373,0.0 10.9968276927255,51.1403758293606,0.0 10.9967547066373,51.14038955907099,0.0</coordinates>
                </LineString>
                <LineString id="11412">
                    <coordinates>10.9996435112529,51.139274010666895,0.0 10.9994857542855,51.139292950123284,0.0 10.9994328335896,51.13929140100401,0.0 10.9993416102165,51.1392836455569,0.0 10.9992748122085,51.1392888452784,0.0</coordinates>
                </LineString>
                <LineString id="11414">
                    <coordinates>10.9978447741537,51.139001131519876,0.0 10.9978616705993,51.13885551997749,0.0 10.997866845883,51.13875171466059,0.0</coordinates>
                </LineString>
                <LineString id="11416">
                    <coordinates>10.9982237894434,51.1386103449356,0.0 10.9983217094545,51.138605034676594,0.0</coordinates>
                </LineString>
                <LineString id="11418">
                    <coordinates>10.996963267187102,51.138660492737,0.0 10.9970278882091,51.138668696220805,0.0 10.997146417229002,51.1386816493973,0.0 10.9972568983098,51.13869344582681,0.0 10.9973509079344,51.13870179308349,0.0</coordinates>
                </LineString>
                <LineString id="11420">
                    <coordinates>10.999691382719,51.140805970039686,0.0 10.999713966485599,51.14076728577619,0.0</coordinates>
                </LineString>
                <LineString id="11422">
                    <coordinates>10.996926504064698,51.13997329614409,0.0 10.997063836849398,51.13998510716478,0.0 10.9971291996554,51.13998817524919,0.0 10.9972516263299,51.1399928558956,0.0</coordinates>
                </LineString>
                <LineString id="11424">
                    <coordinates>10.996904326398298,51.1399713711747,0.0 10.996926504064698,51.13997329614409,0.0</coordinates>
                </LineString>
                <LineString id="11426">
                    <coordinates>11.002882447321298,51.139627593267,0.0 11.0027644254311,51.139572986357,0.0</coordinates>
                </LineString>
                <LineString id="11428">
                    <coordinates>11.0016726964539,51.14218149988799,0.0 11.0016887330079,51.14219260323199,0.0</coordinates>
                </LineString>
                <LineString id="11430">
                    <coordinates>11.0020051895703,51.1423730592114,0.0 11.0020204773337,51.14243814386429,0.0</coordinates>
                </LineString>
                <LineString id="11432">
                    <coordinates>11.0018817689315,51.14021769219949,0.0 11.001871445055,51.1401033273539,0.0</coordinates>
                </LineString>
                <LineString id="11434">
                    <coordinates>10.999531061393,51.14003322886249,0.0 10.999534586112999,51.1400440277854,0.0 10.9995280909538,51.1400906969376,0.0</coordinates>
                </LineString>
                <LineString id="11436">
                    <coordinates>10.9978835834989,51.1399381240107,0.0 10.9977743785877,51.13998870461591,0.0</coordinates>
                </LineString>
                <LineString id="11438">
                    <coordinates>10.998286255743098,51.1393556881613,0.0 10.9981902845308,51.1393626510712,0.0 10.9980586521213,51.139360858946404,0.0</coordinates>
                </LineString>
                <LineString id="11440">
                    <coordinates>10.996912248934303,51.13921173585991,0.0 10.9969078181092,51.1392269701498,0.0</coordinates>
                </LineString>
                <LineString id="11442">
                    <coordinates>11.0019545833752,51.139412200207495,0.0 11.0019588601172,51.1393987352452,0.0</coordinates>
                </LineString>
                <LineString id="11444">
                    <coordinates>11.0021590090062,51.139040343799,0.0 11.0021312580218,51.1390835598634,0.0</coordinates>
                </LineString>
                <LineString id="11446">
                    <coordinates>10.9994682783363,51.13897418651781,0.0 10.9994432669741,51.1389896854002,0.0</coordinates>
                </LineString>
                <LineString id="11448">
                    <coordinates>11.0020528054332,51.14020724047181,0.0 11.0020482597894,51.1402079837486,0.0</coordinates>
                </LineString>
                <LineString id="11450">
                    <coordinates>10.998315126335,51.1406105712797,0.0 10.9982891904641,51.140606654809396,0.0</coordinates>
                </LineString>
                <LineString id="11452">
                    <coordinates>11.0024969398741,51.139518507693495,0.0 11.002492227121598,51.1394686326622,0.0</coordinates>
                </LineString>
                <LineString id="11454">
                    <coordinates>10.998832385496101,51.138893744023406,0.0 10.9988362415715,51.1389348116835,0.0</coordinates>
                </LineString>
                <LineString id="11456">
                    <coordinates>10.998269013750297,51.138930038454504,0.0 10.998270236120698,51.138932979324,0.0</coordinates>
                </LineString>
                <LineString id="11458">
                    <coordinates>10.9984487734325,51.138923702728285,0.0 10.9984510901025,51.138926257446506,0.0</coordinates>
                </LineString>
                <LineString id="11460">
                    <coordinates>11.001911303511001,51.140092422103706,0.0 11.0020261081456,51.140061607205595,0.0 11.002187636825298,51.14001822849929,0.0</coordinates>
                </LineString>
                <LineString id="11462">
                    <coordinates>11.0022141622234,51.140011362366195,0.0 11.0022402684687,51.1400047173776,0.0 11.002236018680799,51.13998907628939,0.0</coordinates>
                </LineString>
                <LineString id="11464">
                    <coordinates>11.002176380456602,51.139953079335804,0.0 11.0021829599236,51.1399978735465,0.0</coordinates>
                </LineString>
                <LineString id="11466">
                    <coordinates>10.9985675328519,51.138587048216,0.0 10.9986131432556,51.1385836811279,0.0</coordinates>
                </LineString>
                <LineString id="11468">
                    <coordinates>10.9997701809233,51.1384886839904,0.0 10.9998684731804,51.13847934855819,0.0</coordinates>
                </LineString>
                <LineString id="11470">
                    <coordinates>10.9992530238737,51.1385494506231,0.0 10.9992480185282,51.13852716909408,0.0</coordinates>
                </LineString>
                <LineString id="11472">
                    <coordinates>11.001997267401801,51.14211738135489,0.0 11.0020346664543,51.1421019875702,0.0</coordinates>
                </LineString>
                <LineString id="11474">
                    <coordinates>11.0022045365394,51.1421678779518,0.0 11.0021315972292,51.142149538778305,0.0</coordinates>
                </LineString>
                <LineString id="11476">
                    <coordinates>10.999332693760898,51.141217331038895,0.0 10.9993519523336,51.1411831039101,0.0</coordinates>
                </LineString>
                <LineString id="11478">
                    <coordinates>10.999303831479901,51.14114713206511,0.0 10.9993754907009,51.1411412637576,0.0</coordinates>
                </LineString>
                <LineString id="11480">
                    <coordinates>11.0000874548402,51.1397231005403,0.0 11.0000300633824,51.139620198776804,0.0 11.0000129635698,51.13958494172909,0.0</coordinates>
                </LineString>
                <LineString id="11482">
                    <coordinates>10.9972278270766,51.13963818973309,0.0 10.9972254430179,51.139626870163,0.0</coordinates>
                </LineString>
                <LineString id="11484">
                    <coordinates>10.9959334169036,51.1399635572037,0.0 10.9961272375636,51.139942891404694,0.0</coordinates>
                </LineString>
                <LineString id="11486">
                    <coordinates>10.9957526622454,51.139980649329,0.0 10.9957526611185,51.13999190351609,0.0</coordinates>
                </LineString>
                <LineString id="11488">
                    <coordinates>10.995523877459,51.140272679202596,0.0 10.995528024391701,51.14027451259239,0.0</coordinates>
                </LineString>
                <LineString id="11490">
                    <coordinates>11.001937623209598,51.139464551159804,0.0 11.0015620128136,51.139461913411296,0.0</coordinates>
                </LineString>
                <LineString id="11492">
                    <coordinates>10.998765292516701,51.14046384036848,0.0 10.998826631551,51.1404812194755,0.0</coordinates>
                </LineString>
                <LineString id="11494">
                    <coordinates>10.998575910773999,51.1404589209655,0.0 10.998678234206398,51.14048341955709,0.0 10.998816586755202,51.140509619594,0.0</coordinates>
                </LineString>
                <LineString id="11496">
                    <coordinates>10.9987054438078,51.14039075133879,0.0 10.9986433906083,51.140389887788594,0.0</coordinates>
                </LineString>
                <LineString id="11498">
                    <coordinates>10.997861482001099,51.1403863317179,0.0 10.9979792994583,51.140402666782,0.0</coordinates>
                </LineString>
                <LineString id="11500">
                    <coordinates>10.9986092703432,51.14070302332141,0.0 10.9986144055565,51.140686914080185,0.0 10.9986370030803,51.140646971683005,0.0</coordinates>
                </LineString>
                <LineString id="11502">
                    <coordinates>10.9985786940799,51.14079871895469,0.0 10.9985916648709,51.14075858631999,0.0 10.9986016537688,51.1407268328565,0.0 10.9986056102168,51.140714354062595,0.0</coordinates>
                </LineString>
                <LineString id="11504">
                    <coordinates>10.9989745589183,51.14082468611279,0.0 10.9989362552078,51.1408845755834,0.0</coordinates>
                </LineString>
                <LineString id="11506">
                    <coordinates>10.999012960416898,51.1408911644335,0.0 10.9989745589183,51.14082468611279,0.0</coordinates>
                </LineString>
                <LineString id="11508">
                    <coordinates>11.003142043365997,51.14292104393019,0.0 11.0031317289795,51.1429414868698,0.0</coordinates>
                </LineString>
                <LineString id="11510">
                    <coordinates>11.0020413977722,51.142181516440495,0.0 11.002029648130097,51.142163114704594,0.0</coordinates>
                </LineString>
                <LineString id="11512">
                    <coordinates>11.0053631708012,51.1407091687631,0.0 11.0054226101843,51.14071466281699,0.0 11.0054479574868,51.140682805595695,0.0</coordinates>
                </LineString>
                <LineString id="11514">
                    <coordinates>11.005462899194699,51.140663732141,0.0 11.0054479574868,51.140682805595695,0.0</coordinates>
                </LineString>
                <LineString id="11516">
                    <coordinates>11.0047233877643,51.141002981075296,0.0 11.0047165211585,51.141015309474994,0.0</coordinates>
                </LineString>
                <LineString id="11518">
                    <coordinates>11.0045355959003,51.14130354797451,0.0 11.0045430334442,51.141294577327486,0.0</coordinates>
                </LineString>
                <LineString id="11520">
                    <coordinates>11.0052504665912,51.14070076793881,0.0 11.0052387824069,51.14077174439371,0.0</coordinates>
                </LineString>
                <LineString id="11522">
                    <coordinates>11.0052387824069,51.14077174439371,0.0 11.005247935346,51.140798654267094,0.0 11.005296685377498,51.14081351391669,0.0 11.0053168042371,51.14081818839509,0.0</coordinates>
                </LineString>
                <LineString id="11524">
                    <coordinates>11.0053506891811,51.14090643345498,0.0 11.0053310508164,51.14090267095239,0.0</coordinates>
                </LineString>
                <LineString id="11526">
                    <coordinates>11.003711326475598,51.141144835740896,0.0 11.0036642539814,51.1411350325244,0.0</coordinates>
                </LineString>
                <LineString id="11528">
                    <coordinates>11.0044849602448,51.1412028992349,0.0 11.004513815167298,51.14120600318499,0.0</coordinates>
                </LineString>
                <LineString id="11530">
                    <coordinates>11.0019259474239,51.1406985384722,0.0 11.002088482615699,51.14073256351959,0.0 11.0022352473509,51.1407670381651,0.0 11.002318866536902,51.140784344713,0.0</coordinates>
                </LineString>
                <LineString id="11532">
                    <coordinates>10.9973055964024,51.139968409888596,0.0 10.9972818728099,51.1398841147623,0.0 10.9972578509098,51.13978918311679,0.0 10.99725256035,51.139756354993494,0.0 10.9972456384088,51.13971704082908,0.0</coordinates>
                </LineString>
                <LineString id="11534">
                    <coordinates>11.0034107047338,51.139542023631,0.0 11.0034143501236,51.1395552235182,0.0</coordinates>
                </LineString>
                <LineString id="11536">
                    <coordinates>10.9972516263299,51.1399928558956,0.0 10.9972782847085,51.13999374051511,0.0</coordinates>
                </LineString>
                <LineString id="11538">
                    <coordinates>10.9977757484158,51.14000397962509,0.0 10.9977942421339,51.140003805415695,0.0</coordinates>
                </LineString>
                <LineString id="11540">
                    <coordinates>10.9981958114188,51.1400074954777,0.0 10.998214866871,51.140007775459296,0.0</coordinates>
                </LineString>
                <LineString id="11542">
                    <coordinates>10.999950005334501,51.140132919840106,0.0 10.9999643479424,51.1401344087294,0.0</coordinates>
                </LineString>
                <LineString id="11544">
                    <coordinates>11.0000154545217,51.1392108239591,0.0 11.000016699066599,51.13916972801659,0.0 11.0000086324707,51.13916942537319,0.0</coordinates>
                </LineString>
                <LineString id="11546">
                    <coordinates>10.997819666770198,51.13924555146529,0.0 10.9978210039093,51.139239225689,0.0 10.9978215221303,51.1392364075889,0.0</coordinates>
                </LineString>
                <LineString id="11548">
                    <coordinates>10.9961659134068,51.13907291055621,0.0 10.9962159833773,51.1391189501127,0.0</coordinates>
                </LineString>
                <LineString id="11550">
                    <coordinates>11.0017492103551,51.1407393600686,0.0 11.001754465548299,51.14073089234108,0.0</coordinates>
                </LineString>
                <LineString id="11552">
                    <coordinates>11.003447361893,51.14022304359099,0.0 11.003446310554597,51.14025264430609,0.0</coordinates>
                </LineString>
                <LineString id="11554">
                    <coordinates>11.0036295903063,51.140090866338795,0.0 11.0036386429039,51.1400659360979,0.0 11.0035921756671,51.1400599313461,0.0 11.003559601207098,51.14005308305009,0.0 11.0034443662658,51.1400481646284,0.0</coordinates>
                </LineString>
                <LineString id="11556">
                    <coordinates>10.9970385276552,51.1402689777936,0.0 10.9970589150301,51.14032388638369,0.0</coordinates>
                </LineString>
                <LineString id="11558">
                    <coordinates>10.9970589150301,51.14032388638369,0.0 10.9969654430264,51.1403466453619,0.0 10.9969367431112,51.140352925363096,0.0 10.996892327462898,51.14036371794649,0.0</coordinates>
                </LineString>
                <LineString id="11560">
                    <coordinates>10.9964953021084,51.1405122187452,0.0 10.996462665581502,51.1404482609867,0.0</coordinates>
                </LineString>
                <LineString id="11562">
                    <coordinates>10.998320117576098,51.13853131144969,0.0 10.9983217094545,51.138605034676594,0.0</coordinates>
                </LineString>
                <LineString id="11564">
                    <coordinates>11.0005890484101,51.1408237612189,0.0 11.0006133186304,51.14082806745719,0.0 11.0006779048856,51.1408387136131,0.0 11.0007196217268,51.1408456947113,0.0 11.0008148364504,51.140852062892996,0.0 11.0008574626724,51.1408546471107,0.0 11.000949092499702,51.14085630132189,0.0 11.0010377535125,51.1408677370859,0.0</coordinates>
                </LineString>
                <LineString id="11566">
                    <coordinates>10.9999850603551,51.14074748978959,0.0 11.000044265285599,51.140753227278,0.0 11.0002111783122,51.14077437519369,0.0 11.0002559553866,51.14078190396269,0.0</coordinates>
                </LineString>
                <LineString id="11568">
                    <coordinates>11.002527425316503,51.1399208712087,0.0 11.0025778533277,51.13992209205439,0.0</coordinates>
                </LineString>
                <LineString id="11570">
                    <coordinates>10.998659469761,51.1389496681531,0.0 10.9986059636963,51.13895406435089,0.0 10.9985006627503,51.138963015141,0.0</coordinates>
                </LineString>
                <LineString id="11572">
                    <coordinates>10.9992334616713,51.13889600607449,0.0 10.99906498922,51.13891032288039,0.0 10.9990344226615,51.1389137738794,0.0</coordinates>
                </LineString>
                <LineString id="11574">
                    <coordinates>10.999404249683401,51.1388803245229,0.0 10.999274232098998,51.138892471491495,0.0</coordinates>
                </LineString>
                <LineString id="11576">
                    <coordinates>10.9963926564236,51.13993492051819,0.0 10.9964303532691,51.13993678091659,0.0</coordinates>
                </LineString>
                <LineString id="11578">
                    <coordinates>10.9961648099678,51.1399900462657,0.0 10.9961553208802,51.13994066034069,0.0</coordinates>
                </LineString>
                <LineString id="11580">
                    <coordinates>11.004406857345797,51.14065973256938,0.0 11.0044184730892,51.14066046061709,0.0</coordinates>
                </LineString>
                <LineString id="11582">
                    <coordinates>10.999730637073899,51.1400669086798,0.0 10.999732606145699,51.14006968512499,0.0</coordinates>
                </LineString>
                <LineString id="11584">
                    <coordinates>10.998761222774402,51.1399719828797,0.0 10.998719832035702,51.140008789157996,0.0</coordinates>
                </LineString>
                <LineString id="11586">
                    <coordinates>10.9983764560017,51.139978937694885,0.0 10.998374717530002,51.1400104291675,0.0</coordinates>
                </LineString>
                <LineString id="11588">
                    <coordinates>10.9986556896772,51.1400794599654,0.0 10.9986379245277,51.140078319166285,0.0</coordinates>
                </LineString>
                <LineString id="11590">
                    <coordinates>10.9996387260896,51.13918860147599,0.0 10.999638119157098,51.139191562649195,0.0</coordinates>
                </LineString>
                <LineString id="11592">
                    <coordinates>10.9987180642664,51.1392882088971,0.0 10.9987180876015,51.139316209752,0.0</coordinates>
                </LineString>
                <LineString id="11594">
                    <coordinates>10.9970840047354,51.1389673594794,0.0 10.997086554221,51.13896509812909,0.0</coordinates>
                </LineString>
                <LineString id="11596">
                    <coordinates>11.003747729076698,51.1393457066464,0.0 11.0037465604183,51.13934224493229,0.0</coordinates>
                </LineString>
                <LineString id="11598">
                    <coordinates>11.0019291577055,51.14004434854629,0.0 11.0019251708947,51.1400463460515,0.0</coordinates>
                </LineString>
                <LineString id="11600">
                    <coordinates>10.998188240807101,51.140860151615904,0.0 10.9981318199419,51.140851884154294,0.0</coordinates>
                </LineString>
                <LineString id="11602">
                    <coordinates>11.0042062413171,51.1396181906073,0.0 11.0042082788257,51.1395905488819,0.0</coordinates>
                </LineString>
                <LineString id="11604">
                    <coordinates>11.0034049907498,51.140643555328,0.0 11.0035960951203,51.140656796370095,0.0</coordinates>
                </LineString>
                <LineString id="11606">
                    <coordinates>10.9992334616713,51.13889600607449,0.0 10.999228449757798,51.1388720435516,0.0</coordinates>
                </LineString>
                <LineString id="11608">
                    <coordinates>10.9992100422534,51.138847750734506,0.0 10.999228449757798,51.1388720435516,0.0</coordinates>
                </LineString>
                <LineString id="11610">
                    <coordinates>10.996462665581502,51.1404482609867,0.0 10.9964367784559,51.14045133794459,0.0 10.9964300753185,51.14045272768549,0.0</coordinates>
                </LineString>
                <LineString id="11612">
                    <coordinates>10.996274884108,51.14046841283889,0.0 10.9962500867607,51.1404726317133,0.0 10.9961987444072,51.1404694047449,0.0 10.9961172267559,51.1404607502431,0.0 10.996101137915902,51.140459398714604,0.0</coordinates>
                </LineString>
                <LineString id="11614">
                    <coordinates>10.9965708579245,51.1389230764977,0.0 10.9965951083129,51.13888404755101,0.0</coordinates>
                </LineString>
                <LineString id="11616">
                    <coordinates>11.001793413904899,51.1421643359629,0.0 11.0018526414979,51.14215187904961,0.0 11.0019146132347,51.142140721943896,0.0 11.001949846146898,51.1421303615121,0.0 11.001997267401801,51.14211738135489,0.0</coordinates>
                </LineString>
                <LineString id="11618">
                    <coordinates>11.0025329628411,51.140751795931905,0.0 11.0025474584499,51.14058895844428,0.0</coordinates>
                </LineString>
                <LineString id="11620">
                    <coordinates>11.003640844081103,51.1396003171645,0.0 11.0035826536639,51.139561420827484,0.0</coordinates>
                </LineString>
                <LineString id="11622">
                    <coordinates>10.9994056053603,51.14126990173379,0.0 10.9993426699392,51.14122053551599,0.0</coordinates>
                </LineString>
                <LineString id="11624">
                    <coordinates>11.0003607461969,51.141323701469,0.0 11.000432874402698,51.14123785266018,0.0</coordinates>
                </LineString>
                <LineString id="11626">
                    <coordinates>11.0002021181846,51.13906872113639,0.0 11.0002254951537,51.13906207125759,0.0 11.000282858204,51.13907095701599,0.0</coordinates>
                </LineString>
                <LineString id="11628">
                    <coordinates>11.0025527375545,51.14014216171179,0.0 11.002596799988797,51.140141063071695,0.0</coordinates>
                </LineString>
                <LineString id="11630">
                    <coordinates>11.002625901668901,51.1399203532034,0.0 11.0025778533277,51.13992209205439,0.0</coordinates>
                </LineString>
                <LineString id="11632">
                    <coordinates>11.002630535824201,51.13992080619169,0.0 11.002625901668901,51.1399203532034,0.0</coordinates>
                </LineString>
                <LineString id="11634">
                    <coordinates>10.9998218532836,51.13877229631889,0.0 10.9998407220487,51.1386872421055,0.0</coordinates>
                </LineString>
                <LineString id="11636">
                    <coordinates>10.9997188573868,51.1386778587404,0.0 10.9997791242506,51.13868259868479,0.0</coordinates>
                </LineString>
                <LineString id="11638">
                    <coordinates>10.996469683691398,51.139619924235994,0.0 10.99646836664,51.13962927046499,0.0</coordinates>
                </LineString>
                <LineString id="11640">
                    <coordinates>10.996197141699199,51.1398933325631,0.0 10.9962194449142,51.1399356102524,0.0</coordinates>
                </LineString>
                <LineString id="11642">
                    <coordinates>10.996035646340598,51.140049622799694,0.0 10.9959616081681,51.14004005255509,0.0</coordinates>
                </LineString>
                <LineString id="11644">
                    <coordinates>10.996342506788,51.1399327285829,0.0 10.9963380439346,51.1399718462816,0.0</coordinates>
                </LineString>
                <LineString id="11646">
                    <coordinates>11.0019481399185,51.1396303076096,0.0 11.0019470740573,51.13962738609249,0.0</coordinates>
                </LineString>
                <LineString id="11648">
                    <coordinates>11.0023095023738,51.13968284627219,0.0 11.002309953735999,51.1396798028589,0.0</coordinates>
                </LineString>
                <LineString id="11650">
                    <coordinates>10.9991544661798,51.14058374736269,0.0 10.999176475844298,51.14058751320658,0.0</coordinates>
                </LineString>
                <LineString id="11652">
                    <coordinates>10.998816586755202,51.140509619594,0.0 10.9988333394479,51.14049679182929,0.0 10.9988380492148,51.140485155446505,0.0 10.998826631551,51.1404812194755,0.0</coordinates>
                </LineString>
                <LineString id="11654">
                    <coordinates>10.9984326956658,51.1404236810645,0.0 10.9985319649365,51.1404466794539,0.0 10.998575910773999,51.1404589209655,0.0</coordinates>
                </LineString>
                <LineString id="11656">
                    <coordinates>10.998266742514698,51.140371463939495,0.0 10.998290235361,51.140377337077595,0.0</coordinates>
                </LineString>
                <LineString id="11658">
                    <coordinates>10.9981274247451,51.14031395538111,0.0 10.9981191206776,51.1403391522919,0.0</coordinates>
                </LineString>
                <LineString id="11660">
                    <coordinates>10.9995626896841,51.1407360503624,0.0 10.999315817820698,51.14072864511939,0.0 10.999230473588,51.140724436578296,0.0 10.9991351788221,51.14071981028109,0.0 10.9990679956534,51.140714965913496,0.0 10.9990442952485,51.1407100889334,0.0</coordinates>
                </LineString>
                <LineString id="11662">
                    <coordinates>11.001971419055797,51.14258806598249,0.0 11.0020913248568,51.1425820860908,0.0 11.0023752319649,51.14268102120159,0.0</coordinates>
                </LineString>
                <LineString id="11664">
                    <coordinates>11.005081949956802,51.140692315001395,0.0 11.0052504665912,51.14070076793881,0.0</coordinates>
                </LineString>
                <LineString id="11666">
                    <coordinates>11.004709040028303,51.1410276416367,0.0 11.0046584225312,51.1411123007058,0.0</coordinates>
                </LineString>
                <LineString id="11668">
                    <coordinates>11.004630751856201,51.141163796868,0.0 11.0048146059153,51.141177414701794,0.0</coordinates>
                </LineString>
                <LineString id="11670">
                    <coordinates>11.004709040028303,51.1410276416367,0.0 11.0048131786233,51.14104700859189,0.0</coordinates>
                </LineString>
                <LineString id="11672">
                    <coordinates>11.0046443865102,51.1413258940415,0.0 11.0046342595993,51.14138420024341,0.0 11.0047119055973,51.141387647212795,0.0</coordinates>
                </LineString>
                <LineString id="11674">
                    <coordinates>10.9975589725853,51.140001889197,0.0 10.9976942107305,51.140004198166196,0.0 10.9977757484158,51.14000397962509,0.0</coordinates>
                </LineString>
                <LineString id="11676">
                    <coordinates>10.9985093676818,51.1400128400287,0.0 10.9986102740157,51.1400208857248,0.0 10.998661271332798,51.14002353338879,0.0</coordinates>
                </LineString>
                <LineString id="11678">
                    <coordinates>11.0000027596091,51.14010516324999,0.0 11.000011230581102,51.140092039824,0.0 11.0000157672972,51.14007450514929,0.0</coordinates>
                </LineString>
                <LineString id="11680">
                    <coordinates>10.9970100026931,51.13924319916941,0.0 10.9969078181092,51.1392269701498,0.0</coordinates>
                </LineString>
                <LineString id="11682">
                    <coordinates>11.0002284974128,51.1389905087183,0.0 11.000248974821801,51.1390261721303,0.0</coordinates>
                </LineString>
                <LineString id="11684">
                    <coordinates>11.0019259474239,51.1406985384722,0.0 11.0019201879055,51.140562000822,0.0</coordinates>
                </LineString>
                <LineString id="11686">
                    <coordinates>11.0034333089298,51.140470381277595,0.0 11.0034299310052,51.14049455081889,0.0</coordinates>
                </LineString>
                <LineString id="11688">
                    <coordinates>11.0034464364898,51.14026671311699,0.0 11.0034468379964,51.140289224917495,0.0 11.0034333089298,51.140470381277595,0.0</coordinates>
                </LineString>
                <LineString id="11690">
                    <coordinates>10.9985450288624,51.13935157470561,0.0 10.998506736179598,51.1393528380515,0.0</coordinates>
                </LineString>
                <LineString id="11692">
                    <coordinates>10.998513067550098,51.13931444639141,0.0 10.998512651899599,51.1393171485156,0.0</coordinates>
                </LineString>
                <LineString id="11694">
                    <coordinates>11.0025489983326,51.140335015176206,0.0 11.0025489950794,51.1403345027771,0.0 11.0025535902883,51.1402385756924,0.0 11.0025527375545,51.14014216171179,0.0</coordinates>
                </LineString>
                <LineString id="11696">
                    <coordinates>10.9997568444814,51.1407403437758,0.0 10.9998278474394,51.14074233493369,0.0 10.9999330300614,51.1407430091171,0.0 10.9999850603551,51.14074748978959,0.0</coordinates>
                </LineString>
                <LineString id="11698">
                    <coordinates>10.9997238054586,51.140739791710295,0.0 10.9997568444814,51.1407403437758,0.0</coordinates>
                </LineString>
                <LineString id="11700">
                    <coordinates>10.9994432669741,51.1389896854002,0.0 10.9994437950054,51.1389910382611,0.0 10.9994665026409,51.13903389408189,0.0 10.9996614026803,51.13900996866891,0.0</coordinates>
                </LineString>
                <LineString id="11702">
                    <coordinates>10.9997737264057,51.1389715750456,0.0 10.9998094416198,51.138823004911295,0.0</coordinates>
                </LineString>
                <LineString id="11704">
                    <coordinates>10.9974432698549,51.1402489757248,0.0 10.997387470014598,51.140254304549195,0.0 10.9973336474121,51.14026004580279,0.0</coordinates>
                </LineString>
                <LineString id="11706">
                    <coordinates>10.996596515990499,51.1403372712817,0.0 10.9965636999849,51.140377880746684,0.0</coordinates>
                </LineString>
                <LineString id="11708">
                    <coordinates>11.005040851708399,51.140691102648994,0.0 11.005042193874703,51.140691150016,0.0</coordinates>
                </LineString>
                <LineString id="11710">
                    <coordinates>11.0051197544198,51.140645309476696,0.0 11.0051256744704,51.14063779109339,0.0</coordinates>
                </LineString>
                <LineString id="11712">
                    <coordinates>11.000053640307602,51.1398921818354,0.0 11.0000599835279,51.13984921481259,0.0</coordinates>
                </LineString>
                <LineString id="11714">
                    <coordinates>10.9990685732038,51.140012563544396,0.0 10.999070415016,51.14001527598959,0.0</coordinates>
                </LineString>
                <LineString id="11716">
                    <coordinates>10.9999350281082,51.14021905002879,0.0 10.9999276135846,51.1402315532493,0.0</coordinates>
                </LineString>
                <LineString id="11718">
                    <coordinates>10.9986379245277,51.140078319166285,0.0 10.9983986867216,51.14007024919158,0.0 10.998044292091,51.1400649052677,0.0 10.9978254352527,51.14005859966629,0.0</coordinates>
                </LineString>
                <LineString id="11720">
                    <coordinates>10.9992717615864,51.1392686749001,0.0 10.9992748122085,51.1392888452784,0.0</coordinates>
                </LineString>
                <LineString id="11722">
                    <coordinates>10.9976575644658,51.13898261990211,0.0 10.9973626400772,51.1389518860119,0.0 10.9972566707529,51.13894153961391,0.0</coordinates>
                </LineString>
                <LineString id="11724">
                    <coordinates>10.9959170642913,51.1388592380689,0.0 10.9959213549138,51.13890386919638,0.0 10.9959268918154,51.1389799904123,0.0 10.995938747887399,51.1390790158234,0.0 10.995941030969798,51.13910420454599,0.0 10.996125954332799,51.13912930619669,0.0 10.996190738711299,51.1391359294825,0.0 10.996209593592898,51.139138194635194,0.0</coordinates>
                </LineString>
                <LineString id="11726">
                    <coordinates>11.0019379292482,51.13958096994889,0.0 11.0019122624241,51.13958182073059,0.0</coordinates>
                </LineString>
                <LineString id="11728">
                    <coordinates>11.0021271341627,51.13909258558358,0.0 11.0021166317887,51.1391277417909,0.0</coordinates>
                </LineString>
                <LineString id="11730">
                    <coordinates>11.000335104431597,51.138829680835386,0.0 11.0003943393992,51.13883722519591,0.0</coordinates>
                </LineString>
                <LineString id="11732">
                    <coordinates>11.0018110562661,51.14011939692389,0.0 11.0018313327183,51.14011407761251,0.0</coordinates>
                </LineString>
                <LineString id="11734">
                    <coordinates>11.0015225577494,51.1401798585652,0.0 11.0015852365863,51.1401689234064,0.0</coordinates>
                </LineString>
                <LineString id="11736">
                    <coordinates>11.0014995178608,51.140184111524,0.0 11.0015225577494,51.1401798585652,0.0</coordinates>
                </LineString>
                <LineString id="11738">
                    <coordinates>10.997926999764799,51.14096207915,0.0 10.9980015900578,51.140977918184205,0.0</coordinates>
                </LineString>
                <LineString id="11740">
                    <coordinates>11.002498312957398,51.13953768388549,0.0 11.0024969398741,51.139518507693495,0.0</coordinates>
                </LineString>
                <LineString id="11742">
                    <coordinates>10.998681254915002,51.1389862509201,0.0 10.998684384999198,51.138984228216394,0.0</coordinates>
                </LineString>
                <LineString id="11744">
                    <coordinates>10.9990415416375,51.13895263118659,0.0 10.9990344226615,51.1389137738794,0.0</coordinates>
                </LineString>
                <LineString id="11746">
                    <coordinates>10.9992873028982,51.1389408990041,0.0 10.999274232098998,51.138892471491495,0.0</coordinates>
                </LineString>
                <LineString id="11748">
                    <coordinates>10.996114041269598,51.140407310432,0.0 10.996078732165,51.14040668392809,0.0</coordinates>
                </LineString>
                <LineString id="11750">
                    <coordinates>11.002513241306502,51.139445629224596,0.0 11.0024863107107,51.1394315206995,0.0 11.002421564569998,51.139434339652496,0.0 11.0024185324583,51.139427176561384,0.0</coordinates>
                </LineString>
                <LineString id="11752">
                    <coordinates>11.0022709144808,51.13993923332589,0.0 11.002236018680799,51.13998907628939,0.0</coordinates>
                </LineString>
                <LineString id="11754">
                    <coordinates>10.9998821250598,51.1385306664332,0.0 10.999872810705,51.1384961770337,0.0 10.9998684731804,51.13847934855819,0.0</coordinates>
                </LineString>
                <LineString id="11756">
                    <coordinates>10.9980660350176,51.138621318262906,0.0 10.9980613018674,51.138583838654085,0.0</coordinates>
                </LineString>
                <LineString id="11758">
                    <coordinates>10.998565699049598,51.13861965351539,0.0 10.998567266796702,51.1386171949632,0.0</coordinates>
                </LineString>
                <LineString id="11760">
                    <coordinates>10.996613762125802,51.1388738252269,0.0 10.9965966980908,51.1388726631605,0.0 10.9965951083129,51.13888404755101,0.0</coordinates>
                </LineString>
                <LineString id="11762">
                    <coordinates>10.9968372669194,51.138662639732196,0.0 10.9968419395984,51.1386474524617,0.0 10.9969529363662,51.1386591816878,0.0</coordinates>
                </LineString>
                <LineString id="11764">
                    <coordinates>10.9997047675528,51.141409496103606,0.0 10.999754974061199,51.14124771027239,0.0 10.9995588370923,51.141211381202396,0.0 10.9993519523336,51.1411831039101,0.0</coordinates>
                </LineString>
                <LineString id="11766">
                    <coordinates>10.9995626896841,51.1407360503624,0.0 10.9997238054586,51.140739791710295,0.0</coordinates>
                </LineString>
                <LineString id="11768">
                    <coordinates>10.9993870805637,51.141120706199594,0.0 10.999412321142598,51.14107547377379,0.0 10.9994847449137,51.1409488900507,0.0</coordinates>
                </LineString>
                <LineString id="11770">
                    <coordinates>11.000305839987798,51.14086990067099,0.0 11.0002380218747,51.14082693831479,0.0</coordinates>
                </LineString>
                <LineString id="11772">
                    <coordinates>11.0008798497985,51.1409528629714,0.0 11.0008882419935,51.14093676346201,0.0</coordinates>
                </LineString>
                <LineString id="11774">
                    <coordinates>11.0011498834433,51.1402150611654,0.0 11.0011542823299,51.140241661122396,0.0 11.001181628990603,51.14024045629569,0.0 11.001215592841698,51.140238525898596,0.0 11.0012937963529,51.1402252963719,0.0 11.0014257126468,51.1401987989761,0.0 11.0014995178608,51.140184111524,0.0</coordinates>
                </LineString>
                <LineString id="11776">
                    <coordinates>10.9972456384088,51.13971704082908,0.0 10.9972324925353,51.139658311080495,0.0 10.9972278270766,51.13963818973309,0.0</coordinates>
                </LineString>
                <LineString id="11778">
                    <coordinates>10.9998906800402,51.1386922983896,0.0 10.999885939748701,51.13869279721639,0.0</coordinates>
                </LineString>
                <LineString id="11780">
                    <coordinates>10.997431140974598,51.13999605692399,0.0 10.997437438067502,51.1399711754578,0.0</coordinates>
                </LineString>
                <LineString id="11782">
                    <coordinates>10.9963280151427,51.13993219080199,0.0 10.996333677113197,51.13990103863049,0.0</coordinates>
                </LineString>
                <LineString id="11784">
                    <coordinates>10.995557758764201,51.1402910378555,0.0 10.9955920144122,51.140268418975495,0.0 10.995628969224201,51.1402419130473,0.0 10.9956773383135,51.14020762173601,0.0 10.9957922482021,51.140122736176195,0.0</coordinates>
                </LineString>
                <LineString id="11786">
                    <coordinates>10.995557758764201,51.1402910378555,0.0 10.995528024391701,51.14027451259239,0.0</coordinates>
                </LineString>
                <LineString id="11788">
                    <coordinates>10.9968540991046,51.1400347713398,0.0 10.996926504064698,51.13997329614409,0.0</coordinates>
                </LineString>
                <LineString id="11790">
                    <coordinates>11.0019470740573,51.13962738609249,0.0 11.0019417528051,51.1396163831528,0.0 11.001917717642602,51.1396011935474,0.0 11.0019122624241,51.13958182073059,0.0</coordinates>
                </LineString>
                <LineString id="11792">
                    <coordinates>11.000705090233298,51.139363612738,0.0 11.0007063975173,51.1393665992513,0.0</coordinates>
                </LineString>
                <LineString id="11794">
                    <coordinates>11.002219787912,51.13973764221549,0.0 11.0021673293171,51.1395627459528,0.0</coordinates>
                </LineString>
                <LineString id="11796">
                    <coordinates>10.9986530225749,51.1406482323791,0.0 10.9986370030803,51.140646971683005,0.0</coordinates>
                </LineString>
                <LineString id="11798">
                    <coordinates>10.9994171363144,51.1409326352429,0.0 10.9994222268507,51.14093379339991,0.0</coordinates>
                </LineString>
                <LineString id="11800">
                    <coordinates>11.001635646388701,51.1422005820115,0.0 11.00164050243,51.1422006953503,0.0</coordinates>
                </LineString>
                <LineString id="11802">
                    <coordinates>11.002727740941202,51.1428531710928,0.0 11.0029705291922,51.1429525633434,0.0 11.0030946351252,51.14298915399319,0.0 11.0031317289795,51.1429414868698,0.0</coordinates>
                </LineString>
                <LineString id="11804">
                    <coordinates>11.0045355959003,51.14130354797451,0.0 11.0044988131822,51.1414153095362,0.0 11.0043721994007,51.1413964792006,0.0 11.0043736309343,51.1413877181469,0.0</coordinates>
                </LineString>
                <LineString id="11806">
                    <coordinates>11.0016856714594,51.14083258200399,0.0 11.001734547748699,51.140871363869,0.0 11.0018484955548,51.140888354167,0.0 11.001851170291502,51.14087961273469,0.0</coordinates>
                </LineString>
                <LineString id="11808">
                    <coordinates>11.0039538878809,51.1408970251501,0.0 11.0039534266184,51.14091315642351,0.0</coordinates>
                </LineString>
                <LineString id="11810">
                    <coordinates>11.0047233877643,51.141002981075296,0.0 11.0046907051173,51.14099713894241,0.0</coordinates>
                </LineString>
                <LineString id="11812">
                    <coordinates>11.0035770934952,51.140975437367494,0.0 11.0035830863304,51.1409990844373,0.0 11.003688963450202,51.1409894238393,0.0</coordinates>
                </LineString>
                <LineString id="11814">
                    <coordinates>10.9999979646337,51.13997649906779,0.0 11.0000386616795,51.139983022249595,0.0</coordinates>
                </LineString>
                <LineString id="11816">
                    <coordinates>10.9982152303347,51.139985027478396,0.0 10.998214866871,51.140007775459296,0.0</coordinates>
                </LineString>
                <LineString id="11818">
                    <coordinates>10.996492513138799,51.13916312048789,0.0 10.9966276915037,51.139183902530995,0.0 10.9967096795496,51.139197127117804,0.0</coordinates>
                </LineString>
                <LineString id="11820">
                    <coordinates>10.996209593592898,51.139138194635194,0.0 10.9963852178333,51.1391598811998,0.0 10.996465640365198,51.1391602832413,0.0 10.996492513138799,51.13916312048789,0.0</coordinates>
                </LineString>
                <LineString id="11822">
                    <coordinates>11.0014907470041,51.1410117501133,0.0 11.0015597425276,51.1410346314344,0.0</coordinates>
                </LineString>
                <LineString id="11824">
                    <coordinates>11.0039632953595,51.1407884915065,0.0 11.0039786528658,51.140789314367595,0.0</coordinates>
                </LineString>
                <LineString id="11826">
                    <coordinates>11.0034049907498,51.140643555328,0.0 11.0034369300581,51.1407795427821,0.0</coordinates>
                </LineString>
                <LineString id="11828">
                    <coordinates>10.9970371698611,51.14026569417009,0.0 10.9970385276552,51.1402689777936,0.0</coordinates>
                </LineString>
                <LineString id="11830">
                    <coordinates>11.0025778533277,51.13992209205439,0.0 11.0025572730302,51.139798884592906,0.0 11.0025384018311,51.1396885459218,0.0 11.0025275817161,51.1396442549225,0.0</coordinates>
                </LineString>
                <LineString id="11832">
                    <coordinates>10.9997238054586,51.140739791710295,0.0 10.999713966485599,51.14076728577619,0.0</coordinates>
                </LineString>
                <LineString id="11834">
                    <coordinates>11.0024134128673,51.1396549044782,0.0 11.002417951094598,51.139654502704985,0.0</coordinates>
                </LineString>
                <LineString id="11836">
                    <coordinates>10.9996614026803,51.13900996866891,0.0 10.9997700042152,51.1389957235721,0.0 10.9997720249008,51.13898089105779,0.0</coordinates>
                </LineString>
                <LineString id="11838">
                    <coordinates>10.997628055912898,51.14030641612969,0.0 10.997646647221503,51.14027665107831,0.0</coordinates>
                </LineString>
                <LineString id="11840">
                    <coordinates>11.001407437626598,51.14104633894319,0.0 11.0014088284507,51.14104876884419,0.0</coordinates>
                </LineString>
                <LineString id="11842">
                    <coordinates>11.0014676263777,51.14147965344489,0.0 11.001456817906902,51.14158197255009,0.0 11.0014379314411,51.14172094266449,0.0</coordinates>
                </LineString>
                <LineString id="11844">
                    <coordinates>11.0019201879055,51.140562000822,0.0 11.0019026358331,51.1403931640978,0.0</coordinates>
                </LineString>
                <LineString id="11846">
                    <coordinates>11.0018313327183,51.14011407761251,0.0 11.001871445055,51.1401033273539,0.0</coordinates>
                </LineString>
                <LineString id="11848">
                    <coordinates>11.0042280735538,51.140664270002695,0.0 11.0042378603867,51.1406570182795,0.0 11.004248040824299,51.1406520620917,0.0 11.004258359835198,51.14064930039049,0.0 11.004269408400399,51.14064783031859,0.0 11.004287976671899,51.1406488512487,0.0 11.004309842629201,51.1406500170902,0.0 11.0043290006736,51.1406528498146,0.0 11.0043611639187,51.140656916804,0.0 11.004406857345797,51.14065973256938,0.0</coordinates>
                </LineString>
                <LineString id="11850">
                    <coordinates>10.996575669633701,51.1404315127206,0.0 10.9965636999849,51.140377880746684,0.0</coordinates>
                </LineString>
                <LineString id="11852">
                    <coordinates>11.004911351391,51.1406869902569,0.0 11.005040851708399,51.140691102648994,0.0</coordinates>
                </LineString>
                <LineString id="11854">
                    <coordinates>10.9986604821719,51.1399886584085,0.0 10.998661271332798,51.14002353338879,0.0</coordinates>
                </LineString>
                <LineString id="11856">
                    <coordinates>10.999479868108299,51.140085286791184,0.0 10.9994645492563,51.14014486057669,0.0</coordinates>
                </LineString>
                <LineString id="11858">
                    <coordinates>10.999155202914398,51.1401145922174,0.0 10.9991010030327,51.1401087173037,0.0 10.9990392150514,51.1401022111558,0.0 10.9989090834018,51.1400936911017,0.0 10.998783671172198,51.140086307934894,0.0 10.9986556896772,51.1400794599654,0.0</coordinates>
                </LineString>
                <LineString id="11860">
                    <coordinates>10.9991545139607,51.14016167955419,0.0 10.9991539876513,51.14015892442729,0.0</coordinates>
                </LineString>
                <LineString id="11862">
                    <coordinates>10.9974683009999,51.139159987132395,0.0 10.997404256936099,51.1391534787653,0.0</coordinates>
                </LineString>
                <LineString id="11864">
                    <coordinates>10.9972566707529,51.13894153961391,0.0 10.9970834503167,51.138924998673495,0.0</coordinates>
                </LineString>
                <LineString id="11866">
                    <coordinates>10.997086554221,51.13896509812909,0.0 10.9970981938002,51.1389343477165,0.0 10.9970834503167,51.138924998673495,0.0</coordinates>
                </LineString>
                <LineString id="11868">
                    <coordinates>10.9968509809528,51.139178652606496,0.0 10.996843971133398,51.139217299046,0.0</coordinates>
                </LineString>
                <LineString id="11870">
                    <coordinates>11.0019073599178,51.13956265937399,0.0 11.001937623209598,51.139464551159804,0.0</coordinates>
                </LineString>
                <LineString id="11872">
                    <coordinates>11.002120513282097,51.13916444989731,0.0 11.0021166317887,51.1391277417909,0.0</coordinates>
                </LineString>
                <LineString id="11874">
                    <coordinates>11.003497699858801,51.1393810978027,0.0 11.0036038189,51.1393527153226,0.0 11.0036935677085,51.139327429406904,0.0</coordinates>
                </LineString>
                <LineString id="11876">
                    <coordinates>11.0018030379692,51.14012148588319,0.0 11.0018110562661,51.14011939692389,0.0</coordinates>
                </LineString>
                <LineString id="11878">
                    <coordinates>11.001577673981899,51.140094861671486,0.0 11.001567859726197,51.1401457903523,0.0</coordinates>
                </LineString>
                <LineString id="11880">
                    <coordinates>11.001397542684098,51.1401301705033,0.0 11.0014585159596,51.1401632128853,0.0</coordinates>
                </LineString>
                <LineString id="11882">
                    <coordinates>10.9983952319673,51.140633010234694,0.0 10.9984015393264,51.1406274550995,0.0 10.9984030230846,51.1406242587355,0.0</coordinates>
                </LineString>
                <LineString id="11884">
                    <coordinates>11.003497699858801,51.1393810978027,0.0 11.0034935047115,51.13942532377529,0.0</coordinates>
                </LineString>
                <LineString id="11886">
                    <coordinates>11.0034394392569,51.1398899976882,0.0 11.00343967837,51.1399027910298,0.0</coordinates>
                </LineString>
                <LineString id="11888">
                    <coordinates>10.9986503207054,51.1389042674549,0.0 10.998659469761,51.1389496681531,0.0</coordinates>
                </LineString>
                <LineString id="11890">
                    <coordinates>10.998057424310298,51.138992264504196,0.0 10.9980545533903,51.13896579435849,0.0</coordinates>
                </LineString>
                <LineString id="11892">
                    <coordinates>10.9964300753185,51.14045272768549,0.0 10.9964023251161,51.1404580359021,0.0</coordinates>
                </LineString>
                <LineString id="11894">
                    <coordinates>10.996101137915902,51.140459398714604,0.0 10.996067809982,51.1404576835592,0.0 10.9959832612313,51.14047481929469,0.0</coordinates>
                </LineString>
                <LineString id="11896">
                    <coordinates>10.9983859094542,51.13859967843051,0.0 10.9984010249155,51.138598441479694,0.0 10.9984661465834,51.13859407287639,0.0</coordinates>
                </LineString>
                <LineString id="11898">
                    <coordinates>10.9996731508734,51.1384958098527,0.0 10.9997701809233,51.1384886839904,0.0</coordinates>
                </LineString>
                <LineString id="11900">
                    <coordinates>10.9996823726009,51.1385385503558,0.0 10.999679853335499,51.13851824969348,0.0</coordinates>
                </LineString>
                <LineString id="11902">
                    <coordinates>10.9982300673688,51.1386437927222,0.0 10.9982300147041,51.138640942766,0.0</coordinates>
                </LineString>
                <LineString id="11904">
                    <coordinates>10.9987000353819,51.13859938229909,0.0 10.9986955780104,51.138575559330796,0.0</coordinates>
                </LineString>
                <LineString id="11906">
                    <coordinates>10.998676624847597,51.138626751174584,0.0 10.9987000353819,51.13859938229909,0.0</coordinates>
                </LineString>
                <LineString id="11908">
                    <coordinates>10.9976841263271,51.13891993356929,0.0 10.9976811378969,51.13892201139349,0.0</coordinates>
                </LineString>
                <LineString id="11910">
                    <coordinates>10.9969529363662,51.1386591816878,0.0 10.996963267187102,51.138660492737,0.0</coordinates>
                </LineString>
                <LineString id="11912">
                    <coordinates>11.0015597425276,51.1410346314344,0.0 11.001637765701,51.141058326826396,0.0 11.0016604637573,51.1410228881864,0.0</coordinates>
                </LineString>
                <LineString id="11914">
                    <coordinates>10.9993754907009,51.1411412637576,0.0 10.9993870805637,51.141120706199594,0.0</coordinates>
                </LineString>
                <LineString id="11916">
                    <coordinates>11.0007072526981,51.1409268943335,0.0 11.0008173108655,51.1409267913564,0.0</coordinates>
                </LineString>
                <LineString id="11918">
                    <coordinates>10.9972456384088,51.13971704082908,0.0 10.997183999821997,51.1397142294468,0.0</coordinates>
                </LineString>
                <LineString id="11920">
                    <coordinates>10.996106626124401,51.1398851941404,0.0 10.996107435053,51.13988808654079,0.0</coordinates>
                </LineString>
                <LineString id="11922">
                    <coordinates>10.9957528177413,51.140001154515595,0.0 10.9957157335674,51.13999871487329,0.0</coordinates>
                </LineString>
                <LineString id="11924">
                    <coordinates>10.9963380439346,51.1399718462816,0.0 10.9963369860739,51.1399804396577,0.0</coordinates>
                </LineString>
                <LineString id="11926">
                    <coordinates>10.996371125412,51.1400079960097,0.0 10.9963369860739,51.1399804396577,0.0</coordinates>
                </LineString>
                <LineString id="11928">
                    <coordinates>10.9966033464973,51.1400068412178,0.0 10.9966115700641,51.13994912161049,0.0</coordinates>
                </LineString>
                <LineString id="11930">
                    <coordinates>11.00182470452,51.139674442381995,0.0 11.0018391853923,51.1396284075257,0.0</coordinates>
                </LineString>
                <LineString id="11932">
                    <coordinates>11.002584355464,51.139431754126996,0.0 11.0026131277764,51.1394260306761,0.0 11.0026113320746,51.13940988915579,0.0</coordinates>
                </LineString>
                <LineString id="11934">
                    <coordinates>10.999176475844298,51.14058751320658,0.0 10.9992061335507,51.1405904635328,0.0 10.9992497216562,51.14059150147149,0.0 10.999331669225699,51.14059484498059,0.0 10.9994374723166,51.14059919241689,0.0 10.9995123562689,51.1406034192475,0.0 10.9997654552674,51.14061754711909,0.0</coordinates>
                </LineString>
                <LineString id="11936">
                    <coordinates>10.9992165529146,51.140542075110986,0.0 10.999211162736,51.14054288296721,0.0</coordinates>
                </LineString>
                <LineString id="11938">
                    <coordinates>10.9982913191622,51.1403450669524,0.0 10.9982969074704,51.14035689933059,0.0 10.998290235361,51.140377337077595,0.0</coordinates>
                </LineString>
                <LineString id="11940">
                    <coordinates>11.0023752319649,51.14268102120159,0.0 11.0025358462852,51.142758122327486,0.0 11.0026646918266,51.1428227544662,0.0 11.002727740941202,51.1428531710928,0.0</coordinates>
                </LineString>
                <LineString id="11942">
                    <coordinates>11.0052504665912,51.14070076793881,0.0 11.0053631708012,51.1407091687631,0.0</coordinates>
                </LineString>
                <LineString id="11944">
                    <coordinates>11.0018552109255,51.1408711436325,0.0 11.001851170291502,51.14087961273469,0.0</coordinates>
                </LineString>
                <LineString id="11946">
                    <coordinates>11.0041544348871,51.140516386093694,0.0 11.0041509261615,51.14052672051749,0.0</coordinates>
                </LineString>
                <LineString id="11948">
                    <coordinates>10.9999046314299,51.140089537828295,0.0 10.999903304080801,51.1401020391345,0.0</coordinates>
                </LineString>
                <LineString id="11950">
                    <coordinates>11.0045430334442,51.141294577327486,0.0 11.0046443865102,51.1413258940415,0.0</coordinates>
                </LineString>
                <LineString id="11952">
                    <coordinates>10.999391871072298,51.13846917083409,0.0 10.9993911895345,51.13846500311109,0.0</coordinates>
                </LineString>
                <LineString id="11954">
                    <coordinates>10.9993613690012,51.1384379070467,0.0 10.9993580514006,51.138420835581414,0.0</coordinates>
                </LineString>
                <LineString id="11956">
                    <coordinates>11.0046907051173,51.14099713894241,0.0 11.0046221899573,51.14099106394071,0.0</coordinates>
                </LineString>
                <LineString id="11958">
                    <coordinates>11.004433429481898,51.14104685283271,0.0 11.0044294224177,51.1410610932257,0.0</coordinates>
                </LineString>
                <LineString id="11960">
                    <coordinates>11.00500758867,51.1409264386835,0.0 11.005008075801499,51.140916402147596,0.0</coordinates>
                </LineString>
                <LineString id="11962">
                    <coordinates>11.003706175661698,51.14098772763679,0.0 11.003688963450202,51.1409894238393,0.0</coordinates>
                </LineString>
                <LineString id="11964">
                    <coordinates>11.0025179737016,51.14083272171369,0.0 11.002318866536902,51.140784344713,0.0</coordinates>
                </LineString>
                <LineString id="11966">
                    <coordinates>10.9973106560956,51.13999342461149,0.0 10.9973779298848,51.1399927065944,0.0</coordinates>
                </LineString>
                <LineString id="11968">
                    <coordinates>10.9973779298848,51.1399927065944,0.0 10.997431140974598,51.13999605692399,0.0</coordinates>
                </LineString>
                <LineString id="11970">
                    <coordinates>10.9984850539717,51.14001057347608,0.0 10.9985093676818,51.1400128400287,0.0</coordinates>
                </LineString>
                <LineString id="11972">
                    <coordinates>10.998661271332798,51.14002353338879,0.0 10.9987182349095,51.14002648377029,0.0</coordinates>
                </LineString>
                <LineString id="11974">
                    <coordinates>10.9993162514589,51.14006447163331,0.0 10.999406795366298,51.14007596968669,0.0 10.999479868108299,51.140085286791184,0.0</coordinates>
                </LineString>
                <LineString id="11976">
                    <coordinates>10.9995280909538,51.1400906969376,0.0 10.9995676625606,51.140095080274996,0.0 10.9996397893675,51.14010122507429,0.0 10.999743203557498,51.14011093621119,0.0 10.9997497186515,51.1401116301151,0.0</coordinates>
                </LineString>
                <LineString id="11978">
                    <coordinates>10.9997497186515,51.1401116301151,0.0 10.9998590889185,51.14012344154348,0.0 10.999950005334501,51.140132919840106,0.0</coordinates>
                </LineString>
                <LineString id="11980">
                    <coordinates>10.999982911754,51.1401362842584,0.0 11.0000027596091,51.14010516324999,0.0</coordinates>
                </LineString>
                <LineString id="11982">
                    <coordinates>11.000139873191802,51.13926346579489,0.0 11.0001868916057,51.1392035065545,0.0 11.0002395941514,51.13913506531979,0.0 11.000282858204,51.13907095701599,0.0</coordinates>
                </LineString>
                <LineString id="11984">
                    <coordinates>11.0046182040537,51.1411964549309,0.0 11.004599062723898,51.14124335835779,0.0 11.004583132215599,51.14125921422959,0.0</coordinates>
                </LineString>
                <LineString id="11986">
                    <coordinates>10.9978003072701,51.13933725299519,0.0 10.9977097871924,51.139332001232695,0.0 10.9975922656198,51.139323911310285,0.0 10.9975066243259,51.1393150696351,0.0 10.9973892778001,51.1393008774939,0.0 10.997358515785898,51.1392968385648,0.0</coordinates>
                </LineString>
                <LineString id="11988">
                    <coordinates>10.997156373323202,51.1396300446688,0.0 10.9972254430179,51.139626870163,0.0</coordinates>
                </LineString>
                <LineString id="11990">
                    <coordinates>10.999730128329498,51.1388109649382,0.0 10.9997347771346,51.1388120563841,0.0</coordinates>
                </LineString>
                <LineString id="11992">
                    <coordinates>10.9992987886393,51.14002354832549,0.0 10.9992986525405,51.1400265404897,0.0</coordinates>
                </LineString>
                <LineString id="11994">
                    <coordinates>11.0037465604183,51.13934224493229,0.0 11.003739009303,51.1393266117495,0.0 11.0037303262395,51.13931311729359,0.0 11.0037058622111,51.139317843966,0.0</coordinates>
                </LineString>
                <LineString id="11996">
                    <coordinates>10.996643059151799,51.14041493057779,0.0 10.9966556816248,51.1404371157205,0.0</coordinates>
                </LineString>
                <LineString id="11998">
                    <coordinates>10.996173726081699,51.139854254391196,0.0 10.996197141699199,51.1398933325631,0.0</coordinates>
                </LineString>
                <LineString id="12000">
                    <coordinates>11.0012121506324,51.14062075252338,0.0 11.0014768304064,51.140568331297686,0.0</coordinates>
                </LineString>
                <LineString id="12002">
                    <coordinates>10.9964303532691,51.13993678091659,0.0 10.996468158565898,51.13993891190209,0.0 10.9966115700641,51.13994912161049,0.0</coordinates>
                </LineString>
                <LineString id="12004">
                    <coordinates>10.997778626149803,51.1392410830404,0.0 10.997819666770198,51.13924555146529,0.0</coordinates>
                </LineString>
                <LineString id="12006">
                    <coordinates>11.0036135407247,51.140281619461504,0.0 11.0035515869273,51.14027082655011,0.0</coordinates>
                </LineString>
                <LineString id="12008">
                    <coordinates>10.9968589930167,51.13889978437659,0.0 10.996613762125802,51.1388738252269,0.0</coordinates>
                </LineString>
                <LineString id="12010">
                    <coordinates>10.9969647987385,51.1399409584466,0.0 10.9969599800856,51.139940449718495,0.0</coordinates>
                </LineString>
                <LineString id="12012">
                    <coordinates>10.9988982177838,51.140907684446304,0.0 10.9989362552078,51.1408845755834,0.0</coordinates>
                </LineString>
                <LineString id="12014">
                    <coordinates>11.005323052793399,51.140899825381396,0.0 11.0053310508164,51.14090267095239,0.0</coordinates>
                </LineString>
                <LineString id="12016">
                    <coordinates>10.998214866871,51.140007775459296,0.0 10.998226717924798,51.1400081825342,0.0 10.998374717530002,51.1400104291675,0.0</coordinates>
                </LineString>
                <LineString id="12018">
                    <coordinates>11.0000144676667,51.1392452792518,0.0 10.9999027613118,51.139252414731295,0.0 10.9996435112529,51.139274010666895,0.0</coordinates>
                </LineString>
                <LineString id="12020">
                    <coordinates>11.0045637027451,51.14066869845409,0.0 11.004750538822902,51.14067777536481,0.0</coordinates>
                </LineString>
                <LineString id="12022">
                    <coordinates>10.997914302137,51.141275496781205,0.0 10.9979021786762,51.14121766579009,0.0</coordinates>
                </LineString>
                <LineString id="12024">
                    <coordinates>11.002467882096099,51.141867958824996,0.0 11.0024934575651,51.14185946651599,0.0 11.002539841602799,51.141846854835094,0.0</coordinates>
                </LineString>
                <LineString id="12026">
                    <coordinates>10.9955873521689,51.1403647947027,0.0 10.9955538250731,51.140322195834294,0.0</coordinates>
                </LineString>
                <LineString id="12028">
                    <coordinates>11.0019287360862,51.142438197456094,0.0 11.001971419055797,51.14258806598249,0.0</coordinates>
                </LineString>
                <LineString id="12030">
                    <coordinates>10.9978237689751,51.13922501982119,0.0 10.9978344698243,51.1391689573339,0.0 10.9978460988076,51.139108300438096,0.0 10.997857354782402,51.1390549753502,0.0</coordinates>
                </LineString>
                <LineString id="12032">
                    <coordinates>10.9977089764069,51.1392294930063,0.0 10.997778626149803,51.1392410830404,0.0</coordinates>
                </LineString>
                <LineString id="12034">
                    <coordinates>11.0003943393992,51.13883722519591,0.0 11.0004118889861,51.13883906502829,0.0</coordinates>
                </LineString>
                <LineString id="12036">
                    <coordinates>10.996417864925197,51.14051241762729,0.0 10.996450162866099,51.14050627647579,0.0 10.9964300753185,51.14045272768549,0.0</coordinates>
                </LineString>
                <LineString id="12038">
                    <coordinates>11.0034143501236,51.1395552235182,0.0 11.0034282132352,51.13960555396928,0.0 11.003430832126,51.139655833609396,0.0 11.0034365295715,51.1397204229404,0.0</coordinates>
                </LineString>
                <LineString id="12040">
                    <coordinates>10.9997791242506,51.13868259868479,0.0 10.9998407220487,51.1386872421055,0.0</coordinates>
                </LineString>
                <LineString id="12042">
                    <coordinates>10.9997738840165,51.1405223630254,0.0 10.9996699806003,51.1405114432149,0.0</coordinates>
                </LineString>
                <LineString id="12044">
                    <coordinates>11.004864186136999,51.1409029536693,0.0 11.0049911240395,51.14093524271859,0.0</coordinates>
                </LineString>
                <LineString id="12046">
                    <coordinates>10.9978713466329,51.1390033186719,0.0 10.997859325469697,51.139003521353686,0.0 10.9978447741537,51.139001131519876,0.0</coordinates>
                </LineString>
                <LineString id="12048">
                    <coordinates>11.002498312957398,51.13953768388549,0.0 11.0023795042883,51.1395474938399,0.0 11.0022727085932,51.1395535048804,0.0</coordinates>
                </LineString>
                <LineString id="12050">
                    <coordinates>10.9999655563144,51.1398792670675,0.0 11.0000321836984,51.139847592966696,0.0</coordinates>
                </LineString>
                <LineString id="12052">
                    <coordinates>11.003394889007803,51.1394987688468,0.0 11.0033849050555,51.1394381610763,0.0 11.003497699858801,51.1393810978027,0.0</coordinates>
                </LineString>
                <LineString id="12054">
                    <coordinates>10.998858681462698,51.13896887411659,0.0 10.998858387493899,51.1389328977243,0.0</coordinates>
                </LineString>
                <LineString id="12056">
                    <coordinates>10.9957526611185,51.13999190351609,0.0 10.9957528177413,51.140001154515595,0.0</coordinates>
                </LineString>
                <LineString id="12058">
                    <coordinates>11.002029648130097,51.142163114704594,0.0 11.001997267401801,51.14211738135489,0.0</coordinates>
                </LineString>
                <LineString id="12060">
                    <coordinates>10.9980586521213,51.139360858946404,0.0 10.9978975376099,51.13934870161899,0.0 10.9978003072701,51.13933725299519,0.0</coordinates>
                </LineString>
                <LineString id="12062">
                    <coordinates>10.9977813790152,51.138601478085704,0.0 10.9978628714765,51.1386005939197,0.0</coordinates>
                </LineString>
                <LineString id="12064">
                    <coordinates>11.0050491737199,51.1406589119941,0.0 11.005053752770799,51.1406539530583,0.0 11.005062688060299,51.14065174582701,0.0 11.0050725127822,51.140650705733805,0.0 11.0050810030593,51.1406505891475,0.0 11.0050890834707,51.140647601595,0.0 11.005091917038198,51.140647400960695,0.0 11.0051008826337,51.1406464434508,0.0 11.0051092951044,51.14064795320429,0.0 11.0051171032939,51.1406476600262,0.0 11.0051197544198,51.140645309476696,0.0</coordinates>
                </LineString>
                <LineString id="12066">
                    <coordinates>11.0020603750862,51.1390840700542,0.0 11.002075364337,51.1390860406154,0.0</coordinates>
                </LineString>
                <LineString id="12068">
                    <coordinates>10.9998850642343,51.1385328489062,0.0 10.9998821250598,51.1385306664332,0.0</coordinates>
                </LineString>
                <LineString id="12070">
                    <coordinates>11.0025005428098,51.141888102839,0.0 11.002467882096099,51.141867958824996,0.0</coordinates>
                </LineString>
                <LineString id="12072">
                    <coordinates>11.000432874402698,51.14123785266018,0.0 11.000435970338,51.14122880923259,0.0</coordinates>
                </LineString>
                <LineString id="12074">
                    <coordinates>10.9985761287039,51.14082153798049,0.0 10.9985786940799,51.14079871895469,0.0</coordinates>
                </LineString>
                <LineString id="12076">
                    <coordinates>11.0015620128136,51.139461913411296,0.0 11.0013762306951,51.1394592135632,0.0</coordinates>
                </LineString>
                <LineString id="12078">
                    <coordinates>11.0036539527909,51.14010482688649,0.0 11.0036295903063,51.140090866338795,0.0</coordinates>
                </LineString>
                <LineString id="12080">
                    <coordinates>10.9993439038821,51.13922378062409,0.0 10.9992717615864,51.1392686749001,0.0</coordinates>
                </LineString>
                <LineString id="12082">
                    <coordinates>10.9983217094545,51.138605034676594,0.0 10.9983859094542,51.13859967843051,0.0</coordinates>
                </LineString>
                <LineString id="12084">
                    <coordinates>11.003140116477798,51.13957001721969,0.0 11.0030905709957,51.13946636760281,0.0</coordinates>
                </LineString>
                <LineString id="12086">
                    <coordinates>11.0022901164758,51.139430017220384,0.0 11.0023453338502,51.1394041916093,0.0</coordinates>
                </LineString>
                <LineString id="12088">
                    <coordinates>10.997229785404599,51.1386293863102,0.0 10.9972994546719,51.1387387553538,0.0</coordinates>
                </LineString>
                <LineString id="12090">
                    <coordinates>11.0002543069532,51.1389702629732,0.0 11.0002284974128,51.1389905087183,0.0</coordinates>
                </LineString>
                <LineString id="12092">
                    <coordinates>10.9962119207675,51.14039815839211,0.0 10.9960737250225,51.14040629939218,0.0</coordinates>
                </LineString>
                <LineString id="12094">
                    <coordinates>11.002448816483898,51.139825217241,0.0 11.002517516477198,51.13982041722069,0.0</coordinates>
                </LineString>
                <LineString id="12096">
                    <coordinates>10.9997001223957,51.138805491084206,0.0 10.999730128329498,51.1388109649382,0.0</coordinates>
                </LineString>
                <LineString id="12098">
                    <coordinates>10.999957836395,51.13988964214591,0.0 10.9999655563144,51.1398792670675,0.0</coordinates>
                </LineString>
                <LineString id="12100">
                    <coordinates>10.9999501164722,51.1399000172236,0.0 10.999957836395,51.13988964214591,0.0</coordinates>
                </LineString>
                <LineString id="12102">
                    <coordinates>11.0011199025698,51.140656109468495,0.0 11.0011496886326,51.1406322017056,0.0</coordinates>
                </LineString>
                <LineString id="12104">
                    <coordinates>11.0026001164795,51.14077001722189,0.0 11.002541897778901,51.14067731935991,0.0</coordinates>
                </LineString>
                <LineString id="12106">
                    <coordinates>10.995280116462698,51.139800017228595,0.0 10.995460063815502,51.1398161314456,0.0</coordinates>
                </LineString>
                <LineString id="12108">
                    <coordinates>10.9992901164712,51.1400300172245,0.0 10.999294452555601,51.140026782775195,0.0</coordinates>
                </LineString>
                <LineString id="12110">
                    <coordinates>11.0023453338502,51.1394041916093,0.0 11.002400551162998,51.13937836597159,0.0</coordinates>
                </LineString>
                <LineString id="12112">
                    <coordinates>10.9971601164635,51.1385200172248,0.0 10.997229785404599,51.1386293863102,0.0</coordinates>
                </LineString>
                <LineString id="12114">
                    <coordinates>10.997230914311698,51.13962010089199,0.0 10.9971517121232,51.139630184503886,0.0</coordinates>
                </LineString>
                <LineString id="12116">
                    <coordinates>11.000361669223702,51.1386911436129,0.0 11.0003632219805,51.1387622700035,0.0</coordinates>
                </LineString>
                <LineString id="12118">
                    <coordinates>10.9997101164687,51.1385700172221,0.0 10.9997216427248,51.1385512918238,0.0</coordinates>
                </LineString>
                <LineString id="12120">
                    <coordinates>10.9959326164646,51.140090217228185,0.0 10.9959471123243,51.140065134892694,0.0</coordinates>
                </LineString>
                <LineString id="12122">
                    <coordinates>11.0023567647118,51.139687460863584,0.0 11.0024134128673,51.1396549044782,0.0</coordinates>
                </LineString>
                <LineString id="12124">
                    <coordinates>11.002517516477198,51.13982041722069,0.0 11.002517516477198,51.13982041722069,0.0</coordinates>
                </LineString>
                <LineString id="12126">
                    <coordinates>10.9962119207675,51.14039815839211,0.0 10.9960737250225,51.14040629939218,0.0</coordinates>
                </LineString>
                <LineString id="12128">
                    <coordinates>11.0003866692648,51.13868614361551,0.0 11.0003632219805,51.1387622700035,0.0</coordinates>
                </LineString>
                <LineString id="12130">
                    <coordinates>10.996990116463397,51.13861001722518,0.0 10.9969696308034,51.1386512038277,0.0</coordinates>
                </LineString>
                <LineString id="12132">
                    <coordinates>10.999930116474298,51.1408300172249,0.0 10.9998107495648,51.14081799369309,0.0</coordinates>
                </LineString>
                <LineString id="12134">
                    <coordinates>10.9982301164704,51.1405700172263,0.0 10.9982314475629,51.1405948992272,0.0</coordinates>
                </LineString>
                <LineString id="12136">
                    <coordinates>11.0006936845876,51.140928455779594,0.0 11.0007072526981,51.1409268943335,0.0</coordinates>
                </LineString>
                <LineString id="12138">
                    <coordinates>11.000680116476,51.14093001722419,0.0 11.0006936845876,51.140928455779594,0.0</coordinates>
                </LineString>
                <LineString id="12140">
                    <coordinates>11.0039601164821,51.1407500172204,0.0 11.0039567715571,51.14083158682259,0.0</coordinates>
                </LineString>
                <LineString id="12142">
                    <coordinates>10.999996416472698,51.1400723172238,0.0 11.000002579281299,51.140073295775984,0.0</coordinates>
                </LineString>
                <LineString id="12144">
                    <coordinates>10.9963501164661,51.1403900172282,0.0 10.9962119207675,51.14039815839211,0.0</coordinates>
                </LineString>
                <LineString id="12146">
                    <coordinates>11.0025066817209,51.1398686489159,0.0 11.002495846941402,51.139916880609604,0.0</coordinates>
                </LineString>
                <LineString id="12148">
                    <coordinates>10.9992701164689,51.139010017223214,0.0 10.9992817477594,51.13899554748511,0.0</coordinates>
                </LineString>
                <LineString id="12150">
                    <coordinates>10.9986229077332,51.138639835383294,0.0 10.998565699049598,51.13861965351539,0.0</coordinates>
                </LineString>
                <LineString id="12152">
                    <coordinates>10.9986801164669,51.1386600172234,0.0 10.9986229077332,51.138639835383294,0.0</coordinates>
                </LineString>
                <LineString id="12154">
                    <coordinates>10.998390116466,51.1385300172235,0.0 10.998355193893698,51.138529091929094,0.0</coordinates>
                </LineString>
                <LineString id="12156">
                    <coordinates>10.9977450122705,51.1401736044304,0.0 10.9977799080325,51.1401471916235,0.0</coordinates>
                </LineString>
                <LineString id="12158">
                    <coordinates>11.002541897778901,51.14067731935991,0.0 11.0024836793092,51.1405846214687,0.0</coordinates>
                </LineString>
                <LineString id="12160">
                    <coordinates>11.000002579281299,51.140073295775984,0.0 11.0000087420903,51.140074274327795,0.0</coordinates>
                </LineString>
                <LineString id="12162">
                    <coordinates>10.9969696308034,51.1386512038277,0.0 10.9969491451065,51.138692390426094,0.0</coordinates>
                </LineString>
                <LineString id="12164">
                    <coordinates>10.9985888164703,51.14026461722548,0.0 10.9985994604677,51.14020515669759,0.0</coordinates>
                </LineString>
                <LineString id="12166">
                    <coordinates>10.9971270605255,51.1390486883606,0.0 10.9970840047354,51.1389673594794,0.0</coordinates>
                </LineString>
                <LineString id="12168">
                    <coordinates>11.003440439180498,51.140181930405895,0.0 11.003447361893,51.14022304359099,0.0</coordinates>
                </LineString>
                <LineString id="12170">
                    <coordinates>10.9985994604677,51.14020515669759,0.0 10.998610104436702,51.140145696168,0.0</coordinates>
                </LineString>
                <LineString id="12172">
                    <coordinates>11.0039567715571,51.14083158682259,0.0 11.0039534266184,51.14091315642351,0.0</coordinates>
                </LineString>
                <LineString id="12174">
                    <coordinates>11.0023801164768,51.1398300172209,0.0 11.002448816483898,51.139825217241,0.0</coordinates>
                </LineString>
                <LineString id="12176">
                    <coordinates>10.9973101164663,51.1396100172261,0.0 10.997230914311698,51.13962010089199,0.0</coordinates>
                </LineString>
                <LineString id="12178">
                    <coordinates>10.9973290456905,51.13995880752259,0.0 10.997437974909698,51.13995759771699,0.0</coordinates>
                </LineString>
                <LineString id="12180">
                    <coordinates>11.002012653016,51.14244153821869,0.0 11.0020051895703,51.1423730592114,0.0</coordinates>
                </LineString>
                <LineString id="12182">
                    <coordinates>10.995460063815502,51.1398161314456,0.0 10.995640011297398,51.139832245386295,0.0</coordinates>
                </LineString>
                <LineString id="12184">
                    <coordinates>11.002898012700498,51.141829220760684,0.0 11.00285590892,51.1418284242834,0.0</coordinates>
                </LineString>
                <LineString id="12186">
                    <coordinates>10.9973001164642,51.13864001722491,0.0 10.997299785568698,51.1386893862895,0.0</coordinates>
                </LineString>
                <LineString id="12188">
                    <coordinates>11.000360116470102,51.138620017221506,0.0 11.000361669223702,51.1386911436129,0.0</coordinates>
                </LineString>
                <LineString id="12190">
                    <coordinates>11.0023131625154,51.13957571105751,0.0 11.0022727085932,51.1395535048804,0.0</coordinates>
                </LineString>
                <LineString id="12192">
                    <coordinates>10.9972697856109,51.13880438629389,0.0 10.9972994546719,51.1387387553538,0.0</coordinates>
                </LineString>
                <LineString id="12194">
                    <coordinates>10.9998539145778,51.140061765388594,0.0 10.9998577126816,51.140053513553,0.0</coordinates>
                </LineString>
                <LineString id="12196">
                    <coordinates>10.997299785568698,51.1386893862895,0.0 10.9972994546719,51.1387387553538,0.0</coordinates>
                </LineString>
                <LineString id="12198">
                    <coordinates>10.997572322655802,51.14033415441559,0.0 10.997624528785,51.140308291580595,0.0</coordinates>
                </LineString>
                <LineString id="12200">
                    <coordinates>11.001914637093398,51.1400521828849,0.0 11.0019291577055,51.14004434854629,0.0</coordinates>
                </LineString>
                <LineString id="12202">
                    <coordinates>10.9992817477594,51.13899554748511,0.0 10.999293379042602,51.138981077745704,0.0</coordinates>
                </LineString>
                <LineString id="12204">
                    <coordinates>11.0001499219427,51.13967341001081,0.0 11.000190227374901,51.139651302784195,0.0</coordinates>
                </LineString>
                <LineString id="12206">
                    <coordinates>11.002659316482001,51.1418022172232,0.0 11.0026375649857,51.14181637419998,0.0</coordinates>
                </LineString>
                <LineString id="12208">
                    <coordinates>11.002517516477198,51.13982041722069,0.0 11.002517516477198,51.13982041722069,0.0</coordinates>
                </LineString>
                <LineString id="12210">
                    <coordinates>10.9998501164724,51.14007001722389,0.0 10.9998539145778,51.140061765388594,0.0</coordinates>
                </LineString>
                <LineString id="12212">
                    <coordinates>10.9964401164661,51.14027001722789,0.0 10.9965183161714,51.1403036442807,0.0</coordinates>
                </LineString>
                <LineString id="12214">
                    <coordinates>10.9996451223704,51.1387954911111,0.0 10.999730128329498,51.1388109649382,0.0</coordinates>
                </LineString>
                <LineString id="12216">
                    <coordinates>11.0009568755919,51.140057614509196,0.0 11.0011306355438,51.140168711540014,0.0</coordinates>
                </LineString>
                <LineString id="12218">
                    <coordinates>11.0002801164707,51.138950017222,0.0 11.0002543069532,51.1389702629732,0.0</coordinates>
                </LineString>
                <LineString id="12220">
                    <coordinates>10.9981314164673,51.139339417224896,0.0 10.9981227307519,51.139332743337995,0.0</coordinates>
                </LineString>
                <LineString id="12222">
                    <coordinates>10.9965183161714,51.1403036442807,0.0 10.996596515990499,51.1403372712817,0.0</coordinates>
                </LineString>
                <LineString id="12224">
                    <coordinates>10.9997216427248,51.1385512918238,0.0 10.9997331689714,51.13853256642409,0.0</coordinates>
                </LineString>
                <LineString id="12226">
                    <coordinates>10.999956341537,51.1399728530563,0.0 10.9999925666061,51.139975688877705,0.0</coordinates>
                </LineString>
                <LineString id="12228">
                    <coordinates>11.002517516477198,51.13982041722069,0.0 11.0025066817209,51.1398686489159,0.0</coordinates>
                </LineString>
                <LineString id="12230">
                    <coordinates>11.0023101164771,51.139970017221195,0.0 11.0022905154725,51.139954625275195,0.0</coordinates>
                </LineString>
                <LineString id="12232">
                    <coordinates>11.0004101164702,51.138610017221396,0.0 11.0003866692648,51.13868614361551,0.0</coordinates>
                </LineString>
                <LineString id="12234">
                    <coordinates>11.002020116482297,51.1425100172248,0.0 11.002012653016,51.14244153821869,0.0</coordinates>
                </LineString>
                <LineString id="12236">
                    <coordinates>10.9985799164682,51.13932671722439,0.0 10.9985464920046,51.1393205818127,0.0</coordinates>
                </LineString>
                <LineString id="12238">
                    <coordinates>10.999560116468798,51.138780017222594,0.0 10.9996451223704,51.1387954911111,0.0</coordinates>
                </LineString>
                <LineString id="12240">
                    <coordinates>10.999960116471998,51.1397847172234,0.0 10.9999961500609,51.13981615510058,0.0</coordinates>
                </LineString>
                <LineString id="12242">
                    <coordinates>10.9999201164724,51.13997001722371,0.0 10.999956341537,51.1399728530563,0.0</coordinates>
                </LineString>
                <LineString id="12244">
                    <coordinates>11.0034335164797,51.1401408172201,0.0 11.003440439180498,51.140181930405895,0.0</coordinates>
                </LineString>
                <LineString id="12246">
                    <coordinates>11.0029401164825,51.1418300172229,0.0 11.002898012700498,51.141829220760684,0.0</coordinates>
                </LineString>
                <LineString id="12248">
                    <coordinates>11.0001096164721,51.1396955172232,0.0 11.0001499219427,51.13967341001081,0.0</coordinates>
                </LineString>
                <LineString id="12250">
                    <coordinates>10.9960701164657,51.1404100172285,0.0 10.9960719207442,51.1404081583104,0.0</coordinates>
                </LineString>
                <LineString id="12252">
                    <coordinates>11.0019001164764,51.1400600172217,0.0 11.001914637093398,51.1400521828849,0.0</coordinates>
                </LineString>
                <LineString id="12254">
                    <coordinates>10.9972401164645,51.1388700172252,0.0 10.9972697856109,51.13880438629389,0.0</coordinates>
                </LineString>
                <LineString id="12256">
                    <coordinates>11.0023001164764,51.1397200172209,0.0 11.0023567647118,51.139687460863584,0.0</coordinates>
                </LineString>
                <LineString id="12258">
                    <coordinates>10.9963501164661,51.1403900172282,0.0 10.9962119207675,51.14039815839211,0.0</coordinates>
                </LineString>
                <LineString id="12260">
                    <coordinates>11.000261006946202,51.1389843129747,0.0 11.0002284974128,51.1389905087183,0.0</coordinates>
                </LineString>
                <LineString id="12262">
                    <coordinates>10.9960180149765,51.1390864639854,0.0 10.9961659134068,51.13907291055621,0.0</coordinates>
                </LineString>
                <LineString id="12264">
                    <coordinates>10.9982314475629,51.1405948992272,0.0 10.9982327786565,51.14061978122789,0.0</coordinates>
                </LineString>
                <LineString id="12266">
                    <coordinates>10.998355193893698,51.138529091929094,0.0 10.998320271322699,51.1385281666242,0.0</coordinates>
                </LineString>
                <LineString id="12268">
                    <coordinates>11.0004542527159,51.138852841132696,0.0 11.0004118889861,51.13883906502829,0.0</coordinates>
                </LineString>
                <LineString id="12270">
                    <coordinates>11.002946281939101,51.139598805261095,0.0 11.002882447321298,51.139627593267,0.0</coordinates>
                </LineString>
                <LineString id="12272">
                    <coordinates>11.0026375649857,51.14181637419998,0.0 11.0026158134761,51.1418305311727,0.0</coordinates>
                </LineString>
                <LineString id="12274">
                    <coordinates>10.9985464920046,51.1393205818127,0.0 10.998513067550098,51.13931444639141,0.0</coordinates>
                </LineString>
                <LineString id="12276">
                    <coordinates>11.0030905709957,51.13946636760281,0.0 11.0030410257325,51.13936271796419,0.0</coordinates>
                </LineString>
                <LineString id="12278">
                    <coordinates>10.9998107495648,51.14081799369309,0.0 10.999691382719,51.140805970039686,0.0</coordinates>
                </LineString>
                <LineString id="12280">
                    <coordinates>11.002492876368198,51.1419390279133,0.0 11.002535636215702,51.1419180385872,0.0</coordinates>
                </LineString>
                <LineString id="12282">
                    <coordinates>11.000551299316998,51.14074698607708,0.0 11.000573582228798,51.1408213549255,0.0</coordinates>
                </LineString>
                <LineString id="12284">
                    <coordinates>11.0039786528658,51.140789314367595,0.0 11.004010679541999,51.1407910970926,0.0</coordinates>
                </LineString>
                <LineString id="12286">
                    <coordinates>10.998155447777,51.138986173227195,0.0 10.998076586547898,51.13899089145239,0.0 10.998057424310298,51.138992264504196,0.0</coordinates>
                </LineString>
                <LineString id="12288">
                    <coordinates>10.9985047281513,51.1390003362013,0.0 10.9985006627503,51.138963015141,0.0</coordinates>
                </LineString>
                <LineString id="12290">
                    <coordinates>10.9992748122085,51.1392888452784,0.0 10.9991726009542,51.1392956297865,0.0</coordinates>
                </LineString>
                <LineString id="12292">
                    <coordinates>10.9973509079344,51.13870179308349,0.0 10.9974654249508,51.13871329130309,0.0 10.9975811718924,51.1387240808278,0.0</coordinates>
                </LineString>
                <LineString id="12294">
                    <coordinates>11.0025206252272,51.14058555662551,0.0 11.0025474584499,51.14058895844428,0.0</coordinates>
                </LineString>
                <LineString id="12296">
                    <coordinates>10.997217724439897,51.14007837414331,0.0 10.997228593050902,51.14007862008819,0.0 10.9972516263299,51.1399928558956,0.0</coordinates>
                </LineString>
                <LineString id="12298">
                    <coordinates>10.9972633953149,51.13946513313961,0.0 10.997256305431,51.139387380677405,0.0</coordinates>
                </LineString>
                <LineString id="12300">
                    <coordinates>10.9990344226615,51.1389137738794,0.0 10.998992007382098,51.13891870557799,0.0</coordinates>
                </LineString>
                <LineString id="12302">
                    <coordinates>10.9968904439082,51.139970416203205,0.0 10.996904326398298,51.1399713711747,0.0</coordinates>
                </LineString>
                <LineString id="12304">
                    <coordinates>10.9966665637178,51.139952631396,0.0 10.9966949629956,51.1399549423436,0.0</coordinates>
                </LineString>
                <LineString id="12306">
                    <coordinates>11.0025581194168,51.13953268341191,0.0 11.0026551335126,51.13952836856401,0.0 11.0027399084408,51.13952243020049,0.0</coordinates>
                </LineString>
                <LineString id="12308">
                    <coordinates>11.0014907470041,51.1410117501133,0.0 11.001407437626598,51.14104633894319,0.0</coordinates>
                </LineString>
                <LineString id="12310">
                    <coordinates>11.0014379314411,51.14172094266449,0.0 11.0014661838598,51.1418354964528,0.0 11.001484973184597,51.1418925569453,0.0 11.0015066764224,51.141933767777196,0.0 11.0015362040472,51.1419858770693,0.0 11.001587868941602,51.14206172631669,0.0 11.0016375496888,51.14212953146419,0.0 11.0016726964539,51.14218149988799,0.0</coordinates>
                </LineString>
                <LineString id="12312">
                    <coordinates>11.001793413904899,51.1421643359629,0.0 11.0018981050315,51.14236829867969,0.0 11.0019287360862,51.142438197456094,0.0</coordinates>
                </LineString>
                <LineString id="12314">
                    <coordinates>11.0044184730892,51.14066046061709,0.0 11.0045614331118,51.1406685892587,0.0</coordinates>
                </LineString>
                <LineString id="12316">
                    <coordinates>11.004535176078699,51.1407719907436,0.0 11.0045330488478,51.140777222206395,0.0 11.004532357609099,51.1407827894871,0.0 11.0045334355556,51.1407911404196,0.0 11.0045340146391,51.140798767991,0.0 11.0045351142499,51.14080411679221,0.0 11.004537564678499,51.140812434454496,0.0 11.004541745738699,51.1408193465811,0.0 11.0045470214962,51.140823858975494,0.0 11.0045546676838,51.140827780283196,0.0 11.0045622866602,51.1408309732525,0.0 11.004686988937,51.14085689740519,0.0 11.0046935016445,51.140844413184695,0.0</coordinates>
                </LineString>
                <LineString id="12318">
                    <coordinates>10.9986595441161,51.139985782899394,0.0 10.9986604821719,51.1399886584085,0.0</coordinates>
                </LineString>
                <LineString id="12320">
                    <coordinates>10.9985087442444,51.139979557513485,0.0 10.9985126451204,51.1399894697788,0.0 10.9985093676818,51.1400128400287,0.0</coordinates>
                </LineString>
                <LineString id="12322">
                    <coordinates>10.9978254352527,51.14005859966629,0.0 10.9978263093011,51.1401020688396,0.0</coordinates>
                </LineString>
                <LineString id="12324">
                    <coordinates>10.9980796388884,51.13932535240009,0.0 10.9980667004135,51.1393256820844,0.0 10.9980586521213,51.139360858946404,0.0</coordinates>
                </LineString>
                <LineString id="12326">
                    <coordinates>10.996548144546901,51.1391173672243,0.0 10.996496379608,51.13914887915,0.0</coordinates>
                </LineString>
                <LineString id="12328">
                    <coordinates>10.9959170642913,51.1388592380689,0.0 10.9958572207752,51.138861340377495,0.0 10.995855731937299,51.1388449946315,0.0</coordinates>
                </LineString>
                <LineString id="12330">
                    <coordinates>11.0000874548402,51.1397231005403,0.0 11.0001803740476,51.1397238315248,0.0 11.0001870020699,51.1397007595248,0.0</coordinates>
                </LineString>
                <LineString id="12332">
                    <coordinates>11.0021673293171,51.1395627459528,0.0 11.0020705725773,51.1395710267276,0.0 11.0019379292482,51.13958096994889,0.0</coordinates>
                </LineString>
                <LineString id="12334">
                    <coordinates>11.0019022813413,51.1395821670736,0.0 11.0019073599178,51.13956265937399,0.0</coordinates>
                </LineString>
                <LineString id="12336">
                    <coordinates>11.0003619638104,51.13894237133049,0.0 11.0003918265055,51.13889473316511,0.0 11.0003985382376,51.13887770245629,0.0 11.0004118889861,51.13883906502829,0.0</coordinates>
                </LineString>
                <LineString id="12338">
                    <coordinates>11.0034379214702,51.13973741495979,0.0 11.0034399174679,51.13977480809871,0.0 11.0034394392569,51.1398899976882,0.0</coordinates>
                </LineString>
                <LineString id="12340">
                    <coordinates>10.9988313466717,51.1388909036089,0.0 10.998832385496101,51.138893744023406,0.0</coordinates>
                </LineString>
                <LineString id="12342">
                    <coordinates>10.9982166903801,51.13905415078019,0.0 10.998156305359698,51.13902050946519,0.0</coordinates>
                </LineString>
                <LineString id="12344">
                    <coordinates>10.996661631402299,51.1404579672179,0.0 10.9966556816248,51.1404371157205,0.0</coordinates>
                </LineString>
                <LineString id="12346">
                    <coordinates>11.002400551162998,51.13937836597159,0.0 11.0024185324583,51.139427176561384,0.0</coordinates>
                </LineString>
                <LineString id="12348">
                    <coordinates>10.9984661465834,51.13859407287639,0.0 10.9985675328519,51.138587048216,0.0</coordinates>
                </LineString>
                <LineString id="12350">
                    <coordinates>10.9992480185282,51.13852716909408,0.0 10.9993898052199,51.13851585089629,0.0</coordinates>
                </LineString>
                <LineString id="12352">
                    <coordinates>10.9979055025735,51.1386774731484,0.0 10.9978723961223,51.1386794458799,0.0</coordinates>
                </LineString>
                <LineString id="12354">
                    <coordinates>10.9983906671599,51.138626784957594,0.0 10.9983859094542,51.13859967843051,0.0</coordinates>
                </LineString>
                <LineString id="12356">
                    <coordinates>10.9992141041018,51.1385791050088,0.0 10.9992530238737,51.1385494506231,0.0</coordinates>
                </LineString>
                <LineString id="12358">
                    <coordinates>11.0020346664543,51.1421019875702,0.0 11.0020706575048,51.142085619947586,0.0</coordinates>
                </LineString>
                <LineString id="12360">
                    <coordinates>11.0025179737016,51.14083272171369,0.0 11.0025220190106,51.1407908586053,0.0 11.0025320611471,51.140770440359105,0.0 11.0025329628411,51.140751795931905,0.0</coordinates>
                </LineString>
                <LineString id="12362">
                    <coordinates>11.0026158134761,51.1418305311727,0.0 11.0026367297875,51.14182605314849,0.0 11.0027366084782,51.1418017442015,0.0 11.0028236421487,51.14178533488939,0.0 11.002831409776,51.141800871090894,0.0</coordinates>
                </LineString>
                <LineString id="12364">
                    <coordinates>11.0034365295715,51.1397204229404,0.0 11.0034379214702,51.13973741495979,0.0</coordinates>
                </LineString>
                <LineString id="12366">
                    <coordinates>10.999332693760898,51.141217331038895,0.0 10.9993426699392,51.14122053551599,0.0</coordinates>
                </LineString>
                <LineString id="12368">
                    <coordinates>10.9973056904108,51.140311214205504,0.0 10.9973040925331,51.1403084588775,0.0</coordinates>
                </LineString>
                <LineString id="12370">
                    <coordinates>11.0000062899446,51.139567769696995,0.0 11.0000129635698,51.13958494172909,0.0</coordinates>
                </LineString>
                <LineString id="12372">
                    <coordinates>10.997437438067502,51.1399711754578,0.0 10.997437974909698,51.13995759771699,0.0</coordinates>
                </LineString>
                <LineString id="12374">
                    <coordinates>10.996521761049403,51.13963666782091,0.0 10.9965994374917,51.1396365698045,0.0</coordinates>
                </LineString>
                <LineString id="12376">
                    <coordinates>10.99646836664,51.13962927046499,0.0 10.9964686591718,51.1396362124624,0.0 10.996521761049403,51.13963666782091,0.0</coordinates>
                </LineString>
                <LineString id="12378">
                    <coordinates>10.9959334169036,51.1399635572037,0.0 10.9957526622454,51.139980649329,0.0</coordinates>
                </LineString>
                <LineString id="12380">
                    <coordinates>10.9956431293257,51.13998101272079,0.0 10.9957157335674,51.13999871487329,0.0</coordinates>
                </LineString>
                <LineString id="12382">
                    <coordinates>11.001559198036299,51.139274999665496,0.0 11.0014958911936,51.1393012017147,0.0</coordinates>
                </LineString>
                <LineString id="12384">
                    <coordinates>10.9990442952485,51.1407100889334,0.0 10.9990206106892,51.1407051401722,0.0</coordinates>
                </LineString>
                <LineString id="12386">
                    <coordinates>11.0019545833752,51.139412200207495,0.0 11.002013781421798,51.13941553659,0.0</coordinates>
                </LineString>
                <LineString id="12388">
                    <coordinates>11.004786374870898,51.1408799723642,0.0 11.004784165232103,51.1408843851345,0.0</coordinates>
                </LineString>
                <LineString id="12390">
                    <coordinates>11.0047165211585,51.141015309474994,0.0 11.004709040028303,51.1410276416367,0.0</coordinates>
                </LineString>
                <LineString id="12392">
                    <coordinates>11.004848417762002,51.1411805876894,0.0 11.0048146059153,51.141177414701794,0.0</coordinates>
                </LineString>
                <LineString id="12394">
                    <coordinates>11.004406857345797,51.14065973256938,0.0 11.0044152652416,51.1406082793279,0.0</coordinates>
                </LineString>
                <LineString id="12396">
                    <coordinates>11.0016733180202,51.1397411975358,0.0 11.0016716649367,51.139737677734495,0.0</coordinates>
                </LineString>
                <LineString id="12398">
                    <coordinates>10.996434138203798,51.139848496697184,0.0 10.9964278429186,51.13991019696799,0.0</coordinates>
                </LineString>
                <LineString id="12400">
                    <coordinates>11.0046186306057,51.14114137416189,0.0 11.004555764834898,51.1412108365286,0.0 11.004513815167298,51.14120600318499,0.0</coordinates>
                </LineString>
                <LineString id="12402">
                    <coordinates>10.9993988161956,51.13851079523949,0.0 10.999391871072298,51.13846917083409,0.0</coordinates>
                </LineString>
                <LineString id="12404">
                    <coordinates>10.9994160981616,51.1384350670665,0.0 10.9994159198002,51.13842083599349,0.0</coordinates>
                </LineString>
                <LineString id="12406">
                    <coordinates>11.0034990504118,51.1409818471598,0.0 11.0035770934952,51.140975437367494,0.0</coordinates>
                </LineString>
                <LineString id="12408">
                    <coordinates>10.9993069625453,51.1412541815304,0.0 10.9993141903041,51.1412509983164,0.0</coordinates>
                </LineString>
                <LineString id="12410">
                    <coordinates>11.0021271341627,51.13909258558358,0.0 11.0021312580218,51.1390835598634,0.0</coordinates>
                </LineString>
                <LineString id="12412">
                    <coordinates>11.0034860741847,51.1394353011826,0.0 11.0034858758975,51.1394411962594,0.0 11.003485593005697,51.139448367049596,0.0 11.0034880568831,51.139456711818085,0.0 11.003494642605501,51.1394627545529,0.0 11.0035329714657,51.1394697687244,0.0 11.003723176516997,51.13949204482309,0.0 11.0039851350782,51.13949795117141,0.0 11.0042159817426,51.139507421502195,0.0 11.0042082788257,51.1395905488819,0.0</coordinates>
                </LineString>
                <LineString id="12414">
                    <coordinates>11.0004118889861,51.13883906502829,0.0 11.0004311438647,51.1387777808697,0.0 11.00036714867,51.1387643799989,0.0</coordinates>
                </LineString>
                <LineString id="12416">
                    <coordinates>10.9972994546719,51.1387387553538,0.0 10.9973466659645,51.1387201931285,0.0</coordinates>
                </LineString>
                <LineString id="12418">
                    <coordinates>11.002535636215702,51.1419180385872,0.0 11.0025005428098,51.141888102839,0.0</coordinates>
                </LineString>
                <LineString id="12420">
                    <coordinates>11.0002380218747,51.14082693831479,0.0 11.0002559553866,51.14078190396269,0.0</coordinates>
                </LineString>
                <LineString id="12422">
                    <coordinates>11.002655636316598,51.14014332635539,0.0 11.002596799988797,51.140141063071695,0.0</coordinates>
                </LineString>
                <LineString id="12424">
                    <coordinates>11.0007825662413,51.1393635102327,0.0 11.000780679248699,51.13936619980149,0.0</coordinates>
                </LineString>
                <LineString id="12426">
                    <coordinates>11.002727740941202,51.1428531710928,0.0 11.002739355183,51.142844703579684,0.0</coordinates>
                </LineString>
                <LineString id="12428">
                    <coordinates>10.9978699257154,51.138644376707695,0.0 10.9980660350176,51.138621318262906,0.0</coordinates>
                </LineString>
                <LineString id="12430">
                    <coordinates>10.9969491451065,51.138692390426094,0.0 10.9969514067236,51.13869022548999,0.0</coordinates>
                </LineString>
                <LineString id="12432">
                    <coordinates>10.9972254430179,51.139626870163,0.0 10.9972215434582,51.1396076722535,0.0</coordinates>
                </LineString>
                <LineString id="12434">
                    <coordinates>10.999404249683401,51.1388803245229,0.0 10.9994432669741,51.1389896854002,0.0</coordinates>
                </LineString>
                <LineString id="12436">
                    <coordinates>10.9962385745183,51.1400227876118,0.0 10.9961648099678,51.1399900462657,0.0</coordinates>
                </LineString>
                <LineString id="12438">
                    <coordinates>11.0016887330079,51.14219260323199,0.0 11.001793413904899,51.1421643359629,0.0</coordinates>
                </LineString>
                <LineString id="12440">
                    <coordinates>11.004750538822902,51.14067777536481,0.0 11.004789574756503,51.140679869177895,0.0</coordinates>
                </LineString>
                <LineString id="12442">
                    <coordinates>10.9991539876513,51.14015892442729,0.0 10.999155202914398,51.1401145922174,0.0</coordinates>
                </LineString>
                <LineString id="12444">
                    <coordinates>10.9982886849261,51.1393285982074,0.0 10.9982886111576,51.1393313482022,0.0</coordinates>
                </LineString>
                <LineString id="12446">
                    <coordinates>11.0033437515952,51.1394966703801,0.0 11.003394889007803,51.1394987688468,0.0</coordinates>
                </LineString>
                <LineString id="12448">
                    <coordinates>11.0015852365863,51.1401689234064,0.0 11.0015764423327,51.14016392242049,0.0 11.001567859726197,51.1401457903523,0.0</coordinates>
                </LineString>
                <LineString id="12450">
                    <coordinates>11.002492227121598,51.1394686326622,0.0 11.0024933960636,51.13945880869079,0.0 11.0024986364546,51.13945101497569,0.0 11.0025073758821,51.1394486085127,0.0 11.002513241306502,51.139445629224596,0.0</coordinates>
                </LineString>
                <LineString id="12452">
                    <coordinates>10.999039914428998,51.1389551971041,0.0 10.9990415416375,51.13895263118659,0.0</coordinates>
                </LineString>
                <LineString id="12454">
                    <coordinates>11.002309953735999,51.1396798028589,0.0 11.0023060335967,51.13965947233959,0.0 11.0022980735841,51.1396290127626,0.0 11.0022879123167,51.13960522221279,0.0 11.0022787158001,51.1395777723868,0.0 11.0022727085932,51.1395535048804,0.0</coordinates>
                </LineString>
                <LineString id="12456">
                    <coordinates>10.9981191206776,51.1403391522919,0.0 10.998186644949397,51.1403552812883,0.0 10.998266742514698,51.140371463939495,0.0</coordinates>
                </LineString>
                <LineString id="12458">
                    <coordinates>11.00164050243,51.1422006953503,0.0 11.001659000752,51.1421996845924,0.0 11.0016887330079,51.14219260323199,0.0</coordinates>
                </LineString>
                <LineString id="12460">
                    <coordinates>11.0015990732299,51.1411993662614,0.0 11.001516653302199,51.14124040784859,0.0</coordinates>
                </LineString>
                <LineString id="12462">
                    <coordinates>11.004627472785701,51.1411700972114,0.0 11.0046182040537,51.1411964549309,0.0</coordinates>
                </LineString>
                <LineString id="12464">
                    <coordinates>11.0039542176355,51.1408451526165,0.0 11.0039538878809,51.1408970251501,0.0</coordinates>
                </LineString>
                <LineString id="12466">
                    <coordinates>11.0053168042371,51.14081818839509,0.0 11.0053973019204,51.14083718309891,0.0 11.0053506891811,51.14090643345498,0.0</coordinates>
                </LineString>
                <LineString id="12468">
                    <coordinates>10.997294705737398,51.139993602558796,0.0 10.9973106560956,51.13999342461149,0.0</coordinates>
                </LineString>
                <LineString id="12470">
                    <coordinates>11.000282858204,51.13907095701599,0.0 11.0003027864923,51.13904336031809,0.0</coordinates>
                </LineString>
                <LineString id="12472">
                    <coordinates>11.0034443662658,51.1400481646284,0.0 11.0034427398473,51.140081913351594,0.0 11.0034400964723,51.14012905596929,0.0 11.0034411390988,51.14015231931451,0.0 11.003447361893,51.14022304359099,0.0</coordinates>
                </LineString>
                <LineString id="12474">
                    <coordinates>10.998503727358997,51.139003006351004,0.0 10.9985047281513,51.1390003362013,0.0</coordinates>
                </LineString>
                <LineString id="12476">
                    <coordinates>10.9977769581468,51.1386024020446,0.0 10.9977813790152,51.138601478085704,0.0</coordinates>
                </LineString>
                <LineString id="12478">
                    <coordinates>10.997358515785898,51.1392968385648,0.0 10.997256305431,51.139387380677405,0.0</coordinates>
                </LineString>
                <LineString id="12480">
                    <coordinates>10.9964023251161,51.1404580359021,0.0 10.9963577268595,51.14046141980239,0.0 10.996318475176299,51.14046403154479,0.0 10.996274884108,51.14046841283889,0.0</coordinates>
                </LineString>
                <LineString id="12482">
                    <coordinates>10.9997654552674,51.14061754711909,0.0 10.999761467422802,51.1406321560694,0.0</coordinates>
                </LineString>
                <LineString id="12484">
                    <coordinates>10.9988925908393,51.138554296038706,0.0 10.999064113765602,51.1385389358875,0.0 10.9992397901599,51.13852774593341,0.0 10.9992480185282,51.13852716909408,0.0</coordinates>
                </LineString>
                <LineString id="12486">
                    <coordinates>11.0034143501236,51.1395552235182,0.0 11.0035826536639,51.139561420827484,0.0</coordinates>
                </LineString>
                <LineString id="12488">
                    <coordinates>11.0003607461969,51.141323701469,0.0 11.0004242722062,51.1413530447529,0.0</coordinates>
                </LineString>
                <LineString id="12490">
                    <coordinates>10.996107435053,51.13988808654079,0.0 10.9961272375636,51.139942891404694,0.0</coordinates>
                </LineString>
                <LineString id="12492">
                    <coordinates>11.0018326861201,51.1395878657595,0.0 11.0019022813413,51.1395821670736,0.0</coordinates>
                </LineString>
                <LineString id="12494">
                    <coordinates>10.998575910773999,51.1404589209655,0.0 10.9986239868733,51.140389847599494,0.0 10.9986433906083,51.140389887788594,0.0</coordinates>
                </LineString>
                <LineString id="12496">
                    <coordinates>11.0023752319649,51.14268102120159,0.0 11.0023865813938,51.1426715806573,0.0</coordinates>
                </LineString>
                <LineString id="12498">
                    <coordinates>11.0000027596091,51.14010516324999,0.0 10.999903304080801,51.1401020391345,0.0</coordinates>
                </LineString>
                <LineString id="12500">
                    <coordinates>11.0046221899573,51.14099106394071,0.0 11.004580391712699,51.14107293050859,0.0 11.004576527063502,51.1410805472481,0.0 11.0045216899157,51.1410776447813,0.0 11.0044275821732,51.1410709204907,0.0 11.0044294224177,51.1410610932257,0.0</coordinates>
                </LineString>
                <LineString id="12502">
                    <coordinates>10.9973106560956,51.13999342461149,0.0 10.9973055964024,51.139968409888596,0.0</coordinates>
                </LineString>
                <LineString id="12504">
                    <coordinates>11.0003307988619,51.13882857436751,0.0 11.000335104431597,51.138829680835386,0.0</coordinates>
                </LineString>
                <LineString id="12506">
                    <coordinates>10.9984030230846,51.1406242587355,0.0 10.9983296689485,51.1406127272649,0.0</coordinates>
                </LineString>
                <LineString id="12508">
                    <coordinates>11.003439872110098,51.139915700841705,0.0 11.0034450062575,51.14003767994979,0.0</coordinates>
                </LineString>
                <LineString id="12510">
                    <coordinates>10.998270236120698,51.138932979324,0.0 10.9982756959854,51.13894017229589,0.0 10.998278851850403,51.1389792384292,0.0</coordinates>
                </LineString>
                <LineString id="12512">
                    <coordinates>10.9967809369531,51.14042604545901,0.0 10.996778393276,51.140423416850396,0.0</coordinates>
                </LineString>
                <LineString id="12514">
                    <coordinates>11.002187636825298,51.14001822849929,0.0 11.0021829599236,51.1399978735465,0.0</coordinates>
                </LineString>
                <LineString id="12516">
                    <coordinates>10.9983644770882,51.13865515472409,0.0 10.9983906671599,51.138626784957594,0.0</coordinates>
                </LineString>
                <LineString id="12518">
                    <coordinates>10.998725796844997,51.13844674519209,0.0 10.9987347014478,51.1384519001525,0.0 10.9987331934264,51.138459527879,0.0 10.9987079022269,51.13846351832219,0.0 10.998714041086497,51.13851795415069,0.0 10.998607972429099,51.13852545124129,0.0 10.9986131432556,51.1385836811279,0.0</coordinates>
                </LineString>
                <LineString id="12520">
                    <coordinates>11.000435970338,51.14122880923259,0.0 11.0005265115955,51.140980345355196,0.0 11.0005890484101,51.1408237612189,0.0</coordinates>
                </LineString>
                <LineString id="12522">
                    <coordinates>11.002625092165799,51.140500018063086,0.0 11.0026212559412,51.1404983403865,0.0</coordinates>
                </LineString>
                <LineString id="12524">
                    <coordinates>11.0007022616469,51.1394211989128,0.0 11.000673533900597,51.13941888613291,0.0</coordinates>
                </LineString>
                <LineString id="12526">
                    <coordinates>11.003446310554597,51.14025264430609,0.0 11.0034464364898,51.14026671311699,0.0</coordinates>
                </LineString>
                <LineString id="12528">
                    <coordinates>10.9972883644541,51.1400792580929,0.0 10.9972782847085,51.13999374051511,0.0</coordinates>
                </LineString>
                <LineString id="12530">
                    <coordinates>10.9980660350176,51.138621318262906,0.0 10.9982237894434,51.1386103449356,0.0</coordinates>
                </LineString>
                <LineString id="12532">
                    <coordinates>10.9971517121232,51.139630184503886,0.0 10.997156373323202,51.1396300446688,0.0</coordinates>
                </LineString>
                <LineString id="12534">
                    <coordinates>10.998992007382098,51.13891870557799,0.0 10.9989553347703,51.1389230391792,0.0 10.998858387493899,51.1389328977243,0.0</coordinates>
                </LineString>
                <LineString id="12536">
                    <coordinates>10.9966473527591,51.13995095653759,0.0 10.9966665637178,51.139952631396,0.0</coordinates>
                </LineString>
                <LineString id="12538">
                    <coordinates>11.0019287360862,51.142438197456094,0.0 11.0019796653108,51.1424507669031,0.0 11.0020227420469,51.14244644201651,0.0</coordinates>
                </LineString>
                <LineString id="12540">
                    <coordinates>10.9995302976307,51.140030220015994,0.0 10.999531061393,51.14003322886249,0.0</coordinates>
                </LineString>
                <LineString id="12542">
                    <coordinates>10.997557631653,51.139978020973395,0.0 10.9975589725853,51.140001889197,0.0</coordinates>
                </LineString>
                <LineString id="12544">
                    <coordinates>10.997404256936099,51.1391534787653,0.0 10.9973898110193,51.1391521594661,0.0 10.9973765780197,51.1392155981466,0.0 10.997358515785898,51.1392968385648,0.0</coordinates>
                </LineString>
                <LineString id="12546">
                    <coordinates>10.9978955785771,51.1411317466116,0.0 10.9978998040044,51.14111675323289,0.0 10.9979223997887,51.1410808919527,0.0 10.9980015900578,51.140977918184205,0.0</coordinates>
                </LineString>
                <LineString id="12548">
                    <coordinates>11.003589572933898,51.13974788403479,0.0 11.0035861480255,51.13974967064549,0.0</coordinates>
                </LineString>
                <LineString id="12550">
                    <coordinates>10.9990247253688,51.1388785170745,0.0 10.9990258119187,51.13888113317109,0.0</coordinates>
                </LineString>
                <LineString id="12552">
                    <coordinates>10.9986955780104,51.138575559330796,0.0 10.9987556700927,51.1385692059123,0.0 10.9988925908393,51.138554296038706,0.0</coordinates>
                </LineString>
                <LineString id="12554">
                    <coordinates>11.001516653302199,51.14124040784859,0.0 11.0015042213751,51.141239753449796,0.0 11.0015055620631,51.1411537134795,0.0 11.0015477565898,51.141061675862304,0.0 11.0015597425276,51.1410346314344,0.0</coordinates>
                </LineString>
                <LineString id="12556">
                    <coordinates>11.0042280735538,51.140664270002695,0.0 11.0042540569745,51.1405948895037,0.0 11.0042611647079,51.1405460949334,0.0 11.0042094311523,51.140540432144995,0.0</coordinates>
                </LineString>
                <LineString id="12558">
                    <coordinates>10.9993911895345,51.13846500311109,0.0 10.999365585788,51.1384662673645,0.0 10.9993613690012,51.1384379070467,0.0</coordinates>
                </LineString>
                <LineString id="12560">
                    <coordinates>11.003394889007803,51.1394987688468,0.0 11.0034107047338,51.139542023631,0.0</coordinates>
                </LineString>
                <LineString id="12562">
                    <coordinates>10.9978215221303,51.1392364075889,0.0 10.9978237689751,51.13922501982119,0.0</coordinates>
                </LineString>
                <LineString id="12564">
                    <coordinates>11.0034782758001,51.14078718491869,0.0 11.0035452572683,51.14079678019801,0.0 11.0036897307582,51.14079302139589,0.0 11.0039632953595,51.1407884915065,0.0</coordinates>
                </LineString>
                <LineString id="12566">
                    <coordinates>10.996496647072199,51.140514774157985,0.0 10.9964953021084,51.1405122187452,0.0</coordinates>
                </LineString>
                <LineString id="12568">
                    <coordinates>11.000573582228798,51.1408213549255,0.0 11.0005890484101,51.1408237612189,0.0</coordinates>
                </LineString>
                <LineString id="12570">
                    <coordinates>11.0019026358331,51.1403931640978,0.0 11.0018817689315,51.14021769219949,0.0</coordinates>
                </LineString>
                <LineString id="12572">
                    <coordinates>11.0044184730892,51.14066046061709,0.0 11.0044139448909,51.140692296978195,0.0</coordinates>
                </LineString>
                <LineString id="12574">
                    <coordinates>10.9975630330049,51.139937086508795,0.0 10.997557631653,51.139978020973395,0.0</coordinates>
                </LineString>
                <LineString id="12576">
                    <coordinates>10.9988635984431,51.13928872591891,0.0 10.9988628472386,51.1392917487767,0.0</coordinates>
                </LineString>
                <LineString id="12578">
                    <coordinates>10.9998094416198,51.138823004911295,0.0 10.9998098000869,51.138821623673,0.0 10.9998218532836,51.13877229631889,0.0</coordinates>
                </LineString>
                <LineString id="12580">
                    <coordinates>10.995532590783,51.1403156403913,0.0 10.995557758764201,51.1402910378555,0.0</coordinates>
                </LineString>
                <LineString id="12582">
                    <coordinates>11.0001439380674,51.1392644713344,0.0 11.000139873191802,51.13926346579489,0.0</coordinates>
                </LineString>
                <LineString id="12584">
                    <coordinates>11.0013739375914,51.14175565133899,0.0 11.001388469046699,51.141751721314485,0.0 11.001419139023701,51.1417534931703,0.0 11.0014379314411,51.14172094266449,0.0</coordinates>
                </LineString>
                <LineString id="12586">
                    <coordinates>11.0046584225312,51.1411123007058,0.0 11.004630751856201,51.141163796868,0.0</coordinates>
                </LineString>
                <LineString id="12588">
                    <coordinates>11.0016693840011,51.13972682656459,0.0 11.0016716649367,51.139737677734495,0.0</coordinates>
                </LineString>
                <LineString id="12590">
                    <coordinates>10.9977942421339,51.140003805415695,0.0 10.9979599990458,51.14000491023499,0.0 10.9981958114188,51.1400074954777,0.0</coordinates>
                </LineString>
                <LineString id="12592">
                    <coordinates>10.9981459322668,51.139950518837,0.0 10.9982152303347,51.139985027478396,0.0</coordinates>
                </LineString>
                <LineString id="12594">
                    <coordinates>11.001754465548299,51.14073089234108,0.0 11.001786520571798,51.1406756678664,0.0</coordinates>
                </LineString>
                <LineString id="12596">
                    <coordinates>10.9988622239273,51.1393225666372,0.0 10.998785402113,51.139329424186684,0.0 10.9987210654709,51.1393344468933,0.0</coordinates>
                </LineString>
                <LineString id="12598">
                    <coordinates>11.0036348415952,51.14048836735001,0.0 11.0036320770083,51.1404986451714,0.0 11.0034299310052,51.14049455081889,0.0</coordinates>
                </LineString>
                <LineString id="12600">
                    <coordinates>10.9980419857549,51.138927852157906,0.0 10.9980545533903,51.13896579435849,0.0</coordinates>
                </LineString>
                <LineString id="12602">
                    <coordinates>10.9997755362882,51.13851131006909,0.0 10.9997701809233,51.1384886839904,0.0</coordinates>
                </LineString>
                <LineString id="12604">
                    <coordinates>10.998567266796702,51.1386171949632,0.0 10.9985675328519,51.138587048216,0.0</coordinates>
                </LineString>
                <LineString id="12606">
                    <coordinates>10.9973509079344,51.13870179308349,0.0 10.9973466659645,51.1387201931285,0.0</coordinates>
                </LineString>
                <LineString id="12608">
                    <coordinates>11.0009875928589,51.1409587357118,0.0 11.0010377535125,51.1408677370859,0.0</coordinates>
                </LineString>
                <LineString id="12610">
                    <coordinates>10.9973040925331,51.1403084588775,0.0 10.997298057654602,51.1402664466397,0.0</coordinates>
                </LineString>
                <LineString id="12612">
                    <coordinates>11.0008882419935,51.14093676346201,0.0 11.0009875928589,51.1409587357118,0.0</coordinates>
                </LineString>
                <LineString id="12614">
                    <coordinates>10.9963385582281,51.13987558776069,0.0 10.996333677113197,51.13990103863049,0.0</coordinates>
                </LineString>
                <LineString id="12616">
                    <coordinates>10.9959412111036,51.1400225647864,0.0 10.995946409059398,51.1400398502382,0.0 10.9959616081681,51.14004005255509,0.0</coordinates>
                </LineString>
                <LineString id="12618">
                    <coordinates>11.0018391853923,51.1396284075257,0.0 11.0018326861201,51.1395878657595,0.0</coordinates>
                </LineString>
                <LineString id="12620">
                    <coordinates>10.999211162736,51.14054288296721,0.0 10.9991915816072,51.14054509758739,0.0 10.9991764117961,51.140552788259,0.0 10.999159348110402,51.140561496463484,0.0 10.9991544661798,51.14058374736269,0.0</coordinates>
                </LineString>
                <LineString id="12622">
                    <coordinates>11.001971419055797,51.14258806598249,0.0 11.0018225012917,51.1425955421591,0.0</coordinates>
                </LineString>
                <LineString id="12624">
                    <coordinates>11.0015597425276,51.1410346314344,0.0 11.0016055572896,51.1409483147004,0.0 11.001665845007201,51.14085943371351,0.0 11.0016856714594,51.14083258200399,0.0</coordinates>
                </LineString>
                <LineString id="12626">
                    <coordinates>10.996643059151799,51.14041493057779,0.0 10.996575669633701,51.1404315127206,0.0</coordinates>
                </LineString>
                <LineString id="12628">
                    <coordinates>11.002495846941402,51.139916880609604,0.0 11.002527425316503,51.1399208712087,0.0</coordinates>
                </LineString>
                <LineString id="12630">
                    <coordinates>10.996342506788,51.1399327285829,0.0 10.9963926564236,51.13993492051819,0.0</coordinates>
                </LineString>
                <LineString id="12632">
                    <coordinates>11.0018313327183,51.14011407761251,0.0 11.0018212313478,51.14008884031019,0.0 11.0018023294486,51.1400920409583,0.0</coordinates>
                </LineString>
                <LineString id="12634">
                    <coordinates>11.0044139448909,51.140692296978195,0.0 11.0044126479139,51.14070344125489,0.0</coordinates>
                </LineString>
                <LineString id="12636">
                    <coordinates>10.9977743785877,51.13998870461591,0.0 10.9977757484158,51.14000397962509,0.0</coordinates>
                </LineString>
                <LineString id="12638">
                    <coordinates>10.9978447741537,51.139001131519876,0.0 10.9976693830711,51.13898385374219,0.0</coordinates>
                </LineString>
                <LineString id="12640">
                    <coordinates>11.0003090813502,51.1390330677838,0.0 11.0003619638104,51.13894237133049,0.0</coordinates>
                </LineString>
                <LineString id="12642">
                    <coordinates>11.003611726512,51.139870484463984,0.0 11.0035585640378,51.13991998352049,0.0</coordinates>
                </LineString>
                <LineString id="12644">
                    <coordinates>10.9984510901025,51.138926257446506,0.0 10.998458783286402,51.1389385393056,0.0 10.9984638027838,51.1389660975172,0.0</coordinates>
                </LineString>
                <LineString id="12646">
                    <coordinates>10.9964130185634,51.1405131850734,0.0 10.996417864925197,51.14051241762729,0.0</coordinates>
                </LineString>
                <LineString id="12648">
                    <coordinates>11.002187636825298,51.14001822849929,0.0 11.0022141622234,51.140011362366195,0.0</coordinates>
                </LineString>
                <LineString id="12650">
                    <coordinates>11.004630751856201,51.141163796868,0.0 11.004627472785701,51.1411700972114,0.0</coordinates>
                </LineString>
                <LineString id="12652">
                    <coordinates>11.0050116395523,51.14109038696049,0.0 11.0050112618812,51.1411019795183,0.0</coordinates>
                </LineString>
                <LineString id="12654">
                    <coordinates>10.999399422033699,51.138515160072686,0.0 10.9993988161956,51.13851079523949,0.0</coordinates>
                </LineString>
                <LineString id="12656">
                    <coordinates>11.004010679541999,51.1407910970926,0.0 11.0040653394641,51.140794249983095,0.0 11.0041179260511,51.140799461656094,0.0 11.0041307720341,51.140799463106,0.0 11.0041400299664,51.1407988677162,0.0 11.0041462321243,51.1407975092266,0.0 11.0041528223395,51.1407960461712,0.0 11.0041586009374,51.140793785179696,0.0 11.0041643940147,51.14079151532219,0.0 11.0041714615269,51.1407877911071,0.0 11.0041761329605,51.14078319255039,0.0 11.004180351501502,51.140777062014905,0.0 11.0041824353607,51.14077052678879,0.0 11.004183776080799,51.14076598977919,0.0 11.0041853426946,51.1407609153535,0.0 11.0041880740734,51.1407548350858,0.0 11.004192977511902,51.140743433853004,0.0 11.0042233880893,51.14067616748509,0.0 11.0042280735538,51.140664270002695,0.0</coordinates>
                </LineString>
                <LineString id="12658">
                    <coordinates>10.9962194449142,51.1399356102524,0.0 10.9962507479012,51.13993316407989,0.0 10.9963280151427,51.13993219080199,0.0</coordinates>
                </LineString>
                <LineString id="12660">
                    <coordinates>10.9969513569111,51.139169526251685,0.0 10.996912248934303,51.13921173585991,0.0</coordinates>
                </LineString>
                <LineString id="12662">
                    <coordinates>10.998156305359698,51.13902050946519,0.0 10.998155447777,51.138986173227195,0.0</coordinates>
                </LineString>
                <LineString id="12664">
                    <coordinates>11.0010507440509,51.1410226740052,0.0 11.0010506923751,51.14101977012669,0.0</coordinates>
                </LineString>
                <LineString id="12666">
                    <coordinates>11.0014958911936,51.1393012017147,0.0 11.0014397147913,51.139296236882,0.0</coordinates>
                </LineString>
                <LineString id="12668">
                    <coordinates>10.997941280652102,51.1392916725985,0.0 10.9978986171759,51.1392512613868,0.0</coordinates>
                </LineString>
                <LineString id="12670">
                    <coordinates>11.0025502091863,51.14049308755429,0.0 11.0025489983326,51.140335015176206,0.0</coordinates>
                </LineString>
                <LineString id="12672">
                    <coordinates>11.0017954417657,51.14009338448731,0.0 11.0018023294486,51.1400920409583,0.0</coordinates>
                </LineString>
                <LineString id="12674">
                    <coordinates>11.0000599835279,51.13984921481259,0.0 11.000062699752398,51.13983260842221,0.0 11.000086177081798,51.1397452204739,0.0 11.0000874548402,51.1397231005403,0.0</coordinates>
                </LineString>
                <LineString id="12676">
                    <coordinates>10.9990258119187,51.13888113317109,0.0 10.9990344226615,51.1389137738794,0.0</coordinates>
                </LineString>
                <LineString id="12678">
                    <coordinates>10.9968090892637,51.138938404696916,0.0 10.9968609907206,51.1389117838062,0.0</coordinates>
                </LineString>
                <LineString id="12680">
                    <coordinates>11.0026212559412,51.1404983403865,0.0 11.0026068873407,51.1404953953891,0.0 11.0025502091863,51.14049308755429,0.0</coordinates>
                </LineString>
                <LineString id="12682">
                    <coordinates>10.99685077217,51.140036639494596,0.0 10.9968540991046,51.1400347713398,0.0</coordinates>
                </LineString>
                <LineString id="12684">
                    <coordinates>11.0014397147913,51.139296236882,0.0 11.0013762306951,51.1394592135632,0.0</coordinates>
                </LineString>
                <LineString id="12686">
                    <coordinates>11.0049911240395,51.14093524271859,0.0 11.0049994226494,51.1409373987173,0.0 11.0050011536544,51.14093664038369,0.0 11.0050019734029,51.140935730478795,0.0 11.00500758867,51.1409264386835,0.0</coordinates>
                </LineString>
                <LineString id="12688">
                    <coordinates>10.9977474032598,51.13904639309129,0.0 10.9977699350376,51.139049102975996,0.0</coordinates>
                </LineString>
                <LineString id="12690">
                    <coordinates>10.9982886111576,51.1393313482022,0.0 10.998286255743098,51.1393556881613,0.0</coordinates>
                </LineString>
                <LineString id="12692">
                    <coordinates>11.0020706575048,51.142085619947586,0.0 11.0020916822433,51.1420761181119,0.0 11.0021817267133,51.1420367321798,0.0 11.002199110764302,51.142023765497,0.0 11.0022703937686,51.14196841692411,0.0</coordinates>
                </LineString>
                <LineString id="12694">
                    <coordinates>10.9997488250682,51.140674332135504,0.0 10.9997238054586,51.140739791710295,0.0</coordinates>
                </LineString>
                <LineString id="12696">
                    <coordinates>10.9972782847085,51.13999374051511,0.0 10.997294705737398,51.139993602558796,0.0</coordinates>
                </LineString>
                <LineString id="12698">
                    <coordinates>11.0000386616795,51.139983022249595,0.0 11.0000413562862,51.139964770693204,0.0 11.000046944500502,51.1399355952933,0.0 11.000053640307602,51.1398921818354,0.0</coordinates>
                </LineString>
                <LineString id="12700">
                    <coordinates>11.0035585640378,51.13991998352049,0.0 11.003439872110098,51.139915700841705,0.0</coordinates>
                </LineString>
                <LineString id="12702">
                    <coordinates>10.998290235361,51.140377337077595,0.0 10.998313897315699,51.14038464090508,0.0 10.998411067405101,51.140418803711796,0.0</coordinates>
                </LineString>
                <LineString id="12704">
                    <coordinates>10.9968760323797,51.13922204139891,0.0 10.996843971133398,51.139217299046,0.0</coordinates>
                </LineString>
                <LineString id="12706">
                    <coordinates>11.0025075243512,51.13953658484639,0.0 11.0025581194168,51.13953268341191,0.0</coordinates>
                </LineString>
                <LineString id="12708">
                    <coordinates>11.0035861480255,51.13974967064549,0.0 11.003519073213997,51.139747139919784,0.0 11.0034379214702,51.13973741495979,0.0</coordinates>
                </LineString>
                <LineString id="12710">
                    <coordinates>10.999870112669798,51.138782569676906,0.0 10.999856070783197,51.1387751146656,0.0 10.9998218532836,51.13877229631889,0.0</coordinates>
                </LineString>
                <LineString id="12712">
                    <coordinates>10.9980499162323,51.1411549293002,0.0 10.9980626131772,51.1411340847143,0.0</coordinates>
                </LineString>
                <LineString id="12714">
                    <coordinates>10.9984638027838,51.1389660975172,0.0 10.998370662495098,51.1389736780736,0.0 10.998295484963199,51.13897852685439,0.0 10.998278851850403,51.1389792384292,0.0</coordinates>
                </LineString>
                <LineString id="12716">
                    <coordinates>10.9992986525405,51.1400265404897,0.0 10.9992917816949,51.14006214998039,0.0</coordinates>
                </LineString>
                <LineString id="12718">
                    <coordinates>10.9993898052199,51.13851585089629,0.0 10.999399422033699,51.138515160072686,0.0</coordinates>
                </LineString>
                <LineString id="12720">
                    <coordinates>10.9998737038498,51.13878433524049,0.0 10.999870112669798,51.138782569676906,0.0</coordinates>
                </LineString>
                <LineString id="12722">
                    <coordinates>11.0016693840011,51.13972682656459,0.0 11.001770817247602,51.139717714081506,0.0 11.0017639106926,51.13969010396869,0.0 11.0017553839428,51.1396554596475,0.0 11.001740474279,51.139595429953594,0.0 11.0018326861201,51.1395878657595,0.0</coordinates>
                </LineString>
                <LineString id="12724">
                    <coordinates>10.9971522901756,51.14011489293849,0.0 10.997217724439897,51.14007837414331,0.0</coordinates>
                </LineString>
                <LineString id="12726">
                    <coordinates>11.0036519400059,51.1404421388306,0.0 11.0036348415952,51.14048836735001,0.0</coordinates>
                </LineString>
                <LineString id="12728">
                    <coordinates>11.0050653846649,51.14069184157549,0.0 11.005081949956802,51.140692315001395,0.0</coordinates>
                </LineString>
                <LineString id="12730">
                    <coordinates>10.9987210654709,51.1393344468933,0.0 10.9986882453768,51.13933703355719,0.0</coordinates>
                </LineString>
                <LineString id="12732">
                    <coordinates>10.9985389778313,51.1401336085925,0.0 10.998610104436702,51.140145696168,0.0</coordinates>
                </LineString>
                <LineString id="12734">
                    <coordinates>10.998649267800399,51.1389014179293,0.0 10.9986503207054,51.1389042674549,0.0</coordinates>
                </LineString>
                <LineString id="12736">
                    <coordinates>10.9966693664109,51.13988592127739,0.0 10.9966702827393,51.13984758216739,0.0 10.9966112850735,51.139818500374695,0.0 10.9965964676628,51.1398112360806,0.0 10.9965994374917,51.1396365698045,0.0</coordinates>
                </LineString>
                <LineString id="12738">
                    <coordinates>11.0025275817161,51.1396442549225,0.0 11.0025160475602,51.13958535075639,0.0 11.0025075243512,51.13953658484639,0.0</coordinates>
                </LineString>
                <LineString id="12740">
                    <coordinates>10.998506736179598,51.1393528380515,0.0 10.9984973441605,51.1393530363324,0.0 10.9983704861502,51.13935313714699,0.0 10.998301268048202,51.13935526833651,0.0</coordinates>
                </LineString>
                <LineString id="12742">
                    <coordinates>10.999679853335499,51.13851824969348,0.0 10.9996731508734,51.1384958098527,0.0</coordinates>
                </LineString>
                <LineString id="12744">
                    <coordinates>10.996602128552,51.140009635334884,0.0 10.9966033464973,51.1400068412178,0.0</coordinates>
                </LineString>
                <LineString id="12746">
                    <coordinates>10.9983296689485,51.1406127272649,0.0 10.998315126335,51.1406105712797,0.0</coordinates>
                </LineString>
                <LineString id="12748">
                    <coordinates>10.997431140974598,51.13999605692399,0.0 10.9975589725853,51.140001889197,0.0</coordinates>
                </LineString>
                <LineString id="12750">
                    <coordinates>10.9966949629956,51.1399549423436,0.0 10.996698061901702,51.1399299615845,0.0</coordinates>
                </LineString>
                <LineString id="12752">
                    <coordinates>10.9984030230846,51.1406242587355,0.0 10.9984232815593,51.14058346038481,0.0 10.9984664753269,51.14050626421109,0.0 10.9982610268353,51.14044875613698,0.0 10.9980186910205,51.1403797136339,0.0</coordinates>
                </LineString>
                <LineString id="12754">
                    <coordinates>11.0028989475034,51.140927898553095,0.0 11.0028326586989,51.1409412127005,0.0</coordinates>
                </LineString>
                <LineString id="12756">
                    <coordinates>10.9967547066373,51.14038955907099,0.0 10.9966575409037,51.1404113153284,0.0 10.996643059151799,51.14041493057779,0.0</coordinates>
                </LineString>
                <LineString id="12758">
                    <coordinates>11.0030410257325,51.13936271796419,0.0 11.0030429417185,51.139381907763784,0.0</coordinates>
                </LineString>
                <LineString id="12760">
                    <coordinates>10.9986131432556,51.1385836811279,0.0 10.9986955780104,51.138575559330796,0.0</coordinates>
                </LineString>
                <LineString id="12762">
                    <coordinates>11.0039632953595,51.1407884915065,0.0 11.0039572019162,51.140825986567606,0.0 11.0039542176355,51.1408451526165,0.0</coordinates>
                </LineString>
                <LineString id="12764">
                    <coordinates>10.998894907746,51.1393196731336,0.0 10.9988622239273,51.1393225666372,0.0</coordinates>
                </LineString>
                <LineString id="12766">
                    <coordinates>11.0045614331118,51.1406685892587,0.0 11.0045637027451,51.14066869845409,0.0</coordinates>
                </LineString>
                <LineString id="12768">
                    <coordinates>10.9994703331319,51.1389716691951,0.0 10.9994682783363,51.13897418651781,0.0</coordinates>
                </LineString>
                <LineString id="12770">
                    <coordinates>11.002608386400402,51.140342191163484,0.0 11.0026042590406,51.1403407626961,0.0</coordinates>
                </LineString>
                <LineString id="12772">
                    <coordinates>10.9998577126816,51.140053513553,0.0 10.9999046314299,51.140089537828295,0.0</coordinates>
                </LineString>
                <LineString id="12774">
                    <coordinates>10.9999643479424,51.1401344087294,0.0 10.999982911754,51.1401362842584,0.0</coordinates>
                </LineString>
                <LineString id="12776">
                    <coordinates>11.0010377535125,51.1408677370859,0.0 11.0010946109994,51.14087234835971,0.0 11.001145815284799,51.140885325030396,0.0 11.001230862694399,51.140909943591,0.0 11.0012981433998,51.140936792546405,0.0 11.001384394730799,51.14096854053329,0.0 11.0014481590678,51.140994127906495,0.0 11.0014907470041,51.1410117501133,0.0</coordinates>
                </LineString>
                <LineString id="12778">
                    <coordinates>11.0020499305614,51.140434816700385,0.0 11.001974243802799,51.14038960392989,0.0</coordinates>
                </LineString>
                <LineString id="12780">
                    <coordinates>11.0023177077986,51.1419962186724,0.0 11.0022703937686,51.14196841692411,0.0</coordinates>
                </LineString>
                <LineString id="12782">
                    <coordinates>10.997211323769601,51.139276538707,0.0 10.9971928397497,51.13927363867689,0.0 10.997094701813502,51.13925660852309,0.0 10.9970100026931,51.13924319916941,0.0</coordinates>
                </LineString>
                <LineString id="12784">
                    <coordinates>10.9966115700641,51.13994912161049,0.0 10.9966473527591,51.13995095653759,0.0</coordinates>
                </LineString>
                <LineString id="12786">
                    <coordinates>10.9968268807239,51.14030711068299,0.0 10.996829828505698,51.14030955398629,0.0</coordinates>
                </LineString>
                <LineString id="12788">
                    <coordinates>10.9981269452431,51.1403110208708,0.0 10.9981274247451,51.14031395538111,0.0</coordinates>
                </LineString>
                <LineString id="12790">
                    <coordinates>10.9972942178583,51.140215446257585,0.0 10.997295118995698,51.14014874680338,0.0 10.9972938323168,51.1401335983465,0.0</coordinates>
                </LineString>
                <LineString id="12792">
                    <coordinates>10.9980926847817,51.140848438922895,0.0 10.9981128372792,51.140827748050505,0.0 10.998137129291,51.14080395546198,0.0 10.9981687905907,51.140767794206695,0.0 10.9982408931141,51.14070574032309,0.0 10.998269961068,51.1406850897854,0.0 10.998328406412302,51.1406618501827,0.0 10.99838893831,51.14063859245379,0.0 10.9983952319673,51.140633010234694,0.0</coordinates>
                </LineString>
                <LineString id="12794">
                    <coordinates>11.002344967537798,51.142009044609395,0.0 11.0023177077986,51.1419962186724,0.0</coordinates>
                </LineString>
                <LineString id="12796">
                    <coordinates>11.000266958507,51.1392971725328,0.0 11.0001439380674,51.1392644713344,0.0</coordinates>
                </LineString>
                <LineString id="12798">
                    <coordinates>10.9999381145676,51.13916559572291,0.0 11.0000086324707,51.13916942537319,0.0</coordinates>
                </LineString>
                <LineString id="12800">
                    <coordinates>11.0034935047115,51.13942532377529,0.0 11.0034860741847,51.1394353011826,0.0</coordinates>
                </LineString>
                <LineString id="12802">
                    <coordinates>11.0016665508695,51.14101493993149,0.0 11.0016604637573,51.1410228881864,0.0</coordinates>
                </LineString>
                <LineString id="12804">
                    <coordinates>11.0046584225312,51.1411123007058,0.0 11.0046234280888,51.141104982679,0.0</coordinates>
                </LineString>
                <LineString id="12806">
                    <coordinates>11.0000144676667,51.1392452792518,0.0 11.0000154545217,51.1392108239591,0.0</coordinates>
                </LineString>
                <LineString id="12808">
                    <coordinates>10.999070415016,51.14001527598959,0.0 10.9990738191401,51.1400276829215,0.0 10.999070210277798,51.14004392209579,0.0</coordinates>
                </LineString>
                <LineString id="12810">
                    <coordinates>10.9970870232441,51.140375939721594,0.0 10.9970706520735,51.1403440773298,0.0</coordinates>
                </LineString>
                <LineString id="12812">
                    <coordinates>10.996761635526198,51.13869505282631,0.0 10.9968372669194,51.138662639732196,0.0</coordinates>
                </LineString>
                <LineString id="12814">
                    <coordinates>11.0021840518378,51.139754200827305,0.0 11.002219787912,51.13973764221549,0.0</coordinates>
                </LineString>
                <LineString id="12816">
                    <coordinates>10.9962549148295,51.1405017164998,0.0 10.996274884108,51.14046841283889,0.0</coordinates>
                </LineString>
                <LineString id="12818">
                    <coordinates>10.9957027636043,51.1398364154864,0.0 10.9957483494825,51.1398381999844,0.0</coordinates>
                </LineString>
                <LineString id="12820">
                    <coordinates>11.004784165232103,51.1408843851345,0.0 11.004864186136999,51.1409029536693,0.0</coordinates>
                </LineString>
                <LineString id="12822">
                    <coordinates>11.0025527375545,51.14014216171179,0.0 11.002551996487002,51.1400684278555,0.0 11.002549308191098,51.140039990804596,0.0 11.0025471536631,51.14000202999369,0.0 11.0025778533277,51.13992209205439,0.0</coordinates>
                </LineString>
                <LineString id="12824">
                    <coordinates>10.9987182349095,51.14002648377029,0.0 10.998719832035702,51.140008789157996,0.0</coordinates>
                </LineString>
                <LineString id="12826">
                    <coordinates>10.997624528785,51.140308291580595,0.0 10.997628055912898,51.14030641612969,0.0</coordinates>
                </LineString>
                <LineString id="12828">
                    <coordinates>10.997646647221503,51.14027665107831,0.0 10.997593868303799,51.14026586167969,0.0 10.9975686898926,51.1402606301577,0.0 10.997528623839901,51.14025202607968,0.0</coordinates>
                </LineString>
                <LineString id="12830">
                    <coordinates>11.000293516470798,51.138978117221995,0.0 11.000261006946202,51.1389843129747,0.0</coordinates>
                </LineString>
                <LineString id="12832">
                    <coordinates>10.996899630805,51.1387112038364,0.0 10.9969491451065,51.138692390426094,0.0</coordinates>
                </LineString>
                <LineString id="12834">
                    <coordinates>10.997170116464902,51.13913001722571,0.0 10.9971270605255,51.1390486883606,0.0</coordinates>
                </LineString>
                <LineString id="12836">
                    <coordinates>11.0024501164819,51.141960017223596,0.0 11.002492876368198,51.1419390279133,0.0</coordinates>
                </LineString>
                <LineString id="12838">
                    <coordinates>11.0004966164709,51.1388666172217,0.0 11.0004542527159,51.138852841132696,0.0</coordinates>
                </LineString>
                <LineString id="12840">
                    <coordinates>11.0006995825699,51.140770489274495,0.0 11.0005890484101,51.1408237612189,0.0</coordinates>
                </LineString>
                <LineString id="12842">
                    <coordinates>10.9994091164716,51.14007891722441,0.0 10.9994444922875,51.140082102013096,0.0</coordinates>
                </LineString>
                <LineString id="12844">
                    <coordinates>11.0023536164764,51.1395979172206,0.0 11.0023131625154,51.13957571105751,0.0</coordinates>
                </LineString>
                <LineString id="12846">
                    <coordinates>10.9996701164692,51.13880001722249,0.0 10.9997001223957,51.138805491084206,0.0</coordinates>
                </LineString>
                <LineString id="12848">
                    <coordinates>10.9981227307519,51.139332743337995,0.0 10.998114045039,51.13932606945048,0.0</coordinates>
                </LineString>
                <LineString id="12850">
                    <coordinates>10.997960116465299,51.138580017223994,0.0 10.9980107091642,51.13858192794999,0.0</coordinates>
                </LineString>
                <LineString id="12852">
                    <coordinates>10.9977101164684,51.1402000172265,0.0 10.9977450122705,51.1401736044304,0.0</coordinates>
                </LineString>
                <LineString id="12854">
                    <coordinates>10.9972201164669,51.13996001722669,0.0 10.9973290456905,51.13995880752259,0.0</coordinates>
                </LineString>
                <LineString id="12856">
                    <coordinates>11.0008101164757,51.1407172172237,0.0 11.0006995825699,51.140770489274495,0.0</coordinates>
                </LineString>
                <LineString id="12858">
                    <coordinates>11.000783116474002,51.139946517222796,0.0 11.0009568755919,51.140057614509196,0.0</coordinates>
                </LineString>
                <LineString id="12860">
                    <coordinates>11.0022905154725,51.139954625275195,0.0 11.0022709144808,51.13993923332589,0.0</coordinates>
                </LineString>
                <LineString id="12862">
                    <coordinates>10.996850116463499,51.13873001722539,0.0 10.996899630805,51.1387112038364,0.0</coordinates>
                </LineString>
                <LineString id="12864">
                    <coordinates>10.9999961500609,51.13981615510058,0.0 11.0000321836984,51.139847592966696,0.0</coordinates>
                </LineString>
                <LineString id="12866">
                    <coordinates>11.000529016475198,51.14067261722399,0.0 11.000551299316998,51.14074698607708,0.0</coordinates>
                </LineString>
                <LineString id="12868">
                    <coordinates>10.9980107091642,51.13858192794999,0.0 10.9980613018674,51.138583838654085,0.0</coordinates>
                </LineString>
                <LineString id="12870">
                    <coordinates>10.997520116468499,51.14036001722689,0.0 10.997572322655802,51.14033415441559,0.0</coordinates>
                </LineString>
                <LineString id="12872">
                    <coordinates>11.001090116476199,51.1406800172234,0.0 11.0011199025698,51.140656109468495,0.0</coordinates>
                </LineString>
                <LineString id="12874">
                    <coordinates>10.9959471123243,51.140065134892694,0.0 10.9959616081681,51.14004005255509,0.0</coordinates>
                </LineString>
                <LineString id="12876">
                    <coordinates>10.9960719207442,51.1404081583104,0.0 10.9960737250225,51.14040629939218,0.0</coordinates>
                </LineString>
                <LineString id="12878">
                    <coordinates>11.0030101164775,51.13957001721991,0.0 11.002946281939101,51.139598805261095,0.0</coordinates>
                </LineString>
                <LineString id="12880">
                    <coordinates>10.9994444922875,51.140082102013096,0.0 10.999479868108299,51.140085286791184,0.0</coordinates>
                </LineString>
                <LineString id="12882">
                    <coordinates>10.9958701164622,51.13910001722699,0.0 10.9960180149765,51.1390864639854,0.0</coordinates>
                </LineString>
                <LineString id="12884">
                    <coordinates>10.999294452555601,51.140026782775195,0.0 10.9992987886393,51.14002354832549,0.0</coordinates>
                </LineString>
            </MultiGeometry>
        </Placemark>
        <Placemark id="12891">
            <name>MultiPoint</name>
            <styleUrl>#13458</styleUrl>
            <MultiGeometry id="12890">
                <Point id="12892">
                    <coordinates>10.997299999999997,51.138639999999995,0.0</coordinates>
                </Point>
                <Point id="12894">
                    <coordinates>10.996070000000001,51.14041,0.0</coordinates>
                </Point>
                <Point id="12896">
                    <coordinates>11.000783,51.13994650000001,0.0</coordinates>
                </Point>
                <Point id="12898">
                    <coordinates>11.00301,51.13957,0.0</coordinates>
                </Point>
                <Point id="12900">
                    <coordinates>10.99935,51.13925,0.0</coordinates>
                </Point>
                <Point id="12902">
                    <coordinates>11.002629999999998,51.14018,0.0</coordinates>
                </Point>
                <Point id="12904">
                    <coordinates>10.997679999999999,51.13894,0.0</coordinates>
                </Point>
                <Point id="12906">
                    <coordinates>10.998230000000001,51.13868000000001,0.0</coordinates>
                </Point>
                <Point id="12908">
                    <coordinates>11.0042,51.13962000000001,0.0</coordinates>
                </Point>
                <Point id="12910">
                    <coordinates>11.004999999999999,51.14097999999999,0.0</coordinates>
                </Point>
                <Point id="12912">
                    <coordinates>11.002299999999998,51.13972,0.0</coordinates>
                </Point>
                <Point id="12914">
                    <coordinates>11.001109999999999,51.14018999999999,0.0</coordinates>
                </Point>
                <Point id="12916">
                    <coordinates>10.99857,51.14083,0.0</coordinates>
                </Point>
                <Point id="12918">
                    <coordinates>10.99985,51.140069999999994,0.0</coordinates>
                </Point>
                <Point id="12920">
                    <coordinates>10.996169999999998,51.13908,0.0</coordinates>
                </Point>
                <Point id="12922">
                    <coordinates>11.001899999999997,51.14005999999999,0.0</coordinates>
                </Point>
                <Point id="12924">
                    <coordinates>10.996600000000003,51.14034,0.0</coordinates>
                </Point>
                <Point id="12926">
                    <coordinates>10.997150000000001,51.139649999999996,0.0</coordinates>
                </Point>
                <Point id="12928">
                    <coordinates>11.000429999999998,51.141369999999995,0.0</coordinates>
                </Point>
                <Point id="12930">
                    <coordinates>10.99827,51.13895,0.0</coordinates>
                </Point>
                <Point id="12932">
                    <coordinates>10.996229999999999,51.14002999999999,0.0</coordinates>
                </Point>
                <Point id="12934">
                    <coordinates>10.998720000000002,51.13932,0.0</coordinates>
                </Point>
                <Point id="12936">
                    <coordinates>11.001389999999999,51.14014999999999,0.0</coordinates>
                </Point>
                <Point id="12938">
                    <coordinates>10.99822,51.14063,0.0</coordinates>
                </Point>
                <Point id="12940">
                    <coordinates>10.99775,51.13907,0.0</coordinates>
                </Point>
                <Point id="12942">
                    <coordinates>10.996469999999999,51.139630000000004,0.0</coordinates>
                </Point>
                <Point id="12944">
                    <coordinates>11.002109999999998,51.139199999999995,0.0</coordinates>
                </Point>
                <Point id="12946">
                    <coordinates>11.00432,51.14143,0.0</coordinates>
                </Point>
                <Point id="12948">
                    <coordinates>10.99722,51.13996,0.0</coordinates>
                </Point>
                <Point id="12950">
                    <coordinates>10.99958,51.14053,0.0</coordinates>
                </Point>
                <Point id="12952">
                    <coordinates>10.99708,51.14037,0.0</coordinates>
                </Point>
                <Point id="12954">
                    <coordinates>11.00442,51.14124999999999,0.0</coordinates>
                </Point>
                <Point id="12956">
                    <coordinates>10.997890000000002,51.141259999999996,0.0</coordinates>
                </Point>
                <Point id="12958">
                    <coordinates>10.9985798,51.13932669999999,0.0</coordinates>
                </Point>
                <Point id="12960">
                    <coordinates>10.99927,51.139009999999985,0.0</coordinates>
                </Point>
                <Point id="12962">
                    <coordinates>10.99992,51.13997,0.0</coordinates>
                </Point>
                <Point id="12964">
                    <coordinates>11.0004965,51.13886659999999,0.0</coordinates>
                </Point>
                <Point id="12966">
                    <coordinates>10.99967,51.1388,0.0</coordinates>
                </Point>
                <Point id="12968">
                    <coordinates>11.00294,51.141830000000006,0.0</coordinates>
                </Point>
                <Point id="12970">
                    <coordinates>10.999996299999998,51.1400723,0.0</coordinates>
                </Point>
                <Point id="12972">
                    <coordinates>10.999949999999998,51.1399,0.0</coordinates>
                </Point>
                <Point id="12974">
                    <coordinates>10.995869999999998,51.1391,0.0</coordinates>
                </Point>
                <Point id="12976">
                    <coordinates>10.996859999999998,51.13919,0.0</coordinates>
                </Point>
                <Point id="12978">
                    <coordinates>11.00101,51.14103,0.0</coordinates>
                </Point>
                <Point id="12980">
                    <coordinates>10.99875,51.14047000000001,0.0</coordinates>
                </Point>
                <Point id="12982">
                    <coordinates>11.00194,51.14237000000001,0.0</coordinates>
                </Point>
                <Point id="12984">
                    <coordinates>10.99904,51.13899000000001,0.0</coordinates>
                </Point>
                <Point id="12986">
                    <coordinates>11.00479,51.14124,0.0</coordinates>
                </Point>
                <Point id="12988">
                    <coordinates>11.00314,51.13957,0.0</coordinates>
                </Point>
                <Point id="12990">
                    <coordinates>10.99717,51.13913,0.0</coordinates>
                </Point>
                <Point id="12992">
                    <coordinates>10.99636,51.14001999999999,0.0</coordinates>
                </Point>
                <Point id="12994">
                    <coordinates>10.99718,51.13972999999999,0.0</coordinates>
                </Point>
                <Point id="12996">
                    <coordinates>10.99791,51.14094999999999,0.0</coordinates>
                </Point>
                <Point id="12998">
                    <coordinates>11.003750000000002,51.13936000000001,0.0</coordinates>
                </Point>
                <Point id="13000">
                    <coordinates>11.00068,51.14093,0.0</coordinates>
                </Point>
                <Point id="13002">
                    <coordinates>11.002569999999999,51.14037,0.0</coordinates>
                </Point>
                <Point id="13004">
                    <coordinates>11.000409999999999,51.13861,0.0</coordinates>
                </Point>
                <Point id="13006">
                    <coordinates>10.99599,51.14053,0.0</coordinates>
                </Point>
                <Point id="13008">
                    <coordinates>11.00225,51.139970000000005,0.0</coordinates>
                </Point>
                <Point id="13010">
                    <coordinates>11.00199,51.14219,0.0</coordinates>
                </Point>
                <Point id="13012">
                    <coordinates>11.00017,51.139689999999995,0.0</coordinates>
                </Point>
                <Point id="13014">
                    <coordinates>11.00358,51.13975000000001,0.0</coordinates>
                </Point>
                <Point id="13016">
                    <coordinates>10.997030000000002,51.14027,0.0</coordinates>
                </Point>
                <Point id="13018">
                    <coordinates>11.0044,51.14109,0.0</coordinates>
                </Point>
                <Point id="13020">
                    <coordinates>10.998680000000002,51.138659999999994,0.0</coordinates>
                </Point>
                <Point id="13022">
                    <coordinates>10.999720000000002,51.13871,0.0</coordinates>
                </Point>
                <Point id="13024">
                    <coordinates>11.00112,51.140649999999994,0.0</coordinates>
                </Point>
                <Point id="13026">
                    <coordinates>11.00262,51.13941,0.0</coordinates>
                </Point>
                <Point id="13028">
                    <coordinates>10.999408999999998,51.1400789,0.0</coordinates>
                </Point>
                <Point id="13030">
                    <coordinates>11.0026592,51.14180220000001,0.0</coordinates>
                </Point>
                <Point id="13032">
                    <coordinates>10.997709999999998,51.14020000000001,0.0</coordinates>
                </Point>
                <Point id="13034">
                    <coordinates>11.00036,51.138619999999996,0.0</coordinates>
                </Point>
                <Point id="13036">
                    <coordinates>11.0025174,51.13982039999999,0.0</coordinates>
                </Point>
                <Point id="13038">
                    <coordinates>10.999710000000002,51.13857000000001,0.0</coordinates>
                </Point>
                <Point id="13040">
                    <coordinates>10.9959325,51.1400902,0.0</coordinates>
                </Point>
                <Point id="13042">
                    <coordinates>10.998129999999998,51.139959999999995,0.0</coordinates>
                </Point>
                <Point id="13044">
                    <coordinates>10.99993,51.140829999999994,0.0</coordinates>
                </Point>
                <Point id="13046">
                    <coordinates>10.996570000000002,51.13913,0.0</coordinates>
                </Point>
                <Point id="13048">
                    <coordinates>11.005269999999998,51.14097,0.0</coordinates>
                </Point>
                <Point id="13050">
                    <coordinates>11.0002,51.139109999999995,0.0</coordinates>
                </Point>
                <Point id="13052">
                    <coordinates>11.00467,51.14143,0.0</coordinates>
                </Point>
                <Point id="13054">
                    <coordinates>11.003649999999999,51.14117,0.0</coordinates>
                </Point>
                <Point id="13056">
                    <coordinates>10.9994,51.140930000000004,0.0</coordinates>
                </Point>
                <Point id="13058">
                    <coordinates>10.999689999999998,51.140809999999995,0.0</coordinates>
                </Point>
                <Point id="13060">
                    <coordinates>11.00215,51.13998999999998,0.0</coordinates>
                </Point>
                <Point id="13062">
                    <coordinates>11.001339999999999,51.14176999999999,0.0</coordinates>
                </Point>
                <Point id="13064">
                    <coordinates>10.99851,51.13904,0.0</coordinates>
                </Point>
                <Point id="13066">
                    <coordinates>10.999390000000002,51.14127,0.0</coordinates>
                </Point>
                <Point id="13068">
                    <coordinates>10.999889999999999,51.138729999999995,0.0</coordinates>
                </Point>
                <Point id="13070">
                    <coordinates>10.99996,51.13978469999999,0.0</coordinates>
                </Point>
                <Point id="13072">
                    <coordinates>10.99724,51.13886999999999,0.0</coordinates>
                </Point>
                <Point id="13074">
                    <coordinates>10.997159999999997,51.13851999999999,0.0</coordinates>
                </Point>
                <Point id="13076">
                    <coordinates>10.99752,51.140359999999994,0.0</coordinates>
                </Point>
                <Point id="13078">
                    <coordinates>10.999949999999998,51.1399,0.0</coordinates>
                </Point>
                <Point id="13080">
                    <coordinates>10.99528,51.1398,0.0</coordinates>
                </Point>
                <Point id="13082">
                    <coordinates>10.996349999999998,51.14039,0.0</coordinates>
                </Point>
                <Point id="13084">
                    <coordinates>10.99964,51.13921999999998,0.0</coordinates>
                </Point>
                <Point id="13086">
                    <coordinates>11.00152,51.139289999999995,0.0</coordinates>
                </Point>
                <Point id="13088">
                    <coordinates>10.99853,51.14014,0.0</coordinates>
                </Point>
                <Point id="13090">
                    <coordinates>10.99696,51.13871999999999,0.0</coordinates>
                </Point>
                <Point id="13092">
                    <coordinates>10.99929,51.14002999999999,0.0</coordinates>
                </Point>
                <Point id="13094">
                    <coordinates>10.996070000000001,51.14041,0.0</coordinates>
                </Point>
                <Point id="13096">
                    <coordinates>11.00239,51.13941,0.0</coordinates>
                </Point>
                <Point id="13098">
                    <coordinates>11.00261,51.139950000000006,0.0</coordinates>
                </Point>
                <Point id="13100">
                    <coordinates>10.998699999999998,51.14038999999999,0.0</coordinates>
                </Point>
                <Point id="13102">
                    <coordinates>11.00021,51.13902,0.0</coordinates>
                </Point>
                <Point id="13104">
                    <coordinates>10.99683,51.138960000000004,0.0</coordinates>
                </Point>
                <Point id="13106">
                    <coordinates>10.9985,51.139979999999994,0.0</coordinates>
                </Point>
                <Point id="13108">
                    <coordinates>10.99937,51.13844999999999,0.0</coordinates>
                </Point>
                <Point id="13110">
                    <coordinates>10.99947,51.13900000000001,0.0</coordinates>
                </Point>
                <Point id="13112">
                    <coordinates>10.99956,51.13878,0.0</coordinates>
                </Point>
                <Point id="13114">
                    <coordinates>10.99921,51.140550000000005,0.0</coordinates>
                </Point>
                <Point id="13116">
                    <coordinates>11.00177,51.14010999999999,0.0</coordinates>
                </Point>
                <Point id="13118">
                    <coordinates>10.99728,51.14032,0.0</coordinates>
                </Point>
                <Point id="13120">
                    <coordinates>10.99998,51.13998999999998,0.0</coordinates>
                </Point>
                <Point id="13122">
                    <coordinates>10.99964,51.13899,0.0</coordinates>
                </Point>
                <Point id="13124">
                    <coordinates>10.998460000000001,51.13895000000001,0.0</coordinates>
                </Point>
                <Point id="13126">
                    <coordinates>10.99759,51.13869999999999,0.0</coordinates>
                </Point>
                <Point id="13128">
                    <coordinates>11.001939999999998,51.13965999999999,0.0</coordinates>
                </Point>
                <Point id="13130">
                    <coordinates>11.004969999999998,51.14116,0.0</coordinates>
                </Point>
                <Point id="13132">
                    <coordinates>11.00311,51.14292,0.0</coordinates>
                </Point>
                <Point id="13134">
                    <coordinates>10.9971,51.13899,0.0</coordinates>
                </Point>
                <Point id="13136">
                    <coordinates>11.00202,51.14046,0.0</coordinates>
                </Point>
                <Point id="13138">
                    <coordinates>10.99634,51.13988,0.0</coordinates>
                </Point>
                <Point id="13140">
                    <coordinates>10.998680000000002,51.139019999999995,0.0</coordinates>
                </Point>
                <Point id="13142">
                    <coordinates>10.99876,51.139970000000005,0.0</coordinates>
                </Point>
                <Point id="13144">
                    <coordinates>10.998290000000003,51.13936,0.0</coordinates>
                </Point>
                <Point id="13146">
                    <coordinates>10.999419999999999,51.138449999999985,0.0</coordinates>
                </Point>
                <Point id="13148">
                    <coordinates>10.99696,51.13995,0.0</coordinates>
                </Point>
                <Point id="13150">
                    <coordinates>10.996749999999999,51.13989,0.0</coordinates>
                </Point>
                <Point id="13152">
                    <coordinates>11.002450000000001,51.14195999999999,0.0</coordinates>
                </Point>
                <Point id="13154">
                    <coordinates>11.000109500000002,51.139695499999995,0.0</coordinates>
                </Point>
                <Point id="13156">
                    <coordinates>11.0025174,51.13982039999999,0.0</coordinates>
                </Point>
                <Point id="13158">
                    <coordinates>11.00081,51.14071719999999,0.0</coordinates>
                </Point>
                <Point id="13160">
                    <coordinates>10.99644,51.14027000000001,0.0</coordinates>
                </Point>
                <Point id="13162">
                    <coordinates>11.00303,51.13940000000001,0.0</coordinates>
                </Point>
                <Point id="13164">
                    <coordinates>10.99778,51.13863,0.0</coordinates>
                </Point>
                <Point id="13166">
                    <coordinates>10.99886,51.13932,0.0</coordinates>
                </Point>
                <Point id="13168">
                    <coordinates>10.996939999999999,51.1404,0.0</coordinates>
                </Point>
                <Point id="13170">
                    <coordinates>10.99641,51.14051,0.0</coordinates>
                </Point>
                <Point id="13172">
                    <coordinates>11.00258,51.14053,0.0</coordinates>
                </Point>
                <Point id="13174">
                    <coordinates>10.99921,51.138879999999986,0.0</coordinates>
                </Point>
                <Point id="13176">
                    <coordinates>10.99906,51.14001999999999,0.0</coordinates>
                </Point>
                <Point id="13178">
                    <coordinates>11.00167,51.13977,0.0</coordinates>
                </Point>
                <Point id="13180">
                    <coordinates>10.99611,51.1399,0.0</coordinates>
                </Point>
                <Point id="13182">
                    <coordinates>10.99551,51.140280000000004,0.0</coordinates>
                </Point>
                <Point id="13184">
                    <coordinates>10.99788,51.13994999999999,0.0</coordinates>
                </Point>
                <Point id="13186">
                    <coordinates>10.99901,51.1409,0.0</coordinates>
                </Point>
                <Point id="13188">
                    <coordinates>11.00033,51.13885,0.0</coordinates>
                </Point>
                <Point id="13190">
                    <coordinates>10.99988,51.13856,0.0</coordinates>
                </Point>
                <Point id="13192">
                    <coordinates>11.002069999999998,51.13945,0.0</coordinates>
                </Point>
                <Point id="13194">
                    <coordinates>10.99683,51.14030999999999,0.0</coordinates>
                </Point>
                <Point id="13196">
                    <coordinates>10.99771,51.13925,0.0</coordinates>
                </Point>
                <Point id="13198">
                    <coordinates>10.998119999999998,51.13933999999999,0.0</coordinates>
                </Point>
                <Point id="13200">
                    <coordinates>11.001589999999998,51.14220999999999,0.0</coordinates>
                </Point>
                <Point id="13202">
                    <coordinates>10.99798,51.139100000000006,0.0</coordinates>
                </Point>
                <Point id="13204">
                    <coordinates>10.99586,51.13884,0.0</coordinates>
                </Point>
                <Point id="13206">
                    <coordinates>10.99887,51.139,0.0</coordinates>
                </Point>
                <Point id="13208">
                    <coordinates>10.998559999999998,51.13865,0.0</coordinates>
                </Point>
                <Point id="13210">
                    <coordinates>11.0024,51.13969,0.0</coordinates>
                </Point>
                <Point id="13212">
                    <coordinates>11.00279,51.14184,0.0</coordinates>
                </Point>
                <Point id="13214">
                    <coordinates>10.99852,51.13933999999999,0.0</coordinates>
                </Point>
                <Point id="13216">
                    <coordinates>10.99922,51.13861,0.0</coordinates>
                </Point>
                <Point id="13218">
                    <coordinates>11.00543,51.14072,0.0</coordinates>
                </Point>
                <Point id="13220">
                    <coordinates>10.996859999999998,51.140049999999995,0.0</coordinates>
                </Point>
                <Point id="13222">
                    <coordinates>10.99987,51.13881,0.0</coordinates>
                </Point>
                <Point id="13224">
                    <coordinates>10.99963,51.14037,0.0</coordinates>
                </Point>
                <Point id="13226">
                    <coordinates>11.00036,51.13879,0.0</coordinates>
                </Point>
                <Point id="13228">
                    <coordinates>11.001640000000002,51.14101999999999,0.0</coordinates>
                </Point>
                <Point id="13230">
                    <coordinates>11.00361,51.13987999999999,0.0</coordinates>
                </Point>
                <Point id="13232">
                    <coordinates>11.001560000000001,51.14012,0.0</coordinates>
                </Point>
                <Point id="13234">
                    <coordinates>10.996249999999998,51.140499999999996,0.0</coordinates>
                </Point>
                <Point id="13236">
                    <coordinates>10.99696,51.13919,0.0</coordinates>
                </Point>
                <Point id="13238">
                    <coordinates>10.99558,51.14037,0.0</coordinates>
                </Point>
                <Point id="13240">
                    <coordinates>11.00248,51.14192,0.0</coordinates>
                </Point>
                <Point id="13242">
                    <coordinates>10.99819,51.14085,0.0</coordinates>
                </Point>
                <Point id="13244">
                    <coordinates>11.00414,51.14054999999999,0.0</coordinates>
                </Point>
                <Point id="13246">
                    <coordinates>10.99922,51.141149999999996,0.0</coordinates>
                </Point>
                <Point id="13248">
                    <coordinates>10.99972,51.138839999999995,0.0</coordinates>
                </Point>
                <Point id="13250">
                    <coordinates>10.997560000000002,51.13995,0.0</coordinates>
                </Point>
                <Point id="13252">
                    <coordinates>11.00359,51.140679999999996,0.0</coordinates>
                </Point>
                <Point id="13254">
                    <coordinates>10.99563,51.13998999999999,0.0</coordinates>
                </Point>
                <Point id="13256">
                    <coordinates>11.00172,51.1426,0.0</coordinates>
                </Point>
                <Point id="13258">
                    <coordinates>10.99845,51.14037999999999,0.0</coordinates>
                </Point>
                <Point id="13260">
                    <coordinates>10.999589999999998,51.14144,0.0</coordinates>
                </Point>
                <Point id="13262">
                    <coordinates>10.996769999999998,51.13872,0.0</coordinates>
                </Point>
                <Point id="13264">
                    <coordinates>11.0005289,51.140672599999995,0.0</coordinates>
                </Point>
                <Point id="13266">
                    <coordinates>10.99839,51.138529999999996,0.0</coordinates>
                </Point>
                <Point id="13268">
                    <coordinates>11.0007262,51.14091849999999,0.0</coordinates>
                </Point>
                <Point id="13270">
                    <coordinates>11.00238,51.13983000000001,0.0</coordinates>
                </Point>
                <Point id="13272">
                    <coordinates>10.99823,51.14057,0.0</coordinates>
                </Point>
                <Point id="13274">
                    <coordinates>10.99743,51.13996,0.0</coordinates>
                </Point>
                <Point id="13276">
                    <coordinates>11.00157,51.1412,0.0</coordinates>
                </Point>
                <Point id="13278">
                    <coordinates>10.99972,51.138559999999984,0.0</coordinates>
                </Point>
                <Point id="13280">
                    <coordinates>11.001810000000003,51.1397,0.0</coordinates>
                </Point>
                <Point id="13282">
                    <coordinates>10.99903,51.13891,0.0</coordinates>
                </Point>
                <Point id="13284">
                    <coordinates>11.00396,51.14075,0.0</coordinates>
                </Point>
                <Point id="13286">
                    <coordinates>11.0007,51.13938999999999,0.0</coordinates>
                </Point>
                <Point id="13288">
                    <coordinates>11.00246,51.14265999999999,0.0</coordinates>
                </Point>
                <Point id="13290">
                    <coordinates>10.997299999999997,51.13877,0.0</coordinates>
                </Point>
                <Point id="13292">
                    <coordinates>10.997949999999998,51.13931000000001,0.0</coordinates>
                </Point>
                <Point id="13294">
                    <coordinates>10.99866,51.13893000000001,0.0</coordinates>
                </Point>
                <Point id="13296">
                    <coordinates>10.997139999999998,51.140119999999996,0.0</coordinates>
                </Point>
                <Point id="13298">
                    <coordinates>10.99811,51.14031,0.0</coordinates>
                </Point>
                <Point id="13300">
                    <coordinates>10.99731,51.13961,0.0</coordinates>
                </Point>
                <Point id="13302">
                    <coordinates>10.99777,51.14014999999999,0.0</coordinates>
                </Point>
                <Point id="13304">
                    <coordinates>11.0,51.13959999999999,0.0</coordinates>
                </Point>
                <Point id="13306">
                    <coordinates>10.99644,51.139860000000006,0.0</coordinates>
                </Point>
                <Point id="13308">
                    <coordinates>11.00287,51.13967,0.0</coordinates>
                </Point>
                <Point id="13310">
                    <coordinates>10.996600000000003,51.14002,0.0</coordinates>
                </Point>
                <Point id="13312">
                    <coordinates>10.998280000000001,51.14034999999999,0.0</coordinates>
                </Point>
                <Point id="13314">
                    <coordinates>11.00136,51.1412,0.0</coordinates>
                </Point>
                <Point id="13316">
                    <coordinates>10.99866,51.13999,0.0</coordinates>
                </Point>
                <Point id="13318">
                    <coordinates>11.00229,51.142019999999995,0.0</coordinates>
                </Point>
                <Point id="13320">
                    <coordinates>11.002599999999997,51.14076999999999,0.0</coordinates>
                </Point>
                <Point id="13322">
                    <coordinates>11.00366,51.14099999999999,0.0</coordinates>
                </Point>
                <Point id="13324">
                    <coordinates>11.003649999999999,51.14012000000001,0.0</coordinates>
                </Point>
                <Point id="13326">
                    <coordinates>10.9976,51.14032,0.0</coordinates>
                </Point>
                <Point id="13328">
                    <coordinates>10.99667,51.140460000000004,0.0</coordinates>
                </Point>
                <Point id="13330">
                    <coordinates>10.99914,51.14018,0.0</coordinates>
                </Point>
                <Point id="13332">
                    <coordinates>11.0034334,51.14014079999998,0.0</coordinates>
                </Point>
                <Point id="13334">
                    <coordinates>10.998800000000001,51.13864,0.0</coordinates>
                </Point>
                <Point id="13336">
                    <coordinates>10.996850000000002,51.13873,0.0</coordinates>
                </Point>
                <Point id="13338">
                    <coordinates>11.0023535,51.1395979,0.0</coordinates>
                </Point>
                <Point id="13340">
                    <coordinates>10.9985887,51.140264599999995,0.0</coordinates>
                </Point>
                <Point id="13342">
                    <coordinates>10.99792,51.138709999999996,0.0</coordinates>
                </Point>
                <Point id="13344">
                    <coordinates>10.999919999999998,51.13919,0.0</coordinates>
                </Point>
                <Point id="13346">
                    <coordinates>10.997960000000003,51.138580000000005,0.0</coordinates>
                </Point>
                <Point id="13348">
                    <coordinates>11.00362,51.14046999999999,0.0</coordinates>
                </Point>
                <Point id="13350">
                    <coordinates>10.99699,51.13861,0.0</coordinates>
                </Point>
                <Point id="13352">
                    <coordinates>11.00079,51.13938999999999,0.0</coordinates>
                </Point>
                <Point id="13354">
                    <coordinates>11.00273,51.14280999999999,0.0</coordinates>
                </Point>
                <Point id="13356">
                    <coordinates>10.995649999999998,51.13972,0.0</coordinates>
                </Point>
                <Point id="13358">
                    <coordinates>10.99872,51.13846999999999,0.0</coordinates>
                </Point>
                <Point id="13360">
                    <coordinates>10.99832,51.138560000000005,0.0</coordinates>
                </Point>
                <Point id="13362">
                    <coordinates>10.998830000000002,51.13892,0.0</coordinates>
                </Point>
                <Point id="13364">
                    <coordinates>10.996489999999998,51.14051,0.0</coordinates>
                </Point>
                <Point id="13366">
                    <coordinates>10.998879999999998,51.14090999999999,0.0</coordinates>
                </Point>
                <Point id="13368">
                    <coordinates>11.0039,51.14092999999999,0.0</coordinates>
                </Point>
                <Point id="13370">
                    <coordinates>11.004879999999998,51.14066999999999,0.0</coordinates>
                </Point>
                <Point id="13372">
                    <coordinates>10.996179999999999,51.13986,0.0</coordinates>
                </Point>
                <Point id="13374">
                    <coordinates>11.00215,51.13908,0.0</coordinates>
                </Point>
                <Point id="13376">
                    <coordinates>11.00284,51.14094999999999,0.0</coordinates>
                </Point>
                <Point id="13378">
                    <coordinates>11.002459999999997,51.13994999999999,0.0</coordinates>
                </Point>
                <Point id="13380">
                    <coordinates>11.00467,51.14088999999999,0.0</coordinates>
                </Point>
                <Point id="13382">
                    <coordinates>10.99805,51.14112999999999,0.0</coordinates>
                </Point>
                <Point id="13384">
                    <coordinates>11.00442,51.14063999999999,0.0</coordinates>
                </Point>
                <Point id="13386">
                    <coordinates>10.9981313,51.13933939999999,0.0</coordinates>
                </Point>
                <Point id="13388">
                    <coordinates>11.000293399999999,51.138978099999996,0.0</coordinates>
                </Point>
                <Point id="13390">
                    <coordinates>10.996349999999998,51.14039,0.0</coordinates>
                </Point>
                <Point id="13392">
                    <coordinates>11.00085,51.14101999999998,0.0</coordinates>
                </Point>
                <Point id="13394">
                    <coordinates>11.00231,51.13997,0.0</coordinates>
                </Point>
                <Point id="13396">
                    <coordinates>11.002029999999998,51.14023999999999,0.0</coordinates>
                </Point>
                <Point id="13398">
                    <coordinates>10.99678,51.14043,0.0</coordinates>
                </Point>
                <Point id="13400">
                    <coordinates>11.000269999999999,51.14088,0.0</coordinates>
                </Point>
                <Point id="13402">
                    <coordinates>10.99746,51.139179999999996,0.0</coordinates>
                </Point>
                <Point id="13404">
                    <coordinates>11.00364,51.13958999999999,0.0</coordinates>
                </Point>
                <Point id="13406">
                    <coordinates>11.00426,51.14085,0.0</coordinates>
                </Point>
                <Point id="13408">
                    <coordinates>11.002429999999999,51.14060999999999,0.0</coordinates>
                </Point>
                <Point id="13410">
                    <coordinates>10.999529999999998,51.140039999999985,0.0</coordinates>
                </Point>
                <Point id="13412">
                    <coordinates>10.999679999999998,51.138569999999994,0.0</coordinates>
                </Point>
                <Point id="13414">
                    <coordinates>11.001810000000003,51.14089,0.0</coordinates>
                </Point>
                <Point id="13416">
                    <coordinates>10.99603,51.14005999999999,0.0</coordinates>
                </Point>
                <Point id="13418">
                    <coordinates>11.00214,51.14216999999999,0.0</coordinates>
                </Point>
                <Point id="13420">
                    <coordinates>11.0036,51.14031,0.0</coordinates>
                </Point>
                <Point id="13422">
                    <coordinates>10.999720000000002,51.14008,0.0</coordinates>
                </Point>
                <Point id="13424">
                    <coordinates>10.99836,51.13998,0.0</coordinates>
                </Point>
                <Point id="13426">
                    <coordinates>11.005120000000002,51.1407,0.0</coordinates>
                </Point>
                <Point id="13428">
                    <coordinates>10.99822,51.13908,0.0</coordinates>
                </Point>
                <Point id="13430">
                    <coordinates>11.00202,51.14251,0.0</coordinates>
                </Point>
                <Point id="13432">
                    <coordinates>10.99658,51.13895000000001,0.0</coordinates>
                </Point>
                <Point id="13434">
                    <coordinates>10.99804,51.13895,0.0</coordinates>
                </Point>
                <Point id="13436">
                    <coordinates>11.00217,51.13979,0.0</coordinates>
                </Point>
                <Point id="13438">
                    <coordinates>10.997840000000002,51.14039,0.0</coordinates>
                </Point>
                <Point id="13440">
                    <coordinates>10.999300000000002,51.139009999999985,0.0</coordinates>
                </Point>
                <Point id="13442">
                    <coordinates>10.99836,51.138690000000004,0.0</coordinates>
                </Point>
                <Point id="13444">
                    <coordinates>10.99528,51.1398,0.0</coordinates>
                </Point>
                <Point id="13446">
                    <coordinates>11.00109,51.140679999999996,0.0</coordinates>
                </Point>
                <Point id="13448">
                    <coordinates>11.00229,51.13943,0.0</coordinates>
                </Point>
                <Point id="13450">
                    <coordinates>11.00195,51.14005999999999,0.0</coordinates>
                </Point>
                <Point id="13452">
                    <coordinates>11.000279999999998,51.138949999999994,0.0</coordinates>
                </Point>
                <Point id="13454">
                    <coordinates>11.00225,51.13982000000001,0.0</coordinates>
                </Point>
                <Point id="13456">
                    <coordinates>10.999300000000002,51.14003,0.0</coordinates>
                </Point>
            </MultiGeometry>
        </Placemark>
    </Document>
</kml>
