<?xml version="1.0" encoding="UTF-8"?>
<kml xmlns="http://www.opengis.net/kml/2.2" xmlns:gx="http://www.google.com/kml/ext/2.2">
    <Document id="17319">
        <Style id="20872">
            <IconStyle id="20873">
                <color>ff0000ff</color>
                <colorMode>normal</colorMode>
                <scale>1</scale>
                <heading>0</heading>
                <Icon id="20874">
                    <href>http://maps.google.com/mapfiles/kml/pushpin/ylw-pushpin.png</href>
                </Icon>
            </IconStyle>
            <LineStyle id="20875">
                <color>ff0000ff</color>
                <colorMode>normal</colorMode>
                <width>5</width>
            </LineStyle>
        </Style>
        <Style id="22250">
            <IconStyle id="22252">
                <colorMode>normal</colorMode>
                <scale>1</scale>
                <heading>0</heading>
                <Icon id="22253">
                    <href>http://maps.google.com/mapfiles/kml/shapes/placemark_circle.png</href>
                </Icon>
            </IconStyle>
            <LabelStyle id="22251">
                <colorMode>normal</colorMode>
                <scale>0.0</scale>
            </LabelStyle>
        </Style>
        <open>1</open>
        <Placemark id="17321">
            <name>MultiLine</name>
            <styleUrl>#20872</styleUrl>
            <MultiGeometry id="17320">
                <LineString id="17322">
                    <coordinates>13.52456156,51.45565436999999,0.0 13.524703629999998,51.45552171,0.0</coordinates>
                </LineString>
                <LineString id="17324">
                    <coordinates>13.518595849999999,51.45947329999999,0.0 13.518448800000002,51.45944501,0.0</coordinates>
                </LineString>
                <LineString id="17326">
                    <coordinates>13.535648529999998,51.460163539999996,0.0 13.535515109999999,51.46015251000001,0.0</coordinates>
                </LineString>
                <LineString id="17328">
                    <coordinates>13.53329719,51.46196788000001,0.0 13.53329724,51.461910899999985,0.0</coordinates>
                </LineString>
                <LineString id="17330">
                    <coordinates>13.53413695,51.46190022,0.0 13.53404776,51.46189747,0.0</coordinates>
                </LineString>
                <LineString id="17332">
                    <coordinates>13.53404776,51.46189747,0.0 13.533957560000001,51.46189149,0.0</coordinates>
                </LineString>
                <LineString id="17334">
                    <coordinates>13.5280317,51.46191034999999,0.0 13.52803192,51.46190274,0.0</coordinates>
                </LineString>
                <LineString id="17336">
                    <coordinates>13.531430699999998,51.4638845,0.0 13.53143827,51.46396996,0.0</coordinates>
                </LineString>
                <LineString id="17338">
                    <coordinates>13.53143339,51.463848829999996,0.0 13.531430699999998,51.4638845,0.0</coordinates>
                </LineString>
                <LineString id="17340">
                    <coordinates>13.52166375,51.46285669000001,0.0 13.521650199999998,51.46291313,0.0</coordinates>
                </LineString>
                <LineString id="17342">
                    <coordinates>13.51914806,51.462962729999994,0.0 13.519062769999998,51.46300927,0.0 13.518983409999999,51.463052129999994,0.0 13.51885713,51.46312259,0.0</coordinates>
                </LineString>
                <LineString id="17344">
                    <coordinates>13.526467219999999,51.46121245999999,0.0 13.526532880000001,51.461245299999995,0.0 13.52662754,51.46129749,0.0 13.52674193,51.46137251,0.0 13.52678288,51.46140317999999,0.0</coordinates>
                </LineString>
                <LineString id="17346">
                    <coordinates>13.52683279,51.46144158,0.0 13.52686518,51.46146675000001,0.0 13.52690022,51.46149712999999,0.0 13.526924359999999,51.461518099999985,0.0</coordinates>
                </LineString>
                <LineString id="17348">
                    <coordinates>13.52163603,51.4623022,0.0 13.521796669999999,51.462331340000006,0.0</coordinates>
                </LineString>
                <LineString id="17350">
                    <coordinates>13.52046406,51.466617019999994,0.0 13.52044519,51.46667198,0.0 13.52044024,51.466683489999994,0.0 13.520437739999998,51.466689839999994,0.0</coordinates>
                </LineString>
                <LineString id="17352">
                    <coordinates>13.51885713,51.46312259,0.0 13.518859479999998,51.46310586999999,0.0</coordinates>
                </LineString>
                <LineString id="17354">
                    <coordinates>13.51387858,51.45754647,0.0 13.51388327,51.457458409999994,0.0 13.5139054,51.45739168999999,0.0 13.51390386,51.45732143,0.0 13.51389695,51.45717596,0.0 13.513888969999998,51.45705857999999,0.0 13.513849839999999,51.45689956999999,0.0 13.513825910000001,51.45682470000001,0.0 13.513817639999997,51.45680099999999,0.0 13.51380126,51.456758910000005,0.0 13.513782660000002,51.45671698,0.0 13.51376493,51.45668168,0.0 13.51373824,51.45662972,0.0 13.51370546,51.45657150999999,0.0 13.51366526,51.456509889999985,0.0 13.51362655,51.45645797999999,0.0 13.513599009999998,51.456421729999995,0.0 13.514021710000002,51.45670996,0.0 13.513988829999999,51.45668650999998,0.0 13.51394463,51.45665438999999,0.0 13.513886019999998,51.456630889999985,0.0 13.513811979999998,51.45663905,0.0 13.513741179999998,51.45664771999999,0.0 13.5137224,51.45664285000001,0.0</coordinates>
                </LineString>
                <LineString id="17356">
                    <coordinates>13.5137224,51.45664285000001,0.0 13.51370889,51.45663665,0.0 13.513584049999999,51.45655400999999,0.0 13.51331914,51.45647067,0.0 13.513192039999998,51.45641663,0.0</coordinates>
                </LineString>
                <LineString id="17358">
                    <coordinates>13.513192039999998,51.45641663,0.0 13.5131556,51.45636766999999,0.0</coordinates>
                </LineString>
                <LineString id="17360">
                    <coordinates>13.51384162,51.45874437,0.0 13.513825469999999,51.45874159000001,0.0</coordinates>
                </LineString>
                <LineString id="17362">
                    <coordinates>13.51441407,51.459445779999996,0.0 13.514384119999999,51.45938282000001,0.0 13.51432414,51.45926460999999,0.0 13.51431838,51.45925344999999,0.0 13.514300469999997,51.459190809999996,0.0 13.51427515,51.459138,0.0 13.514125599999998,51.458850319999996,0.0 13.51407473,51.458783140000016,0.0 13.51384162,51.45874437,0.0</coordinates>
                </LineString>
                <LineString id="17364">
                    <coordinates>13.507715619999999,51.45755804,0.0 13.507760029999998,51.45756503999999,0.0 13.508013329999999,51.457608189999995,0.0</coordinates>
                </LineString>
                <LineString id="17366">
                    <coordinates>13.50770212,51.457554249999994,0.0 13.507715619999999,51.45755804,0.0</coordinates>
                </LineString>
                <LineString id="17368">
                    <coordinates>13.5073918,51.45748654,0.0 13.507500740000001,51.457518609999994,0.0 13.507547849999998,51.45752336999998,0.0 13.507681360000001,51.45755070999999,0.0</coordinates>
                </LineString>
                <LineString id="17370">
                    <coordinates>13.507681360000001,51.45755070999999,0.0 13.50770212,51.457554249999994,0.0</coordinates>
                </LineString>
                <LineString id="17372">
                    <coordinates>13.5073918,51.45748654,0.0 13.507391459999997,51.45748649,0.0</coordinates>
                </LineString>
                <LineString id="17374">
                    <coordinates>13.51129712,51.460156239999996,0.0 13.51131067,51.46011518,0.0</coordinates>
                </LineString>
                <LineString id="17376">
                    <coordinates>13.52055829,51.461756349999995,0.0 13.520557949999999,51.461751769999985,0.0 13.520555039999996,51.46174744,0.0 13.52054557,51.46174425999999,0.0 13.52046883,51.461735069999996,0.0 13.52042972,51.461731709999995,0.0 13.520295010000002,51.46172476999998,0.0 13.520173679999997,51.46171579,0.0 13.52014418,51.461717670000006,0.0 13.52013673,51.461716599999995,0.0</coordinates>
                </LineString>
                <LineString id="17378">
                    <coordinates>13.521112849999998,51.46139719999999,0.0 13.521133349999998,51.4613948,0.0 13.52118345,51.461397749999996,0.0 13.521203800000002,51.461400860000005,0.0 13.52121823,51.46140334,0.0</coordinates>
                </LineString>
                <LineString id="17380">
                    <coordinates>13.537209279999999,51.46569545,0.0 13.53721447,51.465688230000005,0.0</coordinates>
                </LineString>
                <LineString id="17382">
                    <coordinates>13.52029902,51.45739197,0.0 13.52029839,51.457393569999994,0.0</coordinates>
                </LineString>
                <LineString id="17384">
                    <coordinates>13.51992987,51.45850827,0.0 13.519930210000002,51.45850301000001,0.0 13.51992876,51.45850165,0.0 13.51992527,51.45849938,0.0 13.51991864,51.458497969999996,0.0</coordinates>
                </LineString>
                <LineString id="17386">
                    <coordinates>13.519310580000003,51.45635958999999,0.0 13.519415210000002,51.456374339999996,0.0</coordinates>
                </LineString>
                <LineString id="17388">
                    <coordinates>13.52517969,51.45797527,0.0 13.52517264,51.457975899999994,0.0</coordinates>
                </LineString>
                <LineString id="17390">
                    <coordinates>13.520320769999996,51.459873449999996,0.0 13.520510029999999,51.45953055,0.0</coordinates>
                </LineString>
                <LineString id="17392">
                    <coordinates>13.524703629999998,51.45552171,0.0 13.524965980000001,51.45515875000001,0.0</coordinates>
                </LineString>
                <LineString id="17394">
                    <coordinates>13.53321647,51.46287628,0.0 13.533217409999999,51.462945700000006,0.0 13.53321547,51.46299937999999,0.0 13.533208519999999,51.46307381,0.0 13.533204079999999,51.463105469999995,0.0</coordinates>
                </LineString>
                <LineString id="17396">
                    <coordinates>13.53320254,51.4631487,0.0 13.533201009999999,51.463242179999995,0.0</coordinates>
                </LineString>
                <LineString id="17398">
                    <coordinates>13.52165539,51.46227094999998,0.0 13.521674210000002,51.46225553,0.0</coordinates>
                </LineString>
                <LineString id="17400">
                    <coordinates>13.52706606,51.46451469999999,0.0 13.527096549999998,51.46452022,0.0 13.52719408,51.4645323,0.0 13.527282509999997,51.464543629999994,0.0</coordinates>
                </LineString>
                <LineString id="17402">
                    <coordinates>13.527503930000002,51.464634030000006,0.0 13.52751255,51.46461718999999,0.0 13.52757944,51.46457998999999,0.0 13.52763019,51.464586479999994,0.0</coordinates>
                </LineString>
                <LineString id="17404">
                    <coordinates>13.52763019,51.464586479999994,0.0 13.52762503,51.46458203,0.0 13.527584649999998,51.46457233999999,0.0</coordinates>
                </LineString>
                <LineString id="17406">
                    <coordinates>13.52370447,51.45789124,0.0 13.52372736,51.45789378,0.0</coordinates>
                </LineString>
                <LineString id="17408">
                    <coordinates>13.521398579999996,51.46316383999999,0.0 13.521413469999999,51.463165639999986,0.0</coordinates>
                </LineString>
                <LineString id="17410">
                    <coordinates>13.521398579999996,51.46316383999999,0.0 13.52142123,51.46305527999999,0.0 13.521426129999998,51.46303519,0.0</coordinates>
                </LineString>
                <LineString id="17412">
                    <coordinates>13.521426129999998,51.46303519,0.0 13.521436379999999,51.46297948999999,0.0</coordinates>
                </LineString>
                <LineString id="17414">
                    <coordinates>13.52887666,51.45951311999999,0.0 13.528847,51.45938670999999,0.0</coordinates>
                </LineString>
                <LineString id="17416">
                    <coordinates>13.526371660000002,51.45928057,0.0 13.526364109999996,51.45918636999999,0.0</coordinates>
                </LineString>
                <LineString id="17418">
                    <coordinates>13.5143788,51.4610195,0.0 13.514321260000001,51.46101569999999,0.0</coordinates>
                </LineString>
                <LineString id="17420">
                    <coordinates>13.51892878,51.45733216999999,0.0 13.51901972,51.45734559,0.0</coordinates>
                </LineString>
                <LineString id="17422">
                    <coordinates>13.521450769999996,51.458847500000005,0.0 13.521426809999998,51.458843009999995,0.0</coordinates>
                </LineString>
                <LineString id="17424">
                    <coordinates>13.52160098,51.46001458999999,0.0 13.521592960000001,51.46003026,0.0 13.521577020000002,51.460048429999986,0.0 13.52155319,51.46007643,0.0</coordinates>
                </LineString>
                <LineString id="17426">
                    <coordinates>13.52245463,51.45686544,0.0 13.522527699999998,51.45687901999999,0.0</coordinates>
                </LineString>
                <LineString id="17428">
                    <coordinates>13.521454410000002,51.45668051,0.0 13.521678270000002,51.45672214999999,0.0 13.521919609999998,51.45676763999999,0.0 13.522012369999999,51.456784479999996,0.0 13.52205617,51.45679215,0.0</coordinates>
                </LineString>
                <LineString id="17430">
                    <coordinates>13.52803192,51.46190274,0.0 13.5282196,51.46190473,0.0 13.52833334,51.46190459000001,0.0 13.52839516,51.46190409999999,0.0 13.528541869999998,51.461895199999994,0.0 13.528646039999998,51.46188994999999,0.0 13.52879089,51.46188449000001,0.0 13.528813669999996,51.461883349999994,0.0 13.52891692,51.46188016000001,0.0 13.528940489999998,51.46187903,0.0</coordinates>
                </LineString>
                <LineString id="17432">
                    <coordinates>13.523613549999999,51.45707706,0.0 13.523679699999999,51.45710490999999,0.0</coordinates>
                </LineString>
                <LineString id="17434">
                    <coordinates>13.51879664,51.45575087,0.0 13.518794149999998,51.45573549,0.0</coordinates>
                </LineString>
                <LineString id="17436">
                    <coordinates>13.518813619999998,51.45586086,0.0 13.51882221,51.45583161999999,0.0 13.51880814,51.455779809999996,0.0 13.51879664,51.45575087,0.0</coordinates>
                </LineString>
                <LineString id="17438">
                    <coordinates>13.518794149999998,51.45573549,0.0 13.518793019999999,51.45573106,0.0 13.51873068,51.45566652999999,0.0</coordinates>
                </LineString>
                <LineString id="17440">
                    <coordinates>13.5185037,51.45532347999999,0.0 13.51865847,51.455328189999996,0.0</coordinates>
                </LineString>
                <LineString id="17442">
                    <coordinates>13.51865847,51.455328189999996,0.0 13.518741539999999,51.45507864,0.0</coordinates>
                </LineString>
                <LineString id="17444">
                    <coordinates>13.518884829999998,51.454310199999995,0.0 13.518886559999999,51.45430406,0.0</coordinates>
                </LineString>
                <LineString id="17446">
                    <coordinates>13.518737329999999,51.454705319999995,0.0 13.518850029999998,51.45442201,0.0 13.518884829999998,51.454310199999995,0.0</coordinates>
                </LineString>
                <LineString id="17448">
                    <coordinates>13.518913970000002,51.454195580000004,0.0 13.518934269999999,51.454115,0.0 13.51893548,51.45411066999999,0.0 13.51864399,51.45407722,0.0 13.517873609999999,51.45397688999999,0.0 13.517609549999998,51.45394258999999,0.0</coordinates>
                </LineString>
                <LineString id="17450">
                    <coordinates>13.51569994,51.462395269999995,0.0 13.515780749999998,51.46237656000001,0.0 13.515937489999999,51.46222207,0.0 13.51606641,51.46220783,0.0 13.5160889,51.46225152000001,0.0</coordinates>
                </LineString>
                <LineString id="17452">
                    <coordinates>13.516618910000002,51.46218523,0.0 13.516598519999999,51.462201579999984,0.0 13.51658788,51.46220826,0.0 13.516573440000002,51.46221679,0.0 13.51654726,51.462223949999995,0.0 13.51646546,51.46222966,0.0 13.51632859,51.46223827,0.0 13.516154000000002,51.46224779,0.0 13.5160889,51.46225152000001,0.0</coordinates>
                </LineString>
                <LineString id="17454">
                    <coordinates>13.523679699999999,51.45710490999999,0.0 13.52372791,51.45712444,0.0</coordinates>
                </LineString>
                <LineString id="17456">
                    <coordinates>13.51264915,51.45571199,0.0 13.5126556,51.455728799999996,0.0 13.512715739999999,51.455884479999995,0.0 13.51275076,51.45598451,0.0 13.513056219999998,51.4561714,0.0 13.51311354,51.45616951000001,0.0</coordinates>
                </LineString>
                <LineString id="17458">
                    <coordinates>13.5131556,51.45636766999999,0.0 13.51314486,51.45635300000001,0.0 13.51316893,51.45631226999999,0.0 13.51311354,51.45616951000001,0.0</coordinates>
                </LineString>
                <LineString id="17460">
                    <coordinates>13.531079320000002,51.46189246000001,0.0 13.531163969999998,51.46189081,0.0 13.531208500000002,51.46189007,0.0</coordinates>
                </LineString>
                <LineString id="17462">
                    <coordinates>13.53062014,51.461902589999994,0.0 13.53063062,51.46190264,0.0 13.530685409999998,51.46190173000001,0.0</coordinates>
                </LineString>
                <LineString id="17464">
                    <coordinates>13.5309883,51.46189468,0.0 13.53102802,51.461893759999995,0.0</coordinates>
                </LineString>
                <LineString id="17466">
                    <coordinates>13.532721860000002,51.461888330000015,0.0 13.53267143,51.461888630000004,0.0</coordinates>
                </LineString>
                <LineString id="17468">
                    <coordinates>13.524551089999997,51.45564888,0.0 13.524535200000003,51.45565543,0.0</coordinates>
                </LineString>
                <LineString id="17470">
                    <coordinates>13.52456361,51.45563936,0.0 13.524551089999997,51.45564888,0.0</coordinates>
                </LineString>
                <LineString id="17472">
                    <coordinates>13.52439666,51.45578088,0.0 13.524383579999999,51.455795619999996,0.0</coordinates>
                </LineString>
                <LineString id="17474">
                    <coordinates>13.524383579999999,51.455795619999996,0.0 13.52437284,51.455804840000006,0.0</coordinates>
                </LineString>
                <LineString id="17476">
                    <coordinates>13.53808625,51.46257475999999,0.0 13.538081290000001,51.46249833,0.0 13.53807722,51.46245582,0.0 13.53806357,51.46230741,0.0 13.53805867,51.46220872999999,0.0</coordinates>
                </LineString>
                <LineString id="17478">
                    <coordinates>13.53079727,51.46189941,0.0 13.53087125,51.461897500000006,0.0</coordinates>
                </LineString>
                <LineString id="17480">
                    <coordinates>13.53087125,51.461897500000006,0.0 13.530879859999999,51.4618973,0.0 13.53095554,51.46189534,0.0 13.530957259999997,51.46189533,0.0</coordinates>
                </LineString>
                <LineString id="17482">
                    <coordinates>13.531221029999998,51.46188995999999,0.0 13.53125415,51.46189035999999,0.0 13.531303349999998,51.4618917,0.0</coordinates>
                </LineString>
                <LineString id="17484">
                    <coordinates>13.520125509999998,51.46164449,0.0 13.520119689999998,51.46170362000001,0.0</coordinates>
                </LineString>
                <LineString id="17486">
                    <coordinates>13.519859369999999,51.46160131999999,0.0 13.5199637,51.46161359999999,0.0 13.520031689999996,51.46162471,0.0 13.520125509999998,51.46164449,0.0</coordinates>
                </LineString>
                <LineString id="17488">
                    <coordinates>13.520119689999998,51.46170362000001,0.0 13.52012549,51.46171457999999,0.0</coordinates>
                </LineString>
                <LineString id="17490">
                    <coordinates>13.516241989999997,51.461120570000006,0.0 13.5162785,51.46115700999998,0.0</coordinates>
                </LineString>
                <LineString id="17492">
                    <coordinates>13.51461104,51.4613662,0.0 13.514618500000001,51.46136284,0.0</coordinates>
                </LineString>
                <LineString id="17494">
                    <coordinates>13.5162785,51.46115700999998,0.0 13.51629845,51.46115321999999,0.0</coordinates>
                </LineString>
                <LineString id="17496">
                    <coordinates>13.530528090000002,51.461883889999996,0.0 13.530483229999998,51.46188422,0.0 13.530456149999997,51.46188691999999,0.0 13.5303677,51.46189579999999,0.0 13.53028438,51.461902220000006,0.0 13.530220849999997,51.46190046,0.0 13.53005838,51.46189595,0.0</coordinates>
                </LineString>
                <LineString id="17498">
                    <coordinates>13.53062014,51.461902589999994,0.0 13.530611309999998,51.46190177,0.0 13.53059063,51.46189838000001,0.0 13.530579170000001,51.46189468000001,0.0 13.5305654,51.461889420000006,0.0 13.530528090000002,51.461883889999996,0.0</coordinates>
                </LineString>
                <LineString id="17500">
                    <coordinates>13.53005838,51.46189595,0.0 13.529885940000002,51.4618996,0.0</coordinates>
                </LineString>
                <LineString id="17502">
                    <coordinates>13.512851019999996,51.45866508999998,0.0 13.51285524,51.45866597999999,0.0</coordinates>
                </LineString>
                <LineString id="17504">
                    <coordinates>13.51276632,51.45864233,0.0 13.51275566,51.4586609,0.0</coordinates>
                </LineString>
                <LineString id="17506">
                    <coordinates>13.511635729999998,51.45948400999999,0.0 13.51164785,51.459452499999976,0.0</coordinates>
                </LineString>
                <LineString id="17508">
                    <coordinates>13.51276632,51.45864233,0.0 13.512851019999996,51.45866508999998,0.0</coordinates>
                </LineString>
                <LineString id="17510">
                    <coordinates>13.513825469999999,51.45874159000001,0.0 13.51380917,51.45873886999999,0.0</coordinates>
                </LineString>
                <LineString id="17512">
                    <coordinates>13.513536679999998,51.458799,0.0 13.51350521,51.458793069999984,0.0</coordinates>
                </LineString>
                <LineString id="17514">
                    <coordinates>13.532565579999998,51.461991409999996,0.0 13.532523829999999,51.461989949999996,0.0 13.53239598,51.46198566999999,0.0</coordinates>
                </LineString>
                <LineString id="17516">
                    <coordinates>13.537995389999999,51.4606223,0.0 13.53781223,51.46060296,0.0 13.537638049999998,51.46058446,0.0 13.53746099,51.46056582,0.0 13.537328939999998,51.46047866999999,0.0 13.53717105,51.46046317999999,0.0 13.53702362,51.46044858999999,0.0 13.53687563,51.46043564000001,0.0 13.53673485,51.460422709999996,0.0 13.536595560000002,51.46041095,0.0 13.536475279999998,51.46040166,0.0 13.536350419999998,51.46039252999999,0.0 13.536346099999998,51.46039217,0.0</coordinates>
                </LineString>
                <LineString id="17518">
                    <coordinates>13.519525699999997,51.46156593999999,0.0 13.51953199,51.46156634999999,0.0</coordinates>
                </LineString>
                <LineString id="17520">
                    <coordinates>13.51964614,51.461577549999994,0.0 13.519859369999999,51.46160131999999,0.0</coordinates>
                </LineString>
                <LineString id="17522">
                    <coordinates>13.51953199,51.46156634999999,0.0 13.51964614,51.461577549999994,0.0</coordinates>
                </LineString>
                <LineString id="17524">
                    <coordinates>13.519388729999998,51.4615571,0.0 13.519525699999997,51.46156593999999,0.0</coordinates>
                </LineString>
                <LineString id="17526">
                    <coordinates>13.519991339999999,51.46046585,0.0 13.52022878,51.46004174,0.0 13.520320769999996,51.459873449999996,0.0</coordinates>
                </LineString>
                <LineString id="17528">
                    <coordinates>13.51985988,51.46071829,0.0 13.51991369,51.46061325000001,0.0 13.51994475,51.46055212,0.0</coordinates>
                </LineString>
                <LineString id="17530">
                    <coordinates>13.519631350000001,51.46111589,0.0 13.51969264,51.461008979999995,0.0</coordinates>
                </LineString>
                <LineString id="17532">
                    <coordinates>13.520429680000001,51.459900020000006,0.0 13.520424499999999,51.45990972999999,0.0 13.520573679999998,51.45994565999999,0.0 13.520551629999998,51.45998457999999,0.0</coordinates>
                </LineString>
                <LineString id="17534">
                    <coordinates>13.520320769999996,51.459873449999996,0.0 13.520429680000001,51.459900020000006,0.0</coordinates>
                </LineString>
                <LineString id="17536">
                    <coordinates>13.51977421,51.45953287999999,0.0 13.519547179999998,51.4595531,0.0</coordinates>
                </LineString>
                <LineString id="17538">
                    <coordinates>13.51954648,51.45952724,0.0 13.519547179999998,51.4595531,0.0</coordinates>
                </LineString>
                <LineString id="17540">
                    <coordinates>13.520510029999999,51.45953055,0.0 13.52051268,51.45952625,0.0 13.520478259999999,51.459495569999994,0.0</coordinates>
                </LineString>
                <LineString id="17542">
                    <coordinates>13.520478259999999,51.459495569999994,0.0 13.520290629999998,51.459507169999995,0.0 13.52020183,51.45951152000001,0.0</coordinates>
                </LineString>
                <LineString id="17544">
                    <coordinates>13.52020183,51.45951152000001,0.0 13.51989978,51.45952412,0.0 13.51977421,51.45953287999999,0.0</coordinates>
                </LineString>
                <LineString id="17546">
                    <coordinates>13.519547179999998,51.4595531,0.0 13.519511750000001,51.45955526,0.0</coordinates>
                </LineString>
                <LineString id="17548">
                    <coordinates>13.51930583,51.459564869999994,0.0 13.519080749999999,51.45957487999999,0.0</coordinates>
                </LineString>
                <LineString id="17550">
                    <coordinates>13.516991229999997,51.45983522,0.0 13.516813329999998,51.45976872999999,0.0</coordinates>
                </LineString>
                <LineString id="17552">
                    <coordinates>13.519080749999999,51.45957487999999,0.0 13.519076279999998,51.45945565,0.0</coordinates>
                </LineString>
                <LineString id="17554">
                    <coordinates>13.519076279999998,51.45945565,0.0 13.518595849999999,51.45947329999999,0.0</coordinates>
                </LineString>
                <LineString id="17556">
                    <coordinates>13.51776568,51.45937418999999,0.0 13.517743140000002,51.45932870000001,0.0 13.517244609999999,51.45902541000001,0.0</coordinates>
                </LineString>
                <LineString id="17558">
                    <coordinates>13.517244609999999,51.45902541000001,0.0 13.516883629999999,51.45879032999999,0.0</coordinates>
                </LineString>
                <LineString id="17560">
                    <coordinates>13.516883629999999,51.45879032999999,0.0 13.51689167,51.45876115,0.0 13.51683025,51.45865817000001,0.0</coordinates>
                </LineString>
                <LineString id="17562">
                    <coordinates>13.5182913,51.45957252,0.0 13.51776568,51.45937418999999,0.0</coordinates>
                </LineString>
                <LineString id="17564">
                    <coordinates>13.51998116,51.46048397999999,0.0 13.519991339999999,51.46046585,0.0</coordinates>
                </LineString>
                <LineString id="17566">
                    <coordinates>13.51994475,51.46055212,0.0 13.51998116,51.46048397999999,0.0</coordinates>
                </LineString>
                <LineString id="17568">
                    <coordinates>13.52912347,51.46630436999999,0.0 13.52944832,51.46635000999999,0.0</coordinates>
                </LineString>
                <LineString id="17570">
                    <coordinates>13.513547680000002,51.45880103,0.0 13.513536679999998,51.458799,0.0</coordinates>
                </LineString>
                <LineString id="17572">
                    <coordinates>13.519480199999999,51.45416619,0.0 13.51928083,51.45414507999998,0.0</coordinates>
                </LineString>
                <LineString id="17574">
                    <coordinates>13.518886559999999,51.45430406,0.0 13.518904500000001,51.454234389999996,0.0</coordinates>
                </LineString>
                <LineString id="17576">
                    <coordinates>13.51765578,51.45826510999999,0.0 13.517656019999999,51.45826418,0.0</coordinates>
                </LineString>
                <LineString id="17578">
                    <coordinates>13.517571259999999,51.45816779,0.0 13.51756791,51.45817782,0.0 13.517563470000002,51.45819198,0.0 13.517558,51.45821059,0.0 13.51755287,51.45822996,0.0 13.51754874,51.45824757,0.0 13.51754767,51.458252390000006,0.0</coordinates>
                </LineString>
                <LineString id="17580">
                    <coordinates>13.52493389,51.45657838,0.0 13.524935940000002,51.45657782,0.0</coordinates>
                </LineString>
                <LineString id="17582">
                    <coordinates>13.52492007,51.456582039999994,0.0 13.52493389,51.45657838,0.0</coordinates>
                </LineString>
                <LineString id="17584">
                    <coordinates>13.52892317,51.463298869999996,0.0 13.528923989999997,51.4632995,0.0</coordinates>
                </LineString>
                <LineString id="17586">
                    <coordinates>13.524935940000002,51.45657782,0.0 13.52494139,51.45657637,0.0 13.525028399999998,51.456621889999994,0.0 13.525035749999999,51.45662543999999,0.0</coordinates>
                </LineString>
                <LineString id="17588">
                    <coordinates>13.525673629999998,51.45764086,0.0 13.52563728,51.45772449999998,0.0 13.52560519,51.45779846999999,0.0 13.525571180000002,51.457876449999986,0.0 13.52553287,51.45796762,0.0</coordinates>
                </LineString>
                <LineString id="17590">
                    <coordinates>13.52553243,51.45796859000001,0.0 13.525531199999998,51.457971859999994,0.0 13.52551422,51.45797096999999,0.0</coordinates>
                </LineString>
                <LineString id="17592">
                    <coordinates>13.52551422,51.45797096999999,0.0 13.52536663,51.45796685999999,0.0 13.525228989999999,51.45797017999999,0.0 13.52517969,51.45797527,0.0</coordinates>
                </LineString>
                <LineString id="17594">
                    <coordinates>13.52553287,51.45796762,0.0 13.52553243,51.45796859000001,0.0</coordinates>
                </LineString>
                <LineString id="17596">
                    <coordinates>13.521053659999998,51.46585938999999,0.0 13.52104307,51.46588371,0.0</coordinates>
                </LineString>
                <LineString id="17598">
                    <coordinates>13.53801712,51.46133654,0.0 13.53801661,51.46131928999999,0.0 13.53801113,51.46118161999999,0.0</coordinates>
                </LineString>
                <LineString id="17600">
                    <coordinates>13.53323014,51.46222807000001,0.0 13.53322984,51.46223226,0.0</coordinates>
                </LineString>
                <LineString id="17602">
                    <coordinates>13.524807079999999,51.46424121999999,0.0 13.52489351,51.46425454,0.0 13.524963150000001,51.46426472999999,0.0 13.525061959999997,51.464278379999996,0.0 13.525142759999998,51.46428933999999,0.0 13.52522176,51.46429969,0.0 13.525300930000002,51.46431051999999,0.0 13.52538109,51.464320240000006,0.0 13.525469999999999,51.4643309,0.0 13.52549451,51.46433376,0.0</coordinates>
                </LineString>
                <LineString id="17604">
                    <coordinates>13.525204700000002,51.46503055,0.0 13.525162349999999,51.465018629999996,0.0 13.52514964,51.46501521,0.0 13.52513717,51.46501052,0.0 13.525124379999998,51.46500413999999,0.0 13.525116209999998,51.46499572999999,0.0 13.525113739999998,51.46498419,0.0 13.525112439999997,51.46497053,0.0 13.525175419999998,51.46476726,0.0 13.525295069999999,51.46438321,0.0 13.52530402,51.46437730000001,0.0 13.52531653,51.46437533,0.0 13.52533714,51.464375829999994,0.0 13.525364400000003,51.46437684000001,0.0 13.52547904,51.46439103000001,0.0 13.52549451,51.46433376,0.0</coordinates>
                </LineString>
                <LineString id="17606">
                    <coordinates>13.513691539999998,51.45882685999999,0.0 13.51365639,51.45882087999999,0.0</coordinates>
                </LineString>
                <LineString id="17608">
                    <coordinates>13.51365639,51.45882087999999,0.0 13.513547680000002,51.45880103,0.0</coordinates>
                </LineString>
                <LineString id="17610">
                    <coordinates>13.51376274,51.45883869,0.0 13.513766589999998,51.45883048999998,0.0</coordinates>
                </LineString>
                <LineString id="17612">
                    <coordinates>13.513766589999998,51.45883048999998,0.0 13.51380917,51.45873886999999,0.0</coordinates>
                </LineString>
                <LineString id="17614">
                    <coordinates>13.52502048,51.457978919999995,0.0 13.52500567,51.45797921,0.0 13.524953399999998,51.45798172999999,0.0 13.524929659999998,51.457982259999994,0.0</coordinates>
                </LineString>
                <LineString id="17616">
                    <coordinates>13.524929659999998,51.457982259999994,0.0 13.524892229999999,51.45798202,0.0</coordinates>
                </LineString>
                <LineString id="17618">
                    <coordinates>13.524893050000001,51.45800462,0.0 13.524929739999997,51.4580055,0.0</coordinates>
                </LineString>
                <LineString id="17620">
                    <coordinates>13.52484682,51.45800191,0.0 13.524893050000001,51.45800462,0.0</coordinates>
                </LineString>
                <LineString id="17622">
                    <coordinates>13.521897169999999,51.46389396,0.0 13.521915250000001,51.46389559000001,0.0</coordinates>
                </LineString>
                <LineString id="17624">
                    <coordinates>13.521818239999998,51.463886200000005,0.0 13.521865399999998,51.463891010000005,0.0 13.521897169999999,51.46389396,0.0</coordinates>
                </LineString>
                <LineString id="17626">
                    <coordinates>13.52350861,51.456931780000005,0.0 13.523521840000003,51.45693931,0.0 13.52354515,51.456950000000006,0.0 13.52357882,51.45696601,0.0</coordinates>
                </LineString>
                <LineString id="17628">
                    <coordinates>13.524462810000001,51.460279549999996,0.0 13.524370980000002,51.460424,0.0 13.524351909999996,51.460451179999986,0.0 13.52429109,51.46053654000001,0.0 13.5242316,51.46061926,0.0 13.524172269999998,51.460702569999995,0.0 13.52411801,51.460777470000004,0.0 13.52406314,51.460853799999995,0.0 13.524014800000002,51.460921879999994,0.0</coordinates>
                </LineString>
                <LineString id="17630">
                    <coordinates>13.52077018,51.467327360000006,0.0 13.52103309,51.46740891999999,0.0</coordinates>
                </LineString>
                <LineString id="17632">
                    <coordinates>13.52103309,51.46740891999999,0.0 13.521319719999997,51.46748143999999,0.0</coordinates>
                </LineString>
                <LineString id="17634">
                    <coordinates>13.53803535,51.461809479999985,0.0 13.538028809999998,51.46170402,0.0 13.538025309999998,51.461627719999996,0.0 13.5380216,51.46155103,0.0 13.538016599999999,51.46147738,0.0 13.53801712,51.46133654,0.0</coordinates>
                </LineString>
                <LineString id="17636">
                    <coordinates>13.52969219,51.46413336999999,0.0 13.529736439999999,51.46419908,0.0 13.529794009999998,51.46428149999999,0.0 13.52982314,51.4643203,0.0</coordinates>
                </LineString>
                <LineString id="17638">
                    <coordinates>13.52982314,51.4643203,0.0 13.529834970000001,51.46433591,0.0 13.52984363,51.464345959999996,0.0</coordinates>
                </LineString>
                <LineString id="17640">
                    <coordinates>13.523647819999997,51.45972359999999,0.0 13.523677279999998,51.45973689999999,0.0</coordinates>
                </LineString>
                <LineString id="17642">
                    <coordinates>13.5225447,51.46649394,0.0 13.522521319999997,51.46651265999999,0.0 13.52249655,51.466534089999996,0.0</coordinates>
                </LineString>
                <LineString id="17644">
                    <coordinates>13.52207993,51.46691107,0.0 13.52207626,51.46691472999999,0.0</coordinates>
                </LineString>
                <LineString id="17646">
                    <coordinates>13.52207626,51.46691472999999,0.0 13.52206817,51.46692256000001,0.0</coordinates>
                </LineString>
                <LineString id="17648">
                    <coordinates>13.531065069999999,51.466824859999996,0.0 13.5310651,51.46682726,0.0 13.531065390000002,51.466908610000004,0.0</coordinates>
                </LineString>
                <LineString id="17650">
                    <coordinates>13.523232810000001,51.459543090000004,0.0 13.523238619999999,51.459534999999995,0.0 13.523241510000002,51.45951336000001,0.0 13.523250129999997,51.45950207999999,0.0 13.52326531,51.45948673,0.0 13.52330318,51.45939901,0.0 13.52330039,51.459390070000005,0.0 13.523323019999998,51.45937214999999,0.0 13.523318269999999,51.45936502,0.0</coordinates>
                </LineString>
                <LineString id="17652">
                    <coordinates>13.52184524,51.458978349999995,0.0 13.52184512,51.45896488000001,0.0 13.521715229999998,51.45894737999999,0.0 13.521675029999999,51.45891070999999,0.0 13.52154762,51.45886752999999,0.0 13.52151791,51.458859049999994,0.0 13.521507739999999,51.45885438,0.0</coordinates>
                </LineString>
                <LineString id="17654">
                    <coordinates>13.520825920000002,51.456454040000004,0.0 13.520815989999996,51.45648429,0.0 13.520807949999998,51.45653298999999,0.0</coordinates>
                </LineString>
                <LineString id="17656">
                    <coordinates>13.5289885,51.46493475,0.0 13.529122619999999,51.464964929999994,0.0</coordinates>
                </LineString>
                <LineString id="17658">
                    <coordinates>13.53809928,51.463631809999995,0.0 13.53809527,51.46358673,0.0</coordinates>
                </LineString>
                <LineString id="17660">
                    <coordinates>13.52219289,51.45691318,0.0 13.52219231,51.45691518,0.0</coordinates>
                </LineString>
                <LineString id="17662">
                    <coordinates>13.524749819999998,51.4641276,0.0 13.524743000000003,51.46412653999999,0.0</coordinates>
                </LineString>
                <LineString id="17664">
                    <coordinates>13.524743000000003,51.46412653999999,0.0 13.524625650000003,51.46411034,0.0</coordinates>
                </LineString>
                <LineString id="17666">
                    <coordinates>13.52470745,51.46383495999999,0.0 13.52471762,51.46379912,0.0</coordinates>
                </LineString>
                <LineString id="17668">
                    <coordinates>13.52467643,51.46392068000001,0.0 13.524701709999999,51.46385511999999,0.0 13.52470745,51.46383495999999,0.0</coordinates>
                </LineString>
                <LineString id="17670">
                    <coordinates>13.52471762,51.46379912,0.0 13.52485926,51.46381431999998,0.0 13.52490667,51.46367548,0.0</coordinates>
                </LineString>
                <LineString id="17672">
                    <coordinates>13.52490667,51.46367548,0.0 13.524914399999997,51.46365924,0.0 13.52493825,51.46352953999999,0.0</coordinates>
                </LineString>
                <LineString id="17674">
                    <coordinates>13.52460829,51.464108120000006,0.0 13.52467643,51.46392068000001,0.0</coordinates>
                </LineString>
                <LineString id="17676">
                    <coordinates>13.524625650000003,51.46411034,0.0 13.52460829,51.464108120000006,0.0</coordinates>
                </LineString>
                <LineString id="17678">
                    <coordinates>13.521295419999998,51.45665236999999,0.0 13.5213205,51.45665688999999,0.0</coordinates>
                </LineString>
                <LineString id="17680">
                    <coordinates>13.521120199999999,51.456620969999996,0.0 13.521295419999998,51.45665236999999,0.0</coordinates>
                </LineString>
                <LineString id="17682">
                    <coordinates>13.520812469999997,51.456567249999985,0.0 13.521120199999999,51.456620969999996,0.0</coordinates>
                </LineString>
                <LineString id="17684">
                    <coordinates>13.520854119999997,51.4564572,0.0 13.520812469999997,51.456567249999985,0.0</coordinates>
                </LineString>
                <LineString id="17686">
                    <coordinates>13.524554030000001,51.46410121,0.0 13.52460829,51.464108120000006,0.0</coordinates>
                </LineString>
                <LineString id="17688">
                    <coordinates>13.51985988,51.46071829,0.0 13.51986703,51.46071893999999,0.0</coordinates>
                </LineString>
                <LineString id="17690">
                    <coordinates>13.51986703,51.46071893999999,0.0 13.51987433,51.46071959,0.0 13.519955239999998,51.46073617999999,0.0</coordinates>
                </LineString>
                <LineString id="17692">
                    <coordinates>13.52575965,51.45417425000001,0.0 13.52566846,51.45411141,0.0 13.525526189999999,51.45401033,0.0 13.525422340000002,51.45393164,0.0 13.52530507,51.45383328999999,0.0</coordinates>
                </LineString>
                <LineString id="17694">
                    <coordinates>13.524044639999998,51.456172669999994,0.0 13.52402727,51.45616843999999,0.0 13.523990609999998,51.45617280999999,0.0 13.523984190000002,51.45617476999999,0.0 13.523976149999998,51.45618375,0.0 13.523965779999997,51.45619499,0.0 13.523947530000001,51.45621799999999,0.0 13.52390709,51.45626977999999,0.0 13.523889699999998,51.45629465,0.0</coordinates>
                </LineString>
                <LineString id="17696">
                    <coordinates>13.524348530000001,51.455834470000006,0.0 13.524245699999998,51.455932649999994,0.0</coordinates>
                </LineString>
                <LineString id="17698">
                    <coordinates>13.524183159999998,51.455995869999995,0.0 13.52419683,51.455983069999995,0.0 13.524245699999998,51.455932649999994,0.0</coordinates>
                </LineString>
                <LineString id="17700">
                    <coordinates>13.524348530000001,51.455834470000006,0.0 13.524367899999998,51.45582173,0.0 13.52437284,51.455804840000006,0.0</coordinates>
                </LineString>
                <LineString id="17702">
                    <coordinates>13.524164239999998,51.45600867999998,0.0 13.524183159999998,51.455995869999995,0.0</coordinates>
                </LineString>
                <LineString id="17704">
                    <coordinates>13.524144409999996,51.45601474,0.0 13.524155849999998,51.45601659999999,0.0</coordinates>
                </LineString>
                <LineString id="17706">
                    <coordinates>13.52092733,51.466160220000006,0.0 13.52087226,51.466254179999986,0.0 13.520866839999997,51.46626329,0.0</coordinates>
                </LineString>
                <LineString id="17708">
                    <coordinates>13.527307309999998,51.46186584999998,0.0 13.527205389999999,51.46177680000001,0.0 13.527157250000002,51.46186133,0.0 13.5271382,51.46189399,0.0 13.52708205,51.46194179,0.0 13.527046939999998,51.461975679999995,0.0 13.527024890000002,51.46201369999999,0.0 13.52699462,51.46206818,0.0</coordinates>
                </LineString>
                <LineString id="17710">
                    <coordinates>13.51858789,51.455074169999996,0.0 13.518567910000002,51.455073240000004,0.0</coordinates>
                </LineString>
                <LineString id="17712">
                    <coordinates>13.518567910000002,51.455073240000004,0.0 13.517988309999998,51.45497095,0.0</coordinates>
                </LineString>
                <LineString id="17714">
                    <coordinates>13.5185037,51.45532347999999,0.0 13.51858789,51.455074169999996,0.0</coordinates>
                </LineString>
                <LineString id="17716">
                    <coordinates>13.51869843,51.4547994,0.0 13.518737329999999,51.454705319999995,0.0</coordinates>
                </LineString>
                <LineString id="17718">
                    <coordinates>13.51858789,51.455074169999996,0.0 13.518605329999998,51.45503002,0.0 13.51869843,51.4547994,0.0</coordinates>
                </LineString>
                <LineString id="17720">
                    <coordinates>13.519483279999998,51.45416648999999,0.0 13.52018821,51.45429798,0.0 13.520234150000002,51.45430708000001,0.0 13.520091159999998,51.45447079,0.0 13.5200837,51.45449082999999,0.0</coordinates>
                </LineString>
                <LineString id="17722">
                    <coordinates>13.5200066,51.464717289999996,0.0 13.520001350000001,51.46471737000001,0.0</coordinates>
                </LineString>
                <LineString id="17724">
                    <coordinates>13.51987468,51.464714419999986,0.0 13.520001350000001,51.46471737000001,0.0</coordinates>
                </LineString>
                <LineString id="17726">
                    <coordinates>13.520024020000001,51.46471713,0.0 13.520020350000001,51.46471714,0.0</coordinates>
                </LineString>
                <LineString id="17728">
                    <coordinates>13.519746440000002,51.464708769999994,0.0 13.519765659999997,51.46470998,0.0</coordinates>
                </LineString>
                <LineString id="17730">
                    <coordinates>13.527153799999999,51.4547951,0.0 13.52709146,51.45480066,0.0</coordinates>
                </LineString>
                <LineString id="17732">
                    <coordinates>13.527448030000002,51.45478249,0.0 13.527355219999999,51.454783729999996,0.0 13.5272526,51.454787419999995,0.0 13.527178929999996,51.454792959999985,0.0</coordinates>
                </LineString>
                <LineString id="17734">
                    <coordinates>13.527552939999998,51.454782220000006,0.0 13.527568029999998,51.454781739999994,0.0</coordinates>
                </LineString>
                <LineString id="17736">
                    <coordinates>13.527568029999998,51.454781739999994,0.0 13.52766957,51.45477745000001,0.0</coordinates>
                </LineString>
                <LineString id="17738">
                    <coordinates>13.528026939999998,51.45467742999999,0.0 13.528009349999996,51.45468817999999,0.0 13.527976259999999,51.45470413,0.0 13.527951429999998,51.45471463999999,0.0</coordinates>
                </LineString>
                <LineString id="17740">
                    <coordinates>13.52804882,51.454664140000006,0.0 13.528026939999998,51.45467742999999,0.0</coordinates>
                </LineString>
                <LineString id="17742">
                    <coordinates>13.53614463,51.46708745,0.0 13.536144039999998,51.467087969999994,0.0</coordinates>
                </LineString>
                <LineString id="17744">
                    <coordinates>13.518507879999998,51.45535425999999,0.0 13.5185037,51.45532347999999,0.0</coordinates>
                </LineString>
                <LineString id="17746">
                    <coordinates>13.518663699999998,51.45559097999999,0.0 13.51860255,51.45553138,0.0</coordinates>
                </LineString>
                <LineString id="17748">
                    <coordinates>13.51860255,51.45553138,0.0 13.51860012,51.45552889999999,0.0 13.51853208,51.45544044999999,0.0 13.518510769999999,51.45536549999999,0.0 13.518507879999998,51.45535425999999,0.0</coordinates>
                </LineString>
                <LineString id="17750">
                    <coordinates>13.517652799999999,51.45827849999999,0.0 13.51765523,51.45826719000001,0.0</coordinates>
                </LineString>
                <LineString id="17752">
                    <coordinates>13.533143879999999,51.463660399999995,0.0 13.533172159999998,51.46345893,0.0</coordinates>
                </LineString>
                <LineString id="17754">
                    <coordinates>13.53312854,51.463687009999994,0.0 13.533143879999999,51.463660399999995,0.0</coordinates>
                </LineString>
                <LineString id="17756">
                    <coordinates>13.53309095,51.46371152,0.0 13.533069140000002,51.46376261999999,0.0</coordinates>
                </LineString>
                <LineString id="17758">
                    <coordinates>13.51873068,51.45566652999999,0.0 13.51868728,51.45561424,0.0 13.518663699999998,51.45559097999999,0.0</coordinates>
                </LineString>
                <LineString id="17760">
                    <coordinates>13.51941125,51.46537269,0.0 13.519421699999997,51.4653743,0.0</coordinates>
                </LineString>
                <LineString id="17762">
                    <coordinates>13.519072739999999,51.45421808,0.0 13.519073459999998,51.45421816999999,0.0 13.519075790000002,51.4542125,0.0 13.5190797,51.454206379999995,0.0 13.5190856,51.45419736,0.0 13.51909157,51.45419002,0.0 13.519096589999998,51.45418400999999,0.0 13.51910134,51.45417889,0.0</coordinates>
                </LineString>
                <LineString id="17764">
                    <coordinates>13.518904500000001,51.454234389999996,0.0 13.51891307,51.45419939,0.0</coordinates>
                </LineString>
                <LineString id="17766">
                    <coordinates>13.51891307,51.45419939,0.0 13.518913970000002,51.454195580000004,0.0</coordinates>
                </LineString>
                <LineString id="17768">
                    <coordinates>13.51891307,51.45419939,0.0 13.518920879999998,51.454200269999994,0.0 13.519072739999999,51.45421808,0.0</coordinates>
                </LineString>
                <LineString id="17770">
                    <coordinates>13.51910134,51.45417889,0.0 13.519101779999998,51.45417835999999,0.0</coordinates>
                </LineString>
                <LineString id="17772">
                    <coordinates>13.51928083,51.45414507999998,0.0 13.51925983,51.45414204,0.0 13.51923547,51.45414188,0.0 13.519206449999999,51.45414479999999,0.0 13.51916066,51.454153859999984,0.0 13.5191302,51.45416489,0.0 13.51910279,51.45417756,0.0 13.519101779999998,51.45417835999999,0.0</coordinates>
                </LineString>
                <LineString id="17774">
                    <coordinates>13.519483279999998,51.45416648999999,0.0 13.519481430000003,51.45416629,0.0 13.519480199999999,51.45416619,0.0</coordinates>
                </LineString>
                <LineString id="17776">
                    <coordinates>13.527900500000001,51.45449113,0.0 13.52790049,51.454483540000005,0.0</coordinates>
                </LineString>
                <LineString id="17778">
                    <coordinates>13.52586694,51.46425724,0.0 13.525783169999999,51.46424687,0.0</coordinates>
                </LineString>
                <LineString id="17780">
                    <coordinates>13.525783169999999,51.46424687,0.0 13.525720239999998,51.46423388,0.0 13.52563339,51.4642237,0.0 13.52555358,51.46421405000001,0.0 13.52552946,51.46421076,0.0 13.525513689999997,51.46410676999999,0.0 13.52551923,51.464088979999985,0.0 13.525516980000003,51.464038399999986,0.0 13.525521579999998,51.4639353,0.0</coordinates>
                </LineString>
                <LineString id="17782">
                    <coordinates>13.52493825,51.46352953999999,0.0 13.524944230000001,51.46350878999999,0.0</coordinates>
                </LineString>
                <LineString id="17784">
                    <coordinates>13.51376274,51.45883869,0.0 13.513691539999998,51.45882685999999,0.0</coordinates>
                </LineString>
                <LineString id="17786">
                    <coordinates>13.51350944,51.45878369999999,0.0 13.51351195,51.45877796999999,0.0</coordinates>
                </LineString>
                <LineString id="17788">
                    <coordinates>13.513388669999996,51.45875068999999,0.0 13.51345263,51.45876533999999,0.0 13.51351195,51.45877796999999,0.0</coordinates>
                </LineString>
                <LineString id="17790">
                    <coordinates>13.51338426,51.45876242,0.0 13.513388669999996,51.45875068999999,0.0</coordinates>
                </LineString>
                <LineString id="17792">
                    <coordinates>13.51337955,51.45877366999999,0.0 13.51338426,51.45876242,0.0</coordinates>
                </LineString>
                <LineString id="17794">
                    <coordinates>13.51350521,51.458793069999984,0.0 13.51350944,51.45878369999999,0.0</coordinates>
                </LineString>
                <LineString id="17796">
                    <coordinates>13.52486311,51.45488723999999,0.0 13.5248732,51.454894,0.0</coordinates>
                </LineString>
                <LineString id="17798">
                    <coordinates>13.52509188,51.455080200000005,0.0 13.525037850000002,51.45504139,0.0 13.5248732,51.454894,0.0</coordinates>
                </LineString>
                <LineString id="17800">
                    <coordinates>13.524535200000003,51.45565543,0.0 13.52456156,51.45565436999999,0.0</coordinates>
                </LineString>
                <LineString id="17802">
                    <coordinates>13.524965980000001,51.45515875000001,0.0 13.52509188,51.455080200000005,0.0</coordinates>
                </LineString>
                <LineString id="17804">
                    <coordinates>13.529544979999997,51.463850359999995,0.0 13.529560879999998,51.46386963,0.0 13.529587199999998,51.46390524999999,0.0 13.529610739999999,51.46393683,0.0 13.52961243,51.46394300999999,0.0 13.529623060000002,51.46395853,0.0 13.529633409999997,51.463973979999984,0.0</coordinates>
                </LineString>
                <LineString id="17806">
                    <coordinates>13.51969264,51.461008979999995,0.0 13.519713719999999,51.46096886000001,0.0</coordinates>
                </LineString>
                <LineString id="17808">
                    <coordinates>13.52076349,51.45665613,0.0 13.52076147,51.45666246999999,0.0 13.52075016,51.4566939,0.0</coordinates>
                </LineString>
                <LineString id="17810">
                    <coordinates>13.52048679,51.45741351,0.0 13.520501830000002,51.457408720000004,0.0</coordinates>
                </LineString>
                <LineString id="17812">
                    <coordinates>13.520600959999998,51.45693626,0.0 13.52058211,51.457056709999996,0.0 13.520571279999999,51.45714358,0.0 13.520568889999998,51.45716359,0.0 13.52055498,51.45722918,0.0 13.520535899999999,51.45730248999999,0.0 13.520519309999997,51.45735711,0.0 13.520501830000002,51.457408720000004,0.0</coordinates>
                </LineString>
                <LineString id="17814">
                    <coordinates>13.52075016,51.4566939,0.0 13.520734900000003,51.45673557,0.0</coordinates>
                </LineString>
                <LineString id="17816">
                    <coordinates>13.520602129999999,51.45693154999999,0.0 13.520600959999998,51.45693626,0.0</coordinates>
                </LineString>
                <LineString id="17818">
                    <coordinates>13.53104303,51.465635879999994,0.0 13.531044249999999,51.46562334000001,0.0</coordinates>
                </LineString>
                <LineString id="17820">
                    <coordinates>13.52097789,51.46561852000001,0.0 13.52096875,51.46565927,0.0 13.52094312,51.465772920000006,0.0</coordinates>
                </LineString>
                <LineString id="17822">
                    <coordinates>13.51989606,51.45860587,0.0 13.519882049999998,51.458645999999995,0.0</coordinates>
                </LineString>
                <LineString id="17824">
                    <coordinates>13.52087755,51.46597797999999,0.0 13.520858289999998,51.46603022000001,0.0</coordinates>
                </LineString>
                <LineString id="17826">
                    <coordinates>13.519277499999998,51.46536348,0.0 13.51927986,51.46536301,0.0</coordinates>
                </LineString>
                <LineString id="17828">
                    <coordinates>13.522209629999999,51.458398249999995,0.0 13.522138359999998,51.45843746999999,0.0</coordinates>
                </LineString>
                <LineString id="17830">
                    <coordinates>13.522192839999999,51.45816327,0.0 13.52218745,51.458156569999986,0.0</coordinates>
                </LineString>
                <LineString id="17832">
                    <coordinates>13.52206355,51.458320499999985,0.0 13.52213194,51.45823475,0.0 13.52220545,51.45816959999999,0.0 13.522192839999999,51.45816327,0.0</coordinates>
                </LineString>
                <LineString id="17834">
                    <coordinates>13.522035379999998,51.45835726999999,0.0 13.52206355,51.458320499999985,0.0</coordinates>
                </LineString>
                <LineString id="17836">
                    <coordinates>13.519484490000002,51.46138185,0.0 13.519558870000001,51.46125430999999,0.0 13.5195743,51.46122222999999,0.0</coordinates>
                </LineString>
                <LineString id="17838">
                    <coordinates>13.519631350000001,51.46111589,0.0 13.5195743,51.46122222999999,0.0</coordinates>
                </LineString>
                <LineString id="17840">
                    <coordinates>13.519388729999998,51.4615571,0.0 13.519384779999998,51.46155097,0.0 13.519484490000002,51.46138185,0.0</coordinates>
                </LineString>
                <LineString id="17842">
                    <coordinates>13.52183987,51.46233899,0.0 13.521826049999998,51.46233913,0.0 13.521806469999998,51.46233374,0.0</coordinates>
                </LineString>
                <LineString id="17844">
                    <coordinates>13.520941130000002,51.463662549999995,0.0 13.52094288,51.46365646,0.0</coordinates>
                </LineString>
                <LineString id="17846">
                    <coordinates>13.52094288,51.46365646,0.0 13.5201617,51.46357578999999,0.0</coordinates>
                </LineString>
                <LineString id="17848">
                    <coordinates>13.52090001,51.46378103,0.0 13.520941130000002,51.463662549999995,0.0</coordinates>
                </LineString>
                <LineString id="17850">
                    <coordinates>13.52089127,51.46380033,0.0 13.52090001,51.46378103,0.0</coordinates>
                </LineString>
                <LineString id="17852">
                    <coordinates>13.521460980000002,51.4637121,0.0 13.52150913,51.46372886,0.0</coordinates>
                </LineString>
                <LineString id="17854">
                    <coordinates>13.51879249,51.455887620000006,0.0 13.518813619999998,51.45586086,0.0</coordinates>
                </LineString>
                <LineString id="17856">
                    <coordinates>13.518687269999997,51.45598230999999,0.0 13.51878921,51.45589094,0.0</coordinates>
                </LineString>
                <LineString id="17858">
                    <coordinates>13.517657219999998,51.45825976999999,0.0 13.51766447,51.45823718,0.0</coordinates>
                </LineString>
                <LineString id="17860">
                    <coordinates>13.520807949999998,51.45653298999999,0.0 13.520796259999997,51.45656503,0.0</coordinates>
                </LineString>
                <LineString id="17862">
                    <coordinates>13.52337061,51.45960213,0.0 13.523400479999998,51.45961421999999,0.0 13.5234447,51.45963084,0.0 13.523523459999998,51.45966731,0.0 13.52357283,51.45968876999999,0.0 13.523647819999997,51.45972359999999,0.0</coordinates>
                </LineString>
                <LineString id="17864">
                    <coordinates>13.52471762,51.46379912,0.0 13.52474557,51.4636845,0.0</coordinates>
                </LineString>
                <LineString id="17866">
                    <coordinates>13.5162785,51.46115700999998,0.0 13.516295649999998,51.46117392999999,0.0 13.51634323,51.46122736,0.0 13.51637472,51.46126803,0.0 13.516394610000003,51.46129647,0.0 13.51643144,51.46135389,0.0 13.516457249999998,51.461392839999995,0.0</coordinates>
                </LineString>
                <LineString id="17868">
                    <coordinates>13.516457249999998,51.461392839999995,0.0 13.51647752,51.46143055,0.0</coordinates>
                </LineString>
                <LineString id="17870">
                    <coordinates>13.52474557,51.4636845,0.0 13.52480876,51.46353404999999,0.0 13.524764239999998,51.46354837,0.0</coordinates>
                </LineString>
                <LineString id="17872">
                    <coordinates>13.52530507,51.45383328999999,0.0 13.525285690000002,51.45381557000001,0.0 13.5251747,51.45370298999998,0.0 13.52512179,51.453637379999996,0.0 13.52505742,51.45355021,0.0 13.52500445,51.45348541,0.0 13.524952570000002,51.45342097,0.0 13.524913669999998,51.4533776,0.0 13.52489713,51.45335981,0.0</coordinates>
                </LineString>
                <LineString id="17874">
                    <coordinates>13.51133726,51.460029920000004,0.0 13.511345989999999,51.46002795999999,0.0</coordinates>
                </LineString>
                <LineString id="17876">
                    <coordinates>13.51142926,51.46003885,0.0 13.51144196,51.46003034000001,0.0 13.51147343,51.45989685999999,0.0</coordinates>
                </LineString>
                <LineString id="17878">
                    <coordinates>13.51147343,51.45989685999999,0.0 13.5115002,51.45986527,0.0 13.51151608,51.45981683,0.0 13.51152394,51.459788499999995,0.0</coordinates>
                </LineString>
                <LineString id="17880">
                    <coordinates>13.51275566,51.4586609,0.0 13.51260004,51.458648619999984,0.0 13.51252206,51.45866663,0.0 13.512493489999999,51.45868159,0.0 13.51241969,51.45881618999999,0.0 13.512357799999998,51.45891155999999,0.0 13.512348960000002,51.458952489999994,0.0 13.512358080000002,51.45898350000001,0.0 13.512367799999998,51.45901544000001,0.0 13.512356070000001,51.45904936,0.0 13.512294709999999,51.4591452,0.0 13.51228703,51.45916211,0.0 13.51226278,51.45920745,0.0 13.512150450000002,51.45938105,0.0 13.512107350000003,51.45942088,0.0 13.512037250000002,51.45944149999998,0.0 13.511936149999999,51.459430399999995,0.0 13.511795369999998,51.45940373999999,0.0 13.511729439999996,51.45939132,0.0 13.511716880000002,51.45940175,0.0 13.51171089,51.45941027,0.0</coordinates>
                </LineString>
                <LineString id="17882">
                    <coordinates>13.51171089,51.45941027,0.0 13.51169555,51.45942581999999,0.0</coordinates>
                </LineString>
                <LineString id="17884">
                    <coordinates>13.520825920000002,51.456454040000004,0.0 13.520854119999997,51.4564572,0.0</coordinates>
                </LineString>
                <LineString id="17886">
                    <coordinates>13.51152394,51.459788499999995,0.0 13.51152479,51.45978657,0.0 13.511605859999996,51.45956138999999,0.0 13.511635729999998,51.45948400999999,0.0</coordinates>
                </LineString>
                <LineString id="17888">
                    <coordinates>13.51164785,51.459452499999976,0.0 13.51169555,51.45942581999999,0.0</coordinates>
                </LineString>
                <LineString id="17890">
                    <coordinates>13.516200179999998,51.46108786,0.0 13.516241989999997,51.461120570000006,0.0</coordinates>
                </LineString>
                <LineString id="17892">
                    <coordinates>13.511345989999999,51.46002795999999,0.0 13.51142926,51.46003885,0.0</coordinates>
                </LineString>
                <LineString id="17894">
                    <coordinates>13.520734900000003,51.45673557,0.0 13.520652289999997,51.456779020000006,0.0 13.520635800000003,51.45682176,0.0 13.520602129999999,51.45693154999999,0.0</coordinates>
                </LineString>
                <LineString id="17896">
                    <coordinates>13.52385921,51.45717039,0.0 13.524157779999998,51.45728952999998,0.0</coordinates>
                </LineString>
                <LineString id="17898">
                    <coordinates>13.52372791,51.45712444,0.0 13.52385921,51.45717039,0.0</coordinates>
                </LineString>
                <LineString id="17900">
                    <coordinates>13.524157779999998,51.45728952999998,0.0 13.52415197,51.45729520999999,0.0</coordinates>
                </LineString>
                <LineString id="17902">
                    <coordinates>13.5285448,51.46559158,0.0 13.52850702,51.465653509999996,0.0</coordinates>
                </LineString>
                <LineString id="17904">
                    <coordinates>13.52850482,51.46565705999999,0.0 13.52850172,51.46566205,0.0</coordinates>
                </LineString>
                <LineString id="17906">
                    <coordinates>13.52850702,51.465653509999996,0.0 13.52850482,51.46565705999999,0.0</coordinates>
                </LineString>
                <LineString id="17908">
                    <coordinates>13.51838662,51.45955141999999,0.0 13.5182913,51.45957252,0.0</coordinates>
                </LineString>
                <LineString id="17910">
                    <coordinates>13.518448800000002,51.45944501,0.0 13.51838662,51.45955141999999,0.0</coordinates>
                </LineString>
                <LineString id="17912">
                    <coordinates>13.51802093,51.45837772999999,0.0 13.518101019999998,51.45838734,0.0</coordinates>
                </LineString>
                <LineString id="17914">
                    <coordinates>13.52205617,51.45679215,0.0 13.522088609999999,51.456801219999996,0.0</coordinates>
                </LineString>
                <LineString id="17916">
                    <coordinates>13.520020350000001,51.46471714,0.0 13.5200066,51.464717289999996,0.0</coordinates>
                </LineString>
                <LineString id="17918">
                    <coordinates>13.520024020000001,51.46471713,0.0 13.520083799999998,51.46471373,0.0 13.52021235,51.46471756999999,0.0 13.520464100000002,51.46471999,0.0 13.52059669,51.46473495,0.0 13.520609679999998,51.46473658,0.0</coordinates>
                </LineString>
                <LineString id="17920">
                    <coordinates>13.51899497,51.463345679999996,0.0 13.518859479999998,51.46310586999999,0.0</coordinates>
                </LineString>
                <LineString id="17922">
                    <coordinates>13.526390239999998,51.45941626,0.0 13.52639245,51.45942093999999,0.0</coordinates>
                </LineString>
                <LineString id="17924">
                    <coordinates>13.52967998,51.46411482999999,0.0 13.52969219,51.46413336999999,0.0</coordinates>
                </LineString>
                <LineString id="17926">
                    <coordinates>13.523338549999997,51.45689836999998,0.0 13.523328049999998,51.45691361,0.0 13.52331743,51.45692941000001,0.0 13.52328774,51.45696849,0.0</coordinates>
                </LineString>
                <LineString id="17928">
                    <coordinates>13.523504499999998,51.46396168999999,0.0 13.523444739999999,51.46393464,0.0 13.52332415,51.463918969999995,0.0</coordinates>
                </LineString>
                <LineString id="17930">
                    <coordinates>13.52332415,51.463918969999995,0.0 13.52330313,51.4639159,0.0</coordinates>
                </LineString>
                <LineString id="17932">
                    <coordinates>13.521891890000001,51.459741529999995,0.0 13.521980309999998,51.459701179999996,0.0</coordinates>
                </LineString>
                <LineString id="17934">
                    <coordinates>13.523655449999998,51.45604629999999,0.0 13.523679969999998,51.45604393,0.0</coordinates>
                </LineString>
                <LineString id="17936">
                    <coordinates>13.524818519999998,51.46414953,0.0 13.52482048,51.46414474,0.0</coordinates>
                </LineString>
                <LineString id="17938">
                    <coordinates>13.522220740000002,51.463975520000005,0.0 13.522234559999998,51.463977079999985,0.0</coordinates>
                </LineString>
                <LineString id="17940">
                    <coordinates>13.5240528,51.45925348,0.0 13.524203320000002,51.459227410000004,0.0 13.52430658,51.459209659999985,0.0</coordinates>
                </LineString>
                <LineString id="17942">
                    <coordinates>13.533298679999998,51.46246244999999,0.0 13.533375269999999,51.46254664999999,0.0 13.533368459999998,51.462597360000004,0.0</coordinates>
                </LineString>
                <LineString id="17944">
                    <coordinates>13.53104303,51.465635879999994,0.0 13.53102987,51.46572658,0.0 13.53103353,51.46579009,0.0 13.531029779999999,51.46581679999999,0.0 13.53103611,51.46590250999999,0.0 13.53102792,51.46606903,0.0 13.53102619,51.46617867,0.0 13.5310283,51.466342450000006,0.0</coordinates>
                </LineString>
                <LineString id="17946">
                    <coordinates>13.5310283,51.466342450000006,0.0 13.53102837,51.46634586,0.0</coordinates>
                </LineString>
                <LineString id="17948">
                    <coordinates>13.51822333,51.45655475000001,0.0 13.51825696,51.45646849999999,0.0 13.518279939999998,51.45641045000001,0.0</coordinates>
                </LineString>
                <LineString id="17950">
                    <coordinates>13.5182215,51.45655915,0.0 13.51822333,51.45655475000001,0.0</coordinates>
                </LineString>
                <LineString id="17952">
                    <coordinates>13.518103769999996,51.45649715999999,0.0 13.51817335,51.45637030999998,0.0 13.518196109999998,51.456334,0.0 13.51823189,51.456283819999996,0.0</coordinates>
                </LineString>
                <LineString id="17954">
                    <coordinates>13.51823189,51.456283819999996,0.0 13.518171320000002,51.45629313,0.0 13.518144049999997,51.45627638,0.0 13.51783142,51.45619248,0.0 13.517917349999998,51.45608925999999,0.0 13.51777186,51.45607953999998,0.0 13.51775122,51.45610519000001,0.0</coordinates>
                </LineString>
                <LineString id="17956">
                    <coordinates>13.537204339999999,51.465704009999996,0.0 13.53655489,51.46653498,0.0</coordinates>
                </LineString>
                <LineString id="17958">
                    <coordinates>13.53622286,51.46694935000001,0.0 13.53623264,51.46694502,0.0 13.536247699999999,51.46693680999999,0.0 13.536270109999998,51.46691830999999,0.0 13.536297479999998,51.46688264999999,0.0 13.536336969999999,51.46683020999998,0.0 13.53637648,51.46677654999999,0.0 13.53641463,51.46672521,0.0 13.53645246,51.46667416,0.0 13.536489280000001,51.46662315,0.0 13.53652606,51.466573239999995,0.0 13.53655489,51.46653498,0.0</coordinates>
                </LineString>
                <LineString id="17960">
                    <coordinates>13.53721447,51.465688230000005,0.0 13.53767909,51.464979410000005,0.0</coordinates>
                </LineString>
                <LineString id="17962">
                    <coordinates>13.537204339999999,51.465704009999996,0.0 13.537209279999999,51.46569545,0.0</coordinates>
                </LineString>
                <LineString id="17964">
                    <coordinates>13.53767909,51.464979410000005,0.0 13.53769574,51.46495863,0.0</coordinates>
                </LineString>
                <LineString id="17966">
                    <coordinates>13.537948849999998,51.464656649999995,0.0 13.53800552,51.464577339999984,0.0</coordinates>
                </LineString>
                <LineString id="17968">
                    <coordinates>13.53769574,51.46495863,0.0 13.53774023,51.46489958000001,0.0 13.537820710000002,51.46480199,0.0 13.53791088,51.46470248,0.0 13.537948849999998,51.464656649999995,0.0</coordinates>
                </LineString>
                <LineString id="17970">
                    <coordinates>13.538125249999998,51.46434186,0.0 13.53813498,51.46430803,0.0</coordinates>
                </LineString>
                <LineString id="17972">
                    <coordinates>13.53800552,51.464577339999984,0.0 13.538065259999998,51.46448283,0.0 13.538089379999999,51.464440829999994,0.0 13.5381137,51.46437644999999,0.0 13.538125249999998,51.46434186,0.0</coordinates>
                </LineString>
                <LineString id="17974">
                    <coordinates>13.53815355,51.46409571,0.0 13.53815116,51.46404064000001,0.0</coordinates>
                </LineString>
                <LineString id="17976">
                    <coordinates>13.53813498,51.46430803,0.0 13.53814135,51.464289089999994,0.0 13.538144309999998,51.46425937999999,0.0 13.5381498,51.464158659999995,0.0 13.53815355,51.46409571,0.0</coordinates>
                </LineString>
                <LineString id="17978">
                    <coordinates>13.53813489,51.46389557999999,0.0 13.538129600000001,51.46385724000001,0.0</coordinates>
                </LineString>
                <LineString id="17980">
                    <coordinates>13.53815116,51.46404064000001,0.0 13.538141869999999,51.46396134999999,0.0 13.538136559999998,51.46392007,0.0</coordinates>
                </LineString>
                <LineString id="17982">
                    <coordinates>13.53809527,51.46358673,0.0 13.53808892,51.46348191999999,0.0</coordinates>
                </LineString>
                <LineString id="17984">
                    <coordinates>13.538136559999998,51.46392007,0.0 13.53813489,51.46389557999999,0.0</coordinates>
                </LineString>
                <LineString id="17986">
                    <coordinates>13.538089550000002,51.462659359999996,0.0 13.53808625,51.46257475999999,0.0</coordinates>
                </LineString>
                <LineString id="17988">
                    <coordinates>13.53809056,51.46276173,0.0 13.538089550000002,51.462659359999996,0.0</coordinates>
                </LineString>
                <LineString id="17990">
                    <coordinates>13.538037699999999,51.4618469,0.0 13.53803535,51.461809479999985,0.0</coordinates>
                </LineString>
                <LineString id="17992">
                    <coordinates>13.53805867,51.46220872999999,0.0 13.53805857,51.46220534,0.0 13.5380548,51.46212974999999,0.0 13.53804977,51.4620418,0.0 13.538038280000002,51.461858299999996,0.0</coordinates>
                </LineString>
                <LineString id="17994">
                    <coordinates>13.538038280000002,51.461858299999996,0.0 13.538037699999999,51.4618469,0.0</coordinates>
                </LineString>
                <LineString id="17996">
                    <coordinates>13.53801113,51.46118161999999,0.0 13.53801056,51.46116546999999,0.0 13.538005959999998,51.461012329999996,0.0 13.53800134,51.46086685999999,0.0 13.537997829999998,51.460796559999984,0.0 13.537995389999999,51.4606223,0.0</coordinates>
                </LineString>
                <LineString id="17998">
                    <coordinates>13.536257279999997,51.46038470999999,0.0 13.53616651,51.460378249999984,0.0</coordinates>
                </LineString>
                <LineString id="18000">
                    <coordinates>13.536346099999998,51.46039217,0.0 13.536257279999997,51.46038470999999,0.0</coordinates>
                </LineString>
                <LineString id="18002">
                    <coordinates>13.53616651,51.460378249999984,0.0 13.53583209,51.46035464999999,0.0 13.535655540000002,51.46034181,0.0</coordinates>
                </LineString>
                <LineString id="18004">
                    <coordinates>13.53566957,51.46030241,0.0 13.535716079999997,51.46017642999999,0.0</coordinates>
                </LineString>
                <LineString id="18006">
                    <coordinates>13.535655540000002,51.46034181,0.0 13.53566957,51.46030241,0.0</coordinates>
                </LineString>
                <LineString id="18008">
                    <coordinates>13.535716079999997,51.46017642999999,0.0 13.53571757,51.46017052,0.0 13.535648529999998,51.460163539999996,0.0</coordinates>
                </LineString>
                <LineString id="18010">
                    <coordinates>13.535515109999999,51.46015251000001,0.0 13.53526214,51.460132519999995,0.0 13.53511813,51.46012193,0.0 13.53494482,51.460108289999994,0.0 13.53476124,51.46009442,0.0</coordinates>
                </LineString>
                <LineString id="18012">
                    <coordinates>13.52723052,51.46161664,0.0 13.527225949999997,51.461615050000006,0.0 13.52720768,51.46160519000001,0.0 13.52717997,51.46158267,0.0</coordinates>
                </LineString>
                <LineString id="18014">
                    <coordinates>13.52770541,51.46208107,0.0 13.527681329999998,51.462050989999994,0.0</coordinates>
                </LineString>
                <LineString id="18016">
                    <coordinates>13.527605659999999,51.462181799999996,0.0 13.52772206,51.46214311999999,0.0</coordinates>
                </LineString>
                <LineString id="18018">
                    <coordinates>13.52772206,51.46214311999999,0.0 13.527749,51.46213401,0.0</coordinates>
                </LineString>
                <LineString id="18020">
                    <coordinates>13.527772139999998,51.46216179,0.0 13.527749,51.46213401,0.0</coordinates>
                </LineString>
                <LineString id="18022">
                    <coordinates>13.527589159999998,51.462187329999985,0.0 13.527557579999998,51.46214852999999,0.0</coordinates>
                </LineString>
                <LineString id="18024">
                    <coordinates>13.527486639999998,51.462060199999996,0.0 13.527464749999998,51.462031939999996,0.0</coordinates>
                </LineString>
                <LineString id="18026">
                    <coordinates>13.527557579999998,51.46214852999999,0.0 13.527517119999999,51.46209727,0.0 13.527486639999998,51.462060199999996,0.0</coordinates>
                </LineString>
                <LineString id="18028">
                    <coordinates>13.527464749999998,51.462031939999996,0.0 13.52733761,51.461895180000006,0.0</coordinates>
                </LineString>
                <LineString id="18030">
                    <coordinates>13.52733761,51.461895180000006,0.0 13.527307309999998,51.46186584999998,0.0</coordinates>
                </LineString>
                <LineString id="18032">
                    <coordinates>13.527605659999999,51.462181799999996,0.0 13.527589159999998,51.462187329999985,0.0</coordinates>
                </LineString>
                <LineString id="18034">
                    <coordinates>13.527589159999998,51.462187329999985,0.0 13.527663919999998,51.46227198999999,0.0 13.527704630000002,51.462313939999994,0.0 13.52773153,51.46234257999999,0.0</coordinates>
                </LineString>
                <LineString id="18036">
                    <coordinates>13.52773153,51.46234257999999,0.0 13.527763209999998,51.462373759999984,0.0 13.527812009999998,51.462421719999995,0.0 13.527959839999998,51.46258885999999,0.0</coordinates>
                </LineString>
                <LineString id="18038">
                    <coordinates>13.527959839999998,51.46258885999999,0.0 13.528024239999999,51.46265747999999,0.0 13.528066959999999,51.46270012,0.0</coordinates>
                </LineString>
                <LineString id="18040">
                    <coordinates>13.527772139999998,51.46216179,0.0 13.52781376,51.46221049,0.0 13.52787109,51.46227307,0.0 13.52789822,51.46229879,0.0</coordinates>
                </LineString>
                <LineString id="18042">
                    <coordinates>13.527910409999999,51.46231001999999,0.0 13.527947229999999,51.46234686999999,0.0</coordinates>
                </LineString>
                <LineString id="18044">
                    <coordinates>13.52789822,51.46229879,0.0 13.527910409999999,51.46231001999999,0.0</coordinates>
                </LineString>
                <LineString id="18046">
                    <coordinates>13.527947229999999,51.46234686999999,0.0 13.527991339999998,51.46239492999999,0.0 13.528028829999998,51.46243776,0.0 13.528097599999999,51.46252081000001,0.0 13.528160419999999,51.46258554999999,0.0 13.52822489,51.462652739999996,0.0 13.52828789,51.46271741,0.0</coordinates>
                </LineString>
                <LineString id="18048">
                    <coordinates>13.52851758,51.462929859999996,0.0 13.528522289999998,51.462934389999994,0.0 13.52853054,51.462941179999994,0.0 13.52857401,51.46298011,0.0</coordinates>
                </LineString>
                <LineString id="18050">
                    <coordinates>13.52828789,51.46271741,0.0 13.528324890000002,51.46275583999999,0.0 13.52835918,51.46278938,0.0 13.52839844,51.46282462,0.0 13.52841639,51.462839989999985,0.0 13.52845403,51.462868750000005,0.0 13.528469489999999,51.46288215,0.0</coordinates>
                </LineString>
                <LineString id="18052">
                    <coordinates>13.528469489999999,51.46288215,0.0 13.52847823,51.4628902,0.0</coordinates>
                </LineString>
                <LineString id="18054">
                    <coordinates>13.52847823,51.4628902,0.0 13.5285106,51.46292304,0.0</coordinates>
                </LineString>
                <LineString id="18056">
                    <coordinates>13.5285106,51.46292304,0.0 13.52851758,51.462929859999996,0.0</coordinates>
                </LineString>
                <LineString id="18058">
                    <coordinates>13.52857401,51.46298011,0.0 13.5287021,51.4630933,0.0</coordinates>
                </LineString>
                <LineString id="18060">
                    <coordinates>13.5287021,51.4630933,0.0 13.52873267,51.46312132,0.0</coordinates>
                </LineString>
                <LineString id="18062">
                    <coordinates>13.52888624,51.46326947000001,0.0 13.52892317,51.463298869999996,0.0</coordinates>
                </LineString>
                <LineString id="18064">
                    <coordinates>13.529198269999998,51.46317271,0.0 13.528925619999999,51.463257420000005,0.0</coordinates>
                </LineString>
                <LineString id="18066">
                    <coordinates>13.528925619999999,51.463257420000005,0.0 13.52888624,51.46326947000001,0.0</coordinates>
                </LineString>
                <LineString id="18068">
                    <coordinates>13.528873250000002,51.46325978000001,0.0 13.52888624,51.46326947000001,0.0</coordinates>
                </LineString>
                <LineString id="18070">
                    <coordinates>13.528066959999999,51.46270012,0.0 13.528106549999999,51.462737929999996,0.0 13.52815195,51.46278672999999,0.0 13.52818714,51.46282893999999,0.0</coordinates>
                </LineString>
                <LineString id="18072">
                    <coordinates>13.52818714,51.46282893999999,0.0 13.52822931,51.462870669999994,0.0 13.52825197,51.46288841,0.0 13.52830765,51.46293112,0.0 13.528383359999998,51.46299937999999,0.0</coordinates>
                </LineString>
                <LineString id="18074">
                    <coordinates>13.528383359999998,51.46299937999999,0.0 13.528430499999999,51.46304212999998,0.0 13.528488269999999,51.46309695,0.0 13.528538989999998,51.46314482999999,0.0 13.5285927,51.4631961,0.0 13.528644299999998,51.4632458,0.0 13.52869476,51.46329398,0.0 13.52874925,51.46334594,0.0 13.52880847,51.46340170999999,0.0 13.528864469999998,51.463452999999994,0.0 13.52892915,51.4635083,0.0 13.52896478,51.46353745,0.0 13.529007979999998,51.46357130999999,0.0 13.529125589999998,51.46367152999999,0.0 13.52916385,51.46370346,0.0</coordinates>
                </LineString>
                <LineString id="18076">
                    <coordinates>13.528923989999997,51.4632995,0.0 13.52896171,51.46332931999999,0.0 13.52898655,51.46334938999999,0.0</coordinates>
                </LineString>
                <LineString id="18078">
                    <coordinates>13.52902058,51.463376360000005,0.0 13.52905012,51.46340313000001,0.0</coordinates>
                </LineString>
                <LineString id="18080">
                    <coordinates>13.52898655,51.46334938999999,0.0 13.52902058,51.463376360000005,0.0</coordinates>
                </LineString>
                <LineString id="18082">
                    <coordinates>13.52905012,51.46340313000001,0.0 13.529106779999998,51.46343893,0.0</coordinates>
                </LineString>
                <LineString id="18084">
                    <coordinates>13.529435879999998,51.463717169999995,0.0 13.52947221,51.46376049,0.0</coordinates>
                </LineString>
                <LineString id="18086">
                    <coordinates>13.529633409999997,51.463973979999984,0.0 13.529644929999998,51.464002769999986,0.0</coordinates>
                </LineString>
                <LineString id="18088">
                    <coordinates>13.52964647,51.46406356999999,0.0 13.52967998,51.46411482999999,0.0</coordinates>
                </LineString>
                <LineString id="18090">
                    <coordinates>13.529644929999998,51.464002769999986,0.0 13.52964933,51.46401136,0.0 13.52965325,51.4640206,0.0 13.529654299999997,51.46402861999999,0.0 13.52964611,51.46404115000001,0.0 13.52964339,51.464052429999995,0.0 13.529646540000002,51.46406335,0.0</coordinates>
                </LineString>
                <LineString id="18092">
                    <coordinates>13.529866239999999,51.464372239999996,0.0 13.52987376,51.46438108,0.0</coordinates>
                </LineString>
                <LineString id="18094">
                    <coordinates>13.52987376,51.46438108,0.0 13.529906809999998,51.464417909999995,0.0</coordinates>
                </LineString>
                <LineString id="18096">
                    <coordinates>13.52984363,51.464345959999996,0.0 13.529866239999999,51.464372239999996,0.0</coordinates>
                </LineString>
                <LineString id="18098">
                    <coordinates>13.52772189,51.46210115000001,0.0 13.52770541,51.46208107,0.0</coordinates>
                </LineString>
                <LineString id="18100">
                    <coordinates>13.528030909999998,51.46197457999999,0.0 13.5280317,51.46191034999999,0.0</coordinates>
                </LineString>
                <LineString id="18102">
                    <coordinates>13.52802949,51.4619806,0.0 13.528030909999998,51.46197457999999,0.0</coordinates>
                </LineString>
                <LineString id="18104">
                    <coordinates>13.52770541,51.46208107,0.0 13.527677150000002,51.46203028,0.0 13.527682679999998,51.46199093999999,0.0 13.52770269,51.46197928,0.0 13.52783337,51.46197976,0.0 13.52802949,51.4619806,0.0</coordinates>
                </LineString>
                <LineString id="18106">
                    <coordinates>13.52946259,51.461907309999994,0.0 13.52947506,51.46190931,0.0</coordinates>
                </LineString>
                <LineString id="18108">
                    <coordinates>13.529367719999998,51.46189398999999,0.0 13.529385709999998,51.46189471,0.0</coordinates>
                </LineString>
                <LineString id="18110">
                    <coordinates>13.529367719999998,51.46189398999999,0.0 13.529372739999998,51.46197888,0.0</coordinates>
                </LineString>
                <LineString id="18112">
                    <coordinates>13.528940489999998,51.46187903,0.0 13.52904742,51.46187474999999,0.0 13.52913755,51.46187362,0.0 13.529263259999999,51.461884309999995,0.0 13.529367719999998,51.46189398999999,0.0</coordinates>
                </LineString>
                <LineString id="18114">
                    <coordinates>13.52979922,51.46190383999999,0.0 13.529853869999998,51.46190119000001,0.0</coordinates>
                </LineString>
                <LineString id="18116">
                    <coordinates>13.529853869999998,51.46190119000001,0.0 13.529885940000002,51.4618996,0.0</coordinates>
                </LineString>
                <LineString id="18118">
                    <coordinates>13.52979944,51.461915569999995,0.0 13.52979989,51.46198179999998,0.0</coordinates>
                </LineString>
                <LineString id="18120">
                    <coordinates>13.52979944,51.461915569999995,0.0 13.52979922,51.46190383999999,0.0</coordinates>
                </LineString>
                <LineString id="18122">
                    <coordinates>13.52947506,51.46190931,0.0 13.529509679999999,51.461908349999995,0.0 13.529571649999998,51.46190694,0.0 13.529627090000002,51.46190568,0.0 13.52977633,51.46190382999999,0.0 13.52979922,51.46190383999999,0.0</coordinates>
                </LineString>
                <LineString id="18124">
                    <coordinates>13.52979989,51.46198179999998,0.0 13.529800389999998,51.461987439999994,0.0</coordinates>
                </LineString>
                <LineString id="18126">
                    <coordinates>13.529800389999998,51.461987439999994,0.0 13.529801469999999,51.46199576,0.0</coordinates>
                </LineString>
                <LineString id="18128">
                    <coordinates>13.529801469999999,51.46199576,0.0 13.529810889999998,51.46199578,0.0</coordinates>
                </LineString>
                <LineString id="18130">
                    <coordinates>13.530528090000002,51.461883889999996,0.0 13.530527999999999,51.46190730999999,0.0</coordinates>
                </LineString>
                <LineString id="18132">
                    <coordinates>13.530527999999999,51.46190730999999,0.0 13.530527419999999,51.461968609999985,0.0</coordinates>
                </LineString>
                <LineString id="18134">
                    <coordinates>13.530527419999999,51.461968609999985,0.0 13.530526759999999,51.46197325999999,0.0 13.53044686,51.461974639999994,0.0 13.53044313,51.46201494,0.0</coordinates>
                </LineString>
                <LineString id="18136">
                    <coordinates>13.53044313,51.46201494,0.0 13.530436249999996,51.462107710000005,0.0 13.530429400000001,51.46219039,0.0 13.530425630000002,51.46225480999998,0.0</coordinates>
                </LineString>
                <LineString id="18138">
                    <coordinates>13.53042588,51.4622607,0.0 13.53042507,51.462277789999995,0.0</coordinates>
                </LineString>
                <LineString id="18140">
                    <coordinates>13.530425630000002,51.46225480999998,0.0 13.53042588,51.4622607,0.0</coordinates>
                </LineString>
                <LineString id="18142">
                    <coordinates>13.530685409999998,51.46190173000001,0.0 13.53079727,51.46189941,0.0</coordinates>
                </LineString>
                <LineString id="18144">
                    <coordinates>13.53102802,51.461893759999995,0.0 13.531079320000002,51.46189246000001,0.0</coordinates>
                </LineString>
                <LineString id="18146">
                    <coordinates>13.530957259999997,51.46189533,0.0 13.5309883,51.46189468,0.0</coordinates>
                </LineString>
                <LineString id="18148">
                    <coordinates>13.53138014,51.46189332,0.0 13.53141337,51.461893440000004,0.0 13.53142538,51.461885439999996,0.0 13.531456400000001,51.461885519999996,0.0 13.531468579999999,51.46189299999999,0.0 13.531494619999998,51.46189284,0.0</coordinates>
                </LineString>
                <LineString id="18150">
                    <coordinates>13.531303349999998,51.4618917,0.0 13.53138014,51.46189332,0.0</coordinates>
                </LineString>
                <LineString id="18152">
                    <coordinates>13.531487320000002,51.461968520000006,0.0 13.53148703,51.46189438,0.0</coordinates>
                </LineString>
                <LineString id="18154">
                    <coordinates>13.53148703,51.46189438,0.0 13.531494619999998,51.46189284,0.0</coordinates>
                </LineString>
                <LineString id="18156">
                    <coordinates>13.531494619999998,51.46189284,0.0 13.531524439999998,51.46189362999999,0.0</coordinates>
                </LineString>
                <LineString id="18158">
                    <coordinates>13.53195879,51.46190156,0.0 13.532093290000002,51.46189214,0.0</coordinates>
                </LineString>
                <LineString id="18160">
                    <coordinates>13.531524439999998,51.46189362999999,0.0 13.53153529,51.46189404,0.0</coordinates>
                </LineString>
                <LineString id="18162">
                    <coordinates>13.53153529,51.46189404,0.0 13.531667579999997,51.46189893999999,0.0 13.53177857,51.461902999999985,0.0 13.53195879,51.46190156,0.0</coordinates>
                </LineString>
                <LineString id="18164">
                    <coordinates>13.532361430000002,51.46189015000001,0.0 13.53218431,51.46189141999999,0.0</coordinates>
                </LineString>
                <LineString id="18166">
                    <coordinates>13.532093290000002,51.46189214,0.0 13.532164379999998,51.46189143999999,0.0 13.53218431,51.46189141999999,0.0</coordinates>
                </LineString>
                <LineString id="18168">
                    <coordinates>13.532454219999998,51.461892369999994,0.0 13.532568649999998,51.46189276999999,0.0</coordinates>
                </LineString>
                <LineString id="18170">
                    <coordinates>13.532361430000002,51.46189015000001,0.0 13.532438900000002,51.46189187,0.0 13.532454219999998,51.461892369999994,0.0</coordinates>
                </LineString>
                <LineString id="18172">
                    <coordinates>13.53267143,51.461888630000004,0.0 13.53263588,51.4618902,0.0</coordinates>
                </LineString>
                <LineString id="18174">
                    <coordinates>13.53276798,51.461887350000005,0.0 13.532721860000002,51.461888330000015,0.0</coordinates>
                </LineString>
                <LineString id="18176">
                    <coordinates>13.5328757,51.461886809999996,0.0 13.53276798,51.461887350000005,0.0</coordinates>
                </LineString>
                <LineString id="18178">
                    <coordinates>13.5328757,51.461886809999996,0.0 13.532993409999998,51.461889070000005,0.0</coordinates>
                </LineString>
                <LineString id="18180">
                    <coordinates>13.532568649999998,51.46189276999999,0.0 13.53263588,51.4618902,0.0</coordinates>
                </LineString>
                <LineString id="18182">
                    <coordinates>13.531447909999999,51.46225341999999,0.0 13.531450889999999,51.462308750000005,0.0</coordinates>
                </LineString>
                <LineString id="18184">
                    <coordinates>13.531487320000002,51.461968520000006,0.0 13.531486630000002,51.46197272,0.0 13.531473289999997,51.46197922999999,0.0 13.531448320000003,51.461995540000004,0.0 13.53145084,51.46205355,0.0 13.53144785,51.46213117999999,0.0 13.531442999999998,51.46219021,0.0</coordinates>
                </LineString>
                <LineString id="18186">
                    <coordinates>13.53143857,51.462253770000004,0.0 13.531309689999999,51.46225182999999,0.0</coordinates>
                </LineString>
                <LineString id="18188">
                    <coordinates>13.53143857,51.462253770000004,0.0 13.531447909999999,51.46225341999999,0.0</coordinates>
                </LineString>
                <LineString id="18190">
                    <coordinates>13.531446809999998,51.462246999999984,0.0 13.531447909999999,51.46225341999999,0.0</coordinates>
                </LineString>
                <LineString id="18192">
                    <coordinates>13.531309689999999,51.46225182999999,0.0 13.53130148,51.46225114,0.0</coordinates>
                </LineString>
                <LineString id="18194">
                    <coordinates>13.531450889999999,51.462308750000005,0.0 13.531442419999998,51.462388479999994,0.0</coordinates>
                </LineString>
                <LineString id="18196">
                    <coordinates>13.5331233,51.46189683,0.0 13.5331586,51.46190061,0.0</coordinates>
                </LineString>
                <LineString id="18198">
                    <coordinates>13.532993409999998,51.461889070000005,0.0 13.53310445,51.4618951,0.0</coordinates>
                </LineString>
                <LineString id="18200">
                    <coordinates>13.53310445,51.4618951,0.0 13.5331233,51.46189683,0.0</coordinates>
                </LineString>
                <LineString id="18202">
                    <coordinates>13.5331586,51.46190061,0.0 13.533254669999998,51.46190682999999,0.0 13.53329724,51.46190692999999,0.0</coordinates>
                </LineString>
                <LineString id="18204">
                    <coordinates>13.53329724,51.46190692999999,0.0 13.53329724,51.461910899999985,0.0</coordinates>
                </LineString>
                <LineString id="18206">
                    <coordinates>13.532714319999998,51.46198435,0.0 13.532674220000002,51.46198527,0.0</coordinates>
                </LineString>
                <LineString id="18208">
                    <coordinates>13.532782179999998,51.46198516,0.0 13.532714319999998,51.46198435,0.0</coordinates>
                </LineString>
                <LineString id="18210">
                    <coordinates>13.532674220000002,51.46198527,0.0 13.53257549,51.46199142999999,0.0</coordinates>
                </LineString>
                <LineString id="18212">
                    <coordinates>13.533235529999997,51.46199392,0.0 13.533268449999998,51.46199512999999,0.0</coordinates>
                </LineString>
                <LineString id="18214">
                    <coordinates>13.53329801,51.46197383999999,0.0 13.53329719,51.46196788000001,0.0</coordinates>
                </LineString>
                <LineString id="18216">
                    <coordinates>13.533297819999998,51.46199519999999,0.0 13.53329801,51.46197383999999,0.0</coordinates>
                </LineString>
                <LineString id="18218">
                    <coordinates>13.533147660000001,51.46198926,0.0 13.53298361,51.46198570999999,0.0 13.532882639999999,51.46198987999999,0.0 13.532782179999998,51.46198516,0.0</coordinates>
                </LineString>
                <LineString id="18220">
                    <coordinates>13.533268449999998,51.46199512999999,0.0 13.533297819999998,51.46199519999999,0.0</coordinates>
                </LineString>
                <LineString id="18222">
                    <coordinates>13.53322984,51.46223226,0.0 13.533228649999996,51.462281229999995,0.0</coordinates>
                </LineString>
                <LineString id="18224">
                    <coordinates>13.533228649999996,51.462281229999995,0.0 13.533250359999998,51.46238652,0.0 13.53329255,51.46245531,0.0</coordinates>
                </LineString>
                <LineString id="18226">
                    <coordinates>13.533297819999998,51.46199519999999,0.0 13.533400939999998,51.461994449999985,0.0 13.533566219999999,51.46198508,0.0</coordinates>
                </LineString>
                <LineString id="18228">
                    <coordinates>13.533746929999998,51.461986929999995,0.0 13.533827249999998,51.46198491,0.0</coordinates>
                </LineString>
                <LineString id="18230">
                    <coordinates>13.533566219999999,51.46198508,0.0 13.533746929999998,51.461986929999995,0.0</coordinates>
                </LineString>
                <LineString id="18232">
                    <coordinates>13.5346962,51.46199675999999,0.0 13.53461906,51.461997129999986,0.0</coordinates>
                </LineString>
                <LineString id="18234">
                    <coordinates>13.53461906,51.461997129999986,0.0 13.534466129999998,51.461998259999994,0.0 13.53438008,51.4619986,0.0 13.53423884,51.46199567999999,0.0 13.534155,51.46199386,0.0 13.534053939999998,51.46199176,0.0</coordinates>
                </LineString>
                <LineString id="18236">
                    <coordinates>13.533827249999998,51.46198491,0.0 13.534053939999998,51.46199176,0.0</coordinates>
                </LineString>
                <LineString id="18238">
                    <coordinates>13.5346962,51.46199675999999,0.0 13.53473029,51.461995079999994,0.0</coordinates>
                </LineString>
                <LineString id="18240">
                    <coordinates>13.53473029,51.461995079999994,0.0 13.534834470000002,51.46199312,0.0</coordinates>
                </LineString>
                <LineString id="18242">
                    <coordinates>13.53496381,51.46199059,0.0 13.534968189999999,51.46198981999999,0.0</coordinates>
                </LineString>
                <LineString id="18244">
                    <coordinates>13.534834470000002,51.46199312,0.0 13.53492772,51.46199138,0.0 13.53496381,51.46199059,0.0</coordinates>
                </LineString>
                <LineString id="18246">
                    <coordinates>13.534968189999999,51.46198981999999,0.0 13.53515184,51.46198288,0.0</coordinates>
                </LineString>
                <LineString id="18248">
                    <coordinates>13.53541282,51.46197857,0.0 13.535493469999999,51.461976500000006,0.0</coordinates>
                </LineString>
                <LineString id="18250">
                    <coordinates>13.535382499999999,51.461979279999994,0.0 13.53541282,51.46197857,0.0</coordinates>
                </LineString>
                <LineString id="18252">
                    <coordinates>13.53515184,51.46198288,0.0 13.535317199999998,51.46198066999999,0.0 13.535382499999999,51.461979279999994,0.0</coordinates>
                </LineString>
                <LineString id="18254">
                    <coordinates>13.535493469999999,51.461976500000006,0.0 13.53552066,51.46197531999999,0.0</coordinates>
                </LineString>
                <LineString id="18256">
                    <coordinates>13.53552066,51.46197531999999,0.0 13.53559766,51.46197445,0.0</coordinates>
                </LineString>
                <LineString id="18258">
                    <coordinates>13.53559766,51.46197445,0.0 13.53563392,51.461973959999995,0.0 13.535645549999998,51.46197468,0.0 13.535652770000002,51.46197724999999,0.0 13.5356613,51.46198029000001,0.0 13.535667899999998,51.461982899999995,0.0 13.535673469999999,51.46198488999999,0.0</coordinates>
                </LineString>
                <LineString id="18260">
                    <coordinates>13.535673469999999,51.46198488999999,0.0 13.53578201,51.46198722,0.0</coordinates>
                </LineString>
                <LineString id="18262">
                    <coordinates>13.535824669999998,51.46197997,0.0 13.535832359999999,51.46197537,0.0 13.535840359999998,51.46196721,0.0 13.535897539999999,51.46196122999999,0.0 13.535918059999998,51.46195963,0.0</coordinates>
                </LineString>
                <LineString id="18264">
                    <coordinates>13.53578201,51.46198722,0.0 13.535824669999998,51.46197997,0.0</coordinates>
                </LineString>
                <LineString id="18266">
                    <coordinates>13.536039889999998,51.46196018999999,0.0 13.536066819999999,51.46196006,0.0</coordinates>
                </LineString>
                <LineString id="18268">
                    <coordinates>13.535918059999998,51.46195963,0.0 13.536039889999998,51.46196018999999,0.0</coordinates>
                </LineString>
                <LineString id="18270">
                    <coordinates>13.536066819999999,51.46196006,0.0 13.536152119999999,51.46196064000001,0.0</coordinates>
                </LineString>
                <LineString id="18272">
                    <coordinates>13.536152119999999,51.46196064000001,0.0 13.536208969999999,51.46196123,0.0 13.536367529999998,51.46196387999999,0.0 13.53650773,51.46196687,0.0 13.53660794,51.46196909,0.0</coordinates>
                </LineString>
                <LineString id="18274">
                    <coordinates>13.53660794,51.46196909,0.0 13.53659229,51.46190324999999,0.0</coordinates>
                </LineString>
                <LineString id="18276">
                    <coordinates>13.53660794,51.46196909,0.0 13.53660953,51.46197444999999,0.0 13.53662823,51.46197564,0.0</coordinates>
                </LineString>
                <LineString id="18278">
                    <coordinates>13.536591209999997,51.46189892999999,0.0 13.536511439999998,51.46189673,0.0</coordinates>
                </LineString>
                <LineString id="18280">
                    <coordinates>13.536251730000002,51.46189077,0.0 13.53643843,51.46189483,0.0</coordinates>
                </LineString>
                <LineString id="18282">
                    <coordinates>13.53643843,51.46189483,0.0 13.536511439999998,51.46189673,0.0</coordinates>
                </LineString>
                <LineString id="18284">
                    <coordinates>13.536251730000002,51.46189077,0.0 13.536195079999999,51.46188919999999,0.0</coordinates>
                </LineString>
                <LineString id="18286">
                    <coordinates>13.536195079999999,51.46188919999999,0.0 13.53612175,51.46188930999999,0.0 13.536104389999998,51.461888429999995,0.0 13.53598026,51.46188733000001,0.0</coordinates>
                </LineString>
                <LineString id="18288">
                    <coordinates>13.535417769999997,51.461899609999996,0.0 13.53527821,51.46190253,0.0</coordinates>
                </LineString>
                <LineString id="18290">
                    <coordinates>13.53527821,51.46190253,0.0 13.535084409999998,51.46189862999999,0.0 13.534950549999998,51.46189934,0.0</coordinates>
                </LineString>
                <LineString id="18292">
                    <coordinates>13.534950549999998,51.46189934,0.0 13.53489337,51.46190331999998,0.0</coordinates>
                </LineString>
                <LineString id="18294">
                    <coordinates>13.53489337,51.46190331999998,0.0 13.534880760000002,51.46190355,0.0</coordinates>
                </LineString>
                <LineString id="18296">
                    <coordinates>13.534880760000002,51.46190355,0.0 13.53475498,51.46190619,0.0 13.53459245,51.46190609,0.0 13.534525449999999,51.461905030000004,0.0</coordinates>
                </LineString>
                <LineString id="18298">
                    <coordinates>13.534525449999999,51.461905030000004,0.0 13.53448341,51.461905669999986,0.0</coordinates>
                </LineString>
                <LineString id="18300">
                    <coordinates>13.53448341,51.461905669999986,0.0 13.53444322,51.46190521,0.0</coordinates>
                </LineString>
                <LineString id="18302">
                    <coordinates>13.53444322,51.46190521,0.0 13.53423214,51.46190374,0.0 13.53413695,51.46190022,0.0</coordinates>
                </LineString>
                <LineString id="18304">
                    <coordinates>13.533957560000001,51.46189149,0.0 13.53372223,51.461884239999996,0.0</coordinates>
                </LineString>
                <LineString id="18306">
                    <coordinates>13.53372223,51.461884239999996,0.0 13.533648949999996,51.461882139999986,0.0</coordinates>
                </LineString>
                <LineString id="18308">
                    <coordinates>13.53659229,51.46190324999999,0.0 13.536591209999997,51.46189892999999,0.0</coordinates>
                </LineString>
                <LineString id="18310">
                    <coordinates>13.533307330000001,51.462648769999994,0.0 13.533252509999997,51.462705109999995,0.0</coordinates>
                </LineString>
                <LineString id="18312">
                    <coordinates>13.53329255,51.46245531,0.0 13.533298679999998,51.46246244999999,0.0</coordinates>
                </LineString>
                <LineString id="18314">
                    <coordinates>13.533318859999996,51.46263964,0.0 13.533307330000001,51.462648769999994,0.0</coordinates>
                </LineString>
                <LineString id="18316">
                    <coordinates>13.533368459999998,51.462597360000004,0.0 13.53335883,51.46260691000001,0.0 13.533318859999996,51.46263964,0.0</coordinates>
                </LineString>
                <LineString id="18318">
                    <coordinates>13.5332165,51.46284126,0.0 13.53321647,51.46287628,0.0</coordinates>
                </LineString>
                <LineString id="18320">
                    <coordinates>13.533126849999999,51.46284560999999,0.0 13.53321472,51.46284175,0.0</coordinates>
                </LineString>
                <LineString id="18322">
                    <coordinates>13.533252509999997,51.462705109999995,0.0 13.53322868,51.462751,0.0 13.533218149999998,51.46281046,0.0 13.5332165,51.46284126,0.0</coordinates>
                </LineString>
                <LineString id="18324">
                    <coordinates>13.533204079999999,51.463105469999995,0.0 13.53320254,51.4631487,0.0</coordinates>
                </LineString>
                <LineString id="18326">
                    <coordinates>13.53308355,51.46345298,0.0 13.533166149999998,51.46345906,0.0</coordinates>
                </LineString>
                <LineString id="18328">
                    <coordinates>13.533166149999998,51.46345906,0.0 13.533172159999998,51.46345893,0.0</coordinates>
                </LineString>
                <LineString id="18330">
                    <coordinates>13.533201009999999,51.463242179999995,0.0 13.533198700000002,51.46327172,0.0 13.533193669999998,51.46333641,0.0 13.533193019999999,51.463347760000005,0.0 13.53317864,51.463424309999986,0.0 13.533172159999998,51.46345893,0.0</coordinates>
                </LineString>
                <LineString id="18332">
                    <coordinates>13.53312854,51.463687009999994,0.0 13.53309095,51.46371152,0.0</coordinates>
                </LineString>
                <LineString id="18334">
                    <coordinates>13.533069140000002,51.46376261999999,0.0 13.533055149999997,51.46379499,0.0 13.53303554,51.46383878999999,0.0 13.533017279999997,51.463883019999976,0.0 13.532939399999998,51.463877059999994,0.0</coordinates>
                </LineString>
                <LineString id="18336">
                    <coordinates>13.531442419999998,51.462388479999994,0.0 13.5314261,51.46244805,0.0</coordinates>
                </LineString>
                <LineString id="18338">
                    <coordinates>13.531421999999997,51.46247128,0.0 13.531420599999999,51.46248716999999,0.0</coordinates>
                </LineString>
                <LineString id="18340">
                    <coordinates>13.5314261,51.46244805,0.0 13.531423149999998,51.46246428,0.0</coordinates>
                </LineString>
                <LineString id="18342">
                    <coordinates>13.531423149999998,51.46246428,0.0 13.531421999999997,51.46247128,0.0</coordinates>
                </LineString>
                <LineString id="18344">
                    <coordinates>13.531495380000003,51.462584879999994,0.0 13.531436939999999,51.46253091999999,0.0</coordinates>
                </LineString>
                <LineString id="18346">
                    <coordinates>13.531436939999999,51.46253091999999,0.0 13.531420599999999,51.46248716999999,0.0</coordinates>
                </LineString>
                <LineString id="18348">
                    <coordinates>13.5314581,51.46265061,0.0 13.531442890000001,51.46265027,0.0</coordinates>
                </LineString>
                <LineString id="18350">
                    <coordinates>13.531495380000003,51.462584879999994,0.0 13.531492179999997,51.462606810000004,0.0</coordinates>
                </LineString>
                <LineString id="18352">
                    <coordinates>13.531492179999997,51.462606810000004,0.0 13.53146314,51.46264489000001,0.0</coordinates>
                </LineString>
                <LineString id="18354">
                    <coordinates>13.531442890000001,51.46265027,0.0 13.531321020000002,51.46264709999999,0.0</coordinates>
                </LineString>
                <LineString id="18356">
                    <coordinates>13.531321020000002,51.46264709999999,0.0 13.5313124,51.46265212,0.0</coordinates>
                </LineString>
                <LineString id="18358">
                    <coordinates>13.53146314,51.46264489000001,0.0 13.5314581,51.46265061,0.0</coordinates>
                </LineString>
                <LineString id="18360">
                    <coordinates>13.53143219,51.46271766999999,0.0 13.53143381,51.462746759999995,0.0</coordinates>
                </LineString>
                <LineString id="18362">
                    <coordinates>13.5314581,51.46265061,0.0 13.53143248,51.46270593,0.0 13.53143219,51.46271766999999,0.0</coordinates>
                </LineString>
                <LineString id="18364">
                    <coordinates>13.53143381,51.462746759999995,0.0 13.53144222,51.46278621,0.0</coordinates>
                </LineString>
                <LineString id="18366">
                    <coordinates>13.531450800000002,51.46285414,0.0 13.531450839999998,51.46286857999999,0.0</coordinates>
                </LineString>
                <LineString id="18368">
                    <coordinates>13.53144222,51.46278621,0.0 13.531450800000002,51.46285414,0.0</coordinates>
                </LineString>
                <LineString id="18370">
                    <coordinates>13.531450839999998,51.46286857999999,0.0 13.531450729999998,51.46288942999998,0.0</coordinates>
                </LineString>
                <LineString id="18372">
                    <coordinates>13.531450729999998,51.46288942999998,0.0 13.531443890000002,51.46298872999999,0.0 13.53144327,51.46308132,0.0 13.531442339999998,51.46313395999999,0.0</coordinates>
                </LineString>
                <LineString id="18374">
                    <coordinates>13.531437019999998,51.46323335999999,0.0 13.53131546,51.46323285999999,0.0</coordinates>
                </LineString>
                <LineString id="18376">
                    <coordinates>13.531437019999998,51.46323335999999,0.0 13.53145397,51.46323252999999,0.0</coordinates>
                </LineString>
                <LineString id="18378">
                    <coordinates>13.531442339999998,51.46313395999999,0.0 13.53145397,51.46323252999999,0.0</coordinates>
                </LineString>
                <LineString id="18380">
                    <coordinates>13.53131546,51.46323285999999,0.0 13.53130795,51.463233079999995,0.0</coordinates>
                </LineString>
                <LineString id="18382">
                    <coordinates>13.53145397,51.46323252999999,0.0 13.531456500000003,51.463326769999995,0.0 13.53144661,51.463372109999995,0.0 13.53143713,51.46345693,0.0 13.531435609999999,51.463491409999996,0.0</coordinates>
                </LineString>
                <LineString id="18384">
                    <coordinates>13.531435609999999,51.463491409999996,0.0 13.53143267,51.463540789999996,0.0</coordinates>
                </LineString>
                <LineString id="18386">
                    <coordinates>13.531436629999998,51.463601309999994,0.0 13.531433049999999,51.46354581,0.0</coordinates>
                </LineString>
                <LineString id="18388">
                    <coordinates>13.531433049999999,51.46354581,0.0 13.53143267,51.463540789999996,0.0</coordinates>
                </LineString>
                <LineString id="18390">
                    <coordinates>13.531432809999998,51.46380123999999,0.0 13.53143486,51.46374115,0.0</coordinates>
                </LineString>
                <LineString id="18392">
                    <coordinates>13.53143486,51.46374115,0.0 13.531426999999999,51.46366223,0.0 13.531436429999996,51.46361233999999,0.0</coordinates>
                </LineString>
                <LineString id="18394">
                    <coordinates>13.531436629999998,51.463601309999994,0.0 13.531436429999996,51.46361233999999,0.0</coordinates>
                </LineString>
                <LineString id="18396">
                    <coordinates>13.531432809999998,51.46380123999999,0.0 13.53143339,51.463848829999996,0.0</coordinates>
                </LineString>
                <LineString id="18398">
                    <coordinates>13.531470800000001,51.46413906,0.0 13.531462729999996,51.46405972,0.0 13.531446779999996,51.46400164,0.0 13.53143827,51.46396996,0.0</coordinates>
                </LineString>
                <LineString id="18400">
                    <coordinates>13.531454859999998,51.46417381999999,0.0 13.53147047,51.464144600000004,0.0 13.531470800000001,51.46413906,0.0</coordinates>
                </LineString>
                <LineString id="18402">
                    <coordinates>13.531454859999998,51.46417381999999,0.0 13.53145194,51.46417915999999,0.0</coordinates>
                </LineString>
                <LineString id="18404">
                    <coordinates>13.53123958,51.46416364,0.0 13.5314267,51.464178709999985,0.0</coordinates>
                </LineString>
                <LineString id="18406">
                    <coordinates>13.5314267,51.464178709999985,0.0 13.53145194,51.46417915999999,0.0</coordinates>
                </LineString>
                <LineString id="18408">
                    <coordinates>13.53123958,51.46416364,0.0 13.531214549999998,51.46416185999998,0.0</coordinates>
                </LineString>
                <LineString id="18410">
                    <coordinates>13.531214549999998,51.46416185999998,0.0 13.53120909,51.4641874,0.0 13.531230689999997,51.46424532999999,0.0 13.531249490000002,51.464277440000004,0.0 13.53125868,51.46431586999999,0.0 13.53124831,51.46432999999999,0.0</coordinates>
                </LineString>
                <LineString id="18412">
                    <coordinates>13.53110701,51.46462905,0.0 13.53112295,51.464631159999996,0.0</coordinates>
                </LineString>
                <LineString id="18414">
                    <coordinates>13.53124831,51.46432999999999,0.0 13.531208610000002,51.464362559999984,0.0 13.531114259999999,51.46450479999999,0.0</coordinates>
                </LineString>
                <LineString id="18416">
                    <coordinates>13.53112295,51.464631159999996,0.0 13.53129816,51.46459810000001,0.0</coordinates>
                </LineString>
                <LineString id="18418">
                    <coordinates>13.531114259999999,51.46450479999999,0.0 13.53110701,51.46462905,0.0</coordinates>
                </LineString>
                <LineString id="18420">
                    <coordinates>13.53130764,51.46459514,0.0 13.531305519999998,51.46460402999999,0.0 13.531332250000002,51.464596619999995,0.0</coordinates>
                </LineString>
                <LineString id="18422">
                    <coordinates>13.530334899999998,51.46247593999998,0.0 13.530329430000002,51.462476509999995,0.0</coordinates>
                </LineString>
                <LineString id="18424">
                    <coordinates>13.53038975,51.46268574,0.0 13.5303708,51.462734149999996,0.0</coordinates>
                </LineString>
                <LineString id="18426">
                    <coordinates>13.530424769999998,51.46248780999999,0.0 13.530429129999998,51.462514089999985,0.0</coordinates>
                </LineString>
                <LineString id="18428">
                    <coordinates>13.530429129999998,51.462514089999985,0.0 13.53042959,51.46252149000001,0.0 13.53043039,51.46253629,0.0 13.53042508,51.4625793,0.0 13.53041912,51.46261454,0.0 13.53038975,51.46268574,0.0</coordinates>
                </LineString>
                <LineString id="18430">
                    <coordinates>13.5303708,51.462734149999996,0.0 13.53035367,51.46277073,0.0 13.5303504,51.462823779999994,0.0 13.53034821,51.46287711,0.0</coordinates>
                </LineString>
                <LineString id="18432">
                    <coordinates>13.5304248,51.46247701,0.0 13.530424769999998,51.46248780999999,0.0</coordinates>
                </LineString>
                <LineString id="18434">
                    <coordinates>13.527681329999998,51.462050989999994,0.0 13.527628759999999,51.46198833,0.0 13.527574579999998,51.46191315,0.0</coordinates>
                </LineString>
                <LineString id="18436">
                    <coordinates>13.52740234,51.46159008,0.0 13.52735789,51.46148122999999,0.0</coordinates>
                </LineString>
                <LineString id="18438">
                    <coordinates>13.527426419999998,51.461644529999994,0.0 13.527420189999997,51.46163197999999,0.0</coordinates>
                </LineString>
                <LineString id="18440">
                    <coordinates>13.527420189999997,51.46163197999999,0.0 13.52740234,51.46159008,0.0</coordinates>
                </LineString>
                <LineString id="18442">
                    <coordinates>13.52735789,51.46148122999999,0.0 13.527348809999998,51.46145952999999,0.0</coordinates>
                </LineString>
                <LineString id="18444">
                    <coordinates>13.527348809999998,51.46145952999999,0.0 13.52729628,51.461320519999994,0.0</coordinates>
                </LineString>
                <LineString id="18446">
                    <coordinates>13.52729628,51.461320519999994,0.0 13.527277440000002,51.46127166000001,0.0</coordinates>
                </LineString>
                <LineString id="18448">
                    <coordinates>13.52724971,51.46123921,0.0 13.527172699999996,51.46128162,0.0</coordinates>
                </LineString>
                <LineString id="18450">
                    <coordinates>13.527258720000003,51.46123489,0.0 13.52724971,51.46123921,0.0</coordinates>
                </LineString>
                <LineString id="18452">
                    <coordinates>13.527277440000002,51.46127166000001,0.0 13.527258720000003,51.46123489,0.0</coordinates>
                </LineString>
                <LineString id="18454">
                    <coordinates>13.52716925,51.461073309999996,0.0 13.52708147,51.46110207,0.0</coordinates>
                </LineString>
                <LineString id="18456">
                    <coordinates>13.527172699999996,51.46128162,0.0 13.52713842,51.46121181,0.0 13.527092789999998,51.46112484999998,0.0 13.52708147,51.46110207,0.0</coordinates>
                </LineString>
                <LineString id="18458">
                    <coordinates>13.52716925,51.461073309999996,0.0 13.527180660000003,51.461069419999994,0.0</coordinates>
                </LineString>
                <LineString id="18460">
                    <coordinates>13.527180660000003,51.461069419999994,0.0 13.52715907,51.46102475000001,0.0</coordinates>
                </LineString>
                <LineString id="18462">
                    <coordinates>13.52715907,51.46102475000001,0.0 13.52713147,51.46096959999999,0.0</coordinates>
                </LineString>
                <LineString id="18464">
                    <coordinates>13.5211126,51.46253019999999,0.0 13.52115026,51.46251473000001,0.0</coordinates>
                </LineString>
                <LineString id="18466">
                    <coordinates>13.520840140000002,51.46252488999999,0.0 13.520912479999998,51.462539809999996,0.0 13.520992279999998,51.46255304999999,0.0 13.52106021,51.46255152,0.0 13.52109182,51.46254017,0.0</coordinates>
                </LineString>
                <LineString id="18468">
                    <coordinates>13.52109182,51.46254017,0.0 13.5211126,51.46253019999999,0.0</coordinates>
                </LineString>
                <LineString id="18470">
                    <coordinates>13.521419029999999,51.46246528999999,0.0 13.521436419999999,51.46246488,0.0</coordinates>
                </LineString>
                <LineString id="18472">
                    <coordinates>13.521307219999999,51.462476820000006,0.0 13.521405599999998,51.46246552000001,0.0 13.52141057,51.46246552,0.0 13.521419029999999,51.46246528999999,0.0</coordinates>
                </LineString>
                <LineString id="18474">
                    <coordinates>13.521436419999999,51.46246488,0.0 13.521458719999998,51.462475119999986,0.0</coordinates>
                </LineString>
                <LineString id="18476">
                    <coordinates>13.521633800000002,51.462487229999994,0.0 13.521494309999998,51.46247815,0.0</coordinates>
                </LineString>
                <LineString id="18478">
                    <coordinates>13.521458719999998,51.462475119999986,0.0 13.521494309999998,51.46247815,0.0</coordinates>
                </LineString>
                <LineString id="18480">
                    <coordinates>13.521633800000002,51.462487229999994,0.0 13.521621559999998,51.46249888,0.0 13.521605959999999,51.46251202999999,0.0 13.521588779999998,51.46252818,0.0 13.521595750000001,51.46257296,0.0 13.521606339999998,51.46260970999999,0.0 13.52161331,51.46263215,0.0</coordinates>
                </LineString>
                <LineString id="18482">
                    <coordinates>13.521614260000002,51.46274597,0.0 13.521618949999999,51.46264555,0.0</coordinates>
                </LineString>
                <LineString id="18484">
                    <coordinates>13.521618949999999,51.46264555,0.0 13.52161331,51.46263215,0.0</coordinates>
                </LineString>
                <LineString id="18486">
                    <coordinates>13.521686569999998,51.462755619999996,0.0 13.521620549999998,51.462747189999995,0.0</coordinates>
                </LineString>
                <LineString id="18488">
                    <coordinates>13.521620549999998,51.462747189999995,0.0 13.521614260000002,51.46274597,0.0</coordinates>
                </LineString>
                <LineString id="18490">
                    <coordinates>13.521679769999999,51.46279308,0.0 13.52166375,51.46285669000001,0.0</coordinates>
                </LineString>
                <LineString id="18492">
                    <coordinates>13.521686569999998,51.462755619999996,0.0 13.521679769999999,51.46279308,0.0</coordinates>
                </LineString>
                <LineString id="18494">
                    <coordinates>13.522674380000002,51.462402829999995,0.0 13.522712530000002,51.46240345,0.0 13.522768349999998,51.462403009999996,0.0</coordinates>
                </LineString>
                <LineString id="18496">
                    <coordinates>13.521763580000002,51.46243673,0.0 13.521773169999998,51.46243563,0.0 13.5218292,51.46243274,0.0</coordinates>
                </LineString>
                <LineString id="18498">
                    <coordinates>13.522850479999999,51.46239694999998,0.0 13.522768349999998,51.462403009999996,0.0</coordinates>
                </LineString>
                <LineString id="18500">
                    <coordinates>13.52286768,51.4623955,0.0 13.522850479999999,51.46239694999998,0.0</coordinates>
                </LineString>
                <LineString id="18502">
                    <coordinates>13.522542169999998,51.462406589999986,0.0 13.52262643,51.46240201999999,0.0 13.522647969999998,51.462402299999994,0.0 13.522674380000002,51.462402829999995,0.0</coordinates>
                </LineString>
                <LineString id="18504">
                    <coordinates>13.52239916,51.46241267,0.0 13.522542169999998,51.462406589999986,0.0</coordinates>
                </LineString>
                <LineString id="18506">
                    <coordinates>13.52286768,51.4623955,0.0 13.522991289999998,51.46238711,0.0 13.523302019999997,51.46237115,0.0 13.52345856,51.4623689,0.0 13.523542010000002,51.462367159999985,0.0 13.52362533,51.46236411999999,0.0 13.523721280000002,51.4623563,0.0</coordinates>
                </LineString>
                <LineString id="18508">
                    <coordinates>13.523721280000002,51.4623563,0.0 13.52380486,51.462365080000005,0.0 13.523870379999998,51.46239410999999,0.0 13.52396542,51.46239822,0.0</coordinates>
                </LineString>
                <LineString id="18510">
                    <coordinates>13.52396542,51.46239822,0.0 13.5240449,51.4623908,0.0 13.524067240000003,51.46238808,0.0 13.5241009,51.46238486,0.0</coordinates>
                </LineString>
                <LineString id="18512">
                    <coordinates>13.5241009,51.46238486,0.0 13.524141480000003,51.462380489999994,0.0 13.524231349999997,51.46237451,0.0 13.52429266,51.462374219999994,0.0 13.524375419999998,51.462380069999995,0.0</coordinates>
                </LineString>
                <LineString id="18514">
                    <coordinates>13.52450163,51.46240395,0.0 13.524543059999997,51.46241446999999,0.0</coordinates>
                </LineString>
                <LineString id="18516">
                    <coordinates>13.524375419999998,51.462380069999995,0.0 13.52442695,51.46238745,0.0 13.524488580000002,51.462400210000006,0.0 13.52450163,51.46240395,0.0</coordinates>
                </LineString>
                <LineString id="18518">
                    <coordinates>13.525109650000001,51.46253383999999,0.0 13.52516288,51.462549980000006,0.0</coordinates>
                </LineString>
                <LineString id="18520">
                    <coordinates>13.524543059999997,51.46241446999999,0.0 13.524579129999998,51.462422879999984,0.0 13.52463221,51.46243439,0.0 13.52468716,51.46244454,0.0 13.524801909999999,51.462465069999986,0.0</coordinates>
                </LineString>
                <LineString id="18522">
                    <coordinates>13.52516288,51.462549980000006,0.0 13.525129810000001,51.46262751000001,0.0</coordinates>
                </LineString>
                <LineString id="18524">
                    <coordinates>13.525282759999998,51.46259379,0.0 13.52516288,51.462549980000006,0.0</coordinates>
                </LineString>
                <LineString id="18526">
                    <coordinates>13.5251576,51.46244006,0.0 13.525109650000001,51.46253383999999,0.0</coordinates>
                </LineString>
                <LineString id="18528">
                    <coordinates>13.524801909999999,51.462465069999986,0.0 13.5249242,51.462493159999994,0.0 13.524963659999997,51.462503799999986,0.0 13.525109650000001,51.46253383999999,0.0</coordinates>
                </LineString>
                <LineString id="18530">
                    <coordinates>13.52545302,51.46231081,0.0 13.525487290000001,51.46225217,0.0</coordinates>
                </LineString>
                <LineString id="18532">
                    <coordinates>13.525282759999998,51.46259379,0.0 13.52535934,51.46248527,0.0 13.52538657,51.46243517,0.0</coordinates>
                </LineString>
                <LineString id="18534">
                    <coordinates>13.525447289999999,51.46232108,0.0 13.52545302,51.46231081,0.0</coordinates>
                </LineString>
                <LineString id="18536">
                    <coordinates>13.52544558,51.46232408,0.0 13.525447289999999,51.46232108,0.0</coordinates>
                </LineString>
                <LineString id="18538">
                    <coordinates>13.52538657,51.46243517,0.0 13.52544558,51.46232408,0.0</coordinates>
                </LineString>
                <LineString id="18540">
                    <coordinates>13.525487290000001,51.46225217,0.0 13.525535679999997,51.46217056999999,0.0</coordinates>
                </LineString>
                <LineString id="18542">
                    <coordinates>13.525535679999997,51.46217056999999,0.0 13.52558947,51.46207315000001,0.0</coordinates>
                </LineString>
                <LineString id="18544">
                    <coordinates>13.52558947,51.46207315000001,0.0 13.52565468,51.46195366999999,0.0</coordinates>
                </LineString>
                <LineString id="18546">
                    <coordinates>13.52565468,51.46195366999999,0.0 13.525658990000002,51.461946639999994,0.0</coordinates>
                </LineString>
                <LineString id="18548">
                    <coordinates>13.525691589999997,51.46189060999998,0.0 13.52570774,51.461862780000004,0.0 13.525733720000002,51.46181582,0.0 13.525772769999996,51.461746889999986,0.0</coordinates>
                </LineString>
                <LineString id="18550">
                    <coordinates>13.52577908,51.46173397,0.0 13.52583254,51.46164128999999,0.0 13.525858539999998,51.46159725999999,0.0</coordinates>
                </LineString>
                <LineString id="18552">
                    <coordinates>13.525772769999996,51.461746889999986,0.0 13.52577908,51.46173397,0.0</coordinates>
                </LineString>
                <LineString id="18554">
                    <coordinates>13.52590528,51.46150885,0.0 13.52590898,51.4615028,0.0</coordinates>
                </LineString>
                <LineString id="18556">
                    <coordinates>13.525858539999998,51.46159725999999,0.0 13.52590528,51.46150885,0.0</coordinates>
                </LineString>
                <LineString id="18558">
                    <coordinates>13.52590898,51.4615028,0.0 13.52594438,51.46144056000001,0.0</coordinates>
                </LineString>
                <LineString id="18560">
                    <coordinates>13.525999889999996,51.46134484,0.0 13.52609107,51.46121548,0.0 13.52613151,51.461149260000006,0.0 13.52615003,51.46109304999999,0.0 13.52615795,51.46108696,0.0 13.526188230000002,51.46107816000001,0.0</coordinates>
                </LineString>
                <LineString id="18562">
                    <coordinates>13.52594438,51.46144056000001,0.0 13.525999889999996,51.46134484,0.0</coordinates>
                </LineString>
                <LineString id="18564">
                    <coordinates>13.52540217,51.46211515000001,0.0 13.525467469999999,51.46199759000001,0.0 13.525531390000001,51.461886129999996,0.0</coordinates>
                </LineString>
                <LineString id="18566">
                    <coordinates>13.525374860000001,51.46216503,0.0 13.52540217,51.46211515000001,0.0</coordinates>
                </LineString>
                <LineString id="18568">
                    <coordinates>13.5251576,51.46244006,0.0 13.52518346,51.46244505,0.0 13.525222690000001,51.46243758,0.0 13.52526757,51.46235509,0.0 13.525352720000003,51.462204750000005,0.0 13.525374860000001,51.46216503,0.0</coordinates>
                </LineString>
                <LineString id="18570">
                    <coordinates>13.525531390000001,51.461886129999996,0.0 13.525588369999998,51.46178806999998,0.0 13.52562791,51.4617199,0.0</coordinates>
                </LineString>
                <LineString id="18572">
                    <coordinates>13.52562791,51.4617199,0.0 13.525671149999999,51.46164789,0.0</coordinates>
                </LineString>
                <LineString id="18574">
                    <coordinates>13.525736519999999,51.46152601,0.0 13.525757439999998,51.46147798,0.0</coordinates>
                </LineString>
                <LineString id="18576">
                    <coordinates>13.525880979999998,51.46149804,0.0 13.525781529999998,51.461482020000005,0.0</coordinates>
                </LineString>
                <LineString id="18578">
                    <coordinates>13.525757439999998,51.46147798,0.0 13.525781529999998,51.461482020000005,0.0</coordinates>
                </LineString>
                <LineString id="18580">
                    <coordinates>13.525880979999998,51.46149804,0.0 13.52590898,51.4615028,0.0</coordinates>
                </LineString>
                <LineString id="18582">
                    <coordinates>13.5251576,51.46244006,0.0 13.525055179999999,51.46241825999999,0.0</coordinates>
                </LineString>
                <LineString id="18584">
                    <coordinates>13.5247609,51.462356070000006,0.0 13.524823759999999,51.46236700999999,0.0 13.52489887,51.46238367,0.0 13.524980439999998,51.462401499999984,0.0 13.525055179999999,51.46241825999999,0.0</coordinates>
                </LineString>
                <LineString id="18586">
                    <coordinates>13.524539110000001,51.46231701999999,0.0 13.52448883,51.46230858,0.0</coordinates>
                </LineString>
                <LineString id="18588">
                    <coordinates>13.5247609,51.462356070000006,0.0 13.524641479999998,51.46233512,0.0 13.524539110000001,51.46231701999999,0.0</coordinates>
                </LineString>
                <LineString id="18590">
                    <coordinates>13.52448883,51.46230858,0.0 13.52436551,51.46227188999999,0.0 13.524347649999998,51.46226858000001,0.0</coordinates>
                </LineString>
                <LineString id="18592">
                    <coordinates>13.52417585,51.462267440000005,0.0 13.524107509999999,51.462270069999995,0.0</coordinates>
                </LineString>
                <LineString id="18594">
                    <coordinates>13.524347649999998,51.46226858000001,0.0 13.52428213,51.46226357999999,0.0 13.52417585,51.462267440000005,0.0</coordinates>
                </LineString>
                <LineString id="18596">
                    <coordinates>13.526188230000002,51.46107816000001,0.0 13.526301859999998,51.46113294999999,0.0</coordinates>
                </LineString>
                <LineString id="18598">
                    <coordinates>13.526301859999998,51.46113294999999,0.0 13.526467219999999,51.46121245999999,0.0</coordinates>
                </LineString>
                <LineString id="18600">
                    <coordinates>13.52678288,51.46140317999999,0.0 13.52683279,51.46144158,0.0</coordinates>
                </LineString>
                <LineString id="18602">
                    <coordinates>13.521875279999998,51.462337059999996,0.0 13.52182775,51.46242133,0.0</coordinates>
                </LineString>
                <LineString id="18604">
                    <coordinates>13.521763580000002,51.46243673,0.0 13.52182775,51.46242133,0.0</coordinates>
                </LineString>
                <LineString id="18606">
                    <coordinates>13.52172087,51.46244720999999,0.0 13.521729079999998,51.46244475,0.0 13.521763580000002,51.46243673,0.0</coordinates>
                </LineString>
                <LineString id="18608">
                    <coordinates>13.521806469999998,51.46233374,0.0 13.521796669999999,51.462331340000006,0.0</coordinates>
                </LineString>
                <LineString id="18610">
                    <coordinates>13.521875279999998,51.462337059999996,0.0 13.521848620000002,51.46233841,0.0</coordinates>
                </LineString>
                <LineString id="18612">
                    <coordinates>13.521848620000002,51.46233841,0.0 13.52183987,51.46233899,0.0</coordinates>
                </LineString>
                <LineString id="18614">
                    <coordinates>13.52163603,51.4623022,0.0 13.521613919999998,51.46229847,0.0</coordinates>
                </LineString>
                <LineString id="18616">
                    <coordinates>13.521613919999998,51.46229847,0.0 13.52165539,51.46227094999998,0.0</coordinates>
                </LineString>
                <LineString id="18618">
                    <coordinates>13.521674210000002,51.46225553,0.0 13.52165635,51.46218551999999,0.0 13.521661399999997,51.46214623,0.0</coordinates>
                </LineString>
                <LineString id="18620">
                    <coordinates>13.52171326,51.46205972999999,0.0 13.52168728,51.46210551000001,0.0</coordinates>
                </LineString>
                <LineString id="18622">
                    <coordinates>13.52168728,51.46210551000001,0.0 13.521661399999997,51.46214623,0.0</coordinates>
                </LineString>
                <LineString id="18624">
                    <coordinates>13.52172265,51.46204178,0.0 13.52175571,51.461957610000006,0.0</coordinates>
                </LineString>
                <LineString id="18626">
                    <coordinates>13.52171892,51.46204973999999,0.0 13.52172265,51.46204178,0.0</coordinates>
                </LineString>
                <LineString id="18628">
                    <coordinates>13.520831059999999,51.46252288999999,0.0 13.52073004,51.46250197,0.0</coordinates>
                </LineString>
                <LineString id="18630">
                    <coordinates>13.52066547,51.46248486000001,0.0 13.52063437,51.46247412,0.0 13.52059136,51.462459839999994,0.0</coordinates>
                </LineString>
                <LineString id="18632">
                    <coordinates>13.52073004,51.46250197,0.0 13.52069789,51.46249483,0.0 13.52066547,51.46248486000001,0.0</coordinates>
                </LineString>
                <LineString id="18634">
                    <coordinates>13.52059136,51.462459839999994,0.0 13.52054723,51.46245323000001,0.0 13.52049251,51.46245449,0.0 13.52046019,51.46244922999999,0.0 13.520422389999998,51.46245551,0.0</coordinates>
                </LineString>
                <LineString id="18636">
                    <coordinates>13.520422389999998,51.46245551,0.0 13.520372199999999,51.462433340000004,0.0 13.52034347,51.46241704999999,0.0 13.52032915,51.46240489000001,0.0 13.52029138,51.462373609999986,0.0</coordinates>
                </LineString>
                <LineString id="18638">
                    <coordinates>13.52055829,51.461756349999995,0.0 13.52058686,51.461737359999994,0.0 13.520606519999998,51.461725709999996,0.0 13.520644599999997,51.461699679999995,0.0 13.520669600000002,51.46168042,0.0 13.520704529999998,51.46164596,0.0 13.520725800000001,51.46162022,0.0 13.520781330000002,51.46153735000001,0.0</coordinates>
                </LineString>
                <LineString id="18640">
                    <coordinates>13.52043371,51.46212859,0.0 13.52049093,51.46202253,0.0 13.52055111,51.461903119999995,0.0 13.52055074,51.46189157999999,0.0 13.520545,51.46187908000001,0.0 13.520531929999999,51.46186127,0.0 13.52051874,51.46184321,0.0 13.52051523,51.461825039999994,0.0 13.52052702,51.46180163,0.0</coordinates>
                </LineString>
                <LineString id="18642">
                    <coordinates>13.52052702,51.46180163,0.0 13.520538659999998,51.46177969,0.0 13.52055829,51.461756349999995,0.0</coordinates>
                </LineString>
                <LineString id="18644">
                    <coordinates>13.52013673,51.461716599999995,0.0 13.52012549,51.46171457999999,0.0</coordinates>
                </LineString>
                <LineString id="18646">
                    <coordinates>13.521251039999997,51.4614123,0.0 13.5212341,51.46140612999999,0.0</coordinates>
                </LineString>
                <LineString id="18648">
                    <coordinates>13.52121823,51.46140334,0.0 13.5212341,51.46140612999999,0.0</coordinates>
                </LineString>
                <LineString id="18650">
                    <coordinates>13.52029138,51.462373609999986,0.0 13.520325329999999,51.46232497,0.0 13.520340630000002,51.46230474,0.0 13.52036253,51.46227455999999,0.0</coordinates>
                </LineString>
                <LineString id="18652">
                    <coordinates>13.520781330000002,51.46153735000001,0.0 13.52079206,51.46151412,0.0</coordinates>
                </LineString>
                <LineString id="18654">
                    <coordinates>13.52036253,51.46227455999999,0.0 13.5203727,51.46224942999999,0.0 13.52043371,51.46212859,0.0</coordinates>
                </LineString>
                <LineString id="18656">
                    <coordinates>13.520829419999998,51.46143059,0.0 13.520900899999997,51.46130861,0.0</coordinates>
                </LineString>
                <LineString id="18658">
                    <coordinates>13.5208079,51.46147864999999,0.0 13.520816100000001,51.46146013999999,0.0</coordinates>
                </LineString>
                <LineString id="18660">
                    <coordinates>13.520816100000001,51.46146013999999,0.0 13.520829419999998,51.46143059,0.0</coordinates>
                </LineString>
                <LineString id="18662">
                    <coordinates>13.52079206,51.46151412,0.0 13.5208079,51.46147864999999,0.0</coordinates>
                </LineString>
                <LineString id="18664">
                    <coordinates>13.52029138,51.462373609999986,0.0 13.520198539999999,51.462462589999994,0.0 13.520139809999998,51.46250184,0.0 13.520029289999998,51.462565349999984,0.0 13.519953849999998,51.46260446999999,0.0 13.5199197,51.46262245,0.0</coordinates>
                </LineString>
                <LineString id="18666">
                    <coordinates>13.519180309999998,51.462945039999994,0.0 13.51914806,51.462962729999994,0.0</coordinates>
                </LineString>
                <LineString id="18668">
                    <coordinates>13.519217210000003,51.46292711000001,0.0 13.519180309999998,51.462945039999994,0.0</coordinates>
                </LineString>
                <LineString id="18670">
                    <coordinates>13.51835663,51.46410502,0.0 13.51837631,51.46412273,0.0</coordinates>
                </LineString>
                <LineString id="18672">
                    <coordinates>13.519117249999997,51.464966839999995,0.0 13.5191306,51.46499230999999,0.0 13.51913572,51.465003989999985,0.0</coordinates>
                </LineString>
                <LineString id="18674">
                    <coordinates>13.519040559999999,51.46483506,0.0 13.519052929999999,51.46484889999999,0.0 13.519063819999998,51.46486101,0.0 13.51908684,51.464895439999985,0.0 13.51909447,51.46491121,0.0 13.519117249999997,51.464966839999995,0.0</coordinates>
                </LineString>
                <LineString id="18676">
                    <coordinates>13.520443959999998,51.465527869999995,0.0 13.52052067,51.46551959999999,0.0</coordinates>
                </LineString>
                <LineString id="18678">
                    <coordinates>13.52052067,51.46551959999999,0.0 13.520579890000002,51.465520870000006,0.0</coordinates>
                </LineString>
                <LineString id="18680">
                    <coordinates>13.5199197,51.46262245,0.0 13.51990115,51.46262771,0.0 13.519886719999999,51.462628679999995,0.0 13.519873439999998,51.462626979999996,0.0 13.519857079999998,51.4626266,0.0 13.519844359999999,51.46262941999999,0.0 13.519709479999996,51.46269323999999,0.0 13.519622289999997,51.46273665999999,0.0 13.51956598,51.462765250000004,0.0</coordinates>
                </LineString>
                <LineString id="18682">
                    <coordinates>13.51956598,51.462765250000004,0.0 13.51942632,51.46282999000001,0.0 13.519217210000003,51.46292711000001,0.0</coordinates>
                </LineString>
                <LineString id="18684">
                    <coordinates>13.51885713,51.46312259,0.0 13.518760419999998,51.463167249999984,0.0 13.518735789999997,51.463178479999996,0.0</coordinates>
                </LineString>
                <LineString id="18686">
                    <coordinates>13.518735789999997,51.463178479999996,0.0 13.518649459999997,51.46320931999999,0.0 13.51845688,51.46322804999999,0.0</coordinates>
                </LineString>
                <LineString id="18688">
                    <coordinates>13.5185451,51.46334771,0.0 13.51854647,51.463389759999984,0.0 13.518538389999998,51.46339881,0.0</coordinates>
                </LineString>
                <LineString id="18690">
                    <coordinates>13.518538389999998,51.46339881,0.0 13.51852018,51.46341392,0.0 13.518490450000002,51.46344285000001,0.0 13.51844143,51.463479510000006,0.0 13.51837957,51.46352793999999,0.0 13.518097509999999,51.46352669,0.0 13.518095579999999,51.46357586,0.0 13.51810214,51.463625349999994,0.0 13.51811165,51.46365518,0.0</coordinates>
                </LineString>
                <LineString id="18692">
                    <coordinates>13.51811165,51.46365518,0.0 13.518626149999998,51.463643579999996,0.0 13.51897361,51.46364724,0.0 13.519173309999996,51.46365066999999,0.0 13.51934312,51.463658579999986,0.0</coordinates>
                </LineString>
                <LineString id="18694">
                    <coordinates>13.518711729999998,51.464179709999996,0.0 13.518502809999998,51.46421561,0.0</coordinates>
                </LineString>
                <LineString id="18696">
                    <coordinates>13.51837631,51.46412273,0.0 13.518458200000001,51.46418661999999,0.0 13.518502809999998,51.46421561,0.0</coordinates>
                </LineString>
                <LineString id="18698">
                    <coordinates>13.51889754,51.46462869999999,0.0 13.518904409999998,51.464630119999995,0.0 13.518908189999998,51.46462956,0.0</coordinates>
                </LineString>
                <LineString id="18700">
                    <coordinates>13.518792159999999,51.46457217999999,0.0 13.518814039999999,51.46458595000001,0.0 13.51889754,51.46462869999999,0.0</coordinates>
                </LineString>
                <LineString id="18702">
                    <coordinates>13.518908189999998,51.46462956,0.0 13.51897827,51.46458827,0.0</coordinates>
                </LineString>
                <LineString id="18704">
                    <coordinates>13.519411389999998,51.46464235999999,0.0 13.51954402,51.46463420999999,0.0 13.51967303,51.464633450000015,0.0 13.519734569999999,51.46463350999999,0.0</coordinates>
                </LineString>
                <LineString id="18706">
                    <coordinates>13.51897827,51.46458827,0.0 13.519098609999999,51.46462681,0.0 13.51917317,51.46465246,0.0 13.51931519,51.464647830000004,0.0 13.519411389999998,51.46464235999999,0.0</coordinates>
                </LineString>
                <LineString id="18708">
                    <coordinates>13.519411389999998,51.46464235999999,0.0 13.519412009999996,51.46464828999999,0.0 13.519410269999998,51.46471343999998,0.0 13.51941964,51.46471281999999,0.0</coordinates>
                </LineString>
                <LineString id="18710">
                    <coordinates>13.519765659999997,51.46470998,0.0 13.51987468,51.464714419999986,0.0</coordinates>
                </LineString>
                <LineString id="18712">
                    <coordinates>13.519746440000002,51.464708769999994,0.0 13.519734569999999,51.46463350999999,0.0</coordinates>
                </LineString>
                <LineString id="18714">
                    <coordinates>13.51889754,51.46462869999999,0.0 13.518930249999999,51.46466056999999,0.0 13.51897225,51.464723469999996,0.0 13.51900543,51.46478843,0.0 13.519029009999999,51.46482128999999,0.0</coordinates>
                </LineString>
                <LineString id="18716">
                    <coordinates>13.519029009999999,51.46482128999999,0.0 13.519040559999999,51.46483506,0.0</coordinates>
                </LineString>
                <LineString id="18718">
                    <coordinates>13.51913572,51.465003989999985,0.0 13.519140090000002,51.46502356,0.0 13.51914085,51.46503531,0.0 13.519141359999999,51.46504375999999,0.0 13.51914417,51.46505477000001,0.0 13.519172999999999,51.465127499999994,0.0</coordinates>
                </LineString>
                <LineString id="18720">
                    <coordinates>13.519172999999999,51.465127499999994,0.0 13.519192409999999,51.4651719,0.0 13.519210119999997,51.46522048999999,0.0 13.51922394,51.46525264,0.0 13.51922696,51.46525826999999,0.0</coordinates>
                </LineString>
                <LineString id="18722">
                    <coordinates>13.51922696,51.46525826999999,0.0 13.51923151,51.465267029999985,0.0 13.51924773,51.46529426,0.0 13.51926409,51.46531476999999,0.0 13.51927451,51.46532513999999,0.0 13.51928306,51.465331739999996,0.0 13.51929265,51.465337859999984,0.0</coordinates>
                </LineString>
                <LineString id="18724">
                    <coordinates>13.51910847,51.46539340000001,0.0 13.519277499999998,51.46536348,0.0</coordinates>
                </LineString>
                <LineString id="18726">
                    <coordinates>13.51927986,51.46536301,0.0 13.519332160000001,51.46535269999999,0.0</coordinates>
                </LineString>
                <LineString id="18728">
                    <coordinates>13.51929265,51.465337859999984,0.0 13.519332160000001,51.46535269999999,0.0</coordinates>
                </LineString>
                <LineString id="18730">
                    <coordinates>13.519332160000001,51.46535269999999,0.0 13.519400479999998,51.46537068,0.0 13.51941125,51.46537269,0.0</coordinates>
                </LineString>
                <LineString id="18732">
                    <coordinates>13.519421699999997,51.4653743,0.0 13.519564349999998,51.46540591000001,0.0</coordinates>
                </LineString>
                <LineString id="18734">
                    <coordinates>13.519564349999998,51.46540591000001,0.0 13.519623980000002,51.46542941,0.0</coordinates>
                </LineString>
                <LineString id="18736">
                    <coordinates>13.519623980000002,51.46542941,0.0 13.51966436,51.46544154000001,0.0 13.519782169999997,51.46546294,0.0 13.519845129999998,51.46547342,0.0</coordinates>
                </LineString>
                <LineString id="18738">
                    <coordinates>13.519845129999998,51.46547342,0.0 13.51994924,51.465491809999996,0.0</coordinates>
                </LineString>
                <LineString id="18740">
                    <coordinates>13.51994924,51.465491809999996,0.0 13.520019909999998,51.4655027,0.0 13.520089879999999,51.465510169999995,0.0 13.520209839999998,51.46551985,0.0 13.52032858,51.46552645,0.0 13.520443959999998,51.465527869999995,0.0</coordinates>
                </LineString>
                <LineString id="18742">
                    <coordinates>13.5207081,51.46553492,0.0 13.520812039999997,51.46555291999999,0.0 13.52092137,51.46555749,0.0 13.520960269999998,51.4655635,0.0</coordinates>
                </LineString>
                <LineString id="18744">
                    <coordinates>13.520314789999999,51.466785249999994,0.0 13.52023986,51.466850889999996,0.0</coordinates>
                </LineString>
                <LineString id="18746">
                    <coordinates>13.52098185,51.46558044999999,0.0 13.520982909999999,51.46558659,0.0 13.52098113,51.465598239999984,0.0 13.52097789,51.46561852000001,0.0</coordinates>
                </LineString>
                <LineString id="18748">
                    <coordinates>13.52094312,51.465772920000006,0.0 13.520934129999999,51.465810239999996,0.0</coordinates>
                </LineString>
                <LineString id="18750">
                    <coordinates>13.520934129999999,51.465810239999996,0.0 13.520910829999998,51.46587402,0.0</coordinates>
                </LineString>
                <LineString id="18752">
                    <coordinates>13.520910829999998,51.46587402,0.0 13.520883220000002,51.46595805,0.0</coordinates>
                </LineString>
                <LineString id="18754">
                    <coordinates>13.520883220000002,51.46595805,0.0 13.52087755,51.46597797999999,0.0</coordinates>
                </LineString>
                <LineString id="18756">
                    <coordinates>13.520858289999998,51.46603022000001,0.0 13.52085313,51.46604152999999,0.0 13.52081601,51.4661064,0.0 13.520798029999998,51.46613635999999,0.0</coordinates>
                </LineString>
                <LineString id="18758">
                    <coordinates>13.520798029999998,51.46613635999999,0.0 13.52078683,51.46615792,0.0</coordinates>
                </LineString>
                <LineString id="18760">
                    <coordinates>13.52078683,51.46615792,0.0 13.52075948,51.46620601,0.0</coordinates>
                </LineString>
                <LineString id="18762">
                    <coordinates>13.52075948,51.46620601,0.0 13.520736660000003,51.466246379999994,0.0</coordinates>
                </LineString>
                <LineString id="18764">
                    <coordinates>13.520736660000003,51.466246379999994,0.0 13.520692560000002,51.46631947,0.0 13.520644609999998,51.46639810999999,0.0 13.52059044,51.46646471,0.0 13.520526790000002,51.46654614,0.0</coordinates>
                </LineString>
                <LineString id="18766">
                    <coordinates>13.520526790000002,51.46654614,0.0 13.5205146,51.46656030999999,0.0</coordinates>
                </LineString>
                <LineString id="18768">
                    <coordinates>13.5205146,51.46656030999999,0.0 13.52046406,51.466617019999994,0.0</coordinates>
                </LineString>
                <LineString id="18770">
                    <coordinates>13.521082389999998,51.46570831,0.0 13.521097619999999,51.46561912999999,0.0</coordinates>
                </LineString>
                <LineString id="18772">
                    <coordinates>13.5210025,51.46556956,0.0 13.52101783,51.46557684999999,0.0 13.521097619999999,51.46561912999999,0.0</coordinates>
                </LineString>
                <LineString id="18774">
                    <coordinates>13.521082389999998,51.46570831,0.0 13.52106892,51.46580264999999,0.0 13.521053659999998,51.46585938999999,0.0</coordinates>
                </LineString>
                <LineString id="18776">
                    <coordinates>13.52098165,51.466070079999994,0.0 13.52096557,51.466095079999995,0.0 13.520955759999998,51.466112879999976,0.0</coordinates>
                </LineString>
                <LineString id="18778">
                    <coordinates>13.52099559,51.46605235999999,0.0 13.52098165,51.466070079999994,0.0</coordinates>
                </LineString>
                <LineString id="18780">
                    <coordinates>13.520955759999998,51.466112879999976,0.0 13.52092733,51.466160220000006,0.0</coordinates>
                </LineString>
                <LineString id="18782">
                    <coordinates>13.520784539999998,51.46645058,0.0 13.520766049999999,51.46646617999999,0.0</coordinates>
                </LineString>
                <LineString id="18784">
                    <coordinates>13.520866839999997,51.46626329,0.0 13.52082821,51.46633096,0.0 13.5208115,51.46637518,0.0 13.52080559,51.46639213000001,0.0</coordinates>
                </LineString>
                <LineString id="18786">
                    <coordinates>13.52080559,51.46639213000001,0.0 13.520784539999998,51.46645058,0.0</coordinates>
                </LineString>
                <LineString id="18788">
                    <coordinates>13.520766049999999,51.46646617999999,0.0 13.520719130000002,51.46649067999999,0.0 13.520655899999998,51.466562,0.0 13.52061857,51.46660375,0.0</coordinates>
                </LineString>
                <LineString id="18790">
                    <coordinates>13.52061857,51.46660375,0.0 13.5205551,51.46667291999999,0.0 13.52052715,51.466701339999986,0.0</coordinates>
                </LineString>
                <LineString id="18792">
                    <coordinates>13.52035657,51.46686332000001,0.0 13.52031458,51.4668963,0.0</coordinates>
                </LineString>
                <LineString id="18794">
                    <coordinates>13.520459329999998,51.46677425000001,0.0 13.520378569999998,51.46683712,0.0 13.52035657,51.46686332000001,0.0</coordinates>
                </LineString>
                <LineString id="18796">
                    <coordinates>13.520239919999998,51.466853689999986,0.0 13.520234040000002,51.46685047,0.0</coordinates>
                </LineString>
                <LineString id="18798">
                    <coordinates>13.52023986,51.466850889999996,0.0 13.520234040000002,51.46685047,0.0</coordinates>
                </LineString>
                <LineString id="18800">
                    <coordinates>13.520239919999998,51.466853689999986,0.0 13.520238060000002,51.46686069,0.0</coordinates>
                </LineString>
                <LineString id="18802">
                    <coordinates>13.52031458,51.4668963,0.0 13.520239919999998,51.466853689999986,0.0</coordinates>
                </LineString>
                <LineString id="18804">
                    <coordinates>13.520721559999998,51.4673026,0.0 13.520734119999998,51.46731147999999,0.0 13.52074604,51.46731918999999,0.0 13.52077018,51.467327360000006,0.0</coordinates>
                </LineString>
                <LineString id="18806">
                    <coordinates>13.520238060000002,51.46686069,0.0 13.520240499999998,51.46686868,0.0 13.520285760000004,51.46690634000001,0.0 13.520337599999998,51.466944539999986,0.0 13.520384839999997,51.46697429999999,0.0 13.52041197,51.46699064,0.0 13.520420989999998,51.46699447,0.0 13.52047045,51.46701261,0.0 13.5205444,51.46704322000001,0.0 13.520627669999998,51.46707862,0.0 13.520668610000001,51.46709508,0.0 13.520684270000002,51.46710356,0.0 13.520687589999998,51.46711014999999,0.0 13.520688540000002,51.46712388000001,0.0 13.520688459999997,51.46713793,0.0 13.520691829999999,51.46722501999999,0.0 13.52069507,51.467240669999995,0.0 13.52069963,51.46726346999999,0.0 13.52070485,51.46727802000001,0.0 13.520712419999999,51.467292489999984,0.0 13.520721559999998,51.4673026,0.0</coordinates>
                </LineString>
                <LineString id="18808">
                    <coordinates>13.521319719999997,51.46748143999999,0.0 13.521400580000002,51.46750268,0.0 13.52141473,51.46750435999999,0.0 13.52143218,51.46750506000001,0.0 13.52145664,51.46750387,0.0 13.52147731,51.467499729999986,0.0 13.52149824,51.467493899999994,0.0 13.52151857,51.46748582999999,0.0 13.52155682,51.46746378999999,0.0 13.52161305,51.46741562999999,0.0 13.521707180000002,51.467336409999994,0.0 13.5217431,51.46730592000001,0.0 13.52177279,51.46727613,0.0 13.52179522,51.46725302,0.0</coordinates>
                </LineString>
                <LineString id="18810">
                    <coordinates>13.52249655,51.466534089999996,0.0 13.522487699999997,51.466541699999986,0.0</coordinates>
                </LineString>
                <LineString id="18812">
                    <coordinates>13.522468600000002,51.466558799999994,0.0 13.52245964,51.46656693,0.0</coordinates>
                </LineString>
                <LineString id="18814">
                    <coordinates>13.52245964,51.46656693,0.0 13.5224514,51.46657398999999,0.0</coordinates>
                </LineString>
                <LineString id="18816">
                    <coordinates>13.52242213,51.46660093,0.0 13.52240033,51.46661889000001,0.0 13.522353029999998,51.46665653,0.0</coordinates>
                </LineString>
                <LineString id="18818">
                    <coordinates>13.522353029999998,51.46665653,0.0 13.522283119999999,51.46671014999999,0.0 13.522233910000002,51.46675071,0.0</coordinates>
                </LineString>
                <LineString id="18820">
                    <coordinates>13.522233910000002,51.46675071,0.0 13.52218153,51.46679761999998,0.0</coordinates>
                </LineString>
                <LineString id="18822">
                    <coordinates>13.52214867,51.46683065999999,0.0 13.52213832,51.46684104,0.0</coordinates>
                </LineString>
                <LineString id="18824">
                    <coordinates>13.52210109,51.46688938,0.0 13.52207993,51.46691107,0.0</coordinates>
                </LineString>
                <LineString id="18826">
                    <coordinates>13.521970019999998,51.46702794,0.0 13.5219661,51.46703222,0.0</coordinates>
                </LineString>
                <LineString id="18828">
                    <coordinates>13.52197914,51.46701762,0.0 13.521970019999998,51.46702794,0.0</coordinates>
                </LineString>
                <LineString id="18830">
                    <coordinates>13.5218677,51.46715671,0.0 13.52185135,51.46717873,0.0 13.521839309999999,51.46719494,0.0</coordinates>
                </LineString>
                <LineString id="18832">
                    <coordinates>13.521828079999999,51.467210660000006,0.0 13.5218079,51.46723789,0.0 13.52179522,51.46725302,0.0</coordinates>
                </LineString>
                <LineString id="18834">
                    <coordinates>13.52098185,51.46558044999999,0.0 13.520982869999996,51.465555249999994,0.0 13.52098452,51.46554448999999,0.0</coordinates>
                </LineString>
                <LineString id="18836">
                    <coordinates>13.520960269999998,51.4655635,0.0 13.52096417,51.46556830000001,0.0 13.52097691,51.46557693999999,0.0 13.52098185,51.46558044999999,0.0</coordinates>
                </LineString>
                <LineString id="18838">
                    <coordinates>13.520960269999998,51.4655635,0.0 13.52098226,51.46556490999999,0.0 13.5210025,51.46556956,0.0</coordinates>
                </LineString>
                <LineString id="18840">
                    <coordinates>13.52107758,51.46482932,0.0 13.521082530000001,51.464823939999995,0.0 13.52112085,51.464809759999994,0.0 13.521157839999999,51.46479622999999,0.0 13.521177159999999,51.46478928,0.0 13.521184909999999,51.464785539999994,0.0 13.52118799,51.46478204,0.0 13.52119259,51.46477493,0.0 13.52119493,51.46476868,0.0 13.52119748,51.464756699999995,0.0 13.52120115,51.464734150000005,0.0</coordinates>
                </LineString>
                <LineString id="18842">
                    <coordinates>13.52098452,51.46554448999999,0.0 13.52099927,51.465471519999994,0.0 13.52101756,51.46536981999999,0.0 13.52104594,51.46520469999999,0.0 13.52107736,51.46501398,0.0 13.52108066,51.46498857,0.0 13.521079759999997,51.464973199999996,0.0 13.52107665,51.46495257,0.0 13.52107262,51.46492368,0.0</coordinates>
                </LineString>
                <LineString id="18844">
                    <coordinates>13.52107262,51.46492368,0.0 13.521073299999998,51.46491345,0.0 13.521074079999998,51.46489142999999,0.0</coordinates>
                </LineString>
                <LineString id="18846">
                    <coordinates>13.52120115,51.464734150000005,0.0 13.521203639999998,51.46472038999999,0.0 13.52120451,51.46471285,0.0 13.521220860000001,51.46466519,0.0 13.52122901,51.464619,0.0 13.521236829999996,51.464545619999996,0.0 13.52124076,51.46450789,0.0 13.521252440000001,51.46443984,0.0</coordinates>
                </LineString>
                <LineString id="18848">
                    <coordinates>13.52125346,51.46443543,0.0 13.521265150000001,51.46437031000001,0.0 13.521271639999998,51.464332969999994,0.0 13.52127879,51.4642976,0.0 13.5212855,51.46426099,0.0 13.52129326,51.46422123,0.0 13.521298160000002,51.464197,0.0</coordinates>
                </LineString>
                <LineString id="18850">
                    <coordinates>13.521252440000001,51.46443984,0.0 13.52125346,51.46443543,0.0</coordinates>
                </LineString>
                <LineString id="18852">
                    <coordinates>13.52339265,51.46406267,0.0 13.52341994,51.46406631999999,0.0 13.52350834,51.46407379000001,0.0</coordinates>
                </LineString>
                <LineString id="18854">
                    <coordinates>13.523032309999998,51.464025279999994,0.0 13.523135349999999,51.46403373999999,0.0 13.52327015,51.46404812,0.0 13.52336401,51.46405889,0.0 13.52339265,51.46406267,0.0</coordinates>
                </LineString>
                <LineString id="18856">
                    <coordinates>13.525926279999998,51.46438396,0.0 13.5259605,51.46438798999999,0.0 13.525987790000002,51.46439078000001,0.0</coordinates>
                </LineString>
                <LineString id="18858">
                    <coordinates>13.52549451,51.46433376,0.0 13.52555589,51.46434084,0.0 13.525640100000002,51.46435079,0.0 13.525726870000002,51.46436095,0.0 13.52581362,51.464371019999994,0.0 13.52588913,51.46437984999999,0.0 13.525926279999998,51.46438396,0.0</coordinates>
                </LineString>
                <LineString id="18860">
                    <coordinates>13.529416480000002,51.46495006999999,0.0 13.5294449,51.464957109999986,0.0</coordinates>
                </LineString>
                <LineString id="18862">
                    <coordinates>13.528804090000001,51.46473454,0.0 13.528845649999997,51.46474420999999,0.0 13.52889909,51.46475924,0.0 13.528934789999997,51.464774109999986,0.0 13.528958079999999,51.46478494999999,0.0 13.528985429999999,51.464802279999994,0.0 13.52902163,51.46482494,0.0 13.5290531,51.46484489,0.0 13.529074509999997,51.46485463999999,0.0 13.52910318,51.46486713,0.0 13.529157909999999,51.4648865,0.0 13.529197790000001,51.46489773999999,0.0 13.52924462,51.46490925999999,0.0 13.52933699,51.46493132,0.0 13.529416480000002,51.46495006999999,0.0</coordinates>
                </LineString>
                <LineString id="18864">
                    <coordinates>13.52952666,51.46497681999998,0.0 13.529597049999998,51.46499357,0.0 13.529680799999998,51.465013639999995,0.0 13.52975343,51.46503086999999,0.0 13.52983352,51.46505095999999,0.0 13.52989739,51.46506904999999,0.0 13.52994927,51.46508652999999,0.0 13.530023790000001,51.46511379999998,0.0 13.53008959,51.46513973999999,0.0 13.530136420000002,51.46515860000001,0.0 13.5301705,51.46517244,0.0 13.530191859999999,51.46517968999999,0.0 13.530207300000002,51.4651838,0.0 13.530227279999998,51.46518616,0.0 13.530248809999998,51.46518620999999,0.0 13.53027482,51.46518531,0.0 13.530308550000003,51.465182080000005,0.0 13.530385659999997,51.46517622999999,0.0 13.530466899999999,51.46516970999999,0.0 13.53061729,51.465156289999996,0.0 13.530653109999998,51.46515295,0.0 13.530675499999997,51.465151379999995,0.0 13.530691979999997,51.46515400999999,0.0</coordinates>
                </LineString>
                <LineString id="18866">
                    <coordinates>13.529906809999998,51.464417909999995,0.0 13.52997669,51.46451101000001,0.0 13.530015710000002,51.46456035,0.0 13.530061739999999,51.4646187,0.0 13.530081439999998,51.46464249999999,0.0 13.530129570000001,51.46469920999999,0.0 13.53019269,51.46475520999999,0.0 13.530261859999998,51.464821779999994,0.0 13.530397299999999,51.46494413,0.0 13.53046763,51.46500288,0.0 13.530540680000001,51.46505781,0.0 13.530571219999999,51.46507917999999,0.0 13.530691979999997,51.46515400999999,0.0</coordinates>
                </LineString>
                <LineString id="18868">
                    <coordinates>13.5294449,51.464957109999986,0.0 13.52952666,51.46497681999998,0.0</coordinates>
                </LineString>
                <LineString id="18870">
                    <coordinates>13.531044249999999,51.46562334000001,0.0 13.53111181,51.46559862,0.0 13.53113704,51.46558614,0.0 13.53116379,51.46557739,0.0</coordinates>
                </LineString>
                <LineString id="18872">
                    <coordinates>13.53116379,51.46557739,0.0 13.53131245,51.46546589,0.0</coordinates>
                </LineString>
                <LineString id="18874">
                    <coordinates>13.53131245,51.46546589,0.0 13.531330600000002,51.46545211,0.0</coordinates>
                </LineString>
                <LineString id="18876">
                    <coordinates>13.53116379,51.46557739,0.0 13.53123982,51.465576199999994,0.0 13.53127124,51.46559133000001,0.0 13.531315459999998,51.46559966,0.0</coordinates>
                </LineString>
                <LineString id="18878">
                    <coordinates>13.53102837,51.46634586,0.0 13.531039279999998,51.466529269999995,0.0</coordinates>
                </LineString>
                <LineString id="18880">
                    <coordinates>13.53108695,51.468123059999996,0.0 13.531073530000002,51.468360299999986,0.0 13.53106391,51.46860301000001,0.0</coordinates>
                </LineString>
                <LineString id="18882">
                    <coordinates>13.53107124,51.467516270000004,0.0 13.531074890000001,51.467750259999995,0.0 13.53108695,51.468123059999996,0.0</coordinates>
                </LineString>
                <LineString id="18884">
                    <coordinates>13.531090029999998,51.46727709999998,0.0 13.531067829999998,51.467401880000004,0.0 13.531066560000001,51.46747632,0.0 13.53107124,51.467516270000004,0.0</coordinates>
                </LineString>
                <LineString id="18886">
                    <coordinates>13.531065390000002,51.466908610000004,0.0 13.53106959,51.46705021999999,0.0 13.531072259999998,51.46713791999999,0.0 13.531102879999999,51.46720978999999,0.0 13.531095159999996,51.46726351,0.0</coordinates>
                </LineString>
                <LineString id="18888">
                    <coordinates>13.531095159999996,51.46726351,0.0 13.531090029999998,51.46727709999998,0.0</coordinates>
                </LineString>
                <LineString id="18890">
                    <coordinates>13.531065010000003,51.46681694,0.0 13.531065069999999,51.466824859999996,0.0</coordinates>
                </LineString>
                <LineString id="18892">
                    <coordinates>13.531039279999998,51.466529269999995,0.0 13.531054359999999,51.46664721,0.0</coordinates>
                </LineString>
                <LineString id="18894">
                    <coordinates>13.530045569999999,51.46519274,0.0 13.5300407,51.465203130000006,0.0</coordinates>
                </LineString>
                <LineString id="18896">
                    <coordinates>13.529598459999999,51.46507269,0.0 13.52979645,51.46511853,0.0 13.529910969999996,51.465152779999976,0.0 13.530045569999999,51.46519274,0.0</coordinates>
                </LineString>
                <LineString id="18898">
                    <coordinates>13.5300407,51.465203130000006,0.0 13.529981139999999,51.46530965000001,0.0</coordinates>
                </LineString>
                <LineString id="18900">
                    <coordinates>13.529981139999999,51.46530965000001,0.0 13.52989934,51.465438549999995,0.0</coordinates>
                </LineString>
                <LineString id="18902">
                    <coordinates>13.52989934,51.465438549999995,0.0 13.5298667,51.46548532,0.0 13.529769789999998,51.46561647,0.0</coordinates>
                </LineString>
                <LineString id="18904">
                    <coordinates>13.529769789999998,51.46561647,0.0 13.529698550000003,51.46572073,0.0</coordinates>
                </LineString>
                <LineString id="18906">
                    <coordinates>13.529610690000002,51.46589798,0.0 13.529585549999998,51.46594423,0.0 13.52951583,51.46605892,0.0</coordinates>
                </LineString>
                <LineString id="18908">
                    <coordinates>13.52849945,51.46469011999999,0.0 13.528578769999998,51.46470100999999,0.0 13.528757019999999,51.464725259999994,0.0 13.528804090000001,51.46473454,0.0</coordinates>
                </LineString>
                <LineString id="18910">
                    <coordinates>13.5289885,51.46493475,0.0 13.52894545,51.46493885999999,0.0 13.52884058,51.46511639,0.0</coordinates>
                </LineString>
                <LineString id="18912">
                    <coordinates>13.528804090000001,51.46473454,0.0 13.52886086,51.46475581,0.0 13.528890289999998,51.46476978999999,0.0 13.528907980000001,51.46478721999999,0.0 13.528917579999998,51.46480635,0.0 13.52890731,51.46484100999998,0.0 13.528876690000002,51.46490858999999,0.0 13.5289885,51.46493475,0.0</coordinates>
                </LineString>
                <LineString id="18914">
                    <coordinates>13.52824661,51.46610708999999,0.0 13.52810799,51.46624865999999,0.0</coordinates>
                </LineString>
                <LineString id="18916">
                    <coordinates>13.52836765,51.465870839999994,0.0 13.52833406,51.465972689999994,0.0 13.52824661,51.46610708999999,0.0</coordinates>
                </LineString>
                <LineString id="18918">
                    <coordinates>13.52824661,51.46610708999999,0.0 13.528667499999997,51.46619697999999,0.0</coordinates>
                </LineString>
                <LineString id="18920">
                    <coordinates>13.528667499999997,51.46619697999999,0.0 13.528801990000002,51.46623335,0.0 13.528940419999998,51.46626964,0.0</coordinates>
                </LineString>
                <LineString id="18922">
                    <coordinates>13.528940419999998,51.46626964,0.0 13.529004749999997,51.466283790000006,0.0 13.52912347,51.46630436999999,0.0</coordinates>
                </LineString>
                <LineString id="18924">
                    <coordinates>13.5287817,51.46521041,0.0 13.52871941,51.46530224,0.0</coordinates>
                </LineString>
                <LineString id="18926">
                    <coordinates>13.52871941,51.46530224,0.0 13.52865372,51.46541298999999,0.0</coordinates>
                </LineString>
                <LineString id="18928">
                    <coordinates>13.52865372,51.46541298999999,0.0 13.528635610000002,51.46544420000002,0.0</coordinates>
                </LineString>
                <LineString id="18930">
                    <coordinates>13.528635610000002,51.46544420000002,0.0 13.5285448,51.46559158,0.0</coordinates>
                </LineString>
                <LineString id="18932">
                    <coordinates>13.52850172,51.46566205,0.0 13.52847483,51.465704609999996,0.0 13.528416129999998,51.46579306999999,0.0</coordinates>
                </LineString>
                <LineString id="18934">
                    <coordinates>13.528416129999998,51.46579306999999,0.0 13.52838441,51.46583823999998,0.0 13.52836765,51.465870839999994,0.0</coordinates>
                </LineString>
                <LineString id="18936">
                    <coordinates>13.526038740000002,51.46553691,0.0 13.52605252,51.46548186,0.0</coordinates>
                </LineString>
                <LineString id="18938">
                    <coordinates>13.526099279999999,51.46534078,0.0 13.52610011,51.46533777999999,0.0 13.52613056,51.46523605999999,0.0 13.526150629999998,51.46516978,0.0 13.526170850000002,51.46510697,0.0</coordinates>
                </LineString>
                <LineString id="18940">
                    <coordinates>13.526170850000002,51.46510697,0.0 13.526173829999998,51.46509451,0.0 13.526185240000002,51.46505829,0.0 13.526198829999998,51.46502475,0.0</coordinates>
                </LineString>
                <LineString id="18942">
                    <coordinates>13.526198829999998,51.46502475,0.0 13.526236650000001,51.464899249999995,0.0</coordinates>
                </LineString>
                <LineString id="18944">
                    <coordinates>13.526236650000001,51.464899249999995,0.0 13.5262641,51.46482390999999,0.0 13.52627795,51.46478328999999,0.0</coordinates>
                </LineString>
                <LineString id="18946">
                    <coordinates>13.526401829999998,51.46445248,0.0 13.526435039999999,51.46443862999999,0.0</coordinates>
                </LineString>
                <LineString id="18948">
                    <coordinates>13.52627795,51.46478328999999,0.0 13.526292969999997,51.46473612999999,0.0 13.52631997,51.4646452,0.0 13.526336110000003,51.46457677,0.0 13.52635398,51.464518139999996,0.0</coordinates>
                </LineString>
                <LineString id="18950">
                    <coordinates>13.52638349,51.46443174999999,0.0 13.526435039999999,51.46443862999999,0.0</coordinates>
                </LineString>
                <LineString id="18952">
                    <coordinates>13.52638349,51.46443174999999,0.0 13.526367609999998,51.464467299999995,0.0</coordinates>
                </LineString>
                <LineString id="18954">
                    <coordinates>13.52635398,51.464518139999996,0.0 13.526367609999998,51.464467299999995,0.0</coordinates>
                </LineString>
                <LineString id="18956">
                    <coordinates>13.526211589999999,51.46441304,0.0 13.52626358,51.46441842,0.0 13.526359020000001,51.46442929999999,0.0 13.52638349,51.46443174999999,0.0</coordinates>
                </LineString>
                <LineString id="18958">
                    <coordinates>13.526356739999999,51.46444678,0.0 13.52627019,51.46443821,0.0</coordinates>
                </LineString>
                <LineString id="18960">
                    <coordinates>13.52626247,51.46432483999999,0.0 13.52623873,51.46440115000001,0.0 13.52623764,51.4644154,0.0 13.52624284,51.464425399999996,0.0 13.52624938,51.46443270999999,0.0 13.52625768,51.46443687,0.0 13.52627019,51.46443821,0.0</coordinates>
                </LineString>
                <LineString id="18962">
                    <coordinates>13.526435039999999,51.46443862999999,0.0 13.526474209999996,51.46444500999999,0.0 13.5265794,51.46446235999999,0.0 13.52665964,51.46447606000001,0.0 13.526740139999998,51.46447597999999,0.0 13.52676857,51.464479170000004,0.0</coordinates>
                </LineString>
                <LineString id="18964">
                    <coordinates>13.52676857,51.464479170000004,0.0 13.52682185,51.46448556,0.0 13.526905719999998,51.46449536999999,0.0 13.52698839,51.46450649,0.0 13.526996759999998,51.46450733,0.0</coordinates>
                </LineString>
                <LineString id="18966">
                    <coordinates>13.526996759999998,51.46450733,0.0 13.52706606,51.46451469999999,0.0</coordinates>
                </LineString>
                <LineString id="18968">
                    <coordinates>13.52706606,51.46451469999999,0.0 13.527175659999997,51.46452269,0.0 13.527198629999997,51.46452465,0.0 13.52728619,51.464534629999996,0.0 13.52736237,51.46454414,0.0 13.52744553,51.46455578999999,0.0 13.5275151,51.464565189999995,0.0 13.527584649999998,51.46457233999999,0.0</coordinates>
                </LineString>
                <LineString id="18970">
                    <coordinates>13.52767229,51.46459089999999,0.0 13.527775369999999,51.46460329,0.0 13.527883940000002,51.46461671,0.0</coordinates>
                </LineString>
                <LineString id="18972">
                    <coordinates>13.528218250000002,51.46465772999999,0.0 13.528308439999998,51.464667359999986,0.0</coordinates>
                </LineString>
                <LineString id="18974">
                    <coordinates>13.528308439999998,51.464667359999986,0.0 13.52849945,51.46469011999999,0.0</coordinates>
                </LineString>
                <LineString id="18976">
                    <coordinates>13.528348019999997,51.46466636,0.0 13.52849945,51.46469011999999,0.0</coordinates>
                </LineString>
                <LineString id="18978">
                    <coordinates>13.527123259999998,51.46591655,0.0 13.52712672,51.4658611,0.0</coordinates>
                </LineString>
                <LineString id="18980">
                    <coordinates>13.52712672,51.4658611,0.0 13.52713835,51.46576913999999,0.0 13.527153889999997,51.46571368,0.0</coordinates>
                </LineString>
                <LineString id="18982">
                    <coordinates>13.527153889999997,51.46571368,0.0 13.527178059999999,51.46562773,0.0</coordinates>
                </LineString>
                <LineString id="18984">
                    <coordinates>13.527178059999999,51.46562773,0.0 13.52721066,51.46555937999999,0.0 13.52722369,51.465523039999994,0.0</coordinates>
                </LineString>
                <LineString id="18986">
                    <coordinates>13.52722369,51.465523039999994,0.0 13.527237319999998,51.46547982999999,0.0 13.527251940000001,51.46544784999999,0.0 13.527256489999997,51.46543294,0.0</coordinates>
                </LineString>
                <LineString id="18988">
                    <coordinates>13.527256489999997,51.46543294,0.0 13.52727546,51.46536665,0.0 13.52729385,51.46530005,0.0 13.527320389999998,51.465226869999995,0.0</coordinates>
                </LineString>
                <LineString id="18990">
                    <coordinates>13.527320389999998,51.465226869999995,0.0 13.527325069999998,51.465210509999984,0.0</coordinates>
                </LineString>
                <LineString id="18992">
                    <coordinates>13.527325069999998,51.465210509999984,0.0 13.52732607,51.46520271999999,0.0 13.52733829,51.46516714999999,0.0 13.527357,51.465107350000004,0.0 13.527368479999998,51.46506683999999,0.0 13.527384509999997,51.465017589999995,0.0</coordinates>
                </LineString>
                <LineString id="18994">
                    <coordinates>13.527411479999996,51.46491385,0.0 13.527433649999999,51.46484629999999,0.0</coordinates>
                </LineString>
                <LineString id="18996">
                    <coordinates>13.527384509999997,51.465017589999995,0.0 13.52739589,51.46497498,0.0</coordinates>
                </LineString>
                <LineString id="18998">
                    <coordinates>13.52739804,51.46491132,0.0 13.52730221,51.46490123999999,0.0</coordinates>
                </LineString>
                <LineString id="19000">
                    <coordinates>13.52739804,51.46491132,0.0 13.527411479999996,51.46491385,0.0</coordinates>
                </LineString>
                <LineString id="19002">
                    <coordinates>13.52739589,51.46497498,0.0 13.527411479999996,51.46491385,0.0</coordinates>
                </LineString>
                <LineString id="19004">
                    <coordinates>13.52749142,51.464667299999995,0.0 13.527503930000002,51.464634030000006,0.0</coordinates>
                </LineString>
                <LineString id="19006">
                    <coordinates>13.527433649999999,51.46484629999999,0.0 13.52744169,51.46481653,0.0 13.527455729999998,51.46476842999999,0.0 13.52749142,51.464667299999995,0.0</coordinates>
                </LineString>
                <LineString id="19008">
                    <coordinates>13.52730221,51.46490123999999,0.0 13.52729804,51.464920719999995,0.0</coordinates>
                </LineString>
                <LineString id="19010">
                    <coordinates>13.52729804,51.464920719999995,0.0 13.527294130000001,51.46493620999999,0.0 13.52728564,51.46495974999999,0.0</coordinates>
                </LineString>
                <LineString id="19012">
                    <coordinates>13.52728564,51.46495974999999,0.0 13.527261639999999,51.46501599,0.0 13.52723999,51.46508023,0.0 13.52721419,51.46515724999999,0.0</coordinates>
                </LineString>
                <LineString id="19014">
                    <coordinates>13.52720437,51.46520721,0.0 13.527172929999999,51.46529793,0.0</coordinates>
                </LineString>
                <LineString id="19016">
                    <coordinates>13.52721419,51.46515724999999,0.0 13.52721051,51.46516755,0.0 13.52720561,51.465200849999995,0.0</coordinates>
                </LineString>
                <LineString id="19018">
                    <coordinates>13.52720561,51.465200849999995,0.0 13.52720437,51.46520721,0.0</coordinates>
                </LineString>
                <LineString id="19020">
                    <coordinates>13.527172929999999,51.46529793,0.0 13.527154759999998,51.46535598999999,0.0 13.52713514,51.46542356,0.0 13.52710979,51.46549997999998,0.0</coordinates>
                </LineString>
                <LineString id="19022">
                    <coordinates>13.52710979,51.46549997999998,0.0 13.52710228,51.46552116,0.0</coordinates>
                </LineString>
                <LineString id="19024">
                    <coordinates>13.52710228,51.46552116,0.0 13.527069029999998,51.46558098999999,0.0 13.5270519,51.46560718999999,0.0 13.52701827,51.46570624,0.0</coordinates>
                </LineString>
                <LineString id="19026">
                    <coordinates>13.52701827,51.46570624,0.0 13.5270055,51.4657466,0.0</coordinates>
                </LineString>
                <LineString id="19028">
                    <coordinates>13.526968119999998,51.465951249999996,0.0 13.526966839999998,51.465958289999996,0.0</coordinates>
                </LineString>
                <LineString id="19030">
                    <coordinates>13.5270055,51.4657466,0.0 13.52700483,51.46582839,0.0 13.526999109999998,51.46588659999998,0.0 13.526968119999998,51.465951249999996,0.0</coordinates>
                </LineString>
                <LineString id="19032">
                    <coordinates>13.527676950000002,51.46457358,0.0 13.52769322,51.464499489999994,0.0</coordinates>
                </LineString>
                <LineString id="19034">
                    <coordinates>13.527676950000002,51.46457358,0.0 13.527675020000002,51.46458013000001,0.0 13.52767229,51.46459089999999,0.0</coordinates>
                </LineString>
                <LineString id="19036">
                    <coordinates>13.52763019,51.464586479999994,0.0 13.52767229,51.46459089999999,0.0</coordinates>
                </LineString>
                <LineString id="19038">
                    <coordinates>13.527695619999998,51.46448680999999,0.0 13.52770926,51.46443512999999,0.0</coordinates>
                </LineString>
                <LineString id="19040">
                    <coordinates>13.52770926,51.46443512999999,0.0 13.5277342,51.46443511,0.0 13.52804842,51.46446752,0.0</coordinates>
                </LineString>
                <LineString id="19042">
                    <coordinates>13.52769322,51.464499489999994,0.0 13.527695619999998,51.46448680999999,0.0</coordinates>
                </LineString>
                <LineString id="19044">
                    <coordinates>13.52602877,51.46427893,0.0 13.52586694,51.46425724,0.0</coordinates>
                </LineString>
                <LineString id="19046">
                    <coordinates>13.526140329999999,51.464292529999994,0.0 13.52602877,51.46427893,0.0</coordinates>
                </LineString>
                <LineString id="19048">
                    <coordinates>13.52626247,51.46432483999999,0.0 13.526267879999999,51.46430737,0.0 13.526140329999999,51.464292529999994,0.0</coordinates>
                </LineString>
                <LineString id="19050">
                    <coordinates>13.526356739999999,51.46444678,0.0 13.526401829999998,51.46445248,0.0</coordinates>
                </LineString>
                <LineString id="19052">
                    <coordinates>13.52610565,51.46440257,0.0 13.526202769999998,51.46441217000001,0.0 13.526211589999999,51.46441304,0.0</coordinates>
                </LineString>
                <LineString id="19054">
                    <coordinates>13.525987790000002,51.46439078000001,0.0 13.526052270000001,51.46439792000001,0.0 13.52610565,51.46440257,0.0</coordinates>
                </LineString>
                <LineString id="19056">
                    <coordinates>13.524335599999999,51.464177709999994,0.0 13.524386639999998,51.464183289999994,0.0 13.52446267,51.46419143999999,0.0 13.52454175,51.46420217000001,0.0</coordinates>
                </LineString>
                <LineString id="19058">
                    <coordinates>13.52380097,51.46415931000001,0.0 13.5238939,51.46415004999999,0.0 13.523980069999999,51.46413405,0.0 13.5240623,51.46413636999999,0.0 13.524108289999997,51.46414369,0.0 13.52414631,51.46415107,0.0 13.52422913,51.464164479999994,0.0 13.52430547,51.46417451,0.0 13.524335599999999,51.464177709999994,0.0</coordinates>
                </LineString>
                <LineString id="19060">
                    <coordinates>13.524809469999997,51.46423127999999,0.0 13.524818519999998,51.46414953,0.0</coordinates>
                </LineString>
                <LineString id="19062">
                    <coordinates>13.524807079999999,51.46424121999999,0.0 13.524809469999997,51.46423127999999,0.0</coordinates>
                </LineString>
                <LineString id="19064">
                    <coordinates>13.52454175,51.46420217000001,0.0 13.524608009999998,51.46421208999999,0.0 13.52469108,51.46422399,0.0 13.524759120000002,51.464234260000005,0.0 13.524807079999999,51.46424121999999,0.0</coordinates>
                </LineString>
                <LineString id="19066">
                    <coordinates>13.524749819999998,51.4641276,0.0 13.524746390000002,51.46410107999999,0.0 13.524757659999997,51.46406986,0.0</coordinates>
                </LineString>
                <LineString id="19068">
                    <coordinates>13.52482048,51.46414474,0.0 13.52482241,51.4641396,0.0 13.524749819999998,51.4641276,0.0</coordinates>
                </LineString>
                <LineString id="19070">
                    <coordinates>13.52383731,51.464027799999975,0.0 13.5236354,51.463995739999994,0.0 13.52357,51.46398799000001,0.0 13.523504499999998,51.46396168999999,0.0</coordinates>
                </LineString>
                <LineString id="19072">
                    <coordinates>13.52404514,51.46404033000001,0.0 13.52383731,51.464027799999975,0.0</coordinates>
                </LineString>
                <LineString id="19074">
                    <coordinates>13.524554030000001,51.46410121,0.0 13.52436368,51.4640786,0.0 13.524208459999999,51.46405939999998,0.0 13.52404514,51.46404033000001,0.0</coordinates>
                </LineString>
                <LineString id="19076">
                    <coordinates>13.52141859,51.46385685999999,0.0 13.5214318,51.46385380999999,0.0 13.521456,51.463852519999996,0.0 13.521488910000002,51.46385379000001,0.0 13.52154499,51.46385915,0.0 13.52164525,51.46386852999999,0.0 13.52172073,51.46387586,0.0 13.521799549999997,51.463884209999996,0.0 13.521818239999998,51.463886200000005,0.0</coordinates>
                </LineString>
                <LineString id="19078">
                    <coordinates>13.521915250000001,51.46389559000001,0.0 13.52195027,51.46389867999999,0.0 13.522024659999998,51.463908109999984,0.0 13.52210587,51.46392901,0.0 13.522173269999996,51.46396415,0.0 13.522220740000002,51.463975520000005,0.0</coordinates>
                </LineString>
                <LineString id="19080">
                    <coordinates>13.522234559999998,51.463977079999985,0.0 13.52226417,51.46397911999999,0.0 13.52230539,51.46398043,0.0 13.52242155,51.46398580000001,0.0 13.522497660000003,51.46398571,0.0</coordinates>
                </LineString>
                <LineString id="19082">
                    <coordinates>13.522879409999998,51.4640075,0.0 13.52288169,51.4640078,0.0</coordinates>
                </LineString>
                <LineString id="19084">
                    <coordinates>13.522497660000003,51.46398571,0.0 13.522571669999998,51.46398615,0.0 13.52265509,51.46398733,0.0 13.522735599999999,51.463992019999985,0.0 13.52284132,51.46400304,0.0 13.522879409999998,51.4640075,0.0</coordinates>
                </LineString>
                <LineString id="19086">
                    <coordinates>13.52288169,51.4640078,0.0 13.522941669999998,51.46401509999999,0.0 13.523032309999998,51.464025279999994,0.0</coordinates>
                </LineString>
                <LineString id="19088">
                    <coordinates>13.52350834,51.46407379000001,0.0 13.52352337,51.46407439,0.0</coordinates>
                </LineString>
                <LineString id="19090">
                    <coordinates>13.52352337,51.46407439,0.0 13.52355185,51.46407433,0.0</coordinates>
                </LineString>
                <LineString id="19092">
                    <coordinates>13.52355185,51.46407433,0.0 13.523641799999998,51.46407546999998,0.0 13.523699720000002,51.46408434,0.0 13.52376348,51.4641399,0.0 13.52380097,51.46415931000001,0.0</coordinates>
                </LineString>
                <LineString id="19094">
                    <coordinates>13.52129608,51.46391830999999,0.0 13.521314730000002,51.463919520000005,0.0</coordinates>
                </LineString>
                <LineString id="19096">
                    <coordinates>13.521309159999998,51.46393023,0.0 13.521314730000002,51.463919520000005,0.0</coordinates>
                </LineString>
                <LineString id="19098">
                    <coordinates>13.521298160000002,51.464197,0.0 13.52130065,51.46418435999998,0.0 13.52130861,51.46414661,0.0 13.521315639999996,51.464109589999985,0.0 13.52132234,51.46407210999999,0.0 13.52132422,51.464054100000006,0.0 13.52132544,51.46403453999999,0.0 13.52132629,51.46402651,0.0</coordinates>
                </LineString>
                <LineString id="19100">
                    <coordinates>13.521314730000002,51.463919520000005,0.0 13.521324459999999,51.46390726,0.0</coordinates>
                </LineString>
                <LineString id="19102">
                    <coordinates>13.52145722,51.46372418000001,0.0 13.52141526,51.46384580000001,0.0</coordinates>
                </LineString>
                <LineString id="19104">
                    <coordinates>13.52141526,51.46384580000001,0.0 13.52141859,51.46385685999999,0.0</coordinates>
                </LineString>
                <LineString id="19106">
                    <coordinates>13.52135164,51.46388439999999,0.0 13.52136734,51.46387344,0.0 13.521389309999998,51.46386450999999,0.0 13.52141859,51.46385685999999,0.0</coordinates>
                </LineString>
                <LineString id="19108">
                    <coordinates>13.521324459999999,51.46390726,0.0 13.52134396,51.46388975000001,0.0 13.52135164,51.46388439999999,0.0</coordinates>
                </LineString>
                <LineString id="19110">
                    <coordinates>13.52145722,51.46372418000001,0.0 13.521460980000002,51.4637121,0.0</coordinates>
                </LineString>
                <LineString id="19112">
                    <coordinates>13.521511569999998,51.46335965,0.0 13.521498499999998,51.46339658000001,0.0</coordinates>
                </LineString>
                <LineString id="19114">
                    <coordinates>13.52153604,51.46328916,0.0 13.521544310000001,51.4632549,0.0</coordinates>
                </LineString>
                <LineString id="19116">
                    <coordinates>13.521544310000001,51.4632549,0.0 13.521547049999999,51.46324177999998,0.0 13.521535669999999,51.46318682,0.0</coordinates>
                </LineString>
                <LineString id="19118">
                    <coordinates>13.52153927,51.46318038,0.0 13.521535669999999,51.46318682,0.0</coordinates>
                </LineString>
                <LineString id="19120">
                    <coordinates>13.52153927,51.46318038,0.0 13.521413469999999,51.463165639999986,0.0</coordinates>
                </LineString>
                <LineString id="19122">
                    <coordinates>13.52157094,51.46310295999999,0.0 13.52155944,51.46313716,0.0 13.52153927,51.46318038,0.0</coordinates>
                </LineString>
                <LineString id="19124">
                    <coordinates>13.521511569999998,51.46335965,0.0 13.521516539999999,51.463350389999995,0.0 13.52153604,51.46328916,0.0</coordinates>
                </LineString>
                <LineString id="19126">
                    <coordinates>13.521615040000002,51.46303465999999,0.0 13.5216309,51.463027809999986,0.0 13.52163974,51.46302479999999,0.0 13.5216845,51.4630221,0.0 13.521707159999998,51.46302128999999,0.0</coordinates>
                </LineString>
                <LineString id="19128">
                    <coordinates>13.521707159999998,51.46302128999999,0.0 13.521815169999998,51.46302154,0.0 13.521911889999998,51.46302497999999,0.0 13.52206775,51.46301866,0.0 13.52210708,51.46301287,0.0</coordinates>
                </LineString>
                <LineString id="19130">
                    <coordinates>13.52210708,51.46301287,0.0 13.522330859999999,51.46303175,0.0 13.522390959999997,51.46304660999999,0.0</coordinates>
                </LineString>
                <LineString id="19132">
                    <coordinates>13.522390959999997,51.46304660999999,0.0 13.52255699,51.4630008,0.0 13.522647409999998,51.46300005999999,0.0</coordinates>
                </LineString>
                <LineString id="19134">
                    <coordinates>13.521633800000002,51.462487229999994,0.0 13.52165004,51.46247726,0.0 13.521668849999998,51.46246705999999,0.0 13.52168775,51.46245827999999,0.0 13.52172087,51.46244720999999,0.0</coordinates>
                </LineString>
                <LineString id="19136">
                    <coordinates>13.52157094,51.46310295999999,0.0 13.521572200000001,51.463099039999996,0.0 13.521593299999997,51.46310028,0.0</coordinates>
                </LineString>
                <LineString id="19138">
                    <coordinates>13.52162052,51.46301951,0.0 13.5216405,51.46296577999999,0.0 13.521650199999998,51.46291313,0.0</coordinates>
                </LineString>
                <LineString id="19140">
                    <coordinates>13.521436379999999,51.46297948999999,0.0 13.521440239999999,51.462942109999986,0.0 13.521442299999999,51.46287074999999,0.0</coordinates>
                </LineString>
                <LineString id="19142">
                    <coordinates>13.521442299999999,51.46287074999999,0.0 13.521334200000002,51.46283706,0.0 13.52122012,51.46279695999999,0.0</coordinates>
                </LineString>
                <LineString id="19144">
                    <coordinates>13.52122012,51.46279695999999,0.0 13.521218289999998,51.462797470000005,0.0</coordinates>
                </LineString>
                <LineString id="19146">
                    <coordinates>13.52119663,51.463909660000006,0.0 13.521104489999999,51.46382614999999,0.0 13.52095357,51.46381173999999,0.0 13.52089127,51.46380033,0.0</coordinates>
                </LineString>
                <LineString id="19148">
                    <coordinates>13.522487699999997,51.466541699999986,0.0 13.522468600000002,51.466558799999994,0.0</coordinates>
                </LineString>
                <LineString id="19150">
                    <coordinates>13.5224514,51.46657398999999,0.0 13.52242213,51.46660093,0.0</coordinates>
                </LineString>
                <LineString id="19152">
                    <coordinates>13.52257004,51.46647481000001,0.0 13.5225447,51.46649394,0.0</coordinates>
                </LineString>
                <LineString id="19154">
                    <coordinates>13.518725339999998,51.464390959999996,0.0 13.518759030000002,51.464459170000005,0.0 13.5187529,51.464492899999996,0.0</coordinates>
                </LineString>
                <LineString id="19156">
                    <coordinates>13.518502809999998,51.46421561,0.0 13.518544549999998,51.46423908,0.0 13.51857209,51.464255830000006,0.0 13.51864151,51.46430384,0.0 13.518680739999997,51.46433943999999,0.0 13.518699469999998,51.4643626,0.0 13.518725339999998,51.464390959999996,0.0</coordinates>
                </LineString>
                <LineString id="19158">
                    <coordinates>13.52323755,51.46171565,0.0 13.523178889999999,51.46170046999999,0.0 13.523126279999998,51.46169285999999,0.0</coordinates>
                </LineString>
                <LineString id="19160">
                    <coordinates>13.5230062,51.46166209999999,0.0 13.52286878,51.461631469999986,0.0 13.52285022,51.46162802999999,0.0</coordinates>
                </LineString>
                <LineString id="19162">
                    <coordinates>13.523126279999998,51.46169285999999,0.0 13.523096869999998,51.46168589,0.0 13.52306639,51.46167768000001,0.0 13.5230062,51.46166209999999,0.0</coordinates>
                </LineString>
                <LineString id="19164">
                    <coordinates>13.52285022,51.46162802999999,0.0 13.52274949,51.461605170000006,0.0</coordinates>
                </LineString>
                <LineString id="19166">
                    <coordinates>13.52274949,51.461605170000006,0.0 13.52268931,51.46159161999999,0.0</coordinates>
                </LineString>
                <LineString id="19168">
                    <coordinates>13.52268931,51.46159161999999,0.0 13.522635630000002,51.46157961,0.0</coordinates>
                </LineString>
                <LineString id="19170">
                    <coordinates>13.522635630000002,51.46157961,0.0 13.522607619999997,51.461571809999995,0.0</coordinates>
                </LineString>
                <LineString id="19172">
                    <coordinates>13.52230235,51.461500159999986,0.0 13.522236139999997,51.46148603,0.0</coordinates>
                </LineString>
                <LineString id="19174">
                    <coordinates>13.522383189999998,51.46151832999999,0.0 13.52237091,51.461515,0.0</coordinates>
                </LineString>
                <LineString id="19176">
                    <coordinates>13.52237091,51.461515,0.0 13.52230235,51.461500159999986,0.0</coordinates>
                </LineString>
                <LineString id="19178">
                    <coordinates>13.52220244,51.46149076999998,0.0 13.522116259999999,51.46150553,0.0</coordinates>
                </LineString>
                <LineString id="19180">
                    <coordinates>13.522116259999999,51.46150553,0.0 13.5220864,51.46150906,0.0</coordinates>
                </LineString>
                <LineString id="19182">
                    <coordinates>13.521784669999999,51.461457710000005,0.0 13.521665910000001,51.4615065,0.0</coordinates>
                </LineString>
                <LineString id="19184">
                    <coordinates>13.52207581,51.461510600000004,0.0 13.522028729999999,51.46151784,0.0 13.521910819999999,51.46149215999998,0.0 13.521784669999999,51.461457710000005,0.0</coordinates>
                </LineString>
                <LineString id="19186">
                    <coordinates>13.522607619999997,51.461571809999995,0.0 13.522522,51.46155057,0.0 13.52248521,51.46154198,0.0 13.52238511,51.46151883999999,0.0</coordinates>
                </LineString>
                <LineString id="19188">
                    <coordinates>13.52280399,51.46170728999999,0.0 13.52285022,51.46162802999999,0.0</coordinates>
                </LineString>
                <LineString id="19190">
                    <coordinates>13.52286222,51.46172716,0.0 13.522873039999999,51.46173059000001,0.0 13.52286513,51.46174779,0.0</coordinates>
                </LineString>
                <LineString id="19192">
                    <coordinates>13.52280399,51.46170728999999,0.0 13.52280055,51.461713829999994,0.0</coordinates>
                </LineString>
                <LineString id="19194">
                    <coordinates>13.52280055,51.461713829999994,0.0 13.52286222,51.46172716,0.0</coordinates>
                </LineString>
                <LineString id="19196">
                    <coordinates>13.522840589999996,51.461790369999996,0.0 13.522769899999997,51.46192222,0.0 13.522734099999997,51.46198791999999,0.0</coordinates>
                </LineString>
                <LineString id="19198">
                    <coordinates>13.52286513,51.46174779,0.0 13.522840589999996,51.461790369999996,0.0</coordinates>
                </LineString>
                <LineString id="19200">
                    <coordinates>13.522734099999997,51.46198791999999,0.0 13.522746759999999,51.46199034,0.0</coordinates>
                </LineString>
                <LineString id="19202">
                    <coordinates>13.522746759999999,51.46199034,0.0 13.522853970000002,51.462010389999996,0.0</coordinates>
                </LineString>
                <LineString id="19204">
                    <coordinates>13.522853970000002,51.462010389999996,0.0 13.522862690000002,51.462011630000006,0.0</coordinates>
                </LineString>
                <LineString id="19206">
                    <coordinates>13.522734099999997,51.46198791999999,0.0 13.52271102,51.462026099999996,0.0 13.522669119999998,51.46210373999999,0.0</coordinates>
                </LineString>
                <LineString id="19208">
                    <coordinates>13.5239421,51.45833715999999,0.0 13.52394777,51.458304889999994,0.0</coordinates>
                </LineString>
                <LineString id="19210">
                    <coordinates>13.52394777,51.458304889999994,0.0 13.523972959999996,51.45819980999999,0.0</coordinates>
                </LineString>
                <LineString id="19212">
                    <coordinates>13.523064450000001,51.45737190999999,0.0 13.523156789999998,51.457396029999984,0.0</coordinates>
                </LineString>
                <LineString id="19214">
                    <coordinates>13.523210230000002,51.457539010000005,0.0 13.52327982,51.4576088,0.0</coordinates>
                </LineString>
                <LineString id="19216">
                    <coordinates>13.52314985,51.45746864999999,0.0 13.523147940000001,51.457475079999995,0.0 13.523210230000002,51.457539010000005,0.0</coordinates>
                </LineString>
                <LineString id="19218">
                    <coordinates>13.52331209,51.457637219999995,0.0 13.523344079999998,51.457665840000004,0.0 13.5233619,51.45775054,0.0</coordinates>
                </LineString>
                <LineString id="19220">
                    <coordinates>13.5233619,51.45775054,0.0 13.52337236,51.45781363999999,0.0 13.52337935,51.45784515,0.0 13.523381049999998,51.45785347,0.0 13.523384540000002,51.45785884,0.0 13.52339048,51.457862629999994,0.0 13.523395239999997,51.45786381,0.0 13.52350183,51.45787137,0.0</coordinates>
                </LineString>
                <LineString id="19222">
                    <coordinates>13.52372736,51.45789378,0.0 13.523762809999996,51.45789874999999,0.0</coordinates>
                </LineString>
                <LineString id="19224">
                    <coordinates>13.52350183,51.45787137,0.0 13.523605869999999,51.45788250999999,0.0 13.52370447,51.45789124,0.0</coordinates>
                </LineString>
                <LineString id="19226">
                    <coordinates>13.52390575,51.457913579999996,0.0 13.524038780000001,51.45792616999999,0.0</coordinates>
                </LineString>
                <LineString id="19228">
                    <coordinates>13.523869350000002,51.45790988,0.0 13.52390575,51.457913579999996,0.0</coordinates>
                </LineString>
                <LineString id="19230">
                    <coordinates>13.523762809999996,51.45789874999999,0.0 13.523869350000002,51.45790988,0.0</coordinates>
                </LineString>
                <LineString id="19232">
                    <coordinates>13.524056349999999,51.457923969999996,0.0 13.524059420000002,51.45791183000001,0.0</coordinates>
                </LineString>
                <LineString id="19234">
                    <coordinates>13.524067709999999,51.45793007999999,0.0 13.524056349999999,51.457923969999996,0.0</coordinates>
                </LineString>
                <LineString id="19236">
                    <coordinates>13.524038780000001,51.45792616999999,0.0 13.524053349999999,51.457927999999995,0.0 13.524056349999999,51.457923969999996,0.0</coordinates>
                </LineString>
                <LineString id="19238">
                    <coordinates>13.524059420000002,51.45791183000001,0.0 13.524082579999998,51.45785278999999,0.0</coordinates>
                </LineString>
                <LineString id="19240">
                    <coordinates>13.52483435,51.45797971,0.0 13.52484682,51.45800191,0.0</coordinates>
                </LineString>
                <LineString id="19242">
                    <coordinates>13.524593629999998,51.45796511999999,0.0 13.524740390000002,51.45797407,0.0 13.52483435,51.45797971,0.0</coordinates>
                </LineString>
                <LineString id="19244">
                    <coordinates>13.524929739999997,51.4580055,0.0 13.52502416,51.45800492,0.0</coordinates>
                </LineString>
                <LineString id="19246">
                    <coordinates>13.524892229999999,51.45798202,0.0 13.52483435,51.45797971,0.0</coordinates>
                </LineString>
                <LineString id="19248">
                    <coordinates>13.52517264,51.457975899999994,0.0 13.52502048,51.457978919999995,0.0</coordinates>
                </LineString>
                <LineString id="19250">
                    <coordinates>13.51563199,51.461219919999984,0.0 13.51540833,51.46117073999999,0.0</coordinates>
                </LineString>
                <LineString id="19252">
                    <coordinates>13.515987569999998,51.46093579,0.0 13.516200179999998,51.46108786,0.0</coordinates>
                </LineString>
                <LineString id="19254">
                    <coordinates>13.515869999999998,51.46127175,0.0 13.51602206,51.46130667,0.0 13.515952849999998,51.46091574,0.0 13.515987569999998,51.46093579,0.0</coordinates>
                </LineString>
                <LineString id="19256">
                    <coordinates>13.51563199,51.461219919999984,0.0 13.515763670000002,51.46124872,0.0 13.515869999999998,51.46127175,0.0</coordinates>
                </LineString>
                <LineString id="19258">
                    <coordinates>13.51437368,51.461367140000014,0.0 13.51445069,51.46143432000001,0.0</coordinates>
                </LineString>
                <LineString id="19260">
                    <coordinates>13.51445069,51.46143432000001,0.0 13.51446006,51.46144134,0.0</coordinates>
                </LineString>
                <LineString id="19262">
                    <coordinates>13.5144734,51.461436349999985,0.0 13.51446006,51.46144134,0.0</coordinates>
                </LineString>
                <LineString id="19264">
                    <coordinates>13.514618500000001,51.46136284,0.0 13.514752919999998,51.46130256,0.0 13.51481587,51.46127318999999,0.0</coordinates>
                </LineString>
                <LineString id="19266">
                    <coordinates>13.51450451,51.461423569999994,0.0 13.5144734,51.461436349999985,0.0</coordinates>
                </LineString>
                <LineString id="19268">
                    <coordinates>13.51450451,51.461423569999994,0.0 13.51458832,51.461377469999995,0.0 13.51461104,51.4613662,0.0</coordinates>
                </LineString>
                <LineString id="19270">
                    <coordinates>13.51437368,51.461367140000014,0.0 13.51409618,51.46149210999999,0.0</coordinates>
                </LineString>
                <LineString id="19272">
                    <coordinates>13.51540833,51.46117073999999,0.0 13.515356589999996,51.461154889999996,0.0 13.51531042,51.461113870000005,0.0 13.515247,51.46109299,0.0 13.51511496,51.46108302999999,0.0 13.51495838,51.46106097,0.0</coordinates>
                </LineString>
                <LineString id="19274">
                    <coordinates>13.51481587,51.46127318999999,0.0 13.514908189999998,51.461236809999996,0.0 13.514974449999999,51.46120978999999,0.0 13.51501666,51.461196609999995,0.0 13.515068599999998,51.461182279999996,0.0 13.51513072,51.461169469999994,0.0 13.515180049999998,51.46116173,0.0 13.515236,51.461156429999996,0.0 13.515303909999998,51.46115619999999,0.0 13.51535471,51.46115922999999,0.0 13.51540833,51.46117073999999,0.0</coordinates>
                </LineString>
                <LineString id="19276">
                    <coordinates>13.51495838,51.46106097,0.0 13.514979109999997,51.46106036999999,0.0 13.51498729,51.461058650000005,0.0 13.514996989999998,51.46105525,0.0 13.51500836,51.461046929999995,0.0 13.515012269999998,51.46104061,0.0 13.515014969999998,51.46103295,0.0 13.51501441,51.4610216,0.0 13.514994500000002,51.460977039999996,0.0 13.51497345,51.460945849999995,0.0</coordinates>
                </LineString>
                <LineString id="19278">
                    <coordinates>13.514758039999997,51.46048532999999,0.0 13.51475776,51.460484869999995,0.0 13.514755069999998,51.46047839,0.0</coordinates>
                </LineString>
                <LineString id="19280">
                    <coordinates>13.51497345,51.460945849999995,0.0 13.51492895,51.46084055999999,0.0 13.514926399999998,51.46078996999999,0.0 13.514866340000001,51.46069,0.0 13.514830799999997,51.46063131999999,0.0 13.51480893,51.460591660000006,0.0</coordinates>
                </LineString>
                <LineString id="19282">
                    <coordinates>13.51476195,51.460477180000005,0.0 13.514871999999999,51.46045719999999,0.0</coordinates>
                </LineString>
                <LineString id="19284">
                    <coordinates>13.514755069999998,51.46047839,0.0 13.51476195,51.460477180000005,0.0</coordinates>
                </LineString>
                <LineString id="19286">
                    <coordinates>13.51480893,51.460591660000006,0.0 13.514758039999997,51.46048532999999,0.0</coordinates>
                </LineString>
                <LineString id="19288">
                    <coordinates>13.51443535,51.4594896,0.0 13.514431959999998,51.45948355,0.0 13.51441407,51.459445779999996,0.0</coordinates>
                </LineString>
                <LineString id="19290">
                    <coordinates>13.514871999999999,51.46045719999999,0.0 13.51487824,51.46045623,0.0 13.514839660000002,51.46037208,0.0 13.514798659999999,51.46028152999999,0.0</coordinates>
                </LineString>
                <LineString id="19292">
                    <coordinates>13.51445927,51.45953904,0.0 13.51445321,51.45952691,0.0</coordinates>
                </LineString>
                <LineString id="19294">
                    <coordinates>13.51445321,51.45952691,0.0 13.51443535,51.4594896,0.0</coordinates>
                </LineString>
                <LineString id="19296">
                    <coordinates>13.51380917,51.45873886999999,0.0 13.51366005,51.45871301,0.0 13.51365048,51.45870754,0.0 13.513640489999998,51.45870152999999,0.0 13.5136173,51.458671349999996,0.0 13.51361126,51.45866330999999,0.0 13.513632560000001,51.45861686,0.0 13.51369207,51.458466429999994,0.0</coordinates>
                </LineString>
                <LineString id="19298">
                    <coordinates>13.51370394,51.45843615,0.0 13.513723299999999,51.45837909,0.0</coordinates>
                </LineString>
                <LineString id="19300">
                    <coordinates>13.51369207,51.458466429999994,0.0 13.51370394,51.45843615,0.0</coordinates>
                </LineString>
                <LineString id="19302">
                    <coordinates>13.513723299999999,51.45837909,0.0 13.51374106,51.45832444,0.0</coordinates>
                </LineString>
                <LineString id="19304">
                    <coordinates>13.51374106,51.45832444,0.0 13.51376668,51.458238789999996,0.0 13.51378178,51.45817207,0.0 13.51379451,51.45811661999999,0.0 13.5138072,51.45805775,0.0 13.513829280000001,51.45794269000001,0.0 13.51385917,51.45779192,0.0 13.513869749999998,51.45767331,0.0 13.51387858,51.45754647,0.0</coordinates>
                </LineString>
                <LineString id="19306">
                    <coordinates>13.51822333,51.45655475000001,0.0 13.518103769999996,51.45649715999999,0.0</coordinates>
                </LineString>
                <LineString id="19308">
                    <coordinates>13.526757740000003,51.45474612,0.0 13.52675744,51.454731360000004,0.0</coordinates>
                </LineString>
                <LineString id="19310">
                    <coordinates>13.52675744,51.454731360000004,0.0 13.526766319999998,51.45467908999999,0.0</coordinates>
                </LineString>
                <LineString id="19312">
                    <coordinates>13.518227549999999,51.458403510000004,0.0 13.51829568,51.458413009999994,0.0 13.51832188,51.45841632,0.0 13.518444559999999,51.45843477,0.0</coordinates>
                </LineString>
                <LineString id="19314">
                    <coordinates>13.52150913,51.46372886,0.0 13.521541040000002,51.46373625999999,0.0 13.5225085,51.46385568000001,0.0 13.52253238,51.46377852,0.0</coordinates>
                </LineString>
                <LineString id="19316">
                    <coordinates>13.52627999,51.454531530000004,0.0 13.52621024,51.45448372999999,0.0 13.526096219999998,51.45440558,0.0 13.525998979999999,51.45433749999999,0.0 13.525879379999996,51.45425576999999,0.0 13.525786249999998,51.454192479999996,0.0 13.52575965,51.45417425000001,0.0</coordinates>
                </LineString>
                <LineString id="19318">
                    <coordinates>13.52171892,51.46204973999999,0.0 13.52171326,51.46205972999999,0.0</coordinates>
                </LineString>
                <LineString id="19320">
                    <coordinates>13.527584649999998,51.46457233999999,0.0 13.52760742,51.46457472,0.0 13.527675020000002,51.46458013000001,0.0 13.527750949999996,51.46458633999999,0.0 13.52786364,51.46459849,0.0 13.52788797,51.464601460000004,0.0 13.527965469999998,51.464613230000005,0.0 13.52805219,51.4646246,0.0 13.528082829999999,51.46462849,0.0 13.528178809999998,51.46464142999999,0.0 13.528236330000002,51.46464897,0.0 13.528309699999998,51.46466039999999,0.0 13.528348019999997,51.46466636,0.0</coordinates>
                </LineString>
                <LineString id="19322">
                    <coordinates>13.53178158,51.46580432999999,0.0 13.531833640000002,51.465833710000005,0.0</coordinates>
                </LineString>
                <LineString id="19324">
                    <coordinates>13.530691979999997,51.46515400999999,0.0 13.530748019999999,51.465183569999986,0.0</coordinates>
                </LineString>
                <LineString id="19326">
                    <coordinates>13.530748019999999,51.465183569999986,0.0 13.53076314,51.465191759999996,0.0</coordinates>
                </LineString>
                <LineString id="19328">
                    <coordinates>13.53076314,51.465191759999996,0.0 13.530768229999996,51.46519445999999,0.0</coordinates>
                </LineString>
                <LineString id="19330">
                    <coordinates>13.530768229999996,51.46519445999999,0.0 13.53077967,51.46519958,0.0</coordinates>
                </LineString>
                <LineString id="19332">
                    <coordinates>13.53077967,51.46519958,0.0 13.53079805,51.46520919,0.0 13.53094222,51.46526758,0.0 13.531020299999998,51.465299509999994,0.0</coordinates>
                </LineString>
                <LineString id="19334">
                    <coordinates>13.531020299999998,51.465299509999994,0.0 13.53104424,51.465312710000006,0.0 13.531163449999998,51.46537237,0.0 13.53123472,51.46540755000001,0.0</coordinates>
                </LineString>
                <LineString id="19336">
                    <coordinates>13.53123472,51.46540755000001,0.0 13.53126391,51.465421369999994,0.0 13.531330600000002,51.46545211,0.0</coordinates>
                </LineString>
                <LineString id="19338">
                    <coordinates>13.531330600000002,51.46545211,0.0 13.531447039999998,51.46550441999999,0.0 13.531600829999999,51.46557480999999,0.0</coordinates>
                </LineString>
                <LineString id="19340">
                    <coordinates>13.531600829999999,51.46557480999999,0.0 13.5317289,51.46563357,0.0 13.531843989999999,51.46568906000001,0.0 13.532061729999999,51.46579745,0.0 13.53235945,51.46596190999999,0.0 13.532457080000002,51.46600803,0.0 13.532663739999998,51.466104570000006,0.0 13.532878229999998,51.46619718,0.0 13.53308212,51.46628486,0.0 13.533217849999998,51.46634262999999,0.0 13.5334,51.466412819999995,0.0</coordinates>
                </LineString>
                <LineString id="19342">
                    <coordinates>13.5334,51.466412819999995,0.0 13.533562609999999,51.46647224,0.0 13.533792280000002,51.466546879999996,0.0 13.53392956,51.46658613000001,0.0 13.53406195,51.46661878,0.0 13.534193799999999,51.46664451999999,0.0 13.534336930000002,51.466663780000005,0.0 13.5344495,51.46668032999999,0.0 13.534549459999997,51.466697329999995,0.0 13.534678300000003,51.46672633000001,0.0 13.53479642,51.466756509999996,0.0 13.53484433,51.46676930999998,0.0 13.534906530000002,51.466785259999995,0.0 13.535010489999998,51.46681277999999,0.0 13.535063,51.46682826999999,0.0</coordinates>
                </LineString>
                <LineString id="19344">
                    <coordinates>13.535063,51.46682826999999,0.0 13.535111879999999,51.46683990999999,0.0 13.535187199999998,51.466860399999995,0.0</coordinates>
                </LineString>
                <LineString id="19346">
                    <coordinates>13.535187199999998,51.466860399999995,0.0 13.535256199999997,51.4668788,0.0 13.53531889,51.46689854999999,0.0 13.53537773,51.46691631,0.0 13.535485599999998,51.466949019999994,0.0 13.535611719999999,51.46698601,0.0 13.53572769,51.46702010999999,0.0 13.53593503,51.46708168000001,0.0 13.536023559999999,51.46710769999999,0.0</coordinates>
                </LineString>
                <LineString id="19348">
                    <coordinates>13.52555532,51.45486505,0.0 13.525485069999998,51.45487415999999,0.0</coordinates>
                </LineString>
                <LineString id="19350">
                    <coordinates>13.523551129999998,51.45933607999999,0.0 13.52363668,51.45932054000001,0.0</coordinates>
                </LineString>
                <LineString id="19352">
                    <coordinates>13.523547189999999,51.45928385,0.0 13.523551129999998,51.45933607999999,0.0</coordinates>
                </LineString>
                <LineString id="19354">
                    <coordinates>13.52352581,51.45934267,0.0 13.523551129999998,51.45933607999999,0.0</coordinates>
                </LineString>
                <LineString id="19356">
                    <coordinates>13.523547189999999,51.45928385,0.0 13.523546739999999,51.45928058999999,0.0</coordinates>
                </LineString>
                <LineString id="19358">
                    <coordinates>13.52385135,51.45928754999999,0.0 13.52387177,51.45928403,0.0</coordinates>
                </LineString>
                <LineString id="19360">
                    <coordinates>13.52387177,51.45928403,0.0 13.523913629999997,51.45927592999999,0.0</coordinates>
                </LineString>
                <LineString id="19362">
                    <coordinates>13.52363668,51.45932054000001,0.0 13.523762530000003,51.45930158999999,0.0 13.52385135,51.45928754999999,0.0</coordinates>
                </LineString>
                <LineString id="19364">
                    <coordinates>13.523913629999997,51.45927592999999,0.0 13.5240528,51.45925348,0.0</coordinates>
                </LineString>
                <LineString id="19366">
                    <coordinates>13.524377789999997,51.45919839999999,0.0 13.524411020000002,51.45919302,0.0</coordinates>
                </LineString>
                <LineString id="19368">
                    <coordinates>13.52430658,51.459209659999985,0.0 13.524342380000004,51.45920374000001,0.0 13.52436463,51.45920056999999,0.0</coordinates>
                </LineString>
                <LineString id="19370">
                    <coordinates>13.52436463,51.45920056999999,0.0 13.524377789999997,51.45919839999999,0.0</coordinates>
                </LineString>
                <LineString id="19372">
                    <coordinates>13.524411020000002,51.45919302,0.0 13.52447266,51.45918406,0.0</coordinates>
                </LineString>
                <LineString id="19374">
                    <coordinates>13.52447266,51.45918406,0.0 13.52448746,51.459181969999996,0.0</coordinates>
                </LineString>
                <LineString id="19376">
                    <coordinates>13.52448746,51.459181969999996,0.0 13.52450009,51.45918018,0.0</coordinates>
                </LineString>
                <LineString id="19378">
                    <coordinates>13.52450009,51.45918018,0.0 13.524536269999999,51.459174839999996,0.0</coordinates>
                </LineString>
                <LineString id="19380">
                    <coordinates>13.524716539999998,51.45914401,0.0 13.524826859999996,51.459122889999996,0.0</coordinates>
                </LineString>
                <LineString id="19382">
                    <coordinates>13.524536269999999,51.459174839999996,0.0 13.52463135,51.459159029999995,0.0 13.524716539999998,51.45914401,0.0</coordinates>
                </LineString>
                <LineString id="19384">
                    <coordinates>13.524826859999996,51.459122889999996,0.0 13.524965309999999,51.45909253999999,0.0</coordinates>
                </LineString>
                <LineString id="19386">
                    <coordinates>13.524965309999999,51.45909253999999,0.0 13.525025310000002,51.45908899999999,0.0 13.525167989999998,51.45905945999999,0.0</coordinates>
                </LineString>
                <LineString id="19388">
                    <coordinates>13.525167989999998,51.45905945999999,0.0 13.525271419999997,51.459042849999996,0.0</coordinates>
                </LineString>
                <LineString id="19390">
                    <coordinates>13.525271419999997,51.459042849999996,0.0 13.52527833,51.45904146000001,0.0</coordinates>
                </LineString>
                <LineString id="19392">
                    <coordinates>13.52527833,51.45904146000001,0.0 13.525359500000002,51.459029539999996,0.0</coordinates>
                </LineString>
                <LineString id="19394">
                    <coordinates>13.525359500000002,51.459029539999996,0.0 13.52547587,51.45901,0.0</coordinates>
                </LineString>
                <LineString id="19396">
                    <coordinates>13.525697279999997,51.45897035999999,0.0 13.525798599999998,51.45895289999999,0.0</coordinates>
                </LineString>
                <LineString id="19398">
                    <coordinates>13.52547587,51.45901,0.0 13.525643989999999,51.45897978999999,0.0</coordinates>
                </LineString>
                <LineString id="19400">
                    <coordinates>13.526008630000002,51.45893683,0.0 13.526021889999999,51.45893878999999,0.0</coordinates>
                </LineString>
                <LineString id="19402">
                    <coordinates>13.525798599999998,51.45895289999999,0.0 13.525882439999998,51.45894047000001,0.0</coordinates>
                </LineString>
                <LineString id="19404">
                    <coordinates>13.525882439999998,51.45894047000001,0.0 13.525912059999998,51.458934699999986,0.0 13.52593894,51.45893130000001,0.0 13.525961589999998,51.458930450000004,0.0</coordinates>
                </LineString>
                <LineString id="19406">
                    <coordinates>13.525961589999998,51.458930450000004,0.0 13.52597421,51.45893063,0.0 13.526008630000002,51.45893683,0.0</coordinates>
                </LineString>
                <LineString id="19408">
                    <coordinates>13.526021889999999,51.45893878999999,0.0 13.526047810000001,51.45897684,0.0 13.526083909999997,51.45903336999999,0.0</coordinates>
                </LineString>
                <LineString id="19410">
                    <coordinates>13.526178580000002,51.45899099999998,0.0 13.526083909999997,51.45903336999999,0.0</coordinates>
                </LineString>
                <LineString id="19412">
                    <coordinates>13.526196569999998,51.458997569999994,0.0 13.526199809999996,51.45903664999999,0.0</coordinates>
                </LineString>
                <LineString id="19414">
                    <coordinates>13.526178580000002,51.45899099999998,0.0 13.52618919,51.45898727000001,0.0</coordinates>
                </LineString>
                <LineString id="19416">
                    <coordinates>13.52618919,51.45898727000001,0.0 13.526196569999998,51.458997569999994,0.0</coordinates>
                </LineString>
                <LineString id="19418">
                    <coordinates>13.526199809999996,51.45903664999999,0.0 13.52624903,51.45912113000001,0.0</coordinates>
                </LineString>
                <LineString id="19420">
                    <coordinates>13.526364109999996,51.45918636999999,0.0 13.52636525,51.45918659,0.0 13.526464259999997,51.45920259999999,0.0 13.526500579999999,51.45920992,0.0 13.526514649999996,51.45921267999999,0.0 13.526541279999998,51.45922059,0.0 13.526612819999999,51.459242429999996,0.0 13.526692439999998,51.45925153999999,0.0 13.52683542,51.45927004,0.0 13.526962269999999,51.45928629000001,0.0</coordinates>
                </LineString>
                <LineString id="19422">
                    <coordinates>13.527581769999996,51.45936917,0.0 13.52760396,51.45937113000001,0.0</coordinates>
                </LineString>
                <LineString id="19424">
                    <coordinates>13.526962269999999,51.45928629000001,0.0 13.527037950000002,51.459299,0.0 13.527214799999998,51.45932795999999,0.0 13.52731712,51.459341769999995,0.0 13.527384229999996,51.45934995999999,0.0</coordinates>
                </LineString>
                <LineString id="19426">
                    <coordinates>13.527384229999996,51.45934995999999,0.0 13.527491089999998,51.45936109999999,0.0 13.527581769999996,51.45936917,0.0</coordinates>
                </LineString>
                <LineString id="19428">
                    <coordinates>13.52795429,51.45940458999999,0.0 13.52814109,51.45942681999999,0.0</coordinates>
                </LineString>
                <LineString id="19430">
                    <coordinates>13.52760396,51.45937113000001,0.0 13.52766634,51.45937735999999,0.0 13.527841740000001,51.45939407999999,0.0 13.52795429,51.45940458999999,0.0</coordinates>
                </LineString>
                <LineString id="19432">
                    <coordinates>13.528868950000001,51.45951212,0.0 13.52887666,51.45951311999999,0.0</coordinates>
                </LineString>
                <LineString id="19434">
                    <coordinates>13.52814109,51.45942681999999,0.0 13.52836754,51.45944983,0.0</coordinates>
                </LineString>
                <LineString id="19436">
                    <coordinates>13.52836754,51.45944983,0.0 13.5285705,51.459472919999996,0.0 13.528791599999998,51.459503049999995,0.0 13.528868950000001,51.45951212,0.0</coordinates>
                </LineString>
                <LineString id="19438">
                    <coordinates>13.52887666,51.45951311999999,0.0 13.528885099999998,51.45951431,0.0</coordinates>
                </LineString>
                <LineString id="19440">
                    <coordinates>13.528939849999999,51.45952120999999,0.0 13.528971470000002,51.45952509,0.0</coordinates>
                </LineString>
                <LineString id="19442">
                    <coordinates>13.528885099999998,51.45951431,0.0 13.528939849999999,51.45952120999999,0.0</coordinates>
                </LineString>
                <LineString id="19444">
                    <coordinates>13.528971470000002,51.45952509,0.0 13.52904487,51.45953266,0.0 13.52910983,51.459540409999995,0.0 13.52919985,51.45955002999999,0.0</coordinates>
                </LineString>
                <LineString id="19446">
                    <coordinates>13.52919985,51.45955002999999,0.0 13.52921958,51.459552339999995,0.0</coordinates>
                </LineString>
                <LineString id="19448">
                    <coordinates>13.528847,51.45938670999999,0.0 13.528832599999998,51.45931919,0.0 13.52881531,51.45922548,0.0 13.5288001,51.45914129999999,0.0</coordinates>
                </LineString>
                <LineString id="19450">
                    <coordinates>13.52624903,51.45912113000001,0.0 13.52626653,51.45915928,0.0 13.52628954,51.45917937,0.0 13.526364109999996,51.45918636999999,0.0</coordinates>
                </LineString>
                <LineString id="19452">
                    <coordinates>13.526371660000002,51.45928057,0.0 13.526372769999998,51.459290119999984,0.0 13.526361629999998,51.459291490000005,0.0 13.526343509999998,51.459323309999995,0.0 13.526390239999998,51.45941626,0.0</coordinates>
                </LineString>
                <LineString id="19454">
                    <coordinates>13.52647364,51.45959736,0.0 13.52650179,51.45966009,0.0 13.52652528,51.45970363,0.0</coordinates>
                </LineString>
                <LineString id="19456">
                    <coordinates>13.526456099999999,51.45956051999999,0.0 13.52647364,51.45959736,0.0</coordinates>
                </LineString>
                <LineString id="19458">
                    <coordinates>13.52652528,51.45970363,0.0 13.52652926,51.4597113,0.0</coordinates>
                </LineString>
                <LineString id="19460">
                    <coordinates>13.526567630000002,51.459791689999996,0.0 13.526615109999996,51.459893029999996,0.0</coordinates>
                </LineString>
                <LineString id="19462">
                    <coordinates>13.52652926,51.4597113,0.0 13.5265593,51.45977515999999,0.0 13.526567630000002,51.459791689999996,0.0</coordinates>
                </LineString>
                <LineString id="19464">
                    <coordinates>13.5266271,51.45992176000001,0.0 13.526624219999999,51.45991383,0.0</coordinates>
                </LineString>
                <LineString id="19466">
                    <coordinates>13.526624219999999,51.45991383,0.0 13.526615109999996,51.459893029999996,0.0</coordinates>
                </LineString>
                <LineString id="19468">
                    <coordinates>13.5266271,51.45992176000001,0.0 13.52664854,51.45996677999999,0.0 13.526669959999998,51.46001368999998,0.0</coordinates>
                </LineString>
                <LineString id="19470">
                    <coordinates>13.52668995,51.46005531,0.0 13.526685340000002,51.460046289999994,0.0</coordinates>
                </LineString>
                <LineString id="19472">
                    <coordinates>13.526669959999998,51.46001368999998,0.0 13.526685340000002,51.460046289999994,0.0</coordinates>
                </LineString>
                <LineString id="19474">
                    <coordinates>13.52668995,51.46005531,0.0 13.526693109999998,51.46006214,0.0</coordinates>
                </LineString>
                <LineString id="19476">
                    <coordinates>13.526693109999998,51.46006214,0.0 13.52671427,51.46010803,0.0</coordinates>
                </LineString>
                <LineString id="19478">
                    <coordinates>13.526730269999998,51.460146179999995,0.0 13.526726399999998,51.460137159999995,0.0</coordinates>
                </LineString>
                <LineString id="19480">
                    <coordinates>13.526726399999998,51.460137159999995,0.0 13.52671427,51.46010803,0.0</coordinates>
                </LineString>
                <LineString id="19482">
                    <coordinates>13.526730269999998,51.460146179999995,0.0 13.52676096,51.460217529999994,0.0</coordinates>
                </LineString>
                <LineString id="19484">
                    <coordinates>13.526782679999998,51.460255839999995,0.0 13.526792279999999,51.46027624,0.0</coordinates>
                </LineString>
                <LineString id="19486">
                    <coordinates>13.52676096,51.460217529999994,0.0 13.52676865,51.46023107,0.0</coordinates>
                </LineString>
                <LineString id="19488">
                    <coordinates>13.52676865,51.46023107,0.0 13.526782679999998,51.460255839999995,0.0</coordinates>
                </LineString>
                <LineString id="19490">
                    <coordinates>13.52682225,51.46034062999999,0.0 13.52682416,51.46034652999999,0.0 13.526807419999999,51.46035145999999,0.0</coordinates>
                </LineString>
                <LineString id="19492">
                    <coordinates>13.526792279999999,51.46027624,0.0 13.52682225,51.46034062999999,0.0</coordinates>
                </LineString>
                <LineString id="19494">
                    <coordinates>13.526807419999999,51.46035145999999,0.0 13.526715099999999,51.46037075999999,0.0</coordinates>
                </LineString>
                <LineString id="19496">
                    <coordinates>13.526715099999999,51.46037075999999,0.0 13.52670243,51.46034261999999,0.0 13.526678149999999,51.46028807,0.0</coordinates>
                </LineString>
                <LineString id="19498">
                    <coordinates>13.526678149999999,51.46028807,0.0 13.526643709999998,51.46020742999999,0.0 13.526619819999999,51.46015289999999,0.0</coordinates>
                </LineString>
                <LineString id="19500">
                    <coordinates>13.526715099999999,51.46037075999999,0.0 13.52673376,51.46041785999999,0.0</coordinates>
                </LineString>
                <LineString id="19502">
                    <coordinates>13.52675046,51.460452359999984,0.0 13.526801870000002,51.46057265,0.0 13.526731039999998,51.460598489999995,0.0 13.52655611,51.460652679999995,0.0</coordinates>
                </LineString>
                <LineString id="19504">
                    <coordinates>13.52673376,51.46041785999999,0.0 13.52675046,51.460452359999984,0.0</coordinates>
                </LineString>
                <LineString id="19506">
                    <coordinates>13.52655611,51.460652679999995,0.0 13.52627818,51.4607379,0.0 13.52619373,51.46076955,0.0 13.526099629999997,51.46083238999999,0.0</coordinates>
                </LineString>
                <LineString id="19508">
                    <coordinates>13.527146129999998,51.46155629999999,0.0 13.527166279999998,51.46157148,0.0 13.52717997,51.46158267,0.0</coordinates>
                </LineString>
                <LineString id="19510">
                    <coordinates>13.52370952,51.459752589999994,0.0 13.52369876,51.45974726,0.0</coordinates>
                </LineString>
                <LineString id="19512">
                    <coordinates>13.523677279999998,51.45973689999999,0.0 13.52368626,51.45974089,0.0</coordinates>
                </LineString>
                <LineString id="19514">
                    <coordinates>13.52368623,51.45975621,0.0 13.52369876,51.45974726,0.0</coordinates>
                </LineString>
                <LineString id="19516">
                    <coordinates>13.523593419999997,51.45982198,0.0 13.523532369999998,51.4597914,0.0 13.52347852,51.459774540000005,0.0</coordinates>
                </LineString>
                <LineString id="19518">
                    <coordinates>13.523601189999999,51.45981656,0.0 13.523593419999997,51.45982198,0.0</coordinates>
                </LineString>
                <LineString id="19520">
                    <coordinates>13.524170189999998,51.46010690000001,0.0 13.5242722,51.46015641,0.0 13.52430506,51.460172760000006,0.0 13.524310240000002,51.46017552,0.0 13.52431296,51.460178320000004,0.0 13.524314399999996,51.46018155999999,0.0 13.524314829999998,51.46018485999999,0.0 13.5243153,51.4601889,0.0 13.52431582,51.46019421999999,0.0 13.524316509999997,51.46020967,0.0 13.524312729999998,51.46022342999999,0.0</coordinates>
                </LineString>
                <LineString id="19522">
                    <coordinates>13.523593419999997,51.45982198,0.0 13.523635000000002,51.45984286,0.0 13.523672120000002,51.45986184000001,0.0 13.523707250000001,51.45987976000001,0.0</coordinates>
                </LineString>
                <LineString id="19524">
                    <coordinates>13.52404649,51.46004932,0.0 13.524170189999998,51.46010690000001,0.0</coordinates>
                </LineString>
                <LineString id="19526">
                    <coordinates>13.52423381,51.46000456,0.0 13.524171539999998,51.45997700999999,0.0 13.524143919999998,51.45996568999999,0.0</coordinates>
                </LineString>
                <LineString id="19528">
                    <coordinates>13.524143919999998,51.45996568999999,0.0 13.52404649,51.46004932,0.0</coordinates>
                </LineString>
                <LineString id="19530">
                    <coordinates>13.524143919999998,51.45996568999999,0.0 13.52408572,51.45994083,0.0 13.524040590000002,51.45991964000001,0.0</coordinates>
                </LineString>
                <LineString id="19532">
                    <coordinates>13.523846900000002,51.45982162,0.0 13.523829839999998,51.459812920000005,0.0 13.523801350000001,51.45979849,0.0</coordinates>
                </LineString>
                <LineString id="19534">
                    <coordinates>13.524040590000002,51.45991964000001,0.0 13.523970449999998,51.459885359999994,0.0 13.523898859999996,51.459848449999996,0.0 13.523846900000002,51.45982162,0.0</coordinates>
                </LineString>
                <LineString id="19536">
                    <coordinates>13.523801350000001,51.45979849,0.0 13.5237724,51.45978389999999,0.0 13.523763719999998,51.45977902999999,0.0</coordinates>
                </LineString>
                <LineString id="19538">
                    <coordinates>13.52427429,51.460024149999995,0.0 13.52423381,51.46000456,0.0</coordinates>
                </LineString>
                <LineString id="19540">
                    <coordinates>13.524440110000002,51.46010666000001,0.0 13.52440994,51.46009160999999,0.0 13.524350270000001,51.46006165,0.0 13.524296209999997,51.46003476999999,0.0 13.52427429,51.460024149999995,0.0</coordinates>
                </LineString>
                <LineString id="19542">
                    <coordinates>13.525023739999998,51.46038397,0.0 13.524958359999998,51.4603522,0.0 13.52491184,51.46032986,0.0 13.52485722,51.46030316,0.0 13.524835189999997,51.46029255999999,0.0</coordinates>
                </LineString>
                <LineString id="19544">
                    <coordinates>13.52502962,51.46038683999999,0.0 13.525023739999998,51.46038397,0.0</coordinates>
                </LineString>
                <LineString id="19546">
                    <coordinates>13.525224729999998,51.46048419,0.0 13.52503763,51.46039146,0.0</coordinates>
                </LineString>
                <LineString id="19548">
                    <coordinates>13.52503763,51.46039146,0.0 13.52502962,51.46038683999999,0.0</coordinates>
                </LineString>
                <LineString id="19550">
                    <coordinates>13.525294450000002,51.46052087,0.0 13.525224729999998,51.46048419,0.0</coordinates>
                </LineString>
                <LineString id="19552">
                    <coordinates>13.525529560000003,51.46063673,0.0 13.52547874,51.460611549999996,0.0 13.52543213,51.460588359999996,0.0 13.525383410000002,51.46056419000001,0.0 13.52530582,51.46052672,0.0</coordinates>
                </LineString>
                <LineString id="19554">
                    <coordinates>13.525599239999998,51.46066851,0.0 13.525529560000003,51.46063673,0.0</coordinates>
                </LineString>
                <LineString id="19556">
                    <coordinates>13.525611379999999,51.460674739999995,0.0 13.525599239999998,51.46066851,0.0</coordinates>
                </LineString>
                <LineString id="19558">
                    <coordinates>13.52571817,51.46072849000001,0.0 13.525660640000002,51.460699299999995,0.0 13.525611379999999,51.460674739999995,0.0</coordinates>
                </LineString>
                <LineString id="19560">
                    <coordinates>13.525747689999998,51.46074424999999,0.0 13.52571817,51.46072849000001,0.0</coordinates>
                </LineString>
                <LineString id="19562">
                    <coordinates>13.525801379999999,51.46075959,0.0 13.525781730000002,51.46075554,0.0 13.525774709999999,51.46075387999999,0.0 13.525747689999998,51.46074424999999,0.0</coordinates>
                </LineString>
                <LineString id="19564">
                    <coordinates>13.514706120000001,51.46104370999999,0.0 13.51482702,51.46105237,0.0 13.51495838,51.46106097,0.0</coordinates>
                </LineString>
                <LineString id="19566">
                    <coordinates>13.51469586,51.46104296000001,0.0 13.514706120000001,51.46104370999999,0.0</coordinates>
                </LineString>
                <LineString id="19568">
                    <coordinates>13.514440140000001,51.46102477,0.0 13.5144535,51.46102542,0.0 13.51458487,51.46103527,0.0 13.51469586,51.46104296000001,0.0</coordinates>
                </LineString>
                <LineString id="19570">
                    <coordinates>13.5143788,51.4610195,0.0 13.51441697,51.461021859999995,0.0 13.51442861,51.46102414999999,0.0 13.514440140000001,51.46102477,0.0</coordinates>
                </LineString>
                <LineString id="19572">
                    <coordinates>13.514321260000001,51.46101569999999,0.0 13.514288509999998,51.461017070000004,0.0 13.51424578,51.46101818,0.0 13.514090989999998,51.461013380000004,0.0</coordinates>
                </LineString>
                <LineString id="19574">
                    <coordinates>13.514090989999998,51.461013380000004,0.0 13.513976660000003,51.46100743,0.0 13.51366517,51.46098818,0.0</coordinates>
                </LineString>
                <LineString id="19576">
                    <coordinates>13.51366517,51.46098818,0.0 13.51357324,51.46098271,0.0 13.51353265,51.46097408000001,0.0 13.513317610000001,51.460963199999995,0.0 13.513156179999998,51.46095367,0.0 13.513048680000002,51.46094889999999,0.0</coordinates>
                </LineString>
                <LineString id="19578">
                    <coordinates>13.513048680000002,51.46094889999999,0.0 13.512932999999999,51.46094437999999,0.0 13.51279059,51.46094413,0.0</coordinates>
                </LineString>
                <LineString id="19580">
                    <coordinates>13.51279059,51.46094413,0.0 13.512688280000003,51.460937810000004,0.0 13.512566139999999,51.46092881999999,0.0 13.51246075,51.46091961,0.0 13.51242626,51.46091666,0.0 13.51238671,51.460914179999996,0.0 13.51233554,51.46090817999999,0.0</coordinates>
                </LineString>
                <LineString id="19582">
                    <coordinates>13.51233554,51.46090817999999,0.0 13.512190689999997,51.460891669999995,0.0 13.51207493,51.460880089999996,0.0</coordinates>
                </LineString>
                <LineString id="19584">
                    <coordinates>13.51207493,51.460880089999996,0.0 13.512023499999998,51.46087150999999,0.0 13.511977540000002,51.46086322,0.0 13.51193379,51.460850949999994,0.0</coordinates>
                </LineString>
                <LineString id="19586">
                    <coordinates>13.51193379,51.460850949999994,0.0 13.511778999999999,51.46084052999999,0.0 13.51148566,51.46081985000001,0.0 13.511406440000002,51.46081323000001,0.0 13.51133503,51.460816279999996,0.0 13.511316979999998,51.46081607,0.0 13.51119163,51.460811369999995,0.0</coordinates>
                </LineString>
                <LineString id="19588">
                    <coordinates>13.51119163,51.460811369999995,0.0 13.51114899,51.46080628,0.0 13.511066740000002,51.46079425999999,0.0</coordinates>
                </LineString>
                <LineString id="19590">
                    <coordinates>13.511066740000002,51.46079425999999,0.0 13.51107705,51.460785369999996,0.0 13.51108155,51.46076520999999,0.0 13.51111222,51.46069735,0.0</coordinates>
                </LineString>
                <LineString id="19592">
                    <coordinates>13.51111222,51.46069735,0.0 13.511135719999999,51.46065294,0.0</coordinates>
                </LineString>
                <LineString id="19594">
                    <coordinates>13.511135719999999,51.46065294,0.0 13.51115328,51.46062076,0.0 13.511195599999999,51.46052893,0.0 13.51121772,51.46043473,0.0 13.51123962,51.460342360000006,0.0 13.511242710000001,51.46033173000001,0.0</coordinates>
                </LineString>
                <LineString id="19596">
                    <coordinates>13.511242710000001,51.46033173000001,0.0 13.511253380000001,51.46029401,0.0</coordinates>
                </LineString>
                <LineString id="19598">
                    <coordinates>13.511253380000001,51.46029401,0.0 13.51126232,51.46026572,0.0 13.511278709999997,51.46021413,0.0 13.511289800000002,51.46017899,0.0 13.51129712,51.460156239999996,0.0</coordinates>
                </LineString>
                <LineString id="19600">
                    <coordinates>13.51131067,51.46011518,0.0 13.511331049999997,51.46005034999999,0.0 13.51133454,51.46004019,0.0</coordinates>
                </LineString>
                <LineString id="19602">
                    <coordinates>13.51133454,51.46004019,0.0 13.511336689999998,51.46003368,0.0 13.51133726,51.460029920000004,0.0</coordinates>
                </LineString>
                <LineString id="19604">
                    <coordinates>13.51133726,51.460029920000004,0.0 13.51133769,51.460026539999994,0.0</coordinates>
                </LineString>
                <LineString id="19606">
                    <coordinates>13.51133769,51.460026539999994,0.0 13.51133866,51.46001934,0.0 13.511337059999999,51.460010049999994,0.0 13.511327769999998,51.459999339999996,0.0 13.51131421,51.459991769999995,0.0 13.511292670000001,51.45998742,0.0 13.51124647,51.459982530000005,0.0 13.511174820000003,51.45998036,0.0 13.511115409999999,51.459984959999986,0.0 13.511076489999999,51.45998689000001,0.0 13.511040269999999,51.459989730000004,0.0</coordinates>
                </LineString>
                <LineString id="19608">
                    <coordinates>13.511040269999999,51.459989730000004,0.0 13.510934479999996,51.460013339999996,0.0</coordinates>
                </LineString>
                <LineString id="19610">
                    <coordinates>13.510934479999996,51.460013339999996,0.0 13.51074536,51.45999445999999,0.0 13.510622389999998,51.45994876999999,0.0</coordinates>
                </LineString>
                <LineString id="19612">
                    <coordinates>13.510622389999998,51.45994876999999,0.0 13.51047375,51.459893269999995,0.0</coordinates>
                </LineString>
                <LineString id="19614">
                    <coordinates>13.51047375,51.459893269999995,0.0 13.5103398,51.45986283,0.0</coordinates>
                </LineString>
                <LineString id="19616">
                    <coordinates>13.5103398,51.45986283,0.0 13.51027438,51.45985443000001,0.0 13.510226679999997,51.45984494,0.0 13.510134750000002,51.45982517,0.0</coordinates>
                </LineString>
                <LineString id="19618">
                    <coordinates>13.510134750000002,51.45982517,0.0 13.51005303,51.459810520000005,0.0 13.509953839999998,51.45979525,0.0 13.50986592,51.45978273,0.0 13.50976456,51.45976614,0.0</coordinates>
                </LineString>
                <LineString id="19620">
                    <coordinates>13.50976456,51.45976614,0.0 13.50968099,51.459744939999986,0.0 13.509630789999997,51.45973673999999,0.0 13.509566640000001,51.45972869,0.0 13.509431809999999,51.45971458999999,0.0</coordinates>
                </LineString>
                <LineString id="19622">
                    <coordinates>13.509431809999999,51.45971458999999,0.0 13.509370749999999,51.45970483,0.0 13.509241979999997,51.45968124,0.0 13.50909146,51.45965396,0.0</coordinates>
                </LineString>
                <LineString id="19624">
                    <coordinates>13.50909146,51.45965396,0.0 13.50899083,51.45963698,0.0 13.50888742,51.459620230000006,0.0 13.508840059999999,51.45961617,0.0 13.508795369999998,51.45961343999999,0.0 13.508764729999998,51.45960527999999,0.0</coordinates>
                </LineString>
                <LineString id="19626">
                    <coordinates>13.508764729999998,51.45960527999999,0.0 13.50868296,51.45958200999999,0.0 13.508539279999999,51.45954700999999,0.0</coordinates>
                </LineString>
                <LineString id="19628">
                    <coordinates>13.508539279999999,51.45954700999999,0.0 13.508506379999996,51.45953846,0.0</coordinates>
                </LineString>
                <LineString id="19630">
                    <coordinates>13.508506379999996,51.45953846,0.0 13.50844813,51.459525219999996,0.0 13.50835939,51.45951006999999,0.0 13.508228549999998,51.45949198999999,0.0 13.5082055,51.459488449999995,0.0</coordinates>
                </LineString>
                <LineString id="19632">
                    <coordinates>13.5082055,51.459488449999995,0.0 13.50809857,51.45946563999999,0.0</coordinates>
                </LineString>
                <LineString id="19634">
                    <coordinates>13.50809857,51.45946563999999,0.0 13.5080394,51.45945116,0.0</coordinates>
                </LineString>
                <LineString id="19636">
                    <coordinates>13.5080394,51.45945116,0.0 13.507971219999998,51.45943260999999,0.0 13.507889000000002,51.45941058,0.0 13.507801669999997,51.459387119999995,0.0</coordinates>
                </LineString>
                <LineString id="19638">
                    <coordinates>13.507801669999997,51.459387119999995,0.0 13.50771135,51.45936203,0.0 13.507653399999999,51.45934603,0.0 13.507558389999996,51.459325589999985,0.0</coordinates>
                </LineString>
                <LineString id="19640">
                    <coordinates>13.507558389999996,51.459325589999985,0.0 13.507516450000002,51.45931526,0.0</coordinates>
                </LineString>
                <LineString id="19642">
                    <coordinates>13.507516450000002,51.45931526,0.0 13.50745182,51.45929939999999,0.0</coordinates>
                </LineString>
                <LineString id="19644">
                    <coordinates>13.50745182,51.45929939999999,0.0 13.50737528,51.45927955999999,0.0 13.50723235,51.45923912000001,0.0 13.50713372,51.45921386,0.0 13.50710191,51.45920546999999,0.0</coordinates>
                </LineString>
                <LineString id="19646">
                    <coordinates>13.50710191,51.45920546999999,0.0 13.506910169999998,51.45915114999998,0.0 13.506717310000003,51.459108070000006,0.0</coordinates>
                </LineString>
                <LineString id="19648">
                    <coordinates>13.506717310000003,51.459108070000006,0.0 13.506663699999999,51.459091859999994,0.0</coordinates>
                </LineString>
                <LineString id="19650">
                    <coordinates>13.506663699999999,51.459091859999994,0.0 13.506651910000002,51.459086680000006,0.0</coordinates>
                </LineString>
                <LineString id="19652">
                    <coordinates>13.506651910000002,51.459086680000006,0.0 13.506556219999998,51.4590553,0.0 13.50651577,51.45903953,0.0 13.50641541,51.45900058000001,0.0</coordinates>
                </LineString>
                <LineString id="19654">
                    <coordinates>13.50641541,51.45900058000001,0.0 13.506445089999998,51.45896078,0.0 13.506484199999997,51.458917539999995,0.0 13.50652648,51.45887402,0.0 13.50658925,51.458803790000005,0.0</coordinates>
                </LineString>
                <LineString id="19656">
                    <coordinates>13.50658925,51.458803790000005,0.0 13.506633679999998,51.45874899999999,0.0 13.50668373,51.458687610000005,0.0 13.50672823,51.45863613,0.0 13.50677324,51.45858514999999,0.0 13.50682304,51.45853020999999,0.0 13.50686138,51.4584817,0.0</coordinates>
                </LineString>
                <LineString id="19658">
                    <coordinates>13.50686138,51.4584817,0.0 13.50686612,51.458475779999986,0.0</coordinates>
                </LineString>
                <LineString id="19660">
                    <coordinates>13.50686612,51.458475779999986,0.0 13.50689657,51.458437939999996,0.0 13.50693109,51.45839972,0.0</coordinates>
                </LineString>
                <LineString id="19662">
                    <coordinates>13.50693109,51.45839972,0.0 13.50695969,51.45836598,0.0 13.507007980000001,51.458311640000005,0.0 13.507026979999997,51.458290119999994,0.0 13.50706439,51.458241999999984,0.0</coordinates>
                </LineString>
                <LineString id="19664">
                    <coordinates>13.50706439,51.458241999999984,0.0 13.507107340000001,51.45819178,0.0 13.507118369999999,51.45817757,0.0 13.50717746,51.45809942000001,0.0 13.507227029999997,51.45802675000001,0.0 13.507276539999998,51.45794767,0.0</coordinates>
                </LineString>
                <LineString id="19666">
                    <coordinates>13.507276539999998,51.45794767,0.0 13.507315739999997,51.457882459999986,0.0 13.507345349999996,51.45781784,0.0 13.50738041,51.457722569999994,0.0 13.50739045,51.45767361,0.0</coordinates>
                </LineString>
                <LineString id="19668">
                    <coordinates>13.50739045,51.45767361,0.0 13.50739199,51.457667239999985,0.0</coordinates>
                </LineString>
                <LineString id="19670">
                    <coordinates>13.50739199,51.457667239999985,0.0 13.50739783,51.45763809,0.0 13.50739943,51.457610779999996,0.0 13.507394999999999,51.457538969999995,0.0 13.507391459999997,51.45748649,0.0</coordinates>
                </LineString>
                <LineString id="19672">
                    <coordinates>13.52596105,51.46076917999999,0.0 13.525942140000002,51.46076308,0.0 13.52592979,51.46076131,0.0 13.525918189999997,51.46076111999999,0.0 13.52590197,51.46076270999999,0.0 13.52587408,51.460764799999986,0.0 13.5258479,51.46076462999999,0.0 13.525837929999998,51.460764469999994,0.0 13.525826359999998,51.46076391,0.0 13.52581188,51.46076165,0.0 13.525801379999999,51.46075959,0.0</coordinates>
                </LineString>
                <LineString id="19674">
                    <coordinates>13.5263136,51.461004949999996,0.0 13.526326989999998,51.46100847999999,0.0 13.526348629999998,51.461018849999995,0.0</coordinates>
                </LineString>
                <LineString id="19676">
                    <coordinates>13.52626803,51.46098634,0.0 13.52629601,51.46099835999999,0.0 13.5263136,51.461004949999996,0.0</coordinates>
                </LineString>
                <LineString id="19678">
                    <coordinates>13.526348629999998,51.461018849999995,0.0 13.526400710000003,51.46104717,0.0</coordinates>
                </LineString>
                <LineString id="19680">
                    <coordinates>13.526400710000003,51.46104717,0.0 13.526416589999998,51.461055739999985,0.0</coordinates>
                </LineString>
                <LineString id="19682">
                    <coordinates>13.526416589999998,51.461055739999985,0.0 13.52643476,51.461065500000004,0.0</coordinates>
                </LineString>
                <LineString id="19684">
                    <coordinates>13.52643476,51.461065500000004,0.0 13.526474549999998,51.46108676999999,0.0 13.526510719999997,51.46110545,0.0 13.52654738,51.46112573,0.0</coordinates>
                </LineString>
                <LineString id="19686">
                    <coordinates>13.52654738,51.46112573,0.0 13.526581349999999,51.46114408999999,0.0 13.526615289999999,51.46116321,0.0 13.526650180000003,51.46118339000001,0.0 13.526685729999999,51.461203379999986,0.0 13.52673193,51.46123219999999,0.0</coordinates>
                </LineString>
                <LineString id="19688">
                    <coordinates>13.52673193,51.46123219999999,0.0 13.526755309999999,51.46124752,0.0</coordinates>
                </LineString>
                <LineString id="19690">
                    <coordinates>13.526755309999999,51.46124752,0.0 13.52678487,51.46126828999999,0.0 13.52682357,51.461293899999994,0.0 13.52685622,51.461316399999994,0.0 13.52688529,51.46133657,0.0 13.5269318,51.46136959999999,0.0</coordinates>
                </LineString>
                <LineString id="19692">
                    <coordinates>13.5269318,51.46136959999999,0.0 13.52701475,51.46143745,0.0 13.52710877,51.46150814000001,0.0 13.52711057,51.46151605,0.0 13.527113429999998,51.46152101999999,0.0 13.527123849999999,51.46153068999999,0.0</coordinates>
                </LineString>
                <LineString id="19694">
                    <coordinates>13.527129399999996,51.46153714999998,0.0 13.527132719999999,51.46154146,0.0 13.527146129999998,51.46155629999999,0.0</coordinates>
                </LineString>
                <LineString id="19696">
                    <coordinates>13.527123849999999,51.46153068999999,0.0 13.527129399999996,51.46153714999998,0.0</coordinates>
                </LineString>
                <LineString id="19698">
                    <coordinates>13.527574579999998,51.46191315,0.0 13.527534969999998,51.46186891999999,0.0 13.527389300000001,51.46172011,0.0 13.52733003,51.46165252,0.0 13.527321439999998,51.46164460999999,0.0 13.527300489999996,51.46163659999999,0.0 13.527272949999999,51.46163145999999,0.0 13.52724153,51.46162102000001,0.0 13.52723052,51.46161664,0.0</coordinates>
                </LineString>
                <LineString id="19700">
                    <coordinates>13.52723052,51.46161664,0.0 13.527282559999998,51.46162356999999,0.0 13.52734736,51.46163274999999,0.0 13.527400609999999,51.46164174,0.0 13.527426419999998,51.461644529999994,0.0</coordinates>
                </LineString>
                <LineString id="19702">
                    <coordinates>13.52574214,51.4608414,0.0 13.525722139999997,51.460757759999986,0.0</coordinates>
                </LineString>
                <LineString id="19704">
                    <coordinates>13.525722139999997,51.460757759999986,0.0 13.52571817,51.46072849000001,0.0</coordinates>
                </LineString>
                <LineString id="19706">
                    <coordinates>13.525745989999999,51.46086379,0.0 13.525705539999999,51.46084366,0.0</coordinates>
                </LineString>
                <LineString id="19708">
                    <coordinates>13.525705539999999,51.46084366,0.0 13.52569552,51.46083941,0.0 13.525593659999998,51.460791449999995,0.0 13.525500759999998,51.46074904,0.0</coordinates>
                </LineString>
                <LineString id="19710">
                    <coordinates>13.52493146,51.46046908,0.0 13.524895729999999,51.46045246,0.0</coordinates>
                </LineString>
                <LineString id="19712">
                    <coordinates>13.525005230000001,51.460506429999995,0.0 13.52493146,51.46046908,0.0</coordinates>
                </LineString>
                <LineString id="19714">
                    <coordinates>13.524895729999999,51.46045246,0.0 13.524830659999997,51.46042115,0.0</coordinates>
                </LineString>
                <LineString id="19716">
                    <coordinates>13.524830659999997,51.46042115,0.0 13.524745850000002,51.46037942000001,0.0 13.524696359999998,51.460355449999994,0.0</coordinates>
                </LineString>
                <LineString id="19718">
                    <coordinates>13.52461844,51.46031853,0.0 13.5245564,51.46029037,0.0</coordinates>
                </LineString>
                <LineString id="19720">
                    <coordinates>13.5246349,51.46032494,0.0 13.52461844,51.46031853,0.0</coordinates>
                </LineString>
                <LineString id="19722">
                    <coordinates>13.524696359999998,51.460355449999994,0.0 13.5246349,51.46032494,0.0</coordinates>
                </LineString>
                <LineString id="19724">
                    <coordinates>13.5245564,51.46029037,0.0 13.524512769999998,51.460269969999985,0.0 13.524460400000002,51.46027045999999,0.0 13.52445571,51.46027826,0.0</coordinates>
                </LineString>
                <LineString id="19726">
                    <coordinates>13.5244251,51.46030629,0.0 13.52428732,51.46027466000001,0.0</coordinates>
                </LineString>
                <LineString id="19728">
                    <coordinates>13.52428732,51.46027466000001,0.0 13.524312729999998,51.46022342999999,0.0</coordinates>
                </LineString>
                <LineString id="19730">
                    <coordinates>13.52574214,51.4608414,0.0 13.525745989999999,51.46086379,0.0</coordinates>
                </LineString>
                <LineString id="19732">
                    <coordinates>13.52586248,51.46091992,0.0 13.525956999999998,51.46096432999999,0.0 13.52602284,51.460996220000006,0.0</coordinates>
                </LineString>
                <LineString id="19734">
                    <coordinates>13.525745989999999,51.46086379,0.0 13.525797779999998,51.460888579999995,0.0 13.52586248,51.46091992,0.0</coordinates>
                </LineString>
                <LineString id="19736">
                    <coordinates>13.526160349999998,51.46106543999999,0.0 13.52603457,51.46100234,0.0</coordinates>
                </LineString>
                <LineString id="19738">
                    <coordinates>13.52603457,51.46100234,0.0 13.52602284,51.460996220000006,0.0</coordinates>
                </LineString>
                <LineString id="19740">
                    <coordinates>13.536023559999999,51.46710769999999,0.0 13.536052969999998,51.46711395,0.0 13.536062319999997,51.46711505999999,0.0 13.53607054,51.467115359999994,0.0 13.53607962,51.4671155,0.0 13.53608858,51.467115189999994,0.0 13.53609901,51.46711376999999,0.0 13.536109190000001,51.467111020000004,0.0 13.53611969,51.46710705,0.0 13.53612671,51.46710355,0.0 13.536132319999998,51.46709923,0.0 13.536144039999998,51.467087969999994,0.0</coordinates>
                </LineString>
                <LineString id="19742">
                    <coordinates>13.53621555,51.46695822,0.0 13.5362166,51.46697165999999,0.0 13.53621676,51.46697606999999,0.0 13.53621176,51.46699425,0.0 13.53614463,51.46708745,0.0</coordinates>
                </LineString>
                <LineString id="19744">
                    <coordinates>13.531315459999998,51.46559966,0.0 13.53133921,51.46561067,0.0 13.53145565,51.46565914999999,0.0 13.53178158,51.46580432999999,0.0</coordinates>
                </LineString>
                <LineString id="19746">
                    <coordinates>13.532767559999998,51.46628560999999,0.0 13.532927899999999,51.46634958999999,0.0 13.53298535,51.46637525999999,0.0</coordinates>
                </LineString>
                <LineString id="19748">
                    <coordinates>13.53269364,51.466254219999996,0.0 13.532699159999996,51.46631717999999,0.0 13.532724479999999,51.46652195,0.0 13.53274258,51.46665324999999,0.0 13.53274828,51.46670891,0.0 13.5326819,51.466710909999996,0.0</coordinates>
                </LineString>
                <LineString id="19750">
                    <coordinates>13.531833640000002,51.465833710000005,0.0 13.53206371,51.46596583,0.0 13.53229802,51.46607943,0.0 13.53257132,51.46620313999999,0.0 13.53269364,51.466254219999996,0.0</coordinates>
                </LineString>
                <LineString id="19752">
                    <coordinates>13.513100629999997,51.46190595,0.0 13.51310154,51.461885509999995,0.0</coordinates>
                </LineString>
                <LineString id="19754">
                    <coordinates>13.51313706,51.461700019999995,0.0 13.513142809999998,51.46165223999999,0.0</coordinates>
                </LineString>
                <LineString id="19756">
                    <coordinates>13.51310154,51.461885509999995,0.0 13.513130189999998,51.46173524,0.0</coordinates>
                </LineString>
                <LineString id="19758">
                    <coordinates>13.513130189999998,51.46173524,0.0 13.51313706,51.461700019999995,0.0</coordinates>
                </LineString>
                <LineString id="19760">
                    <coordinates>13.513023059999998,51.461647129999996,0.0 13.5131316,51.46165273999999,0.0</coordinates>
                </LineString>
                <LineString id="19762">
                    <coordinates>13.5131316,51.46165273999999,0.0 13.513142809999998,51.46165223999999,0.0</coordinates>
                </LineString>
                <LineString id="19764">
                    <coordinates>13.513023059999998,51.461647129999996,0.0 13.51301114,51.46164596,0.0</coordinates>
                </LineString>
                <LineString id="19766">
                    <coordinates>13.513100629999997,51.46190595,0.0 13.513127960000002,51.46189661999999,0.0 13.51316471,51.46190624999999,0.0 13.51343987,51.46178462,0.0 13.51373103,51.46165529999999,0.0 13.51389186,51.461584290000005,0.0 13.51409618,51.46149210999999,0.0</coordinates>
                </LineString>
                <LineString id="19768">
                    <coordinates>13.522440409999998,51.45487936,0.0 13.52248293,51.45489323,0.0</coordinates>
                </LineString>
                <LineString id="19770">
                    <coordinates>13.522440409999998,51.45487936,0.0 13.52228097,51.45483157000001,0.0</coordinates>
                </LineString>
                <LineString id="19772">
                    <coordinates>13.51869588,51.45619365,0.0 13.51869678,51.456185809999994,0.0</coordinates>
                </LineString>
                <LineString id="19774">
                    <coordinates>13.5260899,51.460833699999995,0.0 13.526099629999997,51.46083238999999,0.0</coordinates>
                </LineString>
                <LineString id="19776">
                    <coordinates>13.526070889999998,51.46082173,0.0 13.5260899,51.460833699999995,0.0</coordinates>
                </LineString>
                <LineString id="19778">
                    <coordinates>13.526015419999998,51.46079677,0.0 13.526058439999996,51.46081616,0.0 13.526070889999998,51.46082173,0.0</coordinates>
                </LineString>
                <LineString id="19780">
                    <coordinates>13.526015419999998,51.46079677,0.0 13.525968229999998,51.46077273,0.0 13.52596105,51.46076917999999,0.0</coordinates>
                </LineString>
                <LineString id="19782">
                    <coordinates>13.52921958,51.459552339999995,0.0 13.52923962,51.45955431,0.0</coordinates>
                </LineString>
                <LineString id="19784">
                    <coordinates>13.533235529999997,51.46199392,0.0 13.5332351,51.4620668,0.0</coordinates>
                </LineString>
                <LineString id="19786">
                    <coordinates>13.533147660000001,51.46198926,0.0 13.533235529999997,51.46199392,0.0</coordinates>
                </LineString>
                <LineString id="19788">
                    <coordinates>13.5332351,51.4620668,0.0 13.53323014,51.46222807000001,0.0</coordinates>
                </LineString>
                <LineString id="19790">
                    <coordinates>13.52766957,51.45477745000001,0.0 13.52768846,51.45477650000001,0.0 13.527768910000002,51.45476858000001,0.0 13.527808499999999,51.45476141,0.0 13.527861150000001,51.45474860999999,0.0</coordinates>
                </LineString>
                <LineString id="19792">
                    <coordinates>13.520641329999998,51.46553342999999,0.0 13.5207081,51.46553492,0.0</coordinates>
                </LineString>
                <LineString id="19794">
                    <coordinates>13.520579890000002,51.465520870000006,0.0 13.520619709999998,51.46552362,0.0 13.520637479999998,51.46552376999999,0.0 13.52064982,51.46552452,0.0 13.5207081,51.46553492,0.0</coordinates>
                </LineString>
                <LineString id="19796">
                    <coordinates>13.51910847,51.46539340000001,0.0 13.51909901,51.465395480000005,0.0</coordinates>
                </LineString>
                <LineString id="19798">
                    <coordinates>13.5187529,51.464492899999996,0.0 13.518748739999998,51.46451713,0.0 13.51878394,51.46456655999999,0.0 13.518792159999999,51.46457217999999,0.0</coordinates>
                </LineString>
                <LineString id="19800">
                    <coordinates>13.51845688,51.46322804999999,0.0 13.51842243,51.46326703,0.0 13.51846893,51.46329433,0.0 13.51852308,51.46332785,0.0 13.5185451,51.46334771,0.0</coordinates>
                </LineString>
                <LineString id="19802">
                    <coordinates>13.517652799999999,51.45827849999999,0.0 13.51764982,51.45831075000002,0.0 13.517700119999999,51.45832759999999,0.0</coordinates>
                </LineString>
                <LineString id="19804">
                    <coordinates>13.522236139999997,51.46148603,0.0 13.52220244,51.46149076999998,0.0</coordinates>
                </LineString>
                <LineString id="19806">
                    <coordinates>13.52079206,51.46151412,0.0 13.520802450000001,51.4615082,0.0 13.52082231,51.461500259999994,0.0 13.52085997,51.46149061999999,0.0 13.52106417,51.46141289,0.0 13.52110089,51.46139873999999,0.0 13.521112849999998,51.46139719999999,0.0</coordinates>
                </LineString>
                <LineString id="19808">
                    <coordinates>13.52174158,51.459797729999984,0.0 13.52172794,51.45980443999999,0.0 13.52171769,51.45981153000001,0.0</coordinates>
                </LineString>
                <LineString id="19810">
                    <coordinates>13.52322387,51.45928901,0.0 13.52321729,51.45928428999999,0.0</coordinates>
                </LineString>
                <LineString id="19812">
                    <coordinates>13.52029839,51.457393569999994,0.0 13.520283989999998,51.45743223,0.0</coordinates>
                </LineString>
                <LineString id="19814">
                    <coordinates>13.523889699999998,51.45629465,0.0 13.523887869999998,51.45629709999999,0.0</coordinates>
                </LineString>
                <LineString id="19816">
                    <coordinates>13.524043649999998,51.45600163,0.0 13.52402884,51.45600039999999,0.0</coordinates>
                </LineString>
                <LineString id="19818">
                    <coordinates>13.52398923,51.45603628,0.0 13.524009899999998,51.45601703999999,0.0 13.52402884,51.45600039999999,0.0</coordinates>
                </LineString>
                <LineString id="19820">
                    <coordinates>13.538129600000001,51.46385724000001,0.0 13.53809928,51.463631809999995,0.0</coordinates>
                </LineString>
                <LineString id="19822">
                    <coordinates>13.529106779999998,51.46343893,0.0 13.529112680000003,51.46344223,0.0</coordinates>
                </LineString>
                <LineString id="19824">
                    <coordinates>13.52029902,51.45739197,0.0 13.52048679,51.45741351,0.0</coordinates>
                </LineString>
                <LineString id="19826">
                    <coordinates>13.5304248,51.46247701,0.0 13.530334899999998,51.46247593999998,0.0</coordinates>
                </LineString>
                <LineString id="19828">
                    <coordinates>13.52790049,51.454483540000005,0.0 13.527900839999997,51.45445123,0.0 13.527904650000002,51.454362019999984,0.0 13.52791085,51.454304089999994,0.0</coordinates>
                </LineString>
                <LineString id="19830">
                    <coordinates>13.52785646,51.45398932999999,0.0 13.52785242,51.45389551999999,0.0</coordinates>
                </LineString>
                <LineString id="19832">
                    <coordinates>13.52636887,51.45477742999999,0.0 13.526399410000002,51.45477293,0.0</coordinates>
                </LineString>
                <LineString id="19834">
                    <coordinates>13.52625307,51.45478932,0.0 13.52636887,51.45477742999999,0.0</coordinates>
                </LineString>
                <LineString id="19836">
                    <coordinates>13.518069069999997,51.46416797,0.0 13.517963439999999,51.464198989999986,0.0 13.517874879999999,51.464220759999996,0.0 13.5177512,51.46424194,0.0</coordinates>
                </LineString>
                <LineString id="19838">
                    <coordinates>13.518069069999997,51.46416797,0.0 13.518130660000002,51.46415045,0.0 13.518210740000002,51.464122780000004,0.0 13.518284299999998,51.46410043,0.0 13.518314780000003,51.46409531999999,0.0 13.518331679999998,51.46409487999999,0.0 13.51835663,51.46410502,0.0</coordinates>
                </LineString>
                <LineString id="19840">
                    <coordinates>13.51811165,51.46365518,0.0 13.518145459999998,51.46370360999999,0.0 13.51818706,51.46376136999999,0.0 13.518232709999998,51.4638241,0.0 13.518247729999999,51.46384310999999,0.0 13.51825246,51.463849610000004,0.0 13.5182551,51.46385811,0.0 13.518255910000002,51.463865500000004,0.0 13.51825622,51.46387197999999,0.0 13.51825276,51.46387916,0.0 13.51824611,51.46389224,0.0 13.518237510000002,51.46390551,0.0 13.518229020000001,51.46392041,0.0 13.518224029999999,51.463931239999994,0.0 13.518221359999997,51.463942539999984,0.0 13.518221089999999,51.46395216999999,0.0 13.51822323,51.46396887000001,0.0 13.518236129999998,51.463986559999995,0.0 13.51824662,51.46399954999999,0.0 13.51827857,51.46403771000001,0.0 13.51830045,51.46405923999999,0.0 13.51835663,51.46410502,0.0</coordinates>
                </LineString>
                <LineString id="19842">
                    <coordinates>13.519762479999999,51.45940128999999,0.0 13.51979059,51.45940407999999,0.0</coordinates>
                </LineString>
                <LineString id="19844">
                    <coordinates>13.51844484,51.458434770000004,0.0 13.518573309999999,51.45845274999999,0.0</coordinates>
                </LineString>
                <LineString id="19846">
                    <coordinates>13.5189188,51.45850259,0.0 13.51880993,51.45848616,0.0 13.518617939999999,51.45845937,0.0 13.518573309999999,51.45845274999999,0.0</coordinates>
                </LineString>
                <LineString id="19848">
                    <coordinates>13.5216603,51.4615117,0.0 13.52157456,51.46152279999999,0.0</coordinates>
                </LineString>
                <LineString id="19850">
                    <coordinates>13.521665910000001,51.4615065,0.0 13.5216603,51.4615117,0.0</coordinates>
                </LineString>
                <LineString id="19852">
                    <coordinates>13.52302009,51.45928599,0.0 13.5227906,51.45929077,0.0</coordinates>
                </LineString>
                <LineString id="19854">
                    <coordinates>13.52397254,51.45841672999999,0.0 13.52394922,51.4583939,0.0</coordinates>
                </LineString>
                <LineString id="19856">
                    <coordinates>13.523902040000001,51.458400319999996,0.0 13.52397254,51.45841672999999,0.0</coordinates>
                </LineString>
                <LineString id="19858">
                    <coordinates>13.522654229999999,51.458087609999986,0.0 13.522619100000002,51.45814771,0.0</coordinates>
                </LineString>
                <LineString id="19860">
                    <coordinates>13.522693509999996,51.458163019999986,0.0 13.522619100000002,51.45814771,0.0</coordinates>
                </LineString>
                <LineString id="19862">
                    <coordinates>13.52262109,51.45803866,0.0 13.522616929999998,51.45804981999999,0.0 13.52261544,51.45806183,0.0 13.52261829,51.45806823,0.0 13.522623169999997,51.458073379999995,0.0 13.522631619999999,51.45807918,0.0 13.522640219999996,51.45808358999999,0.0 13.522654229999999,51.458087609999986,0.0</coordinates>
                </LineString>
                <LineString id="19864">
                    <coordinates>13.524043649999998,51.45600163,0.0 13.524144409999996,51.45601474,0.0</coordinates>
                </LineString>
                <LineString id="19866">
                    <coordinates>13.524155849999998,51.45601659999999,0.0 13.524164239999998,51.45600867999998,0.0</coordinates>
                </LineString>
                <LineString id="19868">
                    <coordinates>13.52040371,51.46672062999999,0.0 13.52036845,51.46674751,0.0 13.520314789999999,51.466785249999994,0.0</coordinates>
                </LineString>
                <LineString id="19870">
                    <coordinates>13.52323624,51.45700169999999,0.0 13.523244719999997,51.45700059,0.0 13.523252599999998,51.4569991,0.0</coordinates>
                </LineString>
                <LineString id="19872">
                    <coordinates>13.52091845,51.45935915999999,0.0 13.521177550000003,51.45934404,0.0</coordinates>
                </LineString>
                <LineString id="19874">
                    <coordinates>13.5204947,51.459377999999994,0.0 13.52065377,51.45937065,0.0</coordinates>
                </LineString>
                <LineString id="19876">
                    <coordinates>13.520167449999999,51.45939375,0.0 13.520327409999998,51.459385,0.0</coordinates>
                </LineString>
                <LineString id="19878">
                    <coordinates>13.52217893,51.45930330000001,0.0 13.522240849999998,51.45928665,0.0 13.522252670000002,51.459289039999994,0.0</coordinates>
                </LineString>
                <LineString id="19880">
                    <coordinates>13.5210114,51.46103855,0.0 13.521004709999998,51.46105409999999,0.0</coordinates>
                </LineString>
                <LineString id="19882">
                    <coordinates>13.521037700000003,51.46099345,0.0 13.5210114,51.46103855,0.0</coordinates>
                </LineString>
                <LineString id="19884">
                    <coordinates>13.52171769,51.45981153000001,0.0 13.521705480000001,51.45982399999999,0.0</coordinates>
                </LineString>
                <LineString id="19886">
                    <coordinates>13.52157456,51.46152279999999,0.0 13.52157045,51.46152215,0.0</coordinates>
                </LineString>
                <LineString id="19888">
                    <coordinates>13.52157045,51.46152215,0.0 13.52147998,51.46147671999999,0.0 13.521409879999998,51.46146046999999,0.0 13.521341619999998,51.46144022,0.0 13.521251039999997,51.4614123,0.0</coordinates>
                </LineString>
                <LineString id="19890">
                    <coordinates>13.521823189999997,51.45899816,0.0 13.52178062,51.459036049999995,0.0</coordinates>
                </LineString>
                <LineString id="19892">
                    <coordinates>13.523318269999999,51.45936502,0.0 13.52336588,51.45936334999999,0.0</coordinates>
                </LineString>
                <LineString id="19894">
                    <coordinates>13.523132059999998,51.45890836,0.0 13.52327858,51.45890651,0.0 13.52339794,51.45890493000001,0.0 13.52344397,51.45890423,0.0</coordinates>
                </LineString>
                <LineString id="19896">
                    <coordinates>13.5228133,51.455003809999994,0.0 13.52275599,51.45498604000001,0.0</coordinates>
                </LineString>
                <LineString id="19898">
                    <coordinates>13.524388859999998,51.457232579999996,0.0 13.524351420000002,51.45729048999999,0.0 13.524324399999998,51.45733829,0.0 13.524318459999996,51.457348879999984,0.0</coordinates>
                </LineString>
                <LineString id="19900">
                    <coordinates>13.529273770000001,51.46353725,0.0 13.52932436,51.46358827,0.0 13.52934427,51.46361391,0.0 13.529435879999998,51.463717169999995,0.0</coordinates>
                </LineString>
                <LineString id="19902">
                    <coordinates>13.529385709999998,51.46189471,0.0 13.529454150000001,51.46190587,0.0 13.52946259,51.461907309999994,0.0</coordinates>
                </LineString>
                <LineString id="19904">
                    <coordinates>13.525658990000002,51.461946639999994,0.0 13.525691589999997,51.46189060999998,0.0</coordinates>
                </LineString>
                <LineString id="19906">
                    <coordinates>13.525282759999998,51.46259379,0.0 13.5252361,51.46275373,0.0 13.525158279999998,51.462915519999996,0.0</coordinates>
                </LineString>
                <LineString id="19908">
                    <coordinates>13.522250309999999,51.462418439999986,0.0 13.52239916,51.46241267,0.0</coordinates>
                </LineString>
                <LineString id="19910">
                    <coordinates>13.521615040000002,51.46303465999999,0.0 13.52162052,51.46301951,0.0</coordinates>
                </LineString>
                <LineString id="19912">
                    <coordinates>13.521615040000002,51.46303465999999,0.0 13.521593299999997,51.46310028,0.0</coordinates>
                </LineString>
                <LineString id="19914">
                    <coordinates>13.52884058,51.46511639,0.0 13.5287817,51.46521041,0.0</coordinates>
                </LineString>
                <LineString id="19916">
                    <coordinates>13.52952666,51.46497681999998,0.0 13.529528260000001,51.464982199999994,0.0 13.529598459999999,51.46507269,0.0</coordinates>
                </LineString>
                <LineString id="19918">
                    <coordinates>13.52218153,51.46679761999998,0.0 13.52214867,51.46683065999999,0.0</coordinates>
                </LineString>
                <LineString id="19920">
                    <coordinates>13.51941964,51.46471281999999,0.0 13.519455220000001,51.46470849,0.0</coordinates>
                </LineString>
                <LineString id="19922">
                    <coordinates>13.527153499999999,51.45472275,0.0 13.527153799999999,51.4547951,0.0</coordinates>
                </LineString>
                <LineString id="19924">
                    <coordinates>13.527178929999996,51.454792959999985,0.0 13.527153799999999,51.4547951,0.0</coordinates>
                </LineString>
                <LineString id="19926">
                    <coordinates>13.52422157,51.454250759999994,0.0 13.524213199999998,51.45426361,0.0</coordinates>
                </LineString>
                <LineString id="19928">
                    <coordinates>13.52327982,51.4576088,0.0 13.52331209,51.457637219999995,0.0</coordinates>
                </LineString>
                <LineString id="19930">
                    <coordinates>13.523156789999998,51.457396029999984,0.0 13.5231707,51.45739973,0.0 13.52314985,51.45746864999999,0.0</coordinates>
                </LineString>
                <LineString id="19932">
                    <coordinates>13.524067709999999,51.45793007999999,0.0 13.52417603,51.45793994999999,0.0 13.5244689,51.45795935,0.0 13.524593629999998,51.45796511999999,0.0</coordinates>
                </LineString>
                <LineString id="19934">
                    <coordinates>13.523763719999998,51.45977902999999,0.0 13.523739559999997,51.45976742,0.0 13.52370952,51.459752589999994,0.0</coordinates>
                </LineString>
                <LineString id="19936">
                    <coordinates>13.536201359999998,51.466951089999995,0.0 13.53621555,51.46695822,0.0</coordinates>
                </LineString>
                <LineString id="19938">
                    <coordinates>13.536201359999998,51.466951089999995,0.0 13.53622286,51.46694935000001,0.0</coordinates>
                </LineString>
                <LineString id="19940">
                    <coordinates>13.517656019999999,51.45826418,0.0 13.517657219999998,51.45825976999999,0.0</coordinates>
                </LineString>
                <LineString id="19942">
                    <coordinates>13.51989606,51.45860587,0.0 13.51988797,51.45861431000001,0.0 13.519884489999999,51.45862191999999,0.0</coordinates>
                </LineString>
                <LineString id="19944">
                    <coordinates>13.52445571,51.46027826,0.0 13.52443901,51.46030822000001,0.0 13.5244251,51.46030629,0.0</coordinates>
                </LineString>
                <LineString id="19946">
                    <coordinates>13.52445571,51.46027826,0.0 13.524462810000001,51.460279549999996,0.0</coordinates>
                </LineString>
                <LineString id="19948">
                    <coordinates>13.520840140000002,51.46252488999999,0.0 13.520831059999999,51.46252288999999,0.0</coordinates>
                </LineString>
                <LineString id="19950">
                    <coordinates>13.51985467,51.45746608,0.0 13.519930480000001,51.45747937,0.0 13.520013800000001,51.45749294,0.0 13.520089420000001,51.45750445,0.0 13.52015446,51.45751326,0.0 13.52023936,51.457521109999995,0.0 13.520248379999998,51.45752153,0.0</coordinates>
                </LineString>
                <LineString id="19952">
                    <coordinates>13.52132629,51.46402651,0.0 13.521295980000001,51.46400424,0.0 13.521305489999998,51.46394764,0.0 13.521309159999998,51.46393023,0.0</coordinates>
                </LineString>
                <LineString id="19954">
                    <coordinates>13.529615129999996,51.465889229999995,0.0 13.529610690000002,51.46589798,0.0</coordinates>
                </LineString>
                <LineString id="19956">
                    <coordinates>13.527934769999998,51.45418328000001,0.0 13.527933679999999,51.45419183999999,0.0</coordinates>
                </LineString>
                <LineString id="19958">
                    <coordinates>13.527936030000001,51.45416763,0.0 13.527934769999998,51.45418328000001,0.0</coordinates>
                </LineString>
                <LineString id="19960">
                    <coordinates>13.526693639999998,51.45474879,0.0 13.526659709999999,51.454751609999995,0.0</coordinates>
                </LineString>
                <LineString id="19962">
                    <coordinates>13.526757740000003,51.45474612,0.0 13.52670118,51.454748390000006,0.0</coordinates>
                </LineString>
                <LineString id="19964">
                    <coordinates>13.52530178,51.46052460000001,0.0 13.525294450000002,51.46052087,0.0</coordinates>
                </LineString>
                <LineString id="19966">
                    <coordinates>13.525400319999997,51.460422439999995,0.0 13.525336379999999,51.46049065999999,0.0 13.52530178,51.46052460000001,0.0</coordinates>
                </LineString>
                <LineString id="19968">
                    <coordinates>13.52530582,51.46052672,0.0 13.52530178,51.46052460000001,0.0</coordinates>
                </LineString>
                <LineString id="19970">
                    <coordinates>13.522085269999998,51.46150918999999,0.0 13.52207581,51.461510600000004,0.0</coordinates>
                </LineString>
                <LineString id="19972">
                    <coordinates>13.5220864,51.46150906,0.0 13.522085269999998,51.46150918999999,0.0</coordinates>
                </LineString>
                <LineString id="19974">
                    <coordinates>13.51959957,51.45939249999999,0.0 13.519612710000002,51.45939319000001,0.0</coordinates>
                </LineString>
                <LineString id="19976">
                    <coordinates>13.52238511,51.46151883999999,0.0 13.522383189999998,51.46151832999999,0.0</coordinates>
                </LineString>
                <LineString id="19978">
                    <coordinates>13.5231449,51.4613379,0.0 13.52312961,51.461334109999996,0.0 13.523139230000002,51.46131789999999,0.0 13.52318804,51.461230199999996,0.0 13.523206229999998,51.46123472,0.0 13.523474030000001,51.46129801,0.0 13.52364711,51.46133818,0.0 13.523681229999998,51.46134241999999,0.0 13.5236731,51.46135808999999,0.0</coordinates>
                </LineString>
                <LineString id="19980">
                    <coordinates>13.5236731,51.46135808999999,0.0 13.523585849999998,51.46152451999998,0.0 13.52345245,51.46175739000001,0.0 13.52344935,51.461762369999995,0.0 13.523442250000002,51.46176066000002,0.0 13.52323755,51.46171565,0.0</coordinates>
                </LineString>
                <LineString id="19982">
                    <coordinates>13.525035749999999,51.45662543999999,0.0 13.525182419999998,51.45669459999999,0.0 13.52523874,51.45672145,0.0 13.52531713,51.45666442,0.0 13.525498449999999,51.45680167,0.0 13.52553732,51.45682621999999,0.0 13.52552319,51.45683492999999,0.0</coordinates>
                </LineString>
                <LineString id="19984">
                    <coordinates>13.52486311,51.45488723999999,0.0 13.524868959999997,51.45487779,0.0 13.524869619999997,51.45487082999998,0.0 13.524866329999998,51.454866769999995,0.0 13.52485296,51.454858699999996,0.0 13.52476763,51.45480699,0.0 13.5246249,51.454717509999995,0.0 13.52449465,51.45463971000001,0.0 13.524358819999998,51.454552279999994,0.0 13.524260370000002,51.45447629000001,0.0 13.524200589999998,51.454418629999985,0.0</coordinates>
                </LineString>
                <LineString id="19986">
                    <coordinates>13.52605252,51.46548186,0.0 13.52605265,51.46547389999999,0.0 13.52606937,51.46543334999999,0.0 13.52607912,51.46540649,0.0 13.526099279999999,51.46534078,0.0</coordinates>
                </LineString>
                <LineString id="19988">
                    <coordinates>13.53106481,51.46680126999998,0.0 13.531065010000003,51.46681694,0.0</coordinates>
                </LineString>
                <LineString id="19990">
                    <coordinates>13.53106481,51.46680126999998,0.0 13.531054509999999,51.46680066,0.0</coordinates>
                </LineString>
                <LineString id="19992">
                    <coordinates>13.531054359999999,51.46664721,0.0 13.53106481,51.46680126999998,0.0</coordinates>
                </LineString>
                <LineString id="19994">
                    <coordinates>13.531054509999999,51.46680066,0.0 13.5309689,51.466794879999995,0.0</coordinates>
                </LineString>
                <LineString id="19996">
                    <coordinates>13.5309689,51.466794879999995,0.0 13.53094031,51.46679262,0.0 13.53094234,51.46677113,0.0 13.530937960000001,51.46677077999999,0.0 13.530822099999998,51.466756329999996,0.0 13.53043282,51.46673096,0.0 13.530329269999998,51.46672012,0.0 13.530212889999998,51.46670806000001,0.0 13.5302145,51.46668975,0.0</coordinates>
                </LineString>
                <LineString id="19998">
                    <coordinates>13.52947221,51.46376049,0.0 13.529544979999997,51.463850359999995,0.0</coordinates>
                </LineString>
                <LineString id="20000">
                    <coordinates>13.53543778,51.46189901,0.0 13.535424039999999,51.4618994,0.0 13.535417769999997,51.461899609999996,0.0</coordinates>
                </LineString>
                <LineString id="20002">
                    <coordinates>13.535805470000001,51.46188794,0.0 13.535660450000002,51.461892249999984,0.0 13.53554602,51.46189576,0.0 13.53543778,51.46189901,0.0</coordinates>
                </LineString>
                <LineString id="20004">
                    <coordinates>13.53808892,51.46348191999999,0.0 13.538085259999999,51.463282849999985,0.0 13.53808507,51.463267460000004,0.0</coordinates>
                </LineString>
                <LineString id="20006">
                    <coordinates>13.53808507,51.463267460000004,0.0 13.538084759999998,51.46311576,0.0 13.5380886,51.46290579,0.0 13.53809037,51.462790129999995,0.0 13.538090489999998,51.46276535999999,0.0</coordinates>
                </LineString>
                <LineString id="20008">
                    <coordinates>13.538090489999998,51.46276535999999,0.0 13.53809056,51.46276173,0.0</coordinates>
                </LineString>
                <LineString id="20010">
                    <coordinates>13.527695619999998,51.46448680999999,0.0 13.52748362,51.46446259999999,0.0 13.527365120000002,51.46444974,0.0 13.52725858,51.46443764,0.0 13.527162029999998,51.464426970000005,0.0</coordinates>
                </LineString>
                <LineString id="20012">
                    <coordinates>13.52323145,51.457007479999994,0.0 13.52316379,51.45708659999999,0.0</coordinates>
                </LineString>
                <LineString id="20014">
                    <coordinates>13.522693509999996,51.458163019999986,0.0 13.522806129999998,51.4581845,0.0 13.522918540000001,51.45820956,0.0 13.52309666,51.45825279999999,0.0 13.523186569999998,51.45827401,0.0 13.52319476,51.4582744,0.0</coordinates>
                </LineString>
                <LineString id="20016">
                    <coordinates>13.525296559999997,51.45865647999999,0.0 13.525368040000002,51.45864073999999,0.0 13.525434020000002,51.45862584,0.0</coordinates>
                </LineString>
                <LineString id="20018">
                    <coordinates>13.522452789999997,51.45829936999999,0.0 13.52246475,51.458282260000004,0.0</coordinates>
                </LineString>
                <LineString id="20020">
                    <coordinates>13.519948979999999,51.45839972999999,0.0 13.519960479999998,51.45836705,0.0 13.51997868,51.458311859999995,0.0 13.519988389999998,51.45828388999999,0.0 13.51999855,51.45825522,0.0 13.520003179999998,51.45824198,0.0 13.520017540000001,51.45819815,0.0</coordinates>
                </LineString>
                <LineString id="20022">
                    <coordinates>13.52174158,51.459797729999984,0.0 13.521759740000002,51.459790340000005,0.0</coordinates>
                </LineString>
                <LineString id="20024">
                    <coordinates>13.521004709999998,51.46105409999999,0.0 13.520992629999999,51.46108483999999,0.0 13.520983379999999,51.46111024999999,0.0 13.52098256,51.46112387999999,0.0</coordinates>
                </LineString>
                <LineString id="20026">
                    <coordinates>13.52243679,51.45929009,0.0 13.522413039999998,51.45928968,0.0</coordinates>
                </LineString>
                <LineString id="20028">
                    <coordinates>13.517368899999997,51.463234560000004,0.0 13.51741301,51.46330266999999,0.0 13.517475999999998,51.46337903,0.0</coordinates>
                </LineString>
                <LineString id="20030">
                    <coordinates>13.52873267,51.46312132,0.0 13.5287937,51.46318165,0.0 13.5288365,51.46322519,0.0 13.52885297,51.46324196,0.0 13.528858519999998,51.46324676999999,0.0 13.528873250000002,51.46325978000001,0.0</coordinates>
                </LineString>
                <LineString id="20032">
                    <coordinates>13.529372739999998,51.46197888,0.0 13.529371549999999,51.46198228,0.0</coordinates>
                </LineString>
                <LineString id="20034">
                    <coordinates>13.53598026,51.46188733000001,0.0 13.535968530000002,51.46188752,0.0 13.53593009,51.46188707,0.0 13.535805470000001,51.46188794,0.0</coordinates>
                </LineString>
                <LineString id="20036">
                    <coordinates>13.53321472,51.46284175,0.0 13.5332165,51.46284126,0.0</coordinates>
                </LineString>
                <LineString id="20038">
                    <coordinates>13.53129816,51.46459810000001,0.0 13.53130764,51.46459514,0.0</coordinates>
                </LineString>
                <LineString id="20040">
                    <coordinates>13.52115026,51.46251473000001,0.0 13.521307219999999,51.462476820000006,0.0</coordinates>
                </LineString>
                <LineString id="20042">
                    <coordinates>13.52052715,51.466701339999986,0.0 13.520459329999998,51.46677425000001,0.0</coordinates>
                </LineString>
                <LineString id="20044">
                    <coordinates>13.521074079999998,51.46489142999999,0.0 13.52107254,51.46486747,0.0 13.52107758,51.46482932,0.0</coordinates>
                </LineString>
                <LineString id="20046">
                    <coordinates>13.52119663,51.463909660000006,0.0 13.52129608,51.46391830999999,0.0</coordinates>
                </LineString>
                <LineString id="20048">
                    <coordinates>13.525643989999999,51.45897978999999,0.0 13.525697279999997,51.45897035999999,0.0</coordinates>
                </LineString>
                <LineString id="20050">
                    <coordinates>13.523601189999999,51.45981656,0.0 13.52368623,51.45975621,0.0</coordinates>
                </LineString>
                <LineString id="20052">
                    <coordinates>13.5260899,51.460833699999995,0.0 13.52610422,51.46084572,0.0 13.52611519,51.46085723999998,0.0 13.526122549999998,51.46086627999999,0.0 13.52613251,51.460882199999986,0.0 13.52614014,51.46089281,0.0 13.52614597,51.46090022999999,0.0 13.52615454,51.46091059999999,0.0 13.526170549999998,51.460925829999994,0.0 13.52618797,51.46093972999999,0.0 13.526204789999998,51.46095157,0.0 13.526224009999998,51.46096343000001,0.0 13.526239170000002,51.46097173999999,0.0 13.52626803,51.46098634,0.0</coordinates>
                </LineString>
                <LineString id="20054">
                    <coordinates>13.526160349999998,51.46106543999999,0.0 13.526188230000002,51.46107816000001,0.0</coordinates>
                </LineString>
                <LineString id="20056">
                    <coordinates>13.53042507,51.462277789999995,0.0 13.530424380000001,51.462388729999994,0.0 13.5304248,51.46247701,0.0</coordinates>
                </LineString>
                <LineString id="20058">
                    <coordinates>13.5219661,51.46703222,0.0 13.5219125,51.467098830000005,0.0 13.5218677,51.46715671,0.0</coordinates>
                </LineString>
                <LineString id="20060">
                    <coordinates>13.529698550000003,51.46572073,0.0 13.529615129999996,51.465889229999995,0.0</coordinates>
                </LineString>
                <LineString id="20062">
                    <coordinates>13.531208500000002,51.46189007,0.0 13.531221029999998,51.46188995999999,0.0</coordinates>
                </LineString>
                <LineString id="20064">
                    <coordinates>13.53257549,51.46199142999999,0.0 13.532565579999998,51.461991409999996,0.0</coordinates>
                </LineString>
                <LineString id="20066">
                    <coordinates>13.51759952,51.45806925,0.0 13.517613009999998,51.457986149999996,0.0 13.51762034,51.45789018999999,0.0 13.51763163,51.45782484,0.0 13.517652459999999,51.45777648,0.0</coordinates>
                </LineString>
                <LineString id="20068">
                    <coordinates>13.517652459999999,51.45777648,0.0 13.517664799999999,51.457756620000005,0.0 13.517677799999998,51.45773333,0.0 13.517694369999997,51.45770285,0.0</coordinates>
                </LineString>
                <LineString id="20070">
                    <coordinates>13.517825170000002,51.45728965,0.0 13.51783448,51.45725515,0.0</coordinates>
                </LineString>
                <LineString id="20072">
                    <coordinates>13.51781768,51.45732545,0.0 13.517825170000002,51.45728965,0.0</coordinates>
                </LineString>
                <LineString id="20074">
                    <coordinates>13.517825120000001,51.45732704000001,0.0 13.51795601,51.45734965,0.0</coordinates>
                </LineString>
                <LineString id="20076">
                    <coordinates>13.51781768,51.45732545,0.0 13.517825120000001,51.45732704000001,0.0</coordinates>
                </LineString>
                <LineString id="20078">
                    <coordinates>13.51795601,51.45734965,0.0 13.51797113,51.45735185,0.0 13.517982459999997,51.457325349999984,0.0 13.517991669999999,51.45730334,0.0 13.51799813,51.45728840999999,0.0</coordinates>
                </LineString>
                <LineString id="20080">
                    <coordinates>13.51799813,51.45728840999999,0.0 13.51803983,51.45719473,0.0 13.51804335,51.45719215999999,0.0</coordinates>
                </LineString>
                <LineString id="20082">
                    <coordinates>13.51804335,51.45719215999999,0.0 13.51803901,51.45718883,0.0 13.51803664,51.457186359999994,0.0 13.51803515,51.457182380000006,0.0 13.51803778,51.457175330000005,0.0 13.518049639999997,51.45714843999999,0.0 13.518063079999997,51.45711767,0.0 13.518072159999997,51.45709722,0.0 13.518083880000002,51.45707281,0.0 13.518095079999998,51.45704959999999,0.0 13.51810672,51.45702628000001,0.0 13.51811113,51.4570167,0.0</coordinates>
                </LineString>
                <LineString id="20084">
                    <coordinates>13.520248379999998,51.45752153,0.0 13.52025202,51.45752168999999,0.0</coordinates>
                </LineString>
                <LineString id="20086">
                    <coordinates>13.519568629999997,51.457406979999995,0.0 13.51972647,51.45744019,0.0</coordinates>
                </LineString>
                <LineString id="20088">
                    <coordinates>13.519267630000002,51.45737335,0.0 13.51936161,51.45737551999999,0.0 13.519439389999999,51.45738718999999,0.0 13.5195287,51.45740124000001,0.0 13.519568629999997,51.457406979999995,0.0</coordinates>
                </LineString>
                <LineString id="20090">
                    <coordinates>13.519105039999998,51.4573584,0.0 13.519227390000001,51.45737256999999,0.0 13.519265359999999,51.45737335999999,0.0 13.519267630000002,51.45737335,0.0</coordinates>
                </LineString>
                <LineString id="20092">
                    <coordinates>13.51901972,51.45734559,0.0 13.519105039999998,51.4573584,0.0</coordinates>
                </LineString>
                <LineString id="20094">
                    <coordinates>13.518718869999999,51.457283749999995,0.0 13.518772009999998,51.457308219999994,0.0 13.51883758,51.45732245,0.0 13.518900250000002,51.457328440000005,0.0</coordinates>
                </LineString>
                <LineString id="20096">
                    <coordinates>13.518484649999998,51.457247159999994,0.0 13.51855692,51.457259930000006,0.0 13.518626759999998,51.45727013,0.0 13.51869753,51.457279279999995,0.0 13.518710749999999,51.45728183000001,0.0</coordinates>
                </LineString>
                <LineString id="20098">
                    <coordinates>13.518710749999999,51.45728183000001,0.0 13.518718869999999,51.457283749999995,0.0</coordinates>
                </LineString>
                <LineString id="20100">
                    <coordinates>13.51846259,51.45724541,0.0 13.518484649999998,51.457247159999994,0.0</coordinates>
                </LineString>
                <LineString id="20102">
                    <coordinates>13.518351250000002,51.4572415,0.0 13.51843572,51.45724412999999,0.0 13.51846259,51.45724541,0.0</coordinates>
                </LineString>
                <LineString id="20104">
                    <coordinates>13.518900250000002,51.457328440000005,0.0 13.51892878,51.45733216999999,0.0</coordinates>
                </LineString>
                <LineString id="20106">
                    <coordinates>13.51972647,51.45744019,0.0 13.51975231,51.45744523,0.0</coordinates>
                </LineString>
                <LineString id="20108">
                    <coordinates>13.51975231,51.45744523,0.0 13.519798429999998,51.457455299999985,0.0 13.51985467,51.45746608,0.0</coordinates>
                </LineString>
                <LineString id="20110">
                    <coordinates>13.520283989999998,51.45743223,0.0 13.52025202,51.45752168999999,0.0</coordinates>
                </LineString>
                <LineString id="20112">
                    <coordinates>13.51804335,51.45719215999999,0.0 13.518051539999998,51.457191679999994,0.0 13.51811487,51.45720284,0.0 13.518175749999996,51.45721828,0.0 13.51822617,51.45722970999999,0.0 13.518307229999998,51.457239689999994,0.0 13.518351250000002,51.4572415,0.0</coordinates>
                </LineString>
                <LineString id="20114">
                    <coordinates>13.518186670000002,51.456633370000006,0.0 13.5182215,51.45655915,0.0</coordinates>
                </LineString>
                <LineString id="20116">
                    <coordinates>13.51811113,51.4570167,0.0 13.518126439999998,51.45698637999999,0.0 13.518146020000001,51.456948450000006,0.0 13.51816603,51.45691084999999,0.0 13.51819556,51.456856439999996,0.0 13.51822897,51.45679608999999,0.0 13.518136880000002,51.45673154000001,0.0 13.518186670000002,51.456633370000006,0.0</coordinates>
                </LineString>
                <LineString id="20118">
                    <coordinates>13.518279939999998,51.45641045000001,0.0 13.518283190000002,51.45640286999999,0.0 13.518295759999997,51.45637622,0.0</coordinates>
                </LineString>
                <LineString id="20120">
                    <coordinates>13.51878921,51.45589094,0.0 13.51879249,51.455887620000006,0.0</coordinates>
                </LineString>
                <LineString id="20122">
                    <coordinates>13.518295759999997,51.45637622,0.0 13.51832308,51.45632625999999,0.0 13.518380030000001,51.45625238,0.0 13.518407500000002,51.456223720000004,0.0</coordinates>
                </LineString>
                <LineString id="20124">
                    <coordinates>13.518670839999999,51.45627632,0.0 13.51874258,51.45628668999999,0.0</coordinates>
                </LineString>
                <LineString id="20126">
                    <coordinates>13.518407500000002,51.456223720000004,0.0 13.51842413,51.45621523,0.0 13.518432480000001,51.45623721,0.0 13.51845377,51.45624843,0.0</coordinates>
                </LineString>
                <LineString id="20128">
                    <coordinates>13.518673979999999,51.45627158999999,0.0 13.51869588,51.45619365,0.0</coordinates>
                </LineString>
                <LineString id="20130">
                    <coordinates>13.51845377,51.45624843,0.0 13.518534949999998,51.45626288,0.0 13.51860916,51.45626831999999,0.0 13.518670839999999,51.45627632,0.0</coordinates>
                </LineString>
                <LineString id="20132">
                    <coordinates>13.518670839999999,51.45627632,0.0 13.518673979999999,51.45627158999999,0.0</coordinates>
                </LineString>
                <LineString id="20134">
                    <coordinates>13.51874258,51.45628668999999,0.0 13.51889343,51.456307939999995,0.0</coordinates>
                </LineString>
                <LineString id="20136">
                    <coordinates>13.51889343,51.456307939999995,0.0 13.518979679999998,51.45632053999999,0.0 13.51906338,51.4563303,0.0 13.51912586,51.45633702999999,0.0 13.519227449999999,51.45634685999999,0.0 13.519310580000003,51.45635958999999,0.0</coordinates>
                </LineString>
                <LineString id="20138">
                    <coordinates>13.519510450000002,51.45638577999999,0.0 13.519559629999998,51.456392609999995,0.0</coordinates>
                </LineString>
                <LineString id="20140">
                    <coordinates>13.519415210000002,51.456374339999996,0.0 13.519510450000002,51.45638577999999,0.0</coordinates>
                </LineString>
                <LineString id="20142">
                    <coordinates>13.519559629999998,51.456392609999995,0.0 13.51968159,51.45641013,0.0 13.519847789999998,51.45643719,0.0</coordinates>
                </LineString>
                <LineString id="20144">
                    <coordinates>13.519847789999998,51.45643719,0.0 13.51986945,51.45644039,0.0</coordinates>
                </LineString>
                <LineString id="20146">
                    <coordinates>13.51873938,51.456187580000005,0.0 13.51882213,51.45619073999999,0.0</coordinates>
                </LineString>
                <LineString id="20148">
                    <coordinates>13.518407500000002,51.456223720000004,0.0 13.518687269999997,51.45598230999999,0.0</coordinates>
                </LineString>
                <LineString id="20150">
                    <coordinates>13.51869678,51.456185809999994,0.0 13.518728199999998,51.45618784999999,0.0</coordinates>
                </LineString>
                <LineString id="20152">
                    <coordinates>13.518728199999998,51.45618784999999,0.0 13.51873938,51.456187580000005,0.0</coordinates>
                </LineString>
                <LineString id="20154">
                    <coordinates>13.519060399999999,51.456231909999985,0.0 13.519071369999999,51.45623334999999,0.0</coordinates>
                </LineString>
                <LineString id="20156">
                    <coordinates>13.51882213,51.45619073999999,0.0 13.518949949999998,51.45621579,0.0 13.519060399999999,51.456231909999985,0.0</coordinates>
                </LineString>
                <LineString id="20158">
                    <coordinates>13.519579799999999,51.45629657999999,0.0 13.519656159999998,51.456306909999995,0.0</coordinates>
                </LineString>
                <LineString id="20160">
                    <coordinates>13.51933723,51.45626460999999,0.0 13.51950755,51.456286389999995,0.0</coordinates>
                </LineString>
                <LineString id="20162">
                    <coordinates>13.51950755,51.456286389999995,0.0 13.51952816,51.456289999999996,0.0</coordinates>
                </LineString>
                <LineString id="20164">
                    <coordinates>13.51952816,51.456289999999996,0.0 13.519579799999999,51.45629657999999,0.0</coordinates>
                </LineString>
                <LineString id="20166">
                    <coordinates>13.519855729999998,51.45635114,0.0 13.519973759999997,51.45634844,0.0</coordinates>
                </LineString>
                <LineString id="20168">
                    <coordinates>13.519656159999998,51.456306909999995,0.0 13.519855729999998,51.45635114,0.0</coordinates>
                </LineString>
                <LineString id="20170">
                    <coordinates>13.520215809999996,51.45640151999999,0.0 13.52027199,51.45640979,0.0</coordinates>
                </LineString>
                <LineString id="20172">
                    <coordinates>13.519973759999997,51.45634844,0.0 13.5200761,51.456367179999994,0.0</coordinates>
                </LineString>
                <LineString id="20174">
                    <coordinates>13.5200761,51.456367179999994,0.0 13.520215809999996,51.45640151999999,0.0</coordinates>
                </LineString>
                <LineString id="20176">
                    <coordinates>13.520406309999998,51.456428540000005,0.0 13.520586129999998,51.45644976,0.0</coordinates>
                </LineString>
                <LineString id="20178">
                    <coordinates>13.52027199,51.45640979,0.0 13.520406309999998,51.456428540000005,0.0</coordinates>
                </LineString>
                <LineString id="20180">
                    <coordinates>13.520768340000002,51.45648548999999,0.0 13.52079844,51.456498460000006,0.0 13.52080581,51.456509280000006,0.0 13.520807949999998,51.45653298999999,0.0</coordinates>
                </LineString>
                <LineString id="20182">
                    <coordinates>13.520586129999998,51.45644976,0.0 13.520599769999999,51.456451019999996,0.0 13.52061956,51.45645392999999,0.0 13.520729,51.456477310000004,0.0 13.520768340000002,51.45648548999999,0.0</coordinates>
                </LineString>
                <LineString id="20184">
                    <coordinates>13.51783448,51.45725515,0.0 13.5178418,51.45723357999999,0.0 13.51780658,51.45722824999999,0.0 13.51780787,51.45722523999999,0.0</coordinates>
                </LineString>
                <LineString id="20186">
                    <coordinates>13.51780787,51.45722523999999,0.0 13.51782627,51.45718405,0.0</coordinates>
                </LineString>
                <LineString id="20188">
                    <coordinates>13.51782627,51.45718405,0.0 13.517764050000002,51.45716457999999,0.0 13.517742390000002,51.45715415,0.0 13.517724559999998,51.45713798,0.0 13.517701499999998,51.457108549999994,0.0 13.51768203,51.45706919999999,0.0 13.517667320000001,51.4570327,0.0 13.51765573,51.45699935,0.0 13.517641609999998,51.4569536,0.0 13.51763014,51.45691618,0.0 13.51761811,51.456878309999986,0.0 13.517606649999998,51.45684521999999,0.0 13.517594569999998,51.45681511,0.0 13.51757285,51.456765749999995,0.0 13.51756651,51.45675316,0.0 13.51755733,51.45673373000001,0.0 13.51755271,51.456711119999994,0.0 13.5175337,51.45665809999999,0.0</coordinates>
                </LineString>
                <LineString id="20190">
                    <coordinates>13.52784175,51.45381266,0.0 13.52784351,51.453821379999994,0.0 13.52785242,51.45389551999999,0.0</coordinates>
                </LineString>
                <LineString id="20192">
                    <coordinates>13.527909139999998,51.454076830000005,0.0 13.52785852,51.45399857999999,0.0</coordinates>
                </LineString>
                <LineString id="20194">
                    <coordinates>13.52785646,51.45398932999999,0.0 13.52785852,51.45399857999999,0.0</coordinates>
                </LineString>
                <LineString id="20196">
                    <coordinates>13.527909139999998,51.454076830000005,0.0 13.52793541,51.45415247,0.0</coordinates>
                </LineString>
                <LineString id="20198">
                    <coordinates>13.527933679999999,51.45419183999999,0.0 13.527928860000001,51.45421788,0.0</coordinates>
                </LineString>
                <LineString id="20200">
                    <coordinates>13.52793541,51.45415247,0.0 13.527936030000001,51.45416763,0.0</coordinates>
                </LineString>
                <LineString id="20202">
                    <coordinates>13.527928860000001,51.45421788,0.0 13.52791245,51.45429353,0.0</coordinates>
                </LineString>
                <LineString id="20204">
                    <coordinates>13.52791245,51.45429353,0.0 13.52791085,51.454304089999994,0.0</coordinates>
                </LineString>
                <LineString id="20206">
                    <coordinates>13.52789748,51.45451489,0.0 13.52788993,51.454543169999994,0.0 13.52788169,51.45456109999999,0.0 13.5278683,51.454585229999985,0.0 13.52785638,51.454599989999984,0.0 13.52784352,51.454613939999994,0.0 13.52782685,51.45462662,0.0 13.527816069999998,51.45463194999999,0.0 13.52780146,51.45464050999999,0.0 13.527785739999999,51.45464756999999,0.0</coordinates>
                </LineString>
                <LineString id="20208">
                    <coordinates>13.527900500000001,51.45449113,0.0 13.52789748,51.45451489,0.0</coordinates>
                </LineString>
                <LineString id="20210">
                    <coordinates>13.527785739999999,51.45464756999999,0.0 13.527754580000002,51.45465887,0.0 13.52772048,51.45466794,0.0 13.527675099999998,51.45467824999999,0.0 13.52762729,51.45468663,0.0 13.52758825,51.45469215,0.0 13.52753296,51.45469867,0.0 13.527497639999998,51.45470213,0.0</coordinates>
                </LineString>
                <LineString id="20212">
                    <coordinates>13.527497639999998,51.45470213,0.0 13.5274378,51.45470725,0.0 13.52740424,51.45470954,0.0 13.52736564,51.45471198,0.0 13.52731281,51.45471307,0.0</coordinates>
                </LineString>
                <LineString id="20214">
                    <coordinates>13.527951429999998,51.45471463999999,0.0 13.52793145,51.45472318000001,0.0</coordinates>
                </LineString>
                <LineString id="20216">
                    <coordinates>13.527861150000001,51.45474860999999,0.0 13.52793145,51.45472318000001,0.0</coordinates>
                </LineString>
                <LineString id="20218">
                    <coordinates>13.528095530000002,51.45462778,0.0 13.52808742,51.4546347,0.0 13.52804882,51.454664140000006,0.0</coordinates>
                </LineString>
                <LineString id="20220">
                    <coordinates>13.52709146,51.45480066,0.0 13.527073539999998,51.45480221999999,0.0 13.527020380000002,51.45480655000001,0.0</coordinates>
                </LineString>
                <LineString id="20222">
                    <coordinates>13.527552939999998,51.454782220000006,0.0 13.52750364,51.454782439999995,0.0 13.527448030000002,51.45478249,0.0</coordinates>
                </LineString>
                <LineString id="20224">
                    <coordinates>13.527153499999999,51.45472275,0.0 13.527014319999996,51.454731289999984,0.0</coordinates>
                </LineString>
                <LineString id="20226">
                    <coordinates>13.52731281,51.45471307,0.0 13.527153499999999,51.45472275,0.0</coordinates>
                </LineString>
                <LineString id="20228">
                    <coordinates>13.527020380000002,51.45480655000001,0.0 13.526991919999999,51.454807519999996,0.0</coordinates>
                </LineString>
                <LineString id="20230">
                    <coordinates>13.526659709999999,51.454751609999995,0.0 13.526508109999996,51.45476328999999,0.0</coordinates>
                </LineString>
                <LineString id="20232">
                    <coordinates>13.52670118,51.454748390000006,0.0 13.526693639999998,51.45474879,0.0</coordinates>
                </LineString>
                <LineString id="20234">
                    <coordinates>13.527014319999996,51.454731289999984,0.0 13.52691769,51.454737849999994,0.0 13.526757740000003,51.45474612,0.0</coordinates>
                </LineString>
                <LineString id="20236">
                    <coordinates>13.526766319999998,51.45467908999999,0.0 13.52685966,51.454592379999994,0.0</coordinates>
                </LineString>
                <LineString id="20238">
                    <coordinates>13.526508109999996,51.45476328999999,0.0 13.526399410000002,51.45477293,0.0</coordinates>
                </LineString>
                <LineString id="20240">
                    <coordinates>13.526399410000002,51.45477293,0.0 13.52640995,51.454750499999996,0.0 13.526435489999999,51.45470179,0.0 13.526383169999999,51.454640319999996,0.0 13.52632606,51.45458297999999,0.0 13.52627999,51.454531530000004,0.0</coordinates>
                </LineString>
                <LineString id="20242">
                    <coordinates>13.52625307,51.45478932,0.0 13.52555532,51.45486505,0.0</coordinates>
                </LineString>
                <LineString id="20244">
                    <coordinates>13.525485069999998,51.45487415999999,0.0 13.52540691,51.454884539999995,0.0 13.52521214,51.454919059999995,0.0 13.525106339999999,51.45494718999999,0.0 13.52500631,51.45497767999999,0.0</coordinates>
                </LineString>
                <LineString id="20246">
                    <coordinates>13.5248732,51.454894,0.0 13.52493058,51.45493281,0.0</coordinates>
                </LineString>
                <LineString id="20248">
                    <coordinates>13.52494689,51.45494331999999,0.0 13.52500631,51.45497767999999,0.0</coordinates>
                </LineString>
                <LineString id="20250">
                    <coordinates>13.52493058,51.45493281,0.0 13.52494689,51.45494331999999,0.0</coordinates>
                </LineString>
                <LineString id="20252">
                    <coordinates>13.52456361,51.45563936,0.0 13.524665300000002,51.45567816999999,0.0</coordinates>
                </LineString>
                <LineString id="20254">
                    <coordinates>13.524535200000003,51.45565543,0.0 13.524511150000002,51.45567707000001,0.0 13.524424919999998,51.45574924999999,0.0 13.52439666,51.45578088,0.0</coordinates>
                </LineString>
                <LineString id="20256">
                    <coordinates>13.52430233,51.455741079999996,0.0 13.524390039999998,51.45577806,0.0</coordinates>
                </LineString>
                <LineString id="20258">
                    <coordinates>13.524390039999998,51.45577806,0.0 13.52439666,51.45578088,0.0</coordinates>
                </LineString>
                <LineString id="20260">
                    <coordinates>13.52396606,51.455429499999994,0.0 13.523854000000002,51.45538773,0.0</coordinates>
                </LineString>
                <LineString id="20262">
                    <coordinates>13.52398596,51.45543746999999,0.0 13.52396606,51.455429499999994,0.0</coordinates>
                </LineString>
                <LineString id="20264">
                    <coordinates>13.52430233,51.455741079999996,0.0 13.524227399999997,51.45571058,0.0 13.52428146,51.45566749999998,0.0 13.524302020000002,51.45564781999999,0.0 13.52430683,51.45563430999999,0.0 13.52430413,51.45562159,0.0 13.52429853,51.45561016999999,0.0 13.524275430000001,51.45558646999999,0.0 13.52425455,51.45557383,0.0 13.524171560000001,51.45554322000001,0.0 13.524055600000002,51.45550244,0.0 13.52407697,51.45547387,0.0 13.52398596,51.45543746999999,0.0</coordinates>
                </LineString>
                <LineString id="20266">
                    <coordinates>13.523551330000002,51.45526289000001,0.0 13.523414349999998,51.45520983,0.0 13.523325160000002,51.45517664999999,0.0</coordinates>
                </LineString>
                <LineString id="20268">
                    <coordinates>13.523854000000002,51.45538773,0.0 13.523733859999998,51.45533683,0.0 13.523614140000001,51.45528657999999,0.0 13.523551330000002,51.45526289000001,0.0</coordinates>
                </LineString>
                <LineString id="20270">
                    <coordinates>13.523325160000002,51.45517664999999,0.0 13.523195289999997,51.45513119999998,0.0 13.523111249999998,51.455103859999994,0.0 13.522959799999999,51.45505244999998,0.0 13.5228133,51.455003809999994,0.0</coordinates>
                </LineString>
                <LineString id="20272">
                    <coordinates>13.52275599,51.45498604000001,0.0 13.52262525,51.454944739999995,0.0 13.52254275,51.45491573999999,0.0 13.52248293,51.45489323,0.0</coordinates>
                </LineString>
                <LineString id="20274">
                    <coordinates>13.522088609999999,51.456801219999996,0.0 13.52216945,51.45681515999999,0.0 13.5222329,51.45682466,0.0</coordinates>
                </LineString>
                <LineString id="20276">
                    <coordinates>13.5213205,51.45665688999999,0.0 13.521454410000002,51.45668051,0.0</coordinates>
                </LineString>
                <LineString id="20278">
                    <coordinates>13.520796259999997,51.45656503,0.0 13.52076349,51.45665613,0.0</coordinates>
                </LineString>
                <LineString id="20280">
                    <coordinates>13.52025202,51.45752168999999,0.0 13.52025033,51.457527170000006,0.0</coordinates>
                </LineString>
                <LineString id="20282">
                    <coordinates>13.52025033,51.457527170000006,0.0 13.52022879,51.457595729999994,0.0</coordinates>
                </LineString>
                <LineString id="20284">
                    <coordinates>13.520142229999996,51.4578542,0.0 13.520098769999999,51.45795978,0.0</coordinates>
                </LineString>
                <LineString id="20286">
                    <coordinates>13.520166689999996,51.45777119999999,0.0 13.520142229999996,51.4578542,0.0</coordinates>
                </LineString>
                <LineString id="20288">
                    <coordinates>13.52022879,51.457595729999994,0.0 13.520221550000002,51.45761676000001,0.0 13.520210309999998,51.45764663999999,0.0 13.52018719,51.45771857999999,0.0 13.520166689999996,51.45777119999999,0.0</coordinates>
                </LineString>
                <LineString id="20290">
                    <coordinates>13.5222329,51.45682466,0.0 13.52230262,51.45683748,0.0 13.52245463,51.45686544,0.0</coordinates>
                </LineString>
                <LineString id="20292">
                    <coordinates>13.5222329,51.45682466,0.0 13.52222705,51.4568382,0.0</coordinates>
                </LineString>
                <LineString id="20294">
                    <coordinates>13.52222705,51.4568382,0.0 13.52219289,51.45691318,0.0</coordinates>
                </LineString>
                <LineString id="20296">
                    <coordinates>13.522543289999998,51.456882580000006,0.0 13.522622979999998,51.45689746,0.0 13.522720189999998,51.45691521999999,0.0 13.52276166,51.45692267,0.0</coordinates>
                </LineString>
                <LineString id="20298">
                    <coordinates>13.522527699999998,51.45687901999999,0.0 13.522543289999998,51.456882580000006,0.0</coordinates>
                </LineString>
                <LineString id="20300">
                    <coordinates>13.52276166,51.45692267,0.0 13.522828630000001,51.456934679999996,0.0</coordinates>
                </LineString>
                <LineString id="20302">
                    <coordinates>13.522519079999999,51.45799475999999,0.0 13.522554779999998,51.45797862999999,0.0 13.52261144,51.45791203999999,0.0</coordinates>
                </LineString>
                <LineString id="20304">
                    <coordinates>13.5225227,51.45799656,0.0 13.52262109,51.45803866,0.0</coordinates>
                </LineString>
                <LineString id="20306">
                    <coordinates>13.522519079999999,51.45799475999999,0.0 13.5225227,51.45799656,0.0</coordinates>
                </LineString>
                <LineString id="20308">
                    <coordinates>13.52246855,51.458015010000004,0.0 13.522519079999999,51.45799475999999,0.0</coordinates>
                </LineString>
                <LineString id="20310">
                    <coordinates>13.5228804,51.45760169,0.0 13.522923040000002,51.45754006,0.0 13.522931370000002,51.4575266,0.0 13.52294321,51.457507469999996,0.0</coordinates>
                </LineString>
                <LineString id="20312">
                    <coordinates>13.52278513,51.45772401000001,0.0 13.522841639999998,51.4576586,0.0 13.5228804,51.45760169,0.0</coordinates>
                </LineString>
                <LineString id="20314">
                    <coordinates>13.523054199999999,51.45736929999999,0.0 13.523064450000001,51.45737190999999,0.0</coordinates>
                </LineString>
                <LineString id="20316">
                    <coordinates>13.52294321,51.457507469999996,0.0 13.523015889999998,51.457414729999996,0.0 13.523054199999999,51.45736929999999,0.0</coordinates>
                </LineString>
                <LineString id="20318">
                    <coordinates>13.52313567,51.45721029,0.0 13.52315271,51.457161819999996,0.0 13.523170529999998,51.45711365999999,0.0 13.523171650000002,51.45710423999999,0.0 13.523167169999999,51.457098820000006,0.0 13.523160950000001,51.45709148,0.0</coordinates>
                </LineString>
                <LineString id="20320">
                    <coordinates>13.523054199999999,51.45736929999999,0.0 13.52309966,51.45730443,0.0 13.52311072,51.45728458000001,0.0 13.523121700000003,51.45725441,0.0 13.52313567,51.45721029,0.0</coordinates>
                </LineString>
                <LineString id="20322">
                    <coordinates>13.523160950000001,51.45709148,0.0 13.52316379,51.45708659999999,0.0</coordinates>
                </LineString>
                <LineString id="20324">
                    <coordinates>13.52323624,51.45700169999999,0.0 13.523220789999996,51.45700172,0.0 13.52320756,51.45700043999999,0.0 13.52318368,51.45699642,0.0 13.52315539,51.45699230999999,0.0 13.52308001,51.45697932,0.0 13.522968909999998,51.45695996999998,0.0 13.52289406,51.45694599,0.0 13.522828630000001,51.456934679999996,0.0</coordinates>
                </LineString>
                <LineString id="20326">
                    <coordinates>13.52323145,51.457007479999994,0.0 13.52323624,51.45700169999999,0.0</coordinates>
                </LineString>
                <LineString id="20328">
                    <coordinates>13.523294320000002,51.45697023999999,0.0 13.52341142,51.456996489999995,0.0</coordinates>
                </LineString>
                <LineString id="20330">
                    <coordinates>13.52328774,51.45696849,0.0 13.523294320000002,51.45697023999999,0.0</coordinates>
                </LineString>
                <LineString id="20332">
                    <coordinates>13.523252599999998,51.4569991,0.0 13.52325966,51.456996079999996,0.0 13.523264089999998,51.45699300999999,0.0 13.523271539999998,51.45698710999999,0.0 13.52327698,51.45698081,0.0 13.52328774,51.45696849,0.0</coordinates>
                </LineString>
                <LineString id="20334">
                    <coordinates>13.523454259999998,51.45700829,0.0 13.523520499999998,51.45703755999998,0.0 13.523613549999999,51.45707706,0.0</coordinates>
                </LineString>
                <LineString id="20336">
                    <coordinates>13.52341142,51.456996489999995,0.0 13.52343164,51.45700077,0.0 13.523454259999998,51.45700829,0.0</coordinates>
                </LineString>
                <LineString id="20338">
                    <coordinates>13.52350408,51.45693875999999,0.0 13.52346437,51.456995559999996,0.0</coordinates>
                </LineString>
                <LineString id="20340">
                    <coordinates>13.523454259999998,51.45700829,0.0 13.52346437,51.456995559999996,0.0</coordinates>
                </LineString>
                <LineString id="20342">
                    <coordinates>13.52350408,51.45693875999999,0.0 13.52350861,51.456931780000005,0.0</coordinates>
                </LineString>
                <LineString id="20344">
                    <coordinates>13.523913560000002,51.45710728,0.0 13.523999950000002,51.457133070000005,0.0</coordinates>
                </LineString>
                <LineString id="20346">
                    <coordinates>13.52357882,51.45696601,0.0 13.523595479999997,51.45697392999998,0.0</coordinates>
                </LineString>
                <LineString id="20348">
                    <coordinates>13.523999950000002,51.457133070000005,0.0 13.524111699999999,51.45717159999999,0.0 13.524145359999999,51.45719095,0.0 13.524212860000002,51.45723272000001,0.0</coordinates>
                </LineString>
                <LineString id="20350">
                    <coordinates>13.524208469999998,51.45723777999999,0.0 13.524157779999998,51.45728952999998,0.0</coordinates>
                </LineString>
                <LineString id="20352">
                    <coordinates>13.524212860000002,51.45723272000001,0.0 13.524208469999998,51.45723777999999,0.0</coordinates>
                </LineString>
                <LineString id="20354">
                    <coordinates>13.52415197,51.45729520999999,0.0 13.524143840000002,51.45730957000001,0.0 13.52412297,51.45734711,0.0</coordinates>
                </LineString>
                <LineString id="20356">
                    <coordinates>13.52412297,51.45734711,0.0 13.524098390000002,51.45739522,0.0 13.52407897,51.45743278000001,0.0</coordinates>
                </LineString>
                <LineString id="20358">
                    <coordinates>13.52429704,51.45720943999999,0.0 13.524381849999997,51.457231189999995,0.0</coordinates>
                </LineString>
                <LineString id="20360">
                    <coordinates>13.524289870000002,51.45720704,0.0 13.52429704,51.45720943999999,0.0</coordinates>
                </LineString>
                <LineString id="20362">
                    <coordinates>13.524212860000002,51.45723272000001,0.0 13.52422436,51.4572382,0.0 13.524232329999998,51.45723948999999,0.0 13.52424103,51.457240369999994,0.0 13.524252629999998,51.457238409999995,0.0 13.5242626,51.45723513,0.0 13.52426723,51.45723276999999,0.0 13.52427339,51.45722833999999,0.0 13.52427863,51.45722174,0.0 13.524284219999998,51.45721469,0.0 13.524289870000002,51.45720704,0.0</coordinates>
                </LineString>
                <LineString id="20364">
                    <coordinates>13.524381849999997,51.457231189999995,0.0 13.524388859999998,51.457232579999996,0.0</coordinates>
                </LineString>
                <LineString id="20366">
                    <coordinates>13.524289870000002,51.45720704,0.0 13.52432694,51.4571603,0.0</coordinates>
                </LineString>
                <LineString id="20368">
                    <coordinates>13.52432694,51.4571603,0.0 13.524389529999999,51.45708512,0.0 13.52438936,51.45707961,0.0 13.524388370000002,51.45705841000001,0.0 13.5243875,51.45704449,0.0 13.524398349999998,51.45703043,0.0 13.524426860000002,51.45699624000001,0.0 13.52446072,51.456957089999996,0.0 13.524495829999998,51.456916729999996,0.0</coordinates>
                </LineString>
                <LineString id="20370">
                    <coordinates>13.524495829999998,51.456916729999996,0.0 13.52452175,51.4568884,0.0 13.52456859,51.45683569999999,0.0 13.524577409999997,51.45679238,0.0</coordinates>
                </LineString>
                <LineString id="20372">
                    <coordinates>13.524577409999997,51.45679238,0.0 13.52460755,51.45675639,0.0 13.52462193,51.45673728,0.0</coordinates>
                </LineString>
                <LineString id="20374">
                    <coordinates>13.524554029999997,51.45701049,0.0 13.52458589,51.45696688999999,0.0</coordinates>
                </LineString>
                <LineString id="20376">
                    <coordinates>13.524388859999998,51.457232579999996,0.0 13.524423680000002,51.45718133,0.0 13.524472309999998,51.45711659999999,0.0</coordinates>
                </LineString>
                <LineString id="20378">
                    <coordinates>13.524472309999998,51.45711659999999,0.0 13.52450484,51.45707442999999,0.0 13.524554029999997,51.45701049,0.0</coordinates>
                </LineString>
                <LineString id="20380">
                    <coordinates>13.52458589,51.45696688999999,0.0 13.52461553,51.45692751,0.0 13.524639699999998,51.45689555999999,0.0 13.524647129999998,51.456885809999996,0.0 13.52466825,51.45686676,0.0 13.52474124,51.45678478999999,0.0 13.52474989,51.456775969999995,0.0</coordinates>
                </LineString>
                <LineString id="20382">
                    <coordinates>13.52474989,51.456775969999995,0.0 13.524774779999998,51.45675175,0.0 13.52480392,51.456703829999995,0.0</coordinates>
                </LineString>
                <LineString id="20384">
                    <coordinates>13.52480392,51.456703829999995,0.0 13.52481838,51.45668296,0.0 13.52485544,51.456640109999995,0.0 13.524902930000001,51.45659708000001,0.0 13.52492007,51.456582039999994,0.0</coordinates>
                </LineString>
                <LineString id="20386">
                    <coordinates>13.523338549999997,51.45689836999998,0.0 13.523445750000002,51.45677592,0.0 13.523478279999999,51.45672037999999,0.0</coordinates>
                </LineString>
                <LineString id="20388">
                    <coordinates>13.523478279999999,51.45672037999999,0.0 13.5235155,51.45665655999999,0.0 13.52354227,51.456613389999994,0.0 13.52357589,51.45655612,0.0</coordinates>
                </LineString>
                <LineString id="20390">
                    <coordinates>13.52357589,51.45655612,0.0 13.52358435,51.45653969999999,0.0 13.523595199999999,51.45651715999999,0.0 13.52360269,51.45649990999999,0.0 13.523611319999999,51.45647800999999,0.0</coordinates>
                </LineString>
                <LineString id="20392">
                    <coordinates>13.523611319999999,51.45647800999999,0.0 13.52361723,51.45645124999999,0.0 13.523619959999998,51.456429919999984,0.0 13.523622059999997,51.45641295,0.0 13.52362288,51.45639038999999,0.0 13.52362164,51.45635266,0.0</coordinates>
                </LineString>
                <LineString id="20394">
                    <coordinates>13.52362164,51.45635266,0.0 13.52361884,51.45632204,0.0 13.52361323,51.45628399000001,0.0 13.52361095,51.45626438,0.0</coordinates>
                </LineString>
                <LineString id="20396">
                    <coordinates>13.52358191,51.45606401,0.0 13.52358013,51.45605323,0.0</coordinates>
                </LineString>
                <LineString id="20398">
                    <coordinates>13.52361095,51.45626438,0.0 13.523606539999998,51.45622632999999,0.0 13.523603319999998,51.45620449999999,0.0 13.523599649999998,51.456175110000004,0.0 13.52359737,51.45615879,0.0 13.52359053,51.45611070999999,0.0 13.52358191,51.45606401,0.0</coordinates>
                </LineString>
                <LineString id="20400">
                    <coordinates>13.523655449999998,51.45604629999999,0.0 13.523585290000002,51.45605273000001,0.0</coordinates>
                </LineString>
                <LineString id="20402">
                    <coordinates>13.52358013,51.45605323,0.0 13.523585290000002,51.45605273000001,0.0</coordinates>
                </LineString>
                <LineString id="20404">
                    <coordinates>13.523679969999998,51.45604393,0.0 13.5237088,51.45605577,0.0 13.52376579,51.45608111999999,0.0 13.523797039999998,51.45609535,0.0 13.523861009999997,51.45612319,0.0 13.523873959999998,51.45612428,0.0 13.52388616,51.45612331999999,0.0 13.523896979999998,51.45612150999999,0.0 13.5239083,51.45611810999999,0.0 13.523913910000001,51.45611427000001,0.0 13.52392476,51.45610401,0.0 13.52398923,51.45603628,0.0</coordinates>
                </LineString>
                <LineString id="20406">
                    <coordinates>13.52407776,51.45612641,0.0 13.52408149,51.456130619999996,0.0 13.52412543,51.45614499,0.0 13.524194020000001,51.4561656,0.0</coordinates>
                </LineString>
                <LineString id="20408">
                    <coordinates>13.52407019,51.45613718999999,0.0 13.52404745,51.456168609999985,0.0</coordinates>
                </LineString>
                <LineString id="20410">
                    <coordinates>13.52407776,51.45612641,0.0 13.52407019,51.45613718999999,0.0</coordinates>
                </LineString>
                <LineString id="20412">
                    <coordinates>13.524164239999998,51.45600867999998,0.0 13.524144729999998,51.45602892,0.0 13.52411284,51.45605899,0.0 13.52408442,51.4560884,0.0 13.52407267,51.456101430000004,0.0 13.52407776,51.45612641,0.0</coordinates>
                </LineString>
                <LineString id="20414">
                    <coordinates>13.52404745,51.456168609999985,0.0 13.524044639999998,51.456172669999994,0.0</coordinates>
                </LineString>
                <LineString id="20416">
                    <coordinates>13.524044639999998,51.456172669999994,0.0 13.52411592,51.45619537000001,0.0</coordinates>
                </LineString>
                <LineString id="20418">
                    <coordinates>13.524269049999997,51.45623838,0.0 13.52436497,51.45626424,0.0 13.52446185,51.45629152,0.0</coordinates>
                </LineString>
                <LineString id="20420">
                    <coordinates>13.52411592,51.45619537000001,0.0 13.524269049999997,51.45623838,0.0</coordinates>
                </LineString>
                <LineString id="20422">
                    <coordinates>13.524194020000001,51.4561656,0.0 13.5242574,51.45618313,0.0 13.524279389999998,51.45620237,0.0 13.524310589999999,51.45621039999999,0.0</coordinates>
                </LineString>
                <LineString id="20424">
                    <coordinates>13.524310589999999,51.45621039999999,0.0 13.524356059999999,51.45622160999999,0.0 13.524387409999997,51.45622485999999,0.0 13.52443858,51.45623198,0.0</coordinates>
                </LineString>
                <LineString id="20426">
                    <coordinates>13.52446185,51.45629152,0.0 13.524493859999996,51.45630029,0.0</coordinates>
                </LineString>
                <LineString id="20428">
                    <coordinates>13.52443858,51.45623198,0.0 13.524512549999999,51.45625034999999,0.0 13.5245974,51.456272139999996,0.0 13.524610690000001,51.456275809999994,0.0</coordinates>
                </LineString>
                <LineString id="20430">
                    <coordinates>13.524610690000001,51.456275809999994,0.0 13.52472436,51.45630447,0.0</coordinates>
                </LineString>
                <LineString id="20432">
                    <coordinates>13.52319476,51.4582744,0.0 13.523199599999998,51.458274899999985,0.0</coordinates>
                </LineString>
                <LineString id="20434">
                    <coordinates>13.523199599999998,51.458274899999985,0.0 13.52329013,51.45828647,0.0</coordinates>
                </LineString>
                <LineString id="20436">
                    <coordinates>13.52319476,51.4582744,0.0 13.52316994,51.45831166999999,0.0 13.523128439999999,51.45837489,0.0 13.52311027,51.458401,0.0</coordinates>
                </LineString>
                <LineString id="20438">
                    <coordinates>13.523002759999999,51.4585151,0.0 13.52298256,51.45854280999999,0.0</coordinates>
                </LineString>
                <LineString id="20440">
                    <coordinates>13.52311027,51.458401,0.0 13.52308713,51.45843007999999,0.0</coordinates>
                </LineString>
                <LineString id="20442">
                    <coordinates>13.52308713,51.45843007999999,0.0 13.52305646,51.45846191,0.0 13.523002759999999,51.4585151,0.0</coordinates>
                </LineString>
                <LineString id="20444">
                    <coordinates>13.52294269,51.45859577,0.0 13.522876240000002,51.458704469999994,0.0</coordinates>
                </LineString>
                <LineString id="20446">
                    <coordinates>13.52298256,51.45854280999999,0.0 13.52294269,51.45859577,0.0</coordinates>
                </LineString>
                <LineString id="20448">
                    <coordinates>13.52277966,51.45874706,0.0 13.52271636,51.4587427,0.0 13.52265591,51.45874076,0.0</coordinates>
                </LineString>
                <LineString id="20450">
                    <coordinates>13.52284946,51.45874602999999,0.0 13.52279847,51.458749049999994,0.0 13.522788969999999,51.458748279999995,0.0 13.52277966,51.45874706,0.0</coordinates>
                </LineString>
                <LineString id="20452">
                    <coordinates>13.52295283,51.45876830000001,0.0 13.52285289,51.45874651,0.0</coordinates>
                </LineString>
                <LineString id="20454">
                    <coordinates>13.52285289,51.45874651,0.0 13.52284946,51.45874602999999,0.0</coordinates>
                </LineString>
                <LineString id="20456">
                    <coordinates>13.522876240000002,51.458704469999994,0.0 13.52284946,51.45874602999999,0.0</coordinates>
                </LineString>
                <LineString id="20458">
                    <coordinates>13.52296959,51.458773910000005,0.0 13.52299355,51.45878003000001,0.0</coordinates>
                </LineString>
                <LineString id="20460">
                    <coordinates>13.523085939999998,51.458908279999996,0.0 13.523132059999998,51.45890836,0.0</coordinates>
                </LineString>
                <LineString id="20462">
                    <coordinates>13.52299355,51.45878003000001,0.0 13.52297745,51.45889725,0.0</coordinates>
                </LineString>
                <LineString id="20464">
                    <coordinates>13.52297745,51.45889725,0.0 13.522977,51.45890497999999,0.0 13.52303194,51.458907239999995,0.0 13.523085939999998,51.458908279999996,0.0</coordinates>
                </LineString>
                <LineString id="20466">
                    <coordinates>13.52344397,51.45890423,0.0 13.52345717,51.45890396999999,0.0 13.523524980000001,51.45889937999999,0.0</coordinates>
                </LineString>
                <LineString id="20468">
                    <coordinates>13.523563219999998,51.458896389999985,0.0 13.523629039999998,51.45889130999999,0.0</coordinates>
                </LineString>
                <LineString id="20470">
                    <coordinates>13.523848699999999,51.45887831,0.0 13.523945459999998,51.45886769999999,0.0</coordinates>
                </LineString>
                <LineString id="20472">
                    <coordinates>13.523629039999998,51.45889130999999,0.0 13.523739979999998,51.45888403000001,0.0 13.523781829999999,51.45888222,0.0</coordinates>
                </LineString>
                <LineString id="20474">
                    <coordinates>13.523781829999999,51.45888222,0.0 13.523848699999999,51.45887831,0.0</coordinates>
                </LineString>
                <LineString id="20476">
                    <coordinates>13.523945459999998,51.45886769999999,0.0 13.52401088,51.45885998999999,0.0 13.52408137,51.45885377,0.0</coordinates>
                </LineString>
                <LineString id="20478">
                    <coordinates>13.52408137,51.45885377,0.0 13.524210669999999,51.45883773999999,0.0</coordinates>
                </LineString>
                <LineString id="20480">
                    <coordinates>13.524210669999999,51.45883773999999,0.0 13.52432788,51.45882179999999,0.0 13.524402439999998,51.45881119,0.0</coordinates>
                </LineString>
                <LineString id="20482">
                    <coordinates>13.52450415,51.45879607,0.0 13.52458114,51.45878475,0.0</coordinates>
                </LineString>
                <LineString id="20484">
                    <coordinates>13.524402439999998,51.45881119,0.0 13.52444602,51.45880463,0.0</coordinates>
                </LineString>
                <LineString id="20486">
                    <coordinates>13.52444602,51.45880463,0.0 13.52450415,51.45879607,0.0</coordinates>
                </LineString>
                <LineString id="20488">
                    <coordinates>13.52458114,51.45878475,0.0 13.524675839999999,51.45877022999999,0.0</coordinates>
                </LineString>
                <LineString id="20490">
                    <coordinates>13.524675839999999,51.45877022999999,0.0 13.52478097,51.45875415999999,0.0 13.524830129999998,51.458748039999996,0.0</coordinates>
                </LineString>
                <LineString id="20492">
                    <coordinates>13.524830129999998,51.458748039999996,0.0 13.52488987,51.45873865000001,0.0</coordinates>
                </LineString>
                <LineString id="20494">
                    <coordinates>13.52488987,51.45873865000001,0.0 13.525010790000001,51.45871709,0.0</coordinates>
                </LineString>
                <LineString id="20496">
                    <coordinates>13.52517926,51.45868332999999,0.0 13.525145039999996,51.45862928999999,0.0</coordinates>
                </LineString>
                <LineString id="20498">
                    <coordinates>13.525010790000001,51.45871709,0.0 13.52509075,51.458701909999995,0.0 13.52517926,51.45868332999999,0.0</coordinates>
                </LineString>
                <LineString id="20500">
                    <coordinates>13.52517926,51.45868332999999,0.0 13.52525011,51.45866776999999,0.0 13.525296559999997,51.45865647999999,0.0</coordinates>
                </LineString>
                <LineString id="20502">
                    <coordinates>13.525434020000002,51.45862584,0.0 13.52546995,51.4586171,0.0</coordinates>
                </LineString>
                <LineString id="20504">
                    <coordinates>13.525145039999996,51.45862928999999,0.0 13.52501901,51.458664,0.0 13.524929719999998,51.45868732999998,0.0 13.52490909,51.45869047,0.0</coordinates>
                </LineString>
                <LineString id="20506">
                    <coordinates>13.52295283,51.45876830000001,0.0 13.522959639999998,51.45877005999999,0.0 13.52296959,51.458773910000005,0.0</coordinates>
                </LineString>
                <LineString id="20508">
                    <coordinates>13.52296959,51.458773910000005,0.0 13.522959639999998,51.45877005999999,0.0 13.523035509999998,51.45865186999999,0.0 13.523065299999999,51.45861431000001,0.0</coordinates>
                </LineString>
                <LineString id="20510">
                    <coordinates>13.523065299999999,51.45861431000001,0.0 13.523087569999998,51.458585940000006,0.0</coordinates>
                </LineString>
                <LineString id="20512">
                    <coordinates>13.52329013,51.45828647,0.0 13.52329845,51.45828803999999,0.0 13.523308130000002,51.45828800999999,0.0 13.523318379999997,51.458285739999994,0.0 13.52333977,51.45828216000001,0.0 13.523376409999997,51.45828906,0.0 13.52339774,51.45829381,0.0</coordinates>
                </LineString>
                <LineString id="20514">
                    <coordinates>13.52339774,51.45829381,0.0 13.523506429999998,51.45831487,0.0 13.52360246,51.45833421999999,0.0 13.523704619999998,51.458355780000005,0.0</coordinates>
                </LineString>
                <LineString id="20516">
                    <coordinates>13.523795469999998,51.45837621,0.0 13.523902040000001,51.458400319999996,0.0</coordinates>
                </LineString>
                <LineString id="20518">
                    <coordinates>13.523704619999998,51.458355780000005,0.0 13.523795469999998,51.45837621,0.0</coordinates>
                </LineString>
                <LineString id="20520">
                    <coordinates>13.52397254,51.45841672999999,0.0 13.524001109999999,51.458419009999986,0.0</coordinates>
                </LineString>
                <LineString id="20522">
                    <coordinates>13.52405615,51.45842246000001,0.0 13.524123519999998,51.45842616999999,0.0</coordinates>
                </LineString>
                <LineString id="20524">
                    <coordinates>13.524001109999999,51.458419009999986,0.0 13.52405615,51.45842246000001,0.0</coordinates>
                </LineString>
                <LineString id="20526">
                    <coordinates>13.524123519999998,51.45842616999999,0.0 13.524169730000002,51.45843012,0.0</coordinates>
                </LineString>
                <LineString id="20528">
                    <coordinates>13.524169730000002,51.45843012,0.0 13.52428429,51.45843719999999,0.0</coordinates>
                </LineString>
                <LineString id="20530">
                    <coordinates>13.523939820000002,51.45838378,0.0 13.523935029999999,51.45837811999999,0.0 13.52393459,51.45837334000001,0.0 13.52393656,51.45836363000001,0.0 13.5239421,51.45833715999999,0.0</coordinates>
                </LineString>
                <LineString id="20532">
                    <coordinates>13.523939820000002,51.45838378,0.0 13.523950579999998,51.45838875999999,0.0 13.523964469999997,51.4583918,0.0 13.523978849999999,51.458392429999996,0.0 13.524046669999999,51.45839447,0.0 13.52417972,51.458400309999995,0.0</coordinates>
                </LineString>
                <LineString id="20534">
                    <coordinates>13.52394922,51.4583939,0.0 13.523939820000002,51.45838378,0.0</coordinates>
                </LineString>
                <LineString id="20536">
                    <coordinates>13.52417972,51.458400309999995,0.0 13.52431666,51.45840693,0.0 13.524383719999998,51.45840904,0.0 13.524448729999998,51.458410619999995,0.0 13.52447435,51.4584116,0.0</coordinates>
                </LineString>
                <LineString id="20538">
                    <coordinates>13.52447435,51.4584116,0.0 13.524518739999996,51.45841225,0.0 13.52471112,51.45841407000001,0.0 13.5247443,51.45841386000001,0.0</coordinates>
                </LineString>
                <LineString id="20540">
                    <coordinates>13.524993199999999,51.45840884999999,0.0 13.525041840000002,51.45840606000001,0.0 13.52515371,51.45839210999999,0.0 13.52522425,51.45838292,0.0</coordinates>
                </LineString>
                <LineString id="20542">
                    <coordinates>13.5247443,51.45841386000001,0.0 13.52479766,51.45841441999999,0.0 13.524863739999999,51.45841459999999,0.0</coordinates>
                </LineString>
                <LineString id="20544">
                    <coordinates>13.524863739999999,51.45841459999999,0.0 13.524895350000001,51.45841338999998,0.0 13.524993199999999,51.45840884999999,0.0</coordinates>
                </LineString>
                <LineString id="20546">
                    <coordinates>13.525354369999999,51.45836892,0.0 13.525516229999997,51.45832319,0.0 13.52558274,51.45830225,0.0 13.52562528,51.45828691999999,0.0 13.52568809,51.458262610000006,0.0</coordinates>
                </LineString>
                <LineString id="20548">
                    <coordinates>13.52522425,51.45838292,0.0 13.525354369999999,51.45836892,0.0</coordinates>
                </LineString>
                <LineString id="20550">
                    <coordinates>13.52265591,51.45874076,0.0 13.52243524,51.458764529999996,0.0 13.522317590000002,51.45868499,0.0</coordinates>
                </LineString>
                <LineString id="20552">
                    <coordinates>13.522452789999997,51.45829936999999,0.0 13.52213844,51.458436760000005,0.0</coordinates>
                </LineString>
                <LineString id="20554">
                    <coordinates>13.522317590000002,51.45868499,0.0 13.522523509999997,51.45833394,0.0 13.522452789999997,51.45829936999999,0.0</coordinates>
                </LineString>
                <LineString id="20556">
                    <coordinates>13.522066890000001,51.45862777999999,0.0 13.522194239999997,51.45842387,0.0</coordinates>
                </LineString>
                <LineString id="20558">
                    <coordinates>13.522138359999998,51.45843746999999,0.0 13.521869040000002,51.45858059,0.0</coordinates>
                </LineString>
                <LineString id="20560">
                    <coordinates>13.522209629999999,51.458398249999995,0.0 13.52213844,51.458436760000005,0.0</coordinates>
                </LineString>
                <LineString id="20562">
                    <coordinates>13.522209629999999,51.458398249999995,0.0 13.522194239999997,51.45842387,0.0</coordinates>
                </LineString>
                <LineString id="20564">
                    <coordinates>13.52184183,51.45859064,0.0 13.521869040000002,51.45858059,0.0</coordinates>
                </LineString>
                <LineString id="20566">
                    <coordinates>13.52184183,51.45859064,0.0 13.521929539999999,51.45848594999999,0.0 13.522035379999998,51.45835726999999,0.0</coordinates>
                </LineString>
                <LineString id="20568">
                    <coordinates>13.522066890000001,51.45862777999999,0.0 13.522184660000004,51.45864978000001,0.0 13.52223057,51.45868092999999,0.0 13.52231643,51.45872738999999,0.0</coordinates>
                </LineString>
                <LineString id="20570">
                    <coordinates>13.52231643,51.45872738999999,0.0 13.52234919,51.45878601,0.0 13.522423259999998,51.45876698,0.0</coordinates>
                </LineString>
                <LineString id="20572">
                    <coordinates>13.52184183,51.45859064,0.0 13.521813130000002,51.458627719999996,0.0 13.52179226,51.45865555,0.0</coordinates>
                </LineString>
                <LineString id="20574">
                    <coordinates>13.52179226,51.45865555,0.0 13.521766889999999,51.458699389999985,0.0 13.5217667,51.45873903999999,0.0 13.52176903,51.4587626,0.0</coordinates>
                </LineString>
                <LineString id="20576">
                    <coordinates>13.521507739999999,51.45885438,0.0 13.521450769999996,51.458847500000005,0.0</coordinates>
                </LineString>
                <LineString id="20578">
                    <coordinates>13.51992987,51.45850827,0.0 13.51989606,51.45860587,0.0</coordinates>
                </LineString>
                <LineString id="20580">
                    <coordinates>13.51959957,51.45939249999999,0.0 13.519568539999998,51.459463140000004,0.0 13.51954648,51.45952724,0.0</coordinates>
                </LineString>
                <LineString id="20582">
                    <coordinates>13.519882049999998,51.458645999999995,0.0 13.51987224,51.45867368,0.0 13.519850080000001,51.45873612,0.0 13.5198392,51.45876431,0.0 13.519825279999997,51.458800569999994,0.0 13.519808859999998,51.45884223,0.0 13.519791879999998,51.45888481,0.0 13.519765849999999,51.45894393999999,0.0 13.519727100000003,51.459021979999996,0.0 13.51970035,51.45908287999999,0.0 13.519687569999999,51.459118979999985,0.0 13.519670919999998,51.45917400999999,0.0 13.519663059999997,51.45920243999999,0.0 13.519651590000002,51.45926973000001,0.0 13.51962123,51.45934436000001,0.0 13.51960508,51.45938004999999,0.0 13.51959957,51.45939249999999,0.0</coordinates>
                </LineString>
                <LineString id="20584">
                    <coordinates>13.520017540000001,51.45819815,0.0 13.5200395,51.45813717,0.0 13.520059489999998,51.45807617999999,0.0 13.520073209999998,51.4580338,0.0 13.520087469999998,51.45799306999999,0.0 13.520098769999999,51.45795978,0.0</coordinates>
                </LineString>
                <LineString id="20586">
                    <coordinates>13.51991864,51.458497969999996,0.0 13.51991973,51.45849324999999,0.0 13.51992739,51.45846982,0.0 13.51993503,51.45844559,0.0 13.519939009999998,51.458430969999995,0.0 13.519943369999998,51.45841748,0.0 13.519948979999999,51.45839972999999,0.0</coordinates>
                </LineString>
                <LineString id="20588">
                    <coordinates>13.51981583,51.45863580999999,0.0 13.51977652,51.45863185,0.0 13.51973288,51.45862679999999,0.0 13.5195049,51.45859126,0.0</coordinates>
                </LineString>
                <LineString id="20590">
                    <coordinates>13.5195049,51.45859126,0.0 13.519423149999998,51.458578689999996,0.0</coordinates>
                </LineString>
                <LineString id="20592">
                    <coordinates>13.519057389999997,51.45852287,0.0 13.5189188,51.45850259,0.0</coordinates>
                </LineString>
                <LineString id="20594">
                    <coordinates>13.519423149999998,51.458578689999996,0.0 13.519259179999999,51.45855262,0.0 13.51913747,51.45853513000001,0.0 13.519057389999997,51.45852287,0.0</coordinates>
                </LineString>
                <LineString id="20596">
                    <coordinates>13.518163119999999,51.458395239999994,0.0 13.518227549999999,51.458403510000004,0.0</coordinates>
                </LineString>
                <LineString id="20598">
                    <coordinates>13.518444559999999,51.45843477,0.0 13.51844484,51.458434770000004,0.0</coordinates>
                </LineString>
                <LineString id="20600">
                    <coordinates>13.51798456,51.458373959999996,0.0 13.51802093,51.45837772999999,0.0</coordinates>
                </LineString>
                <LineString id="20602">
                    <coordinates>13.518101019999998,51.45838734,0.0 13.518163119999999,51.458395239999994,0.0</coordinates>
                </LineString>
                <LineString id="20604">
                    <coordinates>13.517700119999999,51.45832759999999,0.0 13.51772349,51.45833371,0.0 13.51786728,51.45835873,0.0 13.51798456,51.458373959999996,0.0</coordinates>
                </LineString>
                <LineString id="20606">
                    <coordinates>13.517671239999999,51.45821804999999,0.0 13.5176741,51.45821016,0.0</coordinates>
                </LineString>
                <LineString id="20608">
                    <coordinates>13.51766208,51.458214289999994,0.0 13.51758196,51.45817484999999,0.0</coordinates>
                </LineString>
                <LineString id="20610">
                    <coordinates>13.517664909999999,51.45820626,0.0 13.51758433,51.45816661,0.0</coordinates>
                </LineString>
                <LineString id="20612">
                    <coordinates>13.51766208,51.458214289999994,0.0 13.517671239999999,51.45821804999999,0.0</coordinates>
                </LineString>
                <LineString id="20614">
                    <coordinates>13.51766447,51.45823718,0.0 13.517667409999998,51.45822887999999,0.0 13.517671239999999,51.45821804999999,0.0</coordinates>
                </LineString>
                <LineString id="20616">
                    <coordinates>13.517664909999999,51.45820626,0.0 13.5176741,51.45821016,0.0</coordinates>
                </LineString>
                <LineString id="20618">
                    <coordinates>13.51758196,51.45817484999999,0.0 13.517571259999999,51.45816779,0.0</coordinates>
                </LineString>
                <LineString id="20620">
                    <coordinates>13.51759003,51.45810623,0.0 13.517594409999997,51.45809150999999,0.0 13.51759952,51.45806925,0.0</coordinates>
                </LineString>
                <LineString id="20622">
                    <coordinates>13.51758433,51.45816661,0.0 13.517582409999997,51.45816386999999,0.0 13.51758241,51.458161430000004,0.0 13.517582500000001,51.45815807999999,0.0 13.51759003,51.45810623,0.0</coordinates>
                </LineString>
                <LineString id="20624">
                    <coordinates>13.51765523,51.45826719000001,0.0 13.51765578,51.45826510999999,0.0</coordinates>
                </LineString>
                <LineString id="20626">
                    <coordinates>13.519884489999999,51.45862191999999,0.0 13.519883559999998,51.458624129999976,0.0 13.51988016,51.45863027000001,0.0 13.5198716,51.458630389999996,0.0 13.51986712,51.458639049999995,0.0 13.5198456,51.45863875999999,0.0 13.51981583,51.45863580999999,0.0</coordinates>
                </LineString>
                <LineString id="20628">
                    <coordinates>13.519612710000002,51.45939319000001,0.0 13.519762479999999,51.45940128999999,0.0</coordinates>
                </LineString>
                <LineString id="20630">
                    <coordinates>13.519883430000002,51.45940184999999,0.0 13.519974999999999,51.45939927,0.0</coordinates>
                </LineString>
                <LineString id="20632">
                    <coordinates>13.51979059,51.45940407999999,0.0 13.51982216,51.45940383,0.0</coordinates>
                </LineString>
                <LineString id="20634">
                    <coordinates>13.51982216,51.45940383,0.0 13.519883430000002,51.45940184999999,0.0</coordinates>
                </LineString>
                <LineString id="20636">
                    <coordinates>13.520327409999998,51.459385,0.0 13.52034321,51.45938407999999,0.0</coordinates>
                </LineString>
                <LineString id="20638">
                    <coordinates>13.519974999999999,51.45939927,0.0 13.520167449999999,51.45939375,0.0</coordinates>
                </LineString>
                <LineString id="20640">
                    <coordinates>13.52073972,51.45936639000001,0.0 13.52085096,51.459361330000014,0.0</coordinates>
                </LineString>
                <LineString id="20642">
                    <coordinates>13.52034321,51.45938407999999,0.0 13.5204947,51.459377999999994,0.0</coordinates>
                </LineString>
                <LineString id="20644">
                    <coordinates>13.521177550000003,51.45934404,0.0 13.52124896,51.459340579999996,0.0</coordinates>
                </LineString>
                <LineString id="20646">
                    <coordinates>13.52085096,51.459361330000014,0.0 13.520911920000001,51.459359329999984,0.0</coordinates>
                </LineString>
                <LineString id="20648">
                    <coordinates>13.52174506,51.45932857,0.0 13.52217893,51.45930330000001,0.0</coordinates>
                </LineString>
                <LineString id="20650">
                    <coordinates>13.521730299999998,51.45933091999999,0.0 13.52174506,51.45932857,0.0</coordinates>
                </LineString>
                <LineString id="20652">
                    <coordinates>13.521759740000002,51.459790340000005,0.0 13.521792669999998,51.45978145,0.0</coordinates>
                </LineString>
                <LineString id="20654">
                    <coordinates>13.521792669999998,51.45978145,0.0 13.52183262,51.45976743,0.0</coordinates>
                </LineString>
                <LineString id="20656">
                    <coordinates>13.52183262,51.45976743,0.0 13.521891890000001,51.459741529999995,0.0</coordinates>
                </LineString>
                <LineString id="20658">
                    <coordinates>13.521980309999998,51.459701179999996,0.0 13.52210389,51.459649689999985,0.0</coordinates>
                </LineString>
                <LineString id="20660">
                    <coordinates>13.52168009,51.45985208,0.0 13.521643829999999,51.45989949999999,0.0</coordinates>
                </LineString>
                <LineString id="20662">
                    <coordinates>13.521705480000001,51.45982399999999,0.0 13.52168009,51.45985208,0.0</coordinates>
                </LineString>
                <LineString id="20664">
                    <coordinates>13.521597339999998,51.460005939999995,0.0 13.5216,51.46000811999998,0.0</coordinates>
                </LineString>
                <LineString id="20666">
                    <coordinates>13.521643829999999,51.45989949999999,0.0 13.521633919999998,51.45991204,0.0 13.521627310000001,51.45992518,0.0 13.521612309999998,51.45995489,0.0 13.521598549999998,51.45998465999999,0.0</coordinates>
                </LineString>
                <LineString id="20668">
                    <coordinates>13.521598549999998,51.45998465999999,0.0 13.521597339999998,51.460005939999995,0.0</coordinates>
                </LineString>
                <LineString id="20670">
                    <coordinates>13.5216,51.46000811999998,0.0 13.52160098,51.46001458999999,0.0</coordinates>
                </LineString>
                <LineString id="20672">
                    <coordinates>13.52145497,51.460244679999995,0.0 13.521446890000002,51.46025472,0.0 13.52143661,51.46027091,0.0 13.52142893,51.46028653999999,0.0</coordinates>
                </LineString>
                <LineString id="20674">
                    <coordinates>13.52155319,51.46007643,0.0 13.521533540000002,51.46010111,0.0 13.521523849999998,51.46011643000001,0.0 13.521517879999998,51.46012488,0.0 13.521475940000002,51.46020359,0.0</coordinates>
                </LineString>
                <LineString id="20676">
                    <coordinates>13.521475940000002,51.46020359,0.0 13.52147111,51.46021379999999,0.0</coordinates>
                </LineString>
                <LineString id="20678">
                    <coordinates>13.52147111,51.46021379999999,0.0 13.521463849999998,51.46023099999999,0.0 13.521458690000001,51.46023879999999,0.0 13.52145497,51.460244679999995,0.0</coordinates>
                </LineString>
                <LineString id="20680">
                    <coordinates>13.52136216,51.46042818000001,0.0 13.521303449999998,51.46051634,0.0</coordinates>
                </LineString>
                <LineString id="20682">
                    <coordinates>13.52142893,51.46028653999999,0.0 13.52136216,51.46042818000001,0.0</coordinates>
                </LineString>
                <LineString id="20684">
                    <coordinates>13.52120856,51.460680350000004,0.0 13.52119102,51.46071341999999,0.0</coordinates>
                </LineString>
                <LineString id="20686">
                    <coordinates>13.521303449999998,51.46051634,0.0 13.52128026,51.46055374,0.0</coordinates>
                </LineString>
                <LineString id="20688">
                    <coordinates>13.52128026,51.46055374,0.0 13.52120856,51.460680350000004,0.0</coordinates>
                </LineString>
                <LineString id="20690">
                    <coordinates>13.521145489999999,51.460799579999986,0.0 13.52110981,51.4608676,0.0 13.52109179,51.46089929,0.0</coordinates>
                </LineString>
                <LineString id="20692">
                    <coordinates>13.52119102,51.46071341999999,0.0 13.521145489999999,51.460799579999986,0.0</coordinates>
                </LineString>
                <LineString id="20694">
                    <coordinates>13.5210843,51.460912140000005,0.0 13.521037700000003,51.46099345,0.0</coordinates>
                </LineString>
                <LineString id="20696">
                    <coordinates>13.52109179,51.46089929,0.0 13.5210843,51.460912140000005,0.0</coordinates>
                </LineString>
                <LineString id="20698">
                    <coordinates>13.520984549999998,51.461146109999994,0.0 13.52095787,51.461191119999995,0.0 13.520900899999997,51.46130861,0.0</coordinates>
                </LineString>
                <LineString id="20700">
                    <coordinates>13.52098256,51.46112387999999,0.0 13.520984549999998,51.461146109999994,0.0</coordinates>
                </LineString>
                <LineString id="20702">
                    <coordinates>13.52368626,51.45974089,0.0 13.52369876,51.45974726,0.0</coordinates>
                </LineString>
                <LineString id="20704">
                    <coordinates>13.52239602,51.45957531999999,0.0 13.522416479999999,51.45957730999999,0.0 13.522619479999998,51.45959512999998,0.0 13.52274514,51.45960245999999,0.0</coordinates>
                </LineString>
                <LineString id="20706">
                    <coordinates>13.522099869999996,51.45969529,0.0 13.522269100000003,51.45960933999999,0.0</coordinates>
                </LineString>
                <LineString id="20708">
                    <coordinates>13.522269100000003,51.45960933999999,0.0 13.52230427,51.459594550000006,0.0</coordinates>
                </LineString>
                <LineString id="20710">
                    <coordinates>13.522339429999999,51.45958257,0.0 13.52239602,51.45957531999999,0.0</coordinates>
                </LineString>
                <LineString id="20712">
                    <coordinates>13.52230427,51.459594550000006,0.0 13.522339429999999,51.45958257,0.0</coordinates>
                </LineString>
                <LineString id="20714">
                    <coordinates>13.52210389,51.459649689999985,0.0 13.5223038,51.45957772,0.0 13.52231592,51.45957389000001,0.0 13.522326959999996,51.45957075999999,0.0 13.522334049999998,51.45956959,0.0 13.522339179999998,51.45956867,0.0 13.52234434,51.45956835,0.0 13.52234799,51.459568940000004,0.0 13.52235331,51.45956889,0.0 13.52236888,51.45957098,0.0 13.522387689999999,51.459573739999996,0.0 13.52239602,51.45957531999999,0.0</coordinates>
                </LineString>
                <LineString id="20716">
                    <coordinates>13.522850319999998,51.45963363999999,0.0 13.52283057,51.45963127,0.0 13.52274514,51.45960245999999,0.0</coordinates>
                </LineString>
                <LineString id="20718">
                    <coordinates>13.523147420000003,51.45966399,0.0 13.523164459999998,51.45966271999999,0.0</coordinates>
                </LineString>
                <LineString id="20720">
                    <coordinates>13.523164459999998,51.45966271999999,0.0 13.52328594,51.45959698,0.0</coordinates>
                </LineString>
                <LineString id="20722">
                    <coordinates>13.52331783,51.459578189999995,0.0 13.52333974,51.459588169999996,0.0 13.52337061,51.45960213,0.0</coordinates>
                </LineString>
                <LineString id="20724">
                    <coordinates>13.52274514,51.45960245999999,0.0 13.522976929999999,51.45961731,0.0 13.52314235,51.45963582,0.0 13.523201169999998,51.459643060000005,0.0 13.523235159999999,51.45963533999999,0.0 13.52326353,51.45962405000001,0.0 13.523321149999997,51.45960639999999,0.0 13.523345959999999,51.45960185,0.0 13.523354799999998,51.45960186,0.0 13.52337061,51.45960213,0.0</coordinates>
                </LineString>
                <LineString id="20726">
                    <coordinates>13.52328594,51.45959698,0.0 13.52331783,51.459578189999995,0.0</coordinates>
                </LineString>
                <LineString id="20728">
                    <coordinates>13.523232810000001,51.459543090000004,0.0 13.523262299999999,51.45955415999999,0.0 13.52327763,51.45955872,0.0 13.52331783,51.459578189999995,0.0</coordinates>
                </LineString>
                <LineString id="20730">
                    <coordinates>13.52228336,51.45929494999999,0.0 13.52235253,51.45930949,0.0 13.52241371,51.45932389,0.0 13.52244376,51.45933272999999,0.0 13.522470999999998,51.45934356000001,0.0 13.522480119999999,51.45934656,0.0 13.522587030000002,51.45937546,0.0 13.522635300000001,51.459392980000004,0.0 13.522674629999997,51.45940651000001,0.0 13.52278797,51.45943290000001,0.0 13.522841760000002,51.45944058,0.0 13.522972580000001,51.45945509999999,0.0 13.52301473,51.459461090000005,0.0 13.523028049999999,51.459464929999996,0.0 13.523048699999999,51.45947654,0.0 13.523057980000003,51.45948642,0.0 13.523068499999999,51.45949029999999,0.0 13.523123980000001,51.459506,0.0 13.52316603,51.459519289999996,0.0 13.523201390000002,51.45953194,0.0 13.523232810000001,51.459543090000004,0.0</coordinates>
                </LineString>
                <LineString id="20732">
                    <coordinates>13.52349352,51.45935211999999,0.0 13.52352581,51.45934267,0.0</coordinates>
                </LineString>
                <LineString id="20734">
                    <coordinates>13.52336588,51.45936334999999,0.0 13.52341492,51.45936238,0.0</coordinates>
                </LineString>
                <LineString id="20736">
                    <coordinates>13.52341492,51.45936238,0.0 13.52344988,51.45936394999999,0.0 13.52346078,51.45936175999999,0.0 13.52349352,51.45935211999999,0.0</coordinates>
                </LineString>
                <LineString id="20738">
                    <coordinates>13.523318269999999,51.45936502,0.0 13.52322387,51.45928901,0.0</coordinates>
                </LineString>
                <LineString id="20740">
                    <coordinates>13.52321729,51.45928428999999,0.0 13.523065819999998,51.459282529999996,0.0</coordinates>
                </LineString>
                <LineString id="20742">
                    <coordinates>13.523065819999998,51.459282529999996,0.0 13.52302009,51.45928599,0.0</coordinates>
                </LineString>
                <LineString id="20744">
                    <coordinates>13.5227906,51.45929077,0.0 13.522771219999997,51.45920163,0.0 13.52277816,51.45916602,0.0</coordinates>
                </LineString>
                <LineString id="20746">
                    <coordinates>13.522413039999998,51.45928968,0.0 13.52227683,51.45928326,0.0</coordinates>
                </LineString>
                <LineString id="20748">
                    <coordinates>13.52227683,51.45928326,0.0 13.52228869,51.459288719999996,0.0 13.522297050000002,51.4592929,0.0 13.52229154,51.45929392000001,0.0 13.52228336,51.45929494999999,0.0</coordinates>
                </LineString>
                <LineString id="20750">
                    <coordinates>13.522252670000002,51.459289039999994,0.0 13.52228336,51.45929494999999,0.0</coordinates>
                </LineString>
                <LineString id="20752">
                    <coordinates>13.52178062,51.459036049999995,0.0 13.52174298,51.45907800999999,0.0</coordinates>
                </LineString>
                <LineString id="20754">
                    <coordinates>13.521941689999998,51.4588636,0.0 13.521764840000001,51.45881145,0.0</coordinates>
                </LineString>
                <LineString id="20756">
                    <coordinates>13.521747399999999,51.45880949,0.0 13.521764840000001,51.45881145,0.0</coordinates>
                </LineString>
                <LineString id="20758">
                    <coordinates>13.52176903,51.4587626,0.0 13.521766079999999,51.458792439999996,0.0 13.521747399999999,51.45880949,0.0</coordinates>
                </LineString>
                <LineString id="20760">
                    <coordinates>13.521941689999998,51.4588636,0.0 13.52194904,51.45886922999999,0.0 13.52195818,51.458883379999996,0.0</coordinates>
                </LineString>
                <LineString id="20762">
                    <coordinates>13.521956669999998,51.45888816,0.0 13.52191261,51.45893834,0.0</coordinates>
                </LineString>
                <LineString id="20764">
                    <coordinates>13.52195818,51.458883379999996,0.0 13.521956669999998,51.45888816,0.0</coordinates>
                </LineString>
                <LineString id="20766">
                    <coordinates>13.52191261,51.45893834,0.0 13.521884,51.45894270000001,0.0</coordinates>
                </LineString>
                <LineString id="20768">
                    <coordinates>13.52184524,51.458978349999995,0.0 13.521884,51.45894270000001,0.0</coordinates>
                </LineString>
                <LineString id="20770">
                    <coordinates>13.52184524,51.458978349999995,0.0 13.52183486,51.45898775,0.0</coordinates>
                </LineString>
                <LineString id="20772">
                    <coordinates>13.52183486,51.45898775,0.0 13.521823189999997,51.45899816,0.0</coordinates>
                </LineString>
                <LineString id="20774">
                    <coordinates>13.52171369,51.45922121,0.0 13.521713299999998,51.45922694,0.0 13.521704110000002,51.45926636000001,0.0</coordinates>
                </LineString>
                <LineString id="20776">
                    <coordinates>13.52174298,51.45907800999999,0.0 13.52171422,51.45914499999999,0.0</coordinates>
                </LineString>
                <LineString id="20778">
                    <coordinates>13.52171044,51.45932734,0.0 13.521730299999998,51.45933091999999,0.0</coordinates>
                </LineString>
                <LineString id="20780">
                    <coordinates>13.52124896,51.459340579999996,0.0 13.521483229999998,51.45933972,0.0 13.521730299999998,51.45933091999999,0.0</coordinates>
                </LineString>
                <LineString id="20782">
                    <coordinates>13.521730299999998,51.45933091999999,0.0 13.52170997,51.4593154,0.0 13.52171422,51.45914499999999,0.0</coordinates>
                </LineString>
                <LineString id="20784">
                    <coordinates>13.521700310000002,51.45928551,0.0 13.521698359999998,51.459325769999985,0.0 13.52171044,51.45932734,0.0</coordinates>
                </LineString>
                <LineString id="20786">
                    <coordinates>13.521704110000002,51.45926636000001,0.0 13.521701879999998,51.45927686,0.0</coordinates>
                </LineString>
                <LineString id="20788">
                    <coordinates>13.521701879999998,51.45927686,0.0 13.521700310000002,51.45928551,0.0</coordinates>
                </LineString>
                <LineString id="20790">
                    <coordinates>13.520911920000001,51.459359329999984,0.0 13.52091845,51.45935915999999,0.0</coordinates>
                </LineString>
                <LineString id="20792">
                    <coordinates>13.52065377,51.45937065,0.0 13.52073972,51.45936639000001,0.0</coordinates>
                </LineString>
                <LineString id="20794">
                    <coordinates>13.519511750000001,51.45955526,0.0 13.51930583,51.459564869999994,0.0</coordinates>
                </LineString>
                <LineString id="20796">
                    <coordinates>13.516993509999999,51.45984296999998,0.0 13.51705816,51.46004186999999,0.0 13.517132419999998,51.46026185999999,0.0 13.51717369,51.46038286999998,0.0 13.5172568,51.46063097,0.0 13.51729906,51.460755260000006,0.0 13.51737569,51.46098533,0.0</coordinates>
                </LineString>
                <LineString id="20798">
                    <coordinates>13.516991229999997,51.45983522,0.0 13.516993509999999,51.45984296999998,0.0</coordinates>
                </LineString>
                <LineString id="20800">
                    <coordinates>13.517456770000003,51.46120673,0.0 13.51739341,51.46103793,0.0 13.51737569,51.46098533,0.0</coordinates>
                </LineString>
                <LineString id="20802">
                    <coordinates>13.517276849999998,51.46119992,0.0 13.51728897,51.461238779999995,0.0</coordinates>
                </LineString>
                <LineString id="20804">
                    <coordinates>13.51728897,51.461238779999995,0.0 13.517253189999998,51.46123418,0.0 13.51717546,51.461235219999985,0.0</coordinates>
                </LineString>
                <LineString id="20806">
                    <coordinates>13.51717546,51.461235219999985,0.0 13.516791209999997,51.46121866,0.0 13.516540980000002,51.46121146000001,0.0</coordinates>
                </LineString>
                <LineString id="20808">
                    <coordinates>13.516540980000002,51.46121146000001,0.0 13.516531549999998,51.461209149999995,0.0 13.516474240000003,51.46118301,0.0 13.516421550000002,51.461153270000004,0.0 13.51629845,51.46115321999999,0.0</coordinates>
                </LineString>
                <LineString id="20810">
                    <coordinates>13.517456770000003,51.46120673,0.0 13.517319029999998,51.46117018999999,0.0</coordinates>
                </LineString>
                <LineString id="20812">
                    <coordinates>13.517319029999998,51.46117018999999,0.0 13.517274689999999,51.461165699999995,0.0 13.5172791,51.46118168999999,0.0 13.517276849999998,51.46119992,0.0</coordinates>
                </LineString>
                <LineString id="20814">
                    <coordinates>13.51663979,51.46215846999999,0.0 13.516618910000002,51.46218523,0.0</coordinates>
                </LineString>
                <LineString id="20816">
                    <coordinates>13.51647752,51.46143055,0.0 13.51652433,51.46150351,0.0 13.51656285,51.46156703,0.0 13.516578269999998,51.46159261,0.0 13.516595419999998,51.46162386,0.0</coordinates>
                </LineString>
                <LineString id="20818">
                    <coordinates>13.516809519999999,51.46216214999999,0.0 13.516843260000002,51.462232119999996,0.0 13.51691866,51.46235788999999,0.0</coordinates>
                </LineString>
                <LineString id="20820">
                    <coordinates>13.51666096,51.46215887000001,0.0 13.516794049999998,51.46216179,0.0</coordinates>
                </LineString>
                <LineString id="20822">
                    <coordinates>13.51663979,51.46215846999999,0.0 13.51666096,51.46215887000001,0.0</coordinates>
                </LineString>
                <LineString id="20824">
                    <coordinates>13.516794049999998,51.46216179,0.0 13.516809519999999,51.46216214999999,0.0</coordinates>
                </LineString>
                <LineString id="20826">
                    <coordinates>13.516595419999998,51.46162386,0.0 13.51660724,51.46165023999998,0.0 13.516630009999998,51.46170095,0.0 13.516653089999998,51.46176011,0.0 13.51667676,51.461830199999994,0.0 13.51670134,51.46190435,0.0 13.5167207,51.46196040000001,0.0 13.51673179,51.461991209999994,0.0 13.516750669999999,51.462038529999994,0.0 13.516784329999998,51.462109549999994,0.0 13.516809519999999,51.46216214999999,0.0</coordinates>
                </LineString>
                <LineString id="20828">
                    <coordinates>13.517093649999998,51.46268779,0.0 13.517030629999997,51.46257359999999,0.0</coordinates>
                </LineString>
                <LineString id="20830">
                    <coordinates>13.517030629999997,51.46257359999999,0.0 13.516965229999998,51.46245011999999,0.0 13.51691866,51.46235788999999,0.0</coordinates>
                </LineString>
                <LineString id="20832">
                    <coordinates>13.517093649999998,51.46268779,0.0 13.517114649999998,51.462723870000005,0.0 13.51714363,51.46278342,0.0 13.51716415,51.46282635000001,0.0 13.51720032,51.462898560000006,0.0 13.517254809999999,51.46300466999999,0.0 13.517280539999996,51.46306169,0.0 13.517299619999996,51.46310215,0.0</coordinates>
                </LineString>
                <LineString id="20834">
                    <coordinates>13.517299619999996,51.46310215,0.0 13.517326849999998,51.46315847,0.0 13.517349129999998,51.463200609999994,0.0 13.517368899999997,51.463234560000004,0.0</coordinates>
                </LineString>
                <LineString id="20836">
                    <coordinates>13.517475999999998,51.46337903,0.0 13.517462369999999,51.463562409999994,0.0 13.517470259999998,51.46359925,0.0</coordinates>
                </LineString>
                <LineString id="20838">
                    <coordinates>13.517470259999998,51.46359925,0.0 13.517500949999997,51.463699129999995,0.0 13.51751592,51.46375179999999,0.0 13.51755006,51.46391455999999,0.0 13.517572490000001,51.46408691999999,0.0 13.517571249999998,51.46413910999999,0.0 13.517571659999998,51.46415214999999,0.0 13.51757291,51.464162089999995,0.0 13.517574929999999,51.46417531,0.0</coordinates>
                </LineString>
                <LineString id="20840">
                    <coordinates>13.517574929999999,51.46417531,0.0 13.51757933,51.46418973000001,0.0 13.517583780000002,51.4641995,0.0 13.51758917,51.46420925,0.0 13.517599430000002,51.4642223,0.0 13.51760735,51.46422968000001,0.0 13.51761321,51.464234049999995,0.0 13.5176281,51.46424096,0.0</coordinates>
                </LineString>
                <LineString id="20842">
                    <coordinates>13.5176281,51.46424096,0.0 13.517658419999998,51.46424421999999,0.0 13.517698289999998,51.46424515999999,0.0 13.5177512,51.46424194,0.0</coordinates>
                </LineString>
                <LineString id="20844">
                    <coordinates>13.529646540000002,51.46406335,0.0 13.52964647,51.46406356999999,0.0</coordinates>
                </LineString>
                <LineString id="20846">
                    <coordinates>13.53269364,51.466254219999996,0.0 13.532767559999998,51.46628560999999,0.0</coordinates>
                </LineString>
                <LineString id="20848">
                    <coordinates>13.52213832,51.46684104,0.0 13.52210109,51.46688938,0.0</coordinates>
                </LineString>
                <LineString id="20850">
                    <coordinates>13.52206817,51.46692256000001,0.0 13.52203776,51.46695181,0.0 13.5219933,51.46700145,0.0 13.52197914,51.46701762,0.0</coordinates>
                </LineString>
                <LineString id="20852">
                    <coordinates>13.521839309999999,51.46719494,0.0 13.521828079999999,51.467210660000006,0.0</coordinates>
                </LineString>
                <LineString id="20854">
                    <coordinates>13.520437739999998,51.466689839999994,0.0 13.52043216,51.46669778,0.0 13.52040371,51.46672062999999,0.0</coordinates>
                </LineString>
                <LineString id="20856">
                    <coordinates>13.52260209,51.45929343,0.0 13.52253345,51.45928888,0.0 13.52243679,51.45929009,0.0</coordinates>
                </LineString>
                <LineString id="20858">
                    <coordinates>13.523524980000001,51.45889937999999,0.0 13.523563219999998,51.458896389999985,0.0</coordinates>
                </LineString>
                <LineString id="20860">
                    <coordinates>13.531442999999998,51.46219021,0.0 13.531446809999998,51.462246999999984,0.0</coordinates>
                </LineString>
                <LineString id="20862">
                    <coordinates>13.514798659999999,51.46028152999999,0.0 13.514720109999997,51.46010720999999,0.0 13.514646329999998,51.459943009999996,0.0 13.5145848,51.45980735,0.0 13.51452367,51.459676290000004,0.0 13.51445927,51.45953904,0.0</coordinates>
                </LineString>
                <LineString id="20864">
                    <coordinates>13.524200589999998,51.454418629999985,0.0 13.52418416,51.454400080000006,0.0 13.524136340000002,51.45432186,0.0 13.524145349999998,51.454283069999995,0.0 13.524157730000002,51.4542719,0.0 13.52422157,51.454250759999994,0.0</coordinates>
                </LineString>
                <LineString id="20866">
                    <coordinates>13.529112680000003,51.46344223,0.0 13.529141679999999,51.46345551999999,0.0 13.52924995,51.46352007,0.0 13.529273770000001,51.46353725,0.0</coordinates>
                </LineString>
                <LineString id="20868">
                    <coordinates>13.527749,51.46213401,0.0 13.52772189,51.46210115000001,0.0</coordinates>
                </LineString>
                <LineString id="20870">
                    <coordinates>13.529198269999998,51.46317271,0.0 13.529258689999999,51.46315426000001,0.0 13.52928802,51.46318423,0.0</coordinates>
                </LineString>
            </MultiGeometry>
        </Placemark>
        <Placemark id="20877">
            <name>MultiPoint</name>
            <styleUrl>#22250</styleUrl>
            <MultiGeometry id="20876">
                <Point id="20878">
                    <coordinates>13.517787022370769,51.458064118918855,0.0</coordinates>
                </Point>
                <Point id="20880">
                    <coordinates>13.524090931972742,51.455544049497924,0.0</coordinates>
                </Point>
                <Point id="20882">
                    <coordinates>13.523253492712689,51.45726806351364,0.0</coordinates>
                </Point>
                <Point id="20884">
                    <coordinates>13.52380920083379,51.456625713420976,0.0</coordinates>
                </Point>
                <Point id="20886">
                    <coordinates>13.523159467564797,51.458936342442456,0.0</coordinates>
                </Point>
                <Point id="20888">
                    <coordinates>13.52508513799847,51.458600946715606,0.0</coordinates>
                </Point>
                <Point id="20890">
                    <coordinates>13.525211610930928,51.4585690615746,0.0</coordinates>
                </Point>
                <Point id="20892">
                    <coordinates>13.52384493845972,51.45858591319136,0.0</coordinates>
                </Point>
                <Point id="20894">
                    <coordinates>13.523225425747116,51.45843889859514,0.0</coordinates>
                </Point>
                <Point id="20896">
                    <coordinates>13.521992477833779,51.458351580548566,0.0</coordinates>
                </Point>
                <Point id="20898">
                    <coordinates>13.52194484685797,51.45845240002635,0.0</coordinates>
                </Point>
                <Point id="20900">
                    <coordinates>13.52236066565109,51.458724268785055,0.0</coordinates>
                </Point>
                <Point id="20902">
                    <coordinates>13.52227975325841,51.45892535346262,0.0</coordinates>
                </Point>
                <Point id="20904">
                    <coordinates>13.522260820041142,51.45902506398896,0.0</coordinates>
                </Point>
                <Point id="20906">
                    <coordinates>13.516154735963058,51.46136642806178,0.0</coordinates>
                </Point>
                <Point id="20908">
                    <coordinates>13.514681412238705,51.45972264739238,0.0</coordinates>
                </Point>
                <Point id="20910">
                    <coordinates>13.516297246569907,51.462224741408086,0.0</coordinates>
                </Point>
                <Point id="20912">
                    <coordinates>13.529033236757495,51.463118213223034,0.0</coordinates>
                </Point>
                <Point id="20914">
                    <coordinates>13.534550070759513,51.46021412822148,0.0</coordinates>
                </Point>
                <Point id="20916">
                    <coordinates>13.527172591362678,51.46178651011904,0.0</coordinates>
                </Point>
                <Point id="20918">
                    <coordinates>13.528987375321572,51.462220179072546,0.0</coordinates>
                </Point>
                <Point id="20920">
                    <coordinates>13.531204173152272,51.46351106957619,0.0</coordinates>
                </Point>
                <Point id="20922">
                    <coordinates>13.53104461127723,51.464516036693645,0.0</coordinates>
                </Point>
                <Point id="20924">
                    <coordinates>13.525234096391529,51.46228439992892,0.0</coordinates>
                </Point>
                <Point id="20926">
                    <coordinates>13.525368846021951,51.46204523882584,0.0</coordinates>
                </Point>
                <Point id="20928">
                    <coordinates>13.525491909861428,51.46183352371916,0.0</coordinates>
                </Point>
                <Point id="20930">
                    <coordinates>13.52665728972041,51.4613835348597,0.0</coordinates>
                </Point>
                <Point id="20932">
                    <coordinates>13.521796643429525,51.46219232721064,0.0</coordinates>
                </Point>
                <Point id="20934">
                    <coordinates>13.52064045244551,51.46666404739223,0.0</coordinates>
                </Point>
                <Point id="20936">
                    <coordinates>13.52874499048151,51.46456906336186,0.0</coordinates>
                </Point>
                <Point id="20938">
                    <coordinates>13.527928031452259,51.46446570585662,0.0</coordinates>
                </Point>
                <Point id="20940">
                    <coordinates>13.528055407178242,51.46444278100412,0.0</coordinates>
                </Point>
                <Point id="20942">
                    <coordinates>13.526665455764567,51.46422661374559,0.0</coordinates>
                </Point>
                <Point id="20944">
                    <coordinates>13.513516259585383,51.458426885170425,0.0</coordinates>
                </Point>
                <Point id="20946">
                    <coordinates>13.514271200690771,51.45703005931457,0.0</coordinates>
                </Point>
                <Point id="20948">
                    <coordinates>13.523578849651436,51.45924406159361,0.0</coordinates>
                </Point>
                <Point id="20950">
                    <coordinates>13.525256159887764,51.45887327359681,0.0</coordinates>
                </Point>
                <Point id="20952">
                    <coordinates>13.525741350740333,51.45882751489143,0.0</coordinates>
                </Point>
                <Point id="20954">
                    <coordinates>13.523444701330844,51.45978013397272,0.0</coordinates>
                </Point>
                <Point id="20956">
                    <coordinates>13.525647281899914,51.460639767923404,0.0</coordinates>
                </Point>
                <Point id="20958">
                    <coordinates>13.52577704431384,51.46093168603124,0.0</coordinates>
                </Point>
                <Point id="20960">
                    <coordinates>13.515601856752255,51.46174768641693,0.0</coordinates>
                </Point>
                <Point id="20962">
                    <coordinates>13.52597592844008,51.463083533782296,0.0</coordinates>
                </Point>
                <Point id="20964">
                    <coordinates>13.522219685172796,51.46689996685792,0.0</coordinates>
                </Point>
                <Point id="20966">
                    <coordinates>13.521424296751896,51.46389122869659,0.0</coordinates>
                </Point>
                <Point id="20968">
                    <coordinates>13.520259205179666,51.45990323036998,0.0</coordinates>
                </Point>
                <Point id="20970">
                    <coordinates>13.520214870146786,51.454362131871065,0.0</coordinates>
                </Point>
                <Point id="20972">
                    <coordinates>13.521163311988412,51.46583402197555,0.0</coordinates>
                </Point>
                <Point id="20974">
                    <coordinates>13.521917079694694,51.46369934928879,0.0</coordinates>
                </Point>
                <Point id="20976">
                    <coordinates>13.530940866480499,51.46860777940079,0.0</coordinates>
                </Point>
                <Point id="20978">
                    <coordinates>13.530861137604798,51.46816942122809,0.0</coordinates>
                </Point>
                <Point id="20980">
                    <coordinates>13.5312801477465,51.46753117615209,0.0</coordinates>
                </Point>
                <Point id="20982">
                    <coordinates>13.531251540489599,51.4672745970435,0.0</coordinates>
                </Point>
                <Point id="20984">
                    <coordinates>13.532589725015098,51.466713255897695,0.0</coordinates>
                </Point>
                <Point id="20986">
                    <coordinates>13.5331454039654,51.46664817417549,0.0</coordinates>
                </Point>
                <Point id="20988">
                    <coordinates>13.532877962791197,51.466678838868496,0.0</coordinates>
                </Point>
                <Point id="20990">
                    <coordinates>13.5326340305675,51.46387093513229,0.0</coordinates>
                </Point>
                <Point id="20992">
                    <coordinates>13.5329253737746,51.463544398478795,0.0</coordinates>
                </Point>
                <Point id="20994">
                    <coordinates>13.532952394977197,51.463390300607095,0.0</coordinates>
                </Point>
                <Point id="20996">
                    <coordinates>13.53340790697,51.463246526613595,0.0</coordinates>
                </Point>
                <Point id="20998">
                    <coordinates>13.532690177829899,51.46314293469949,0.0</coordinates>
                </Point>
                <Point id="21000">
                    <coordinates>13.532968198842799,51.462955587203695,0.0</coordinates>
                </Point>
                <Point id="21002">
                    <coordinates>13.533449315658398,51.462823818664795,0.0</coordinates>
                </Point>
                <Point id="21004">
                    <coordinates>13.533049656097699,51.4628393728139,0.0</coordinates>
                </Point>
                <Point id="21006">
                    <coordinates>13.532995505835398,51.46263707908899,0.0</coordinates>
                </Point>
                <Point id="21008">
                    <coordinates>13.533398353977597,51.4624460134676,0.0</coordinates>
                </Point>
                <Point id="21010">
                    <coordinates>13.5271379668164,51.466127551701796,0.0</coordinates>
                </Point>
                <Point id="21012">
                    <coordinates>13.529070043258102,51.4663574657014,0.0</coordinates>
                </Point>
                <Point id="21014">
                    <coordinates>13.528596873763998,51.46627738168119,0.0</coordinates>
                </Point>
                <Point id="21016">
                    <coordinates>13.528857803722298,51.46634300287559,0.0</coordinates>
                </Point>
                <Point id="21018">
                    <coordinates>13.528075159914998,51.4660695687424,0.0</coordinates>
                </Point>
                <Point id="21020">
                    <coordinates>13.5278002103912,51.46627511458651,0.0</coordinates>
                </Point>
                <Point id="21022">
                    <coordinates>13.527213482769499,51.465874768156496,0.0</coordinates>
                </Point>
                <Point id="21024">
                    <coordinates>13.5272041642587,51.465929433535905,0.0</coordinates>
                </Point>
                <Point id="21026">
                    <coordinates>13.5272867086866,51.4656441107141,0.0</coordinates>
                </Point>
                <Point id="21028">
                    <coordinates>13.5272637593273,51.465728624258894,0.0</coordinates>
                </Point>
                <Point id="21030">
                    <coordinates>13.527334444967098,51.465439557298,0.0</coordinates>
                </Point>
                <Point id="21032">
                    <coordinates>13.527313334357798,51.465533685981896,0.0</coordinates>
                </Point>
                <Point id="21034">
                    <coordinates>13.527007289006,51.46548431356351,0.0</coordinates>
                </Point>
                <Point id="21036">
                    <coordinates>13.5270023619592,51.46550601922,0.0</coordinates>
                </Point>
                <Point id="21038">
                    <coordinates>13.528466584983999,51.465892123608796,0.0</coordinates>
                </Point>
                <Point id="21040">
                    <coordinates>13.5285760189616,51.46581534651479,0.0</coordinates>
                </Point>
                <Point id="21042">
                    <coordinates>13.5287077688908,51.4656503314396,0.0</coordinates>
                </Point>
                <Point id="21044">
                    <coordinates>13.5287744755945,51.465516167847795,0.0</coordinates>
                </Point>
                <Point id="21046">
                    <coordinates>13.5285736257368,51.4652898495544,0.0</coordinates>
                </Point>
                <Point id="21048">
                    <coordinates>13.528883486414202,51.46534581829739,0.0</coordinates>
                </Point>
                <Point id="21050">
                    <coordinates>13.528964390514501,51.4652458316387,0.0</coordinates>
                </Point>
                <Point id="21052">
                    <coordinates>13.5282852360654,51.4648167364135,0.0</coordinates>
                </Point>
                <Point id="21054">
                    <coordinates>13.527063411667598,51.4652835057639,0.0</coordinates>
                </Point>
                <Point id="21056">
                    <coordinates>13.527411907974098,51.46522081836449,0.0</coordinates>
                </Point>
                <Point id="21058">
                    <coordinates>13.527404706218398,51.465238899662495,0.0</coordinates>
                </Point>
                <Point id="21060">
                    <coordinates>13.527108816197503,51.4651426038227,0.0</coordinates>
                </Point>
                <Point id="21062">
                    <coordinates>13.527094098385499,51.46518809708859,0.0</coordinates>
                </Point>
                <Point id="21064">
                    <coordinates>13.5271777864336,51.4649055837338,0.0</coordinates>
                </Point>
                <Point id="21066">
                    <coordinates>13.527168610351,51.4649487481096,0.0</coordinates>
                </Point>
                <Point id="21068">
                    <coordinates>13.5274905249955,51.464985075338205,0.0</coordinates>
                </Point>
                <Point id="21070">
                    <coordinates>13.527474402997598,51.4650298754326,0.0</coordinates>
                </Point>
                <Point id="21072">
                    <coordinates>13.5260458455866,51.46571550596849,0.0</coordinates>
                </Point>
                <Point id="21074">
                    <coordinates>13.5261553943001,51.4654902270328,0.0</coordinates>
                </Point>
                <Point id="21076">
                    <coordinates>13.526141513504,51.4655447642698,0.0</coordinates>
                </Point>
                <Point id="21078">
                    <coordinates>13.526850136022398,51.465957733229686,0.0</coordinates>
                </Point>
                <Point id="21080">
                    <coordinates>13.5268561330419,51.4659414681908,0.0</coordinates>
                </Point>
                <Point id="21082">
                    <coordinates>13.5269199557725,51.4657295877765,0.0</coordinates>
                </Point>
                <Point id="21084">
                    <coordinates>13.526938816933,51.4656902372849,0.0</coordinates>
                </Point>
                <Point id="21086">
                    <coordinates>13.526172867422998,51.465353764379195,0.0</coordinates>
                </Point>
                <Point id="21088">
                    <coordinates>13.5262658050154,51.4651162553231,0.0</coordinates>
                </Point>
                <Point id="21090">
                    <coordinates>13.526283165128998,51.46489247125118,0.0</coordinates>
                </Point>
                <Point id="21092">
                    <coordinates>13.5263673625314,51.465055427858005,0.0</coordinates>
                </Point>
                <Point id="21094">
                    <coordinates>13.5263884048648,51.464791820627596,0.0</coordinates>
                </Point>
                <Point id="21096">
                    <coordinates>13.525237798332498,51.4649698987682,0.0</coordinates>
                </Point>
                <Point id="21098">
                    <coordinates>13.5302161049376,51.466671470387794,0.0</coordinates>
                </Point>
                <Point id="21100">
                    <coordinates>13.529784594985403,51.4662840795814,0.0</coordinates>
                </Point>
                <Point id="21102">
                    <coordinates>13.5293903703434,51.46605447375699,0.0</coordinates>
                </Point>
                <Point id="21104">
                    <coordinates>13.529282781354,51.4661963939359,0.0</coordinates>
                </Point>
                <Point id="21106">
                    <coordinates>13.5312882008449,51.4667854795556,0.0</coordinates>
                </Point>
                <Point id="21108">
                    <coordinates>13.5313647684691,51.46663566503581,0.0</coordinates>
                </Point>
                <Point id="21110">
                    <coordinates>13.531153552267398,51.4656440551659,0.0</coordinates>
                </Point>
                <Point id="21112">
                    <coordinates>13.529480560748897,51.465871597494996,0.0</coordinates>
                </Point>
                <Point id="21114">
                    <coordinates>13.529551780772001,51.4656969388167,0.0</coordinates>
                </Point>
                <Point id="21116">
                    <coordinates>13.529629000128198,51.46558062112459,0.0</coordinates>
                </Point>
                <Point id="21118">
                    <coordinates>13.529748575306698,51.46539165496609,0.0</coordinates>
                </Point>
                <Point id="21120">
                    <coordinates>13.5298543310048,51.4652746696404,0.0</coordinates>
                </Point>
                <Point id="21122">
                    <coordinates>13.529618965104,51.46459034292819,0.0</coordinates>
                </Point>
                <Point id="21124">
                    <coordinates>13.5300500434174,51.4643565726627,0.0</coordinates>
                </Point>
                <Point id="21126">
                    <coordinates>13.530964045494501,51.464691006296995,0.0</coordinates>
                </Point>
                <Point id="21128">
                    <coordinates>13.531018551484602,51.46432413099819,0.0</coordinates>
                </Point>
                <Point id="21130">
                    <coordinates>13.530922097651699,51.4640855036506,0.0</coordinates>
                </Point>
                <Point id="21132">
                    <coordinates>13.529231972148597,51.46397172910238,0.0</coordinates>
                </Point>
                <Point id="21134">
                    <coordinates>13.529879144913902,51.4638122918607,0.0</coordinates>
                </Point>
                <Point id="21136">
                    <coordinates>13.5290518908266,51.463724199576795,0.0</coordinates>
                </Point>
                <Point id="21138">
                    <coordinates>13.5314656116172,51.464571119762596,0.0</coordinates>
                </Point>
                <Point id="21140">
                    <coordinates>13.5315144250832,51.46385411172879,0.0</coordinates>
                </Point>
                <Point id="21142">
                    <coordinates>13.5310623433469,51.46385847731239,0.0</coordinates>
                </Point>
                <Point id="21144">
                    <coordinates>13.531568834047098,51.46349268676689,0.0</coordinates>
                </Point>
                <Point id="21146">
                    <coordinates>13.531179701730498,51.463528905753996,0.0</coordinates>
                </Point>
                <Point id="21148">
                    <coordinates>13.5315734202018,51.4635788640584,0.0</coordinates>
                </Point>
                <Point id="21150">
                    <coordinates>13.531558812680299,51.4632313087591,0.0</coordinates>
                </Point>
                <Point id="21152">
                    <coordinates>13.5315623438314,51.46313163847461,0.0</coordinates>
                </Point>
                <Point id="21154">
                    <coordinates>13.531177201334,51.463231947894194,0.0</coordinates>
                </Point>
                <Point id="21156">
                    <coordinates>13.531181965743897,51.4631373183762,0.0</coordinates>
                </Point>
                <Point id="21158">
                    <coordinates>13.5309730230297,51.462890774903,0.0</coordinates>
                </Point>
                <Point id="21160">
                    <coordinates>13.531131226240099,51.4627294459971,0.0</coordinates>
                </Point>
                <Point id="21162">
                    <coordinates>13.531578724786899,51.46271714022551,0.0</coordinates>
                </Point>
                <Point id="21164">
                    <coordinates>13.531640190834498,51.462845128645995,0.0</coordinates>
                </Point>
                <Point id="21166">
                    <coordinates>13.531561600774701,51.46259877649269,0.0</coordinates>
                </Point>
                <Point id="21168">
                    <coordinates>13.531655856403898,51.4624409141574,0.0</coordinates>
                </Point>
                <Point id="21170">
                    <coordinates>13.5311706548992,51.4626285589061,0.0</coordinates>
                </Point>
                <Point id="21172">
                    <coordinates>13.531114872228398,51.4625101022548,0.0</coordinates>
                </Point>
                <Point id="21174">
                    <coordinates>13.529100390238098,51.46334596858169,0.0</coordinates>
                </Point>
                <Point id="21176">
                    <coordinates>13.529682639175299,51.4635041858937,0.0</coordinates>
                </Point>
                <Point id="21178">
                    <coordinates>13.5294773066822,51.4630919178516,0.0</coordinates>
                </Point>
                <Point id="21180">
                    <coordinates>13.529972039378798,51.46291187388518,0.0</coordinates>
                </Point>
                <Point id="21182">
                    <coordinates>13.53052057554,51.46288805405969,0.0</coordinates>
                </Point>
                <Point id="21184">
                    <coordinates>13.530304145427502,51.46257797700989,0.0</coordinates>
                </Point>
                <Point id="21186">
                    <coordinates>13.5304728502228,51.4625330670038,0.0</coordinates>
                </Point>
                <Point id="21188">
                    <coordinates>13.530303642585,51.4624919776778,0.0</coordinates>
                </Point>
                <Point id="21190">
                    <coordinates>13.5267370146886,51.46451534197309,0.0</coordinates>
                </Point>
                <Point id="21192">
                    <coordinates>13.5269877193427,51.464572047291696,0.0</coordinates>
                </Point>
                <Point id="21194">
                    <coordinates>13.5270091751165,51.464299394546394,0.0</coordinates>
                </Point>
                <Point id="21196">
                    <coordinates>13.5264355923963,51.4645279816092,0.0</coordinates>
                </Point>
                <Point id="21198">
                    <coordinates>13.526211477570902,51.4639706750573,0.0</coordinates>
                </Point>
                <Point id="21200">
                    <coordinates>13.5259300285865,51.4640923996732,0.0</coordinates>
                </Point>
                <Point id="21202">
                    <coordinates>13.525797289635,51.4639458733383,0.0</coordinates>
                </Point>
                <Point id="21204">
                    <coordinates>13.5276103351858,51.464684776862995,0.0</coordinates>
                </Point>
                <Point id="21206">
                    <coordinates>13.527285273868099,51.464601396696494,0.0</coordinates>
                </Point>
                <Point id="21208">
                    <coordinates>13.5279357237943,51.464700807245094,0.0</coordinates>
                </Point>
                <Point id="21210">
                    <coordinates>13.5282021745713,51.46470679276629,0.0</coordinates>
                </Point>
                <Point id="21212">
                    <coordinates>13.5283449577427,51.46301293614389,0.0</coordinates>
                </Point>
                <Point id="21214">
                    <coordinates>13.528134323918199,51.46292318213959,0.0</coordinates>
                </Point>
                <Point id="21216">
                    <coordinates>13.5285671865918,51.4628342652198,0.0</coordinates>
                </Point>
                <Point id="21218">
                    <coordinates>13.528830258228,51.46290455834419,0.0</coordinates>
                </Point>
                <Point id="21220">
                    <coordinates>13.5279427398745,51.462834530835785,0.0</coordinates>
                </Point>
                <Point id="21222">
                    <coordinates>13.5278419414034,51.462800808099786,0.0</coordinates>
                </Point>
                <Point id="21224">
                    <coordinates>13.5275831722328,51.462594455528496,0.0</coordinates>
                </Point>
                <Point id="21226">
                    <coordinates>13.5252645897779,51.4630097120642,0.0</coordinates>
                </Point>
                <Point id="21228">
                    <coordinates>13.5252885108215,51.4629487008667,0.0</coordinates>
                </Point>
                <Point id="21230">
                    <coordinates>13.525012003710296,51.46259307454479,0.0</coordinates>
                </Point>
                <Point id="21232">
                    <coordinates>13.525454828719699,51.46243236284809,0.0</coordinates>
                </Point>
                <Point id="21234">
                    <coordinates>13.5255424407651,51.462317835935,0.0</coordinates>
                </Point>
                <Point id="21236">
                    <coordinates>13.525075895489602,51.46238418587869,0.0</coordinates>
                </Point>
                <Point id="21238">
                    <coordinates>13.526954253716996,51.4620612054781,0.0</coordinates>
                </Point>
                <Point id="21240">
                    <coordinates>13.525597191232398,51.46221547259199,0.0</coordinates>
                </Point>
                <Point id="21242">
                    <coordinates>13.5257132110242,51.461967345838104,0.0</coordinates>
                </Point>
                <Point id="21244">
                    <coordinates>13.525756934616,51.4619037634698,0.0</coordinates>
                </Point>
                <Point id="21246">
                    <coordinates>13.5256644711461,51.462092766929395,0.0</coordinates>
                </Point>
                <Point id="21248">
                    <coordinates>13.525351950781802,51.462097184246794,0.0</coordinates>
                </Point>
                <Point id="21250">
                    <coordinates>13.5255099935206,51.461848203067596,0.0</coordinates>
                </Point>
                <Point id="21252">
                    <coordinates>13.527465261914998,51.46228973182259,0.0</coordinates>
                </Point>
                <Point id="21254">
                    <coordinates>13.527401650350901,51.4622339650099,0.0</coordinates>
                </Point>
                <Point id="21256">
                    <coordinates>13.5279340370508,51.4622802478658,0.0</coordinates>
                </Point>
                <Point id="21258">
                    <coordinates>13.528045874914099,51.462029704041306,0.0</coordinates>
                </Point>
                <Point id="21260">
                    <coordinates>13.5275437106823,51.4616140271118,0.0</coordinates>
                </Point>
                <Point id="21262">
                    <coordinates>13.5274016316186,51.4614454347129,0.0</coordinates>
                </Point>
                <Point id="21264">
                    <coordinates>13.5273248153963,51.46125669738371,0.0</coordinates>
                </Point>
                <Point id="21266">
                    <coordinates>13.5290271641485,51.46176106864029,0.0</coordinates>
                </Point>
                <Point id="21268">
                    <coordinates>13.527315489405897,51.461201393325595,0.0</coordinates>
                </Point>
                <Point id="21270">
                    <coordinates>13.5271962948092,51.46101556927751,0.0</coordinates>
                </Point>
                <Point id="21272">
                    <coordinates>13.5271706704899,51.4609575852362,0.0</coordinates>
                </Point>
                <Point id="21274">
                    <coordinates>13.525541504718,51.46170581032259,0.0</coordinates>
                </Point>
                <Point id="21276">
                    <coordinates>13.5256044254988,51.4615883959379,0.0</coordinates>
                </Point>
                <Point id="21278">
                    <coordinates>13.5258376222846,51.461762596463096,0.0</coordinates>
                </Point>
                <Point id="21280">
                    <coordinates>13.5259461925631,51.4615877306379,0.0</coordinates>
                </Point>
                <Point id="21282">
                    <coordinates>13.5258549166783,51.4617381791586,0.0</coordinates>
                </Point>
                <Point id="21284">
                    <coordinates>13.525678270899,51.461518428900796,0.0</coordinates>
                </Point>
                <Point id="21286">
                    <coordinates>13.526000741758898,51.46148643345129,0.0</coordinates>
                </Point>
                <Point id="21288">
                    <coordinates>13.5260654921248,51.461360127422395,0.0</coordinates>
                </Point>
                <Point id="21290">
                    <coordinates>13.525534516888799,51.46126209751189,0.0</coordinates>
                </Point>
                <Point id="21292">
                    <coordinates>13.526973396161699,51.461658217512905,0.0</coordinates>
                </Point>
                <Point id="21294">
                    <coordinates>13.5266913925165,51.461430591423806,0.0</coordinates>
                </Point>
                <Point id="21296">
                    <coordinates>13.527035349393701,51.461374837808705,0.0</coordinates>
                </Point>
                <Point id="21298">
                    <coordinates>13.5262781887837,51.4611549821049,0.0</coordinates>
                </Point>
                <Point id="21300">
                    <coordinates>13.526431509163999,51.46123496771029,0.0</coordinates>
                </Point>
                <Point id="21302">
                    <coordinates>13.526776879583,51.461233961257484,0.0</coordinates>
                </Point>
                <Point id="21304">
                    <coordinates>13.5265887831862,51.461056902204284,0.0</coordinates>
                </Point>
                <Point id="21306">
                    <coordinates>13.5270305682216,51.46111964828071,0.0</coordinates>
                </Point>
                <Point id="21308">
                    <coordinates>13.527060466094502,51.4608326300264,0.0</coordinates>
                </Point>
                <Point id="21310">
                    <coordinates>13.525866299947,51.46095676444979,0.0</coordinates>
                </Point>
                <Point id="21312">
                    <coordinates>13.525692938986701,51.4608723935713,0.0</coordinates>
                </Point>
                <Point id="21314">
                    <coordinates>13.525787416667,51.46074178328261,0.0</coordinates>
                </Point>
                <Point id="21316">
                    <coordinates>13.525613116306998,51.460632026812,0.0</coordinates>
                </Point>
                <Point id="21318">
                    <coordinates>13.525484924299699,51.460777037183085,0.0</coordinates>
                </Point>
                <Point id="21320">
                    <coordinates>13.5302797173672,51.462265167248695,0.0</coordinates>
                </Point>
                <Point id="21322">
                    <coordinates>13.5299235959912,51.46199737636529,0.0</coordinates>
                </Point>
                <Point id="21324">
                    <coordinates>13.529718642981098,51.46199437882569,0.0</coordinates>
                </Point>
                <Point id="21326">
                    <coordinates>13.529306072228497,51.46204907437529,0.0</coordinates>
                </Point>
                <Point id="21328">
                    <coordinates>13.5294631147963,51.46185279380979,0.0</coordinates>
                </Point>
                <Point id="21330">
                    <coordinates>13.5330351602119,51.4622411129324,0.0</coordinates>
                </Point>
                <Point id="21332">
                    <coordinates>13.5327164602399,51.4620651764292,0.0</coordinates>
                </Point>
                <Point id="21334">
                    <coordinates>13.5323964023292,51.4620715419908,0.0</coordinates>
                </Point>
                <Point id="21336">
                    <coordinates>13.532219892637702,51.4620795914089,0.0</coordinates>
                </Point>
                <Point id="21338">
                    <coordinates>13.531231999927998,51.462229908271404,0.0</coordinates>
                </Point>
                <Point id="21340">
                    <coordinates>13.5311498634783,51.4623123849162,0.0</coordinates>
                </Point>
                <Point id="21342">
                    <coordinates>13.5314960972185,51.4622006610284,0.0</coordinates>
                </Point>
                <Point id="21344">
                    <coordinates>13.5313963827084,51.461749151781,0.0</coordinates>
                </Point>
                <Point id="21346">
                    <coordinates>13.5319590768222,51.46180886014961,0.0</coordinates>
                </Point>
                <Point id="21348">
                    <coordinates>13.5315666044425,51.4617450434747,0.0</coordinates>
                </Point>
                <Point id="21350">
                    <coordinates>13.5310463247259,51.4615616334136,0.0</coordinates>
                </Point>
                <Point id="21352">
                    <coordinates>13.5325102405879,51.461762935557395,0.0</coordinates>
                </Point>
                <Point id="21354">
                    <coordinates>13.5321710371778,51.46174613790959,0.0</coordinates>
                </Point>
                <Point id="21356">
                    <coordinates>13.532879073000302,51.46181145207591,0.0</coordinates>
                </Point>
                <Point id="21358">
                    <coordinates>13.533124740596499,51.46181280988899,0.0</coordinates>
                </Point>
                <Point id="21360">
                    <coordinates>13.532775246635298,51.46182692456829,0.0</coordinates>
                </Point>
                <Point id="21362">
                    <coordinates>13.530706704612601,51.4616027668131,0.0</coordinates>
                </Point>
                <Point id="21364">
                    <coordinates>13.5290692650807,51.4594323881072,0.0</coordinates>
                </Point>
                <Point id="21366">
                    <coordinates>13.5293209961322,51.45927951488339,0.0</coordinates>
                </Point>
                <Point id="21368">
                    <coordinates>13.525284216749899,51.4604458346615,0.0</coordinates>
                </Point>
                <Point id="21370">
                    <coordinates>13.5255616380504,51.4601507157241,0.0</coordinates>
                </Point>
                <Point id="21372">
                    <coordinates>13.526703926469597,51.460459367290994,0.0</coordinates>
                </Point>
                <Point id="21374">
                    <coordinates>13.526688347008099,51.460424409355596,0.0</coordinates>
                </Point>
                <Point id="21376">
                    <coordinates>13.5268681345412,51.4602268859566,0.0</coordinates>
                </Point>
                <Point id="21378">
                    <coordinates>13.526876151439499,51.4602453854276,0.0</coordinates>
                </Point>
                <Point id="21380">
                    <coordinates>13.5266295247817,51.460294671524494,0.0</coordinates>
                </Point>
                <Point id="21382">
                    <coordinates>13.5265677368506,51.46015933655,0.0</coordinates>
                </Point>
                <Point id="21384">
                    <coordinates>13.5266876316773,51.46003906565569,0.0</coordinates>
                </Point>
                <Point id="21386">
                    <coordinates>13.5266142514435,51.459781916762,0.0</coordinates>
                </Point>
                <Point id="21388">
                    <coordinates>13.526432255359998,51.45978644294159,0.0</coordinates>
                </Point>
                <Point id="21390">
                    <coordinates>13.526608390259398,51.459569112135,0.0</coordinates>
                </Point>
                <Point id="21392">
                    <coordinates>13.5264677914675,51.459538366297494,0.0</coordinates>
                </Point>
                <Point id="21394">
                    <coordinates>13.5276440856747,51.4592875923636,0.0</coordinates>
                </Point>
                <Point id="21396">
                    <coordinates>13.527433782055097,51.45924759138149,0.0</coordinates>
                </Point>
                <Point id="21398">
                    <coordinates>13.528007976539296,51.459321825364796,0.0</coordinates>
                </Point>
                <Point id="21400">
                    <coordinates>13.528746299065501,51.459390353546404,0.0</coordinates>
                </Point>
                <Point id="21402">
                    <coordinates>13.528322916386,51.45928810498139,0.0</coordinates>
                </Point>
                <Point id="21404">
                    <coordinates>13.528972446263998,51.459137767487896,0.0</coordinates>
                </Point>
                <Point id="21406">
                    <coordinates>13.528646016704998,51.4590820914639,0.0</coordinates>
                </Point>
                <Point id="21408">
                    <coordinates>13.526229630028,51.45895124443509,0.0</coordinates>
                </Point>
                <Point id="21410">
                    <coordinates>13.5259000509262,51.458978291158395,0.0</coordinates>
                </Point>
                <Point id="21412">
                    <coordinates>13.5251897497731,51.459093092481,0.0</coordinates>
                </Point>
                <Point id="21414">
                    <coordinates>13.525349864421102,51.459063884009794,0.0</coordinates>
                </Point>
                <Point id="21416">
                    <coordinates>13.525152322260498,51.45896509728998,0.0</coordinates>
                </Point>
                <Point id="21418">
                    <coordinates>13.525498839655302,51.459043212528,0.0</coordinates>
                </Point>
                <Point id="21420">
                    <coordinates>13.5256833239817,51.45901260685779,0.0</coordinates>
                </Point>
                <Point id="21422">
                    <coordinates>13.5271410895649,51.459255886727696,0.0</coordinates>
                </Point>
                <Point id="21424">
                    <coordinates>13.5253557531315,51.45873785474719,0.0</coordinates>
                </Point>
                <Point id="21426">
                    <coordinates>13.525616525451298,51.458681773071,0.0</coordinates>
                </Point>
                <Point id="21428">
                    <coordinates>13.5255277624918,51.458696512589796,0.0</coordinates>
                </Point>
                <Point id="21430">
                    <coordinates>13.525722527048902,51.4584609211248,0.0</coordinates>
                </Point>
                <Point id="21432">
                    <coordinates>13.525596435200999,51.4581886328856,0.0</coordinates>
                </Point>
                <Point id="21434">
                    <coordinates>13.533955371285499,51.46225972526969,0.0</coordinates>
                </Point>
                <Point id="21436">
                    <coordinates>13.5340472154128,51.4623430584146,0.0</coordinates>
                </Point>
                <Point id="21438">
                    <coordinates>13.533627794091299,51.462131349078184,0.0</coordinates>
                </Point>
                <Point id="21440">
                    <coordinates>13.533379675181099,51.4622255697745,0.0</coordinates>
                </Point>
                <Point id="21442">
                    <coordinates>13.5366560752307,51.46210878917499,0.0</coordinates>
                </Point>
                <Point id="21444">
                    <coordinates>13.5360313228355,51.4621111837471,0.0</coordinates>
                </Point>
                <Point id="21446">
                    <coordinates>13.535419506709896,51.462096856734796,0.0</coordinates>
                </Point>
                <Point id="21448">
                    <coordinates>13.5353889005075,51.4620966122073,0.0</coordinates>
                </Point>
                <Point id="21450">
                    <coordinates>13.534919452324898,51.462104646609895,0.0</coordinates>
                </Point>
                <Point id="21452">
                    <coordinates>13.5349567826322,51.46181357185749,0.0</coordinates>
                </Point>
                <Point id="21454">
                    <coordinates>13.534862644983999,51.46181605191109,0.0</coordinates>
                </Point>
                <Point id="21456">
                    <coordinates>13.534521555718202,51.461818225010205,0.0</coordinates>
                </Point>
                <Point id="21458">
                    <coordinates>13.534439971353997,51.46181811000439,0.0</coordinates>
                </Point>
                <Point id="21460">
                    <coordinates>13.535318551418,51.4618185313018,0.0</coordinates>
                </Point>
                <Point id="21462">
                    <coordinates>13.5359464851488,51.46168581593591,0.0</coordinates>
                </Point>
                <Point id="21464">
                    <coordinates>13.536514844794299,51.46184848940511,0.0</coordinates>
                </Point>
                <Point id="21466">
                    <coordinates>13.5361833125423,51.461768807331,0.0</coordinates>
                </Point>
                <Point id="21468">
                    <coordinates>13.533297256288,51.4618077879547,0.0</coordinates>
                </Point>
                <Point id="21470">
                    <coordinates>13.533986571645398,51.461815660193885,0.0</coordinates>
                </Point>
                <Point id="21472">
                    <coordinates>13.533717705562399,51.461820177494694,0.0</coordinates>
                </Point>
                <Point id="21474">
                    <coordinates>13.533642815576599,51.4618213370935,0.0</coordinates>
                </Point>
                <Point id="21476">
                    <coordinates>13.5341182152724,51.46181236978949,0.0</coordinates>
                </Point>
                <Point id="21478">
                    <coordinates>13.535491982300098,51.46181334634029,0.0</coordinates>
                </Point>
                <Point id="21480">
                    <coordinates>13.525260690853097,51.45802855821529,0.0</coordinates>
                </Point>
                <Point id="21482">
                    <coordinates>13.525081341493898,51.457912163013795,0.0</coordinates>
                </Point>
                <Point id="21484">
                    <coordinates>13.5252737187523,51.457581586112205,0.0</coordinates>
                </Point>
                <Point id="21486">
                    <coordinates>13.525219170808601,51.4547835795981,0.0</coordinates>
                </Point>
                <Point id="21488">
                    <coordinates>13.527431402289498,51.454817916187196,0.0</coordinates>
                </Point>
                <Point id="21490">
                    <coordinates>13.5278601117356,51.454836752843,0.0</coordinates>
                </Point>
                <Point id="21492">
                    <coordinates>13.527970594946298,51.454801566559794,0.0</coordinates>
                </Point>
                <Point id="21494">
                    <coordinates>13.528198984257898,51.454642343475086,0.0</coordinates>
                </Point>
                <Point id="21496">
                    <coordinates>13.527846155569696,51.454275212163296,0.0</coordinates>
                </Point>
                <Point id="21498">
                    <coordinates>13.527489174551299,51.4545345941159,0.0</coordinates>
                </Point>
                <Point id="21500">
                    <coordinates>13.5278081566403,51.454125691013694,0.0</coordinates>
                </Point>
                <Point id="21502">
                    <coordinates>13.5278291812622,51.45389293649299,0.0</coordinates>
                </Point>
                <Point id="21504">
                    <coordinates>13.5269747094801,51.45482694981791,0.0</coordinates>
                </Point>
                <Point id="21506">
                    <coordinates>13.526761437651798,51.454533399601495,0.0</coordinates>
                </Point>
                <Point id="21508">
                    <coordinates>13.526871718117699,51.4545407275828,0.0</coordinates>
                </Point>
                <Point id="21510">
                    <coordinates>13.5219856621297,51.467290304017986,0.0</coordinates>
                </Point>
                <Point id="21512">
                    <coordinates>13.5218313052659,51.46700454224759,0.0</coordinates>
                </Point>
                <Point id="21514">
                    <coordinates>13.521635484031098,51.4671262507234,0.0</coordinates>
                </Point>
                <Point id="21516">
                    <coordinates>13.520426947341699,51.4669246241763,0.0</coordinates>
                </Point>
                <Point id="21518">
                    <coordinates>13.520246091837603,51.4667057365644,0.0</coordinates>
                </Point>
                <Point id="21520">
                    <coordinates>13.520595096156699,51.466749125897294,0.0</coordinates>
                </Point>
                <Point id="21522">
                    <coordinates>13.520798011327198,51.4666606989789,0.0</coordinates>
                </Point>
                <Point id="21524">
                    <coordinates>13.521789404345798,51.46680312115381,0.0</coordinates>
                </Point>
                <Point id="21526">
                    <coordinates>13.520887163308599,51.4664266621571,0.0</coordinates>
                </Point>
                <Point id="21528">
                    <coordinates>13.520677984142,51.4661629098715,0.0</coordinates>
                </Point>
                <Point id="21530">
                    <coordinates>13.521041901454998,51.46616758056528,0.0</coordinates>
                </Point>
                <Point id="21532">
                    <coordinates>13.5210951796645,51.466056006626395,0.0</coordinates>
                </Point>
                <Point id="21534">
                    <coordinates>13.520752485795798,51.4660155631059,0.0</coordinates>
                </Point>
                <Point id="21536">
                    <coordinates>13.5203949666242,51.46655412425301,0.0</coordinates>
                </Point>
                <Point id="21538">
                    <coordinates>13.520439450758,51.466513204641096,0.0</coordinates>
                </Point>
                <Point id="21540">
                    <coordinates>13.520636067646999,51.46622140432209,0.0</coordinates>
                </Point>
                <Point id="21542">
                    <coordinates>13.522541902531698,51.4666562383445,0.0</coordinates>
                </Point>
                <Point id="21544">
                    <coordinates>13.521887944723199,51.46669346435851,0.0</coordinates>
                </Point>
                <Point id="21546">
                    <coordinates>13.522976527969798,51.466721414918005,0.0</coordinates>
                </Point>
                <Point id="21548">
                    <coordinates>13.521944562798401,51.4665051517238,0.0</coordinates>
                </Point>
                <Point id="21550">
                    <coordinates>13.5223765481247,51.46651111938711,0.0</coordinates>
                </Point>
                <Point id="21552">
                    <coordinates>13.522419647054601,51.466474875729396,0.0</coordinates>
                </Point>
                <Point id="21554">
                    <coordinates>13.522617628559297,51.46660480652959,0.0</coordinates>
                </Point>
                <Point id="21556">
                    <coordinates>13.520532776788398,51.46540863660439,0.0</coordinates>
                </Point>
                <Point id="21558">
                    <coordinates>13.520700518508,51.465421124664985,0.0</coordinates>
                </Point>
                <Point id="21560">
                    <coordinates>13.5198295055236,51.46552152479298,0.0</coordinates>
                </Point>
                <Point id="21562">
                    <coordinates>13.5201483622533,51.46538281850229,0.0</coordinates>
                </Point>
                <Point id="21564">
                    <coordinates>13.5207959552974,51.46591920419449,0.0</coordinates>
                </Point>
                <Point id="21566">
                    <coordinates>13.5211872430484,51.4658371985714,0.0</coordinates>
                </Point>
                <Point id="21568">
                    <coordinates>13.520819963738598,51.46579711355089,0.0</coordinates>
                </Point>
                <Point id="21570">
                    <coordinates>13.5208423313314,51.465607433628385,0.0</coordinates>
                </Point>
                <Point id="21572">
                    <coordinates>13.5200265502675,51.46477196737839,0.0</coordinates>
                </Point>
                <Point id="21574">
                    <coordinates>13.519829926570798,51.46476317436121,0.0</coordinates>
                </Point>
                <Point id="21576">
                    <coordinates>13.5242967023491,51.4642473048319,0.0</coordinates>
                </Point>
                <Point id="21578">
                    <coordinates>13.524957182994099,51.464095944355286,0.0</coordinates>
                </Point>
                <Point id="21580">
                    <coordinates>13.5237892177663,51.4642222609289,0.0</coordinates>
                </Point>
                <Point id="21582">
                    <coordinates>13.5238512429723,51.4639217158462,0.0</coordinates>
                </Point>
                <Point id="21584">
                    <coordinates>13.524065141462499,51.463976414948384,0.0</coordinates>
                </Point>
                <Point id="21586">
                    <coordinates>13.524905881073598,51.462918131823294,0.0</coordinates>
                </Point>
                <Point id="21588">
                    <coordinates>13.5247666412871,51.46250029632649,0.0</coordinates>
                </Point>
                <Point id="21590">
                    <coordinates>13.5247343703099,51.462296151329895,0.0</coordinates>
                </Point>
                <Point id="21592">
                    <coordinates>13.5245017135652,51.462459162447395,0.0</coordinates>
                </Point>
                <Point id="21594">
                    <coordinates>13.524557417536498,51.46228461642769,0.0</coordinates>
                </Point>
                <Point id="21596">
                    <coordinates>13.524390126909,51.4624067706461,0.0</coordinates>
                </Point>
                <Point id="21598">
                    <coordinates>13.524313005299799,51.462236559748696,0.0</coordinates>
                </Point>
                <Point id="21600">
                    <coordinates>13.524065744366302,51.4624785393113,0.0</coordinates>
                </Point>
                <Point id="21602">
                    <coordinates>13.5239061526228,51.46245671360321,0.0</coordinates>
                </Point>
                <Point id="21604">
                    <coordinates>13.523693244566198,51.462404949104105,0.0</coordinates>
                </Point>
                <Point id="21606">
                    <coordinates>13.5198519854114,51.464540242147315,0.0</coordinates>
                </Point>
                <Point id="21608">
                    <coordinates>13.521444795149398,51.464456294861,0.0</coordinates>
                </Point>
                <Point id="21610">
                    <coordinates>13.5218012147141,51.463945020259914,0.0</coordinates>
                </Point>
                <Point id="21612">
                    <coordinates>13.5208718029747,51.463849208747185,0.0</coordinates>
                </Point>
                <Point id="21614">
                    <coordinates>13.520666491025201,51.4637804402519,0.0</coordinates>
                </Point>
                <Point id="21616">
                    <coordinates>13.523071005285002,51.4641966482049,0.0</coordinates>
                </Point>
                <Point id="21618">
                    <coordinates>13.522762643209802,51.464122804912805,0.0</coordinates>
                </Point>
                <Point id="21620">
                    <coordinates>13.523473474862199,51.464160194787794,0.0</coordinates>
                </Point>
                <Point id="21622">
                    <coordinates>13.5235415889237,51.4638753626383,0.0</coordinates>
                </Point>
                <Point id="21624">
                    <coordinates>13.5233105760158,51.46385195732329,0.0</coordinates>
                </Point>
                <Point id="21626">
                    <coordinates>13.5222002818458,51.46403967108381,0.0</coordinates>
                </Point>
                <Point id="21628">
                    <coordinates>13.522525901892099,51.4640994577503,0.0</coordinates>
                </Point>
                <Point id="21630">
                    <coordinates>13.522630611763196,51.4631134073002,0.0</coordinates>
                </Point>
                <Point id="21632">
                    <coordinates>13.522853644101998,51.46310999333539,0.0</coordinates>
                </Point>
                <Point id="21634">
                    <coordinates>13.5223695580815,51.46312047031789,0.0</coordinates>
                </Point>
                <Point id="21636">
                    <coordinates>13.5221223799894,51.4630604415238,0.0</coordinates>
                </Point>
                <Point id="21638">
                    <coordinates>13.521773915755999,51.4629076445289,0.0</coordinates>
                </Point>
                <Point id="21640">
                    <coordinates>13.522850931559002,51.46242998130041,0.0</coordinates>
                </Point>
                <Point id="21642">
                    <coordinates>13.522838201889499,51.462260509017995,0.0</coordinates>
                </Point>
                <Point id="21644">
                    <coordinates>13.5226158241259,51.4624454892172,0.0</coordinates>
                </Point>
                <Point id="21646">
                    <coordinates>13.5223964187575,51.4624474278181,0.0</coordinates>
                </Point>
                <Point id="21648">
                    <coordinates>13.522477748888198,51.462294422806586,0.0</coordinates>
                </Point>
                <Point id="21650">
                    <coordinates>13.521810991241901,51.4624748178649,0.0</coordinates>
                </Point>
                <Point id="21652">
                    <coordinates>13.522192925636197,51.46247288564321,0.0</coordinates>
                </Point>
                <Point id="21654">
                    <coordinates>13.521658111122,51.4633029526134,0.0</coordinates>
                </Point>
                <Point id="21656">
                    <coordinates>13.5216581780515,51.46343933249581,0.0</coordinates>
                </Point>
                <Point id="21658">
                    <coordinates>13.5217016851068,51.4631147692099,0.0</coordinates>
                </Point>
                <Point id="21660">
                    <coordinates>13.521128885640898,51.46313754604999,0.0</coordinates>
                </Point>
                <Point id="21662">
                    <coordinates>13.5212104242689,51.4628985669117,0.0</coordinates>
                </Point>
                <Point id="21664">
                    <coordinates>13.521480203803,51.4623142457493,0.0</coordinates>
                </Point>
                <Point id="21666">
                    <coordinates>13.521530012241398,51.462245657486186,0.0</coordinates>
                </Point>
                <Point id="21668">
                    <coordinates>13.5211275350403,51.4625608279725,0.0</coordinates>
                </Point>
                <Point id="21670">
                    <coordinates>13.5206564083576,51.462528017257895,0.0</coordinates>
                </Point>
                <Point id="21672">
                    <coordinates>13.519128674432698,51.465342223964406,0.0</coordinates>
                </Point>
                <Point id="21674">
                    <coordinates>13.519552878648799,51.46549039651109,0.0</coordinates>
                </Point>
                <Point id="21676">
                    <coordinates>13.519404703139902,51.465423022569894,0.0</coordinates>
                </Point>
                <Point id="21678">
                    <coordinates>13.5194072843695,51.46477344990859,0.0</coordinates>
                </Point>
                <Point id="21680">
                    <coordinates>13.519486237237603,51.4647681215532,0.0</coordinates>
                </Point>
                <Point id="21682">
                    <coordinates>13.519120444838999,51.46527268686029,0.0</coordinates>
                </Point>
                <Point id="21684">
                    <coordinates>13.5190883770891,51.465146000599795,0.0</coordinates>
                </Point>
                <Point id="21686">
                    <coordinates>13.518951359886598,51.46488112467669,0.0</coordinates>
                </Point>
                <Point id="21688">
                    <coordinates>13.518909333113701,51.4647289509036,0.0</coordinates>
                </Point>
                <Point id="21690">
                    <coordinates>13.518707494276999,51.46453418625169,0.0</coordinates>
                </Point>
                <Point id="21692">
                    <coordinates>13.519196744137599,51.464527996063,0.0</coordinates>
                </Point>
                <Point id="21694">
                    <coordinates>13.5189222208535,51.464223677027704,0.0</coordinates>
                </Point>
                <Point id="21696">
                    <coordinates>13.518608178270599,51.46444218162438,0.0</coordinates>
                </Point>
                <Point id="21698">
                    <coordinates>13.519347746207398,51.4637558642635,0.0</coordinates>
                </Point>
                <Point id="21700">
                    <coordinates>13.519656601652,51.46374256087961,0.0</coordinates>
                </Point>
                <Point id="21702">
                    <coordinates>13.518704510704202,51.464075152173294,0.0</coordinates>
                </Point>
                <Point id="21704">
                    <coordinates>13.5195175557926,51.4633814554228,0.0</coordinates>
                </Point>
                <Point id="21706">
                    <coordinates>13.518183922266198,51.4633230520142,0.0</coordinates>
                </Point>
                <Point id="21708">
                    <coordinates>13.515510083988598,51.46236653520558,0.0</coordinates>
                </Point>
                <Point id="21710">
                    <coordinates>13.5129002410334,51.46191873914779,0.0</coordinates>
                </Point>
                <Point id="21712">
                    <coordinates>13.5154188566673,51.46133493782699,0.0</coordinates>
                </Point>
                <Point id="21714">
                    <coordinates>13.514702588214,51.4605704423586,0.0</coordinates>
                </Point>
                <Point id="21716">
                    <coordinates>13.512766704421098,51.46166540477919,0.0</coordinates>
                </Point>
                <Point id="21718">
                    <coordinates>13.5127745727528,51.4616301707954,0.0</coordinates>
                </Point>
                <Point id="21720">
                    <coordinates>13.513271375092897,51.46156113820839,0.0</coordinates>
                </Point>
                <Point id="21722">
                    <coordinates>13.5196991734174,51.4612114646138,0.0</coordinates>
                </Point>
                <Point id="21724">
                    <coordinates>13.519546913998798,51.4612166440967,0.0</coordinates>
                </Point>
                <Point id="21726">
                    <coordinates>13.519884465740702,51.46098552999899,0.0</coordinates>
                </Point>
                <Point id="21728">
                    <coordinates>13.519662617806002,51.461001839937104,0.0</coordinates>
                </Point>
                <Point id="21730">
                    <coordinates>13.5201696032585,51.460535736765095,0.0</coordinates>
                </Point>
                <Point id="21732">
                    <coordinates>13.516643072875102,51.45926506712101,0.0</coordinates>
                </Point>
                <Point id="21734">
                    <coordinates>13.5205090207086,51.45997445669779,0.0</coordinates>
                </Point>
                <Point id="21736">
                    <coordinates>13.520523289622899,51.459814631854684,0.0</coordinates>
                </Point>
                <Point id="21738">
                    <coordinates>13.516757764108501,51.458652175439695,0.0</coordinates>
                </Point>
                <Point id="21740">
                    <coordinates>13.5174558407037,51.4578337697786,0.0</coordinates>
                </Point>
                <Point id="21742">
                    <coordinates>13.513470986017698,51.458843010672794,0.0</coordinates>
                </Point>
                <Point id="21744">
                    <coordinates>13.513002580126301,51.458486681291895,0.0</coordinates>
                </Point>
                <Point id="21746">
                    <coordinates>13.521920567178402,51.46207709996909,0.0</coordinates>
                </Point>
                <Point id="21748">
                    <coordinates>13.521630265183,51.46195818934909,0.0</coordinates>
                </Point>
                <Point id="21750">
                    <coordinates>13.523795865312502,51.46221281678179,0.0</coordinates>
                </Point>
                <Point id="21752">
                    <coordinates>13.522848407700096,51.46203707914529,0.0</coordinates>
                </Point>
                <Point id="21754">
                    <coordinates>13.5229521062825,51.46201316608399,0.0</coordinates>
                </Point>
                <Point id="21756">
                    <coordinates>13.5229307515238,51.46189091884351,0.0</coordinates>
                </Point>
                <Point id="21758">
                    <coordinates>13.5224955268101,51.462197892275995,0.0</coordinates>
                </Point>
                <Point id="21760">
                    <coordinates>13.52262315963,51.46200732422259,0.0</coordinates>
                </Point>
                <Point id="21762">
                    <coordinates>13.522590633823201,51.46207033879121,0.0</coordinates>
                </Point>
                <Point id="21764">
                    <coordinates>13.5227472494082,51.461763271914,0.0</coordinates>
                </Point>
                <Point id="21766">
                    <coordinates>13.522142020563798,51.4616977888794,0.0</coordinates>
                </Point>
                <Point id="21768">
                    <coordinates>13.5227414626984,51.46152270819999,0.0</coordinates>
                </Point>
                <Point id="21770">
                    <coordinates>13.522837205890598,51.4615744689485,0.0</coordinates>
                </Point>
                <Point id="21772">
                    <coordinates>13.5224508066967,51.46167223853569,0.0</coordinates>
                </Point>
                <Point id="21774">
                    <coordinates>13.522371973736698,51.46147039524099,0.0</coordinates>
                </Point>
                <Point id="21776">
                    <coordinates>13.522444924382599,51.4614856578863,0.0</coordinates>
                </Point>
                <Point id="21778">
                    <coordinates>13.5227400562281,51.461359774359586,0.0</coordinates>
                </Point>
                <Point id="21780">
                    <coordinates>13.521671117991696,51.46132989583709,0.0</coordinates>
                </Point>
                <Point id="21782">
                    <coordinates>13.5220612452129,51.4615010786921,0.0</coordinates>
                </Point>
                <Point id="21784">
                    <coordinates>13.5232593932717,51.46171936393999,0.0</coordinates>
                </Point>
                <Point id="21786">
                    <coordinates>13.523026113315598,51.46162997588349,0.0</coordinates>
                </Point>
                <Point id="21788">
                    <coordinates>13.5231306700333,51.4616569062103,0.0</coordinates>
                </Point>
                <Point id="21790">
                    <coordinates>13.523938142100102,51.46126359506991,0.0</coordinates>
                </Point>
                <Point id="21792">
                    <coordinates>13.523189408742999,51.461348023991086,0.0</coordinates>
                </Point>
                <Point id="21794">
                    <coordinates>13.5215487098028,51.46155806599398,0.0</coordinates>
                </Point>
                <Point id="21796">
                    <coordinates>13.5241461402792,51.462236442369885,0.0</coordinates>
                </Point>
                <Point id="21798">
                    <coordinates>13.524098756544799,51.46101028149909,0.0</coordinates>
                </Point>
                <Point id="21800">
                    <coordinates>13.524804451259499,51.46044178312899,0.0</coordinates>
                </Point>
                <Point id="21802">
                    <coordinates>13.5246716967744,51.4603752543462,0.0</coordinates>
                </Point>
                <Point id="21804">
                    <coordinates>13.5245925118302,51.460337485843105,0.0</coordinates>
                </Point>
                <Point id="21806">
                    <coordinates>13.5244966985615,51.4600561809743,0.0</coordinates>
                </Point>
                <Point id="21808">
                    <coordinates>13.5241584178624,51.4601759737242,0.0</coordinates>
                </Point>
                <Point id="21810">
                    <coordinates>13.5249801820321,51.460525168582,0.0</coordinates>
                </Point>
                <Point id="21812">
                    <coordinates>13.5248830899608,51.46023117884021,0.0</coordinates>
                </Point>
                <Point id="21814">
                    <coordinates>13.525062092989996,51.46034512063349,0.0</coordinates>
                </Point>
                <Point id="21816">
                    <coordinates>13.524302167369898,51.459965904268294,0.0</coordinates>
                </Point>
                <Point id="21818">
                    <coordinates>13.524111287588699,51.45987687298039,0.0</coordinates>
                </Point>
                <Point id="21820">
                    <coordinates>13.523665238458698,51.4599103159581,0.0</coordinates>
                </Point>
                <Point id="21822">
                    <coordinates>13.523749074269801,51.45967236482141,0.0</coordinates>
                </Point>
                <Point id="21824">
                    <coordinates>13.5240708496622,51.459262407701,0.0</coordinates>
                </Point>
                <Point id="21826">
                    <coordinates>13.5238839415347,51.45932202231099,0.0</coordinates>
                </Point>
                <Point id="21828">
                    <coordinates>13.5247433168231,51.459211750399696,0.0</coordinates>
                </Point>
                <Point id="21830">
                    <coordinates>13.524469080553597,51.45919596443549,0.0</coordinates>
                </Point>
                <Point id="21832">
                    <coordinates>13.5244554420448,51.459103987125594,0.0</coordinates>
                </Point>
                <Point id="21834">
                    <coordinates>13.5245580298778,51.458853101297485,0.0</coordinates>
                </Point>
                <Point id="21836">
                    <coordinates>13.5246784374073,51.45884834616201,0.0</coordinates>
                </Point>
                <Point id="21838">
                    <coordinates>13.5242618962572,51.458910668013985,0.0</coordinates>
                </Point>
                <Point id="21840">
                    <coordinates>13.524467167257498,51.4589096457386,0.0</coordinates>
                </Point>
                <Point id="21842">
                    <coordinates>13.524067078892498,51.45892373803609,0.0</coordinates>
                </Point>
                <Point id="21844">
                    <coordinates>13.523903604488602,51.45893432939279,0.0</coordinates>
                </Point>
                <Point id="21846">
                    <coordinates>13.5238158181165,51.45894334026001,0.0</coordinates>
                </Point>
                <Point id="21848">
                    <coordinates>13.525001235144,51.4591275648739,0.0</coordinates>
                </Point>
                <Point id="21850">
                    <coordinates>13.524940593167399,51.45879664718439,0.0</coordinates>
                </Point>
                <Point id="21852">
                    <coordinates>13.525064150638698,51.45877440960739,0.0</coordinates>
                </Point>
                <Point id="21854">
                    <coordinates>13.524903254084002,51.45865222085929,0.0</coordinates>
                </Point>
                <Point id="21856">
                    <coordinates>13.524703268298,51.458611581582694,0.0</coordinates>
                </Point>
                <Point id="21858">
                    <coordinates>13.524979208610901,51.45839540608849,0.0</coordinates>
                </Point>
                <Point id="21860">
                    <coordinates>13.525006921146199,51.458181079342594,0.0</coordinates>
                </Point>
                <Point id="21862">
                    <coordinates>13.5239633933477,51.458620025598094,0.0</coordinates>
                </Point>
                <Point id="21864">
                    <coordinates>13.524296325877998,51.45844828126761,0.0</coordinates>
                </Point>
                <Point id="21866">
                    <coordinates>13.524460586092898,51.4583971834465,0.0</coordinates>
                </Point>
                <Point id="21868">
                    <coordinates>13.524544762297099,51.458449203281994,0.0</coordinates>
                </Point>
                <Point id="21870">
                    <coordinates>13.5247400868574,51.458403926012195,0.0</coordinates>
                </Point>
                <Point id="21872">
                    <coordinates>13.5236783792051,51.458365757289,0.0</coordinates>
                </Point>
                <Point id="21874">
                    <coordinates>13.523777187438602,51.45838966911601,0.0</coordinates>
                </Point>
                <Point id="21876">
                    <coordinates>13.5241596259624,51.45843812008871,0.0</coordinates>
                </Point>
                <Point id="21878">
                    <coordinates>13.524061543106,51.4584383363807,0.0</coordinates>
                </Point>
                <Point id="21880">
                    <coordinates>13.5239989052272,51.4583130568347,0.0</coordinates>
                </Point>
                <Point id="21882">
                    <coordinates>13.5240172312849,51.458221014140896,0.0</coordinates>
                </Point>
                <Point id="21884">
                    <coordinates>13.523452094708798,51.459798991769304,0.0</coordinates>
                </Point>
                <Point id="21886">
                    <coordinates>13.523324986921997,51.459768809415685,0.0</coordinates>
                </Point>
                <Point id="21888">
                    <coordinates>13.523097598308,51.4596856825153,0.0</coordinates>
                </Point>
                <Point id="21890">
                    <coordinates>13.5233827397532,51.45937768439919,0.0</coordinates>
                </Point>
                <Point id="21892">
                    <coordinates>13.522834142228502,51.4596560953622,0.0</coordinates>
                </Point>
                <Point id="21894">
                    <coordinates>13.5221320756051,51.45970271189319,0.0</coordinates>
                </Point>
                <Point id="21896">
                    <coordinates>13.522108933113598,51.4592394123628,0.0</coordinates>
                </Point>
                <Point id="21898">
                    <coordinates>13.5223504828629,51.45925464740689,0.0</coordinates>
                </Point>
                <Point id="21900">
                    <coordinates>13.5226910859133,51.459165837445205,0.0</coordinates>
                </Point>
                <Point id="21902">
                    <coordinates>13.522590267834799,51.45928292381689,0.0</coordinates>
                </Point>
                <Point id="21904">
                    <coordinates>13.522729993488296,51.459013138425696,0.0</coordinates>
                </Point>
                <Point id="21906">
                    <coordinates>13.522668385953699,51.4587849736938,0.0</coordinates>
                </Point>
                <Point id="21908">
                    <coordinates>13.5219786885822,51.458841480784706,0.0</coordinates>
                </Point>
                <Point id="21910">
                    <coordinates>13.5235247381742,51.4593966304606,0.0</coordinates>
                </Point>
                <Point id="21912">
                    <coordinates>13.523523362130799,51.459279075303996,0.0</coordinates>
                </Point>
                <Point id="21914">
                    <coordinates>13.5235936219922,51.45924197063199,0.0</coordinates>
                </Point>
                <Point id="21916">
                    <coordinates>13.5236642872959,51.4589541285903,0.0</coordinates>
                </Point>
                <Point id="21918">
                    <coordinates>13.523382088179698,51.45893141043649,0.0</coordinates>
                </Point>
                <Point id="21920">
                    <coordinates>13.522928989697798,51.45858369275619,0.0</coordinates>
                </Point>
                <Point id="21922">
                    <coordinates>13.523089362079201,51.45863181359411,0.0</coordinates>
                </Point>
                <Point id="21924">
                    <coordinates>13.523126500836,51.45858683045589,0.0</coordinates>
                </Point>
                <Point id="21926">
                    <coordinates>13.5230335521473,51.45843203351781,0.0</coordinates>
                </Point>
                <Point id="21928">
                    <coordinates>13.523089637268699,51.45839568832799,0.0</coordinates>
                </Point>
                <Point id="21930">
                    <coordinates>13.5234134545705,51.45831901791889,0.0</coordinates>
                </Point>
                <Point id="21932">
                    <coordinates>13.522303668296297,51.458755303880395,0.0</coordinates>
                </Point>
                <Point id="21934">
                    <coordinates>13.5222987113073,51.45871348167059,0.0</coordinates>
                </Point>
                <Point id="21936">
                    <coordinates>13.522404484618898,51.4587725546413,0.0</coordinates>
                </Point>
                <Point id="21938">
                    <coordinates>13.522626122817702,51.4581616689955,0.0</coordinates>
                </Point>
                <Point id="21940">
                    <coordinates>13.522708338810098,51.458177443465196,0.0</coordinates>
                </Point>
                <Point id="21942">
                    <coordinates>13.5214148041472,51.45926460915789,0.0</coordinates>
                </Point>
                <Point id="21944">
                    <coordinates>13.521762575881398,51.45919698033149,0.0</coordinates>
                </Point>
                <Point id="21946">
                    <coordinates>13.5218091600408,51.459035525359496,0.0</coordinates>
                </Point>
                <Point id="21948">
                    <coordinates>13.521517128297099,51.458908065138296,0.0</coordinates>
                </Point>
                <Point id="21950">
                    <coordinates>13.521738426368398,51.458752730855494,0.0</coordinates>
                </Point>
                <Point id="21952">
                    <coordinates>13.521786588692498,51.458648291514194,0.0</coordinates>
                </Point>
                <Point id="21954">
                    <coordinates>13.522599256110599,51.4578960633323,0.0</coordinates>
                </Point>
                <Point id="21956">
                    <coordinates>13.522447583485402,51.45798884071869,0.0</coordinates>
                </Point>
                <Point id="21958">
                    <coordinates>13.524053209708798,51.4580798327312,0.0</coordinates>
                </Point>
                <Point id="21960">
                    <coordinates>13.5236917324891,51.4578692248931,0.0</coordinates>
                </Point>
                <Point id="21962">
                    <coordinates>13.5237403084999,51.4578726085736,0.0</coordinates>
                </Point>
                <Point id="21964">
                    <coordinates>13.523385032244398,51.45774803724589,0.0</coordinates>
                </Point>
                <Point id="21966">
                    <coordinates>13.523508098272698,51.457850201277495,0.0</coordinates>
                </Point>
                <Point id="21968">
                    <coordinates>13.524106187485899,51.45785573967821,0.0</coordinates>
                </Point>
                <Point id="21970">
                    <coordinates>13.523946343009598,51.457660178088496,0.0</coordinates>
                </Point>
                <Point id="21972">
                    <coordinates>13.5240639908077,51.4574210667477,0.0</coordinates>
                </Point>
                <Point id="21974">
                    <coordinates>13.524018408242998,51.45751568123459,0.0</coordinates>
                </Point>
                <Point id="21976">
                    <coordinates>13.5241086782479,51.4573358859346,0.0</coordinates>
                </Point>
                <Point id="21978">
                    <coordinates>13.5229371671082,51.457491851969,0.0</coordinates>
                </Point>
                <Point id="21980">
                    <coordinates>13.523115356617398,51.45719513485019,0.0</coordinates>
                </Point>
                <Point id="21982">
                    <coordinates>13.5227742406497,51.45770712110449,0.0</coordinates>
                </Point>
                <Point id="21984">
                    <coordinates>13.5228689673949,51.457587038549306,0.0</coordinates>
                </Point>
                <Point id="21986">
                    <coordinates>13.523399719919098,51.45723287484359,0.0</coordinates>
                </Point>
                <Point id="21988">
                    <coordinates>13.523828997293299,51.4571721797524,0.0</coordinates>
                </Point>
                <Point id="21990">
                    <coordinates>13.523935042425398,51.4570534901394,0.0</coordinates>
                </Point>
                <Point id="21992">
                    <coordinates>13.5236362028598,51.456935043947176,0.0</coordinates>
                </Point>
                <Point id="21994">
                    <coordinates>13.523724183511098,51.4567791259628,0.0</coordinates>
                </Point>
                <Point id="21996">
                    <coordinates>13.5234605306606,51.45670380805381,0.0</coordinates>
                </Point>
                <Point id="21998">
                    <coordinates>13.5235461146799,51.456537071582396,0.0</coordinates>
                </Point>
                <Point id="22000">
                    <coordinates>13.523576789700698,51.4564820580922,0.0</coordinates>
                </Point>
                <Point id="22002">
                    <coordinates>13.523942036167899,51.45629701623239,0.0</coordinates>
                </Point>
                <Point id="22004">
                    <coordinates>13.523885049688698,51.456330163797794,0.0</coordinates>
                </Point>
                <Point id="22006">
                    <coordinates>13.52359958908,51.45634561426698,0.0</coordinates>
                </Point>
                <Point id="22008">
                    <coordinates>13.523574066144402,51.4562501959771,0.0</coordinates>
                </Point>
                <Point id="22010">
                    <coordinates>13.524091299729596,51.45619833330649,0.0</coordinates>
                </Point>
                <Point id="22012">
                    <coordinates>13.5239755377456,51.45602702086071,0.0</coordinates>
                </Point>
                <Point id="22014">
                    <coordinates>13.524021322827698,51.455972492519194,0.0</coordinates>
                </Point>
                <Point id="22016">
                    <coordinates>13.520100184747099,51.456531170205395,0.0</coordinates>
                </Point>
                <Point id="22018">
                    <coordinates>13.5200918667332,51.45631975289799,0.0</coordinates>
                </Point>
                <Point id="22020">
                    <coordinates>13.524849145222401,51.4580193543999,0.0</coordinates>
                </Point>
                <Point id="22022">
                    <coordinates>13.524621470424298,51.45795428794529,0.0</coordinates>
                </Point>
                <Point id="22024">
                    <coordinates>13.524477968637296,51.45806977137969,0.0</coordinates>
                </Point>
                <Point id="22026">
                    <coordinates>13.525045857426301,51.4580303344466,0.0</coordinates>
                </Point>
                <Point id="22028">
                    <coordinates>13.525040767257696,51.45796878355279,0.0</coordinates>
                </Point>
                <Point id="22030">
                    <coordinates>13.5248025151058,51.4578773303929,0.0</coordinates>
                </Point>
                <Point id="22032">
                    <coordinates>13.524194801157199,51.457635764255194,0.0</coordinates>
                </Point>
                <Point id="22034">
                    <coordinates>13.524303855047298,51.457431728590294,0.0</coordinates>
                </Point>
                <Point id="22036">
                    <coordinates>13.524414112150799,51.45722841855079,0.0</coordinates>
                </Point>
                <Point id="22038">
                    <coordinates>13.5243529329717,51.457341126408096,0.0</coordinates>
                </Point>
                <Point id="22040">
                    <coordinates>13.524281229862098,51.4571957378717,0.0</coordinates>
                </Point>
                <Point id="22042">
                    <coordinates>13.524482322048202,51.457129938836,0.0</coordinates>
                </Point>
                <Point id="22044">
                    <coordinates>13.524588840757898,51.457020338511995,0.0</coordinates>
                </Point>
                <Point id="22046">
                    <coordinates>13.5244831405215,51.45690357166269,0.0</coordinates>
                </Point>
                <Point id="22048">
                    <coordinates>13.5245964904991,51.456720334208306,0.0</coordinates>
                </Point>
                <Point id="22050">
                    <coordinates>13.524752208189101,51.4567918111775,0.0</coordinates>
                </Point>
                <Point id="22052">
                    <coordinates>13.524830337713599,51.4566944524439,0.0</coordinates>
                </Point>
                <Point id="22054">
                    <coordinates>13.5248225080798,51.4565214715388,0.0</coordinates>
                </Point>
                <Point id="22056">
                    <coordinates>13.525487332832602,51.45684920831669,0.0</coordinates>
                </Point>
                <Point id="22058">
                    <coordinates>13.524971838343498,51.45661041632629,0.0</coordinates>
                </Point>
                <Point id="22060">
                    <coordinates>13.5251171145949,51.45655091498929,0.0</coordinates>
                </Point>
                <Point id="22062">
                    <coordinates>13.5248911707734,51.456328220998394,0.0</coordinates>
                </Point>
                <Point id="22064">
                    <coordinates>13.5246410966926,51.4563528230777,0.0</coordinates>
                </Point>
                <Point id="22066">
                    <coordinates>13.524504776348898,51.45631426095539,0.0</coordinates>
                </Point>
                <Point id="22068">
                    <coordinates>13.524335287073901,51.456205345461996,0.0</coordinates>
                </Point>
                <Point id="22070">
                    <coordinates>13.5244682738658,51.456226688923,0.0</coordinates>
                </Point>
                <Point id="22072">
                    <coordinates>13.5247130481511,51.456285818479586,0.0</coordinates>
                </Point>
                <Point id="22074">
                    <coordinates>13.5242467460137,51.456242479791584,0.0</coordinates>
                </Point>
                <Point id="22076">
                    <coordinates>13.5241944330426,51.45602061928649,0.0</coordinates>
                </Point>
                <Point id="22078">
                    <coordinates>13.5247755401811,51.4557890438066,0.0</coordinates>
                </Point>
                <Point id="22080">
                    <coordinates>13.524630335674502,51.4557068596477,0.0</coordinates>
                </Point>
                <Point id="22082">
                    <coordinates>13.523842155605697,51.455579923325,0.0</coordinates>
                </Point>
                <Point id="22084">
                    <coordinates>13.524303120618299,51.4541913869914,0.0</coordinates>
                </Point>
                <Point id="22086">
                    <coordinates>13.524208634305802,51.45427306465831,0.0</coordinates>
                </Point>
                <Point id="22088">
                    <coordinates>13.523412409802198,51.455312808507706,0.0</coordinates>
                </Point>
                <Point id="22090">
                    <coordinates>13.522357184064699,51.45491912664069,0.0</coordinates>
                </Point>
                <Point id="22092">
                    <coordinates>13.5221664027064,51.454895824430196,0.0</coordinates>
                </Point>
                <Point id="22094">
                    <coordinates>13.513659887412,51.45749410378819,0.0</coordinates>
                </Point>
                <Point id="22096">
                    <coordinates>13.513273030485001,51.4561350236606,0.0</coordinates>
                </Point>
                <Point id="22098">
                    <coordinates>13.517550230567903,51.4577883202003,0.0</coordinates>
                </Point>
                <Point id="22100">
                    <coordinates>13.517930533247098,51.45775317209459,0.0</coordinates>
                </Point>
                <Point id="22102">
                    <coordinates>13.5177598811436,51.457300863273495,0.0</coordinates>
                </Point>
                <Point id="22104">
                    <coordinates>13.519768290853698,51.4564867221624,0.0</coordinates>
                </Point>
                <Point id="22106">
                    <coordinates>13.519871344657497,51.456302473911904,0.0</coordinates>
                </Point>
                <Point id="22108">
                    <coordinates>13.519490366621001,51.45644157454889,0.0</coordinates>
                </Point>
                <Point id="22110">
                    <coordinates>13.519522124233497,51.456239740953386,0.0</coordinates>
                </Point>
                <Point id="22112">
                    <coordinates>13.5188709764677,51.45636484806159,0.0</coordinates>
                </Point>
                <Point id="22114">
                    <coordinates>13.518401765615199,51.45631285198429,0.0</coordinates>
                </Point>
                <Point id="22116">
                    <coordinates>13.519290645681801,51.4564072235568,0.0</coordinates>
                </Point>
                <Point id="22118">
                    <coordinates>13.5191031759376,51.45617370517339,0.0</coordinates>
                </Point>
                <Point id="22120">
                    <coordinates>13.519069054960699,51.4561690267504,0.0</coordinates>
                </Point>
                <Point id="22122">
                    <coordinates>13.5193634827329,51.4562240915178,0.0</coordinates>
                </Point>
                <Point id="22124">
                    <coordinates>13.518750472440198,51.45609047257769,0.0</coordinates>
                </Point>
                <Point id="22126">
                    <coordinates>13.517515716769998,51.4566028905297,0.0</coordinates>
                </Point>
                <Point id="22128">
                    <coordinates>13.518356068540298,51.45529476592479,0.0</coordinates>
                </Point>
                <Point id="22130">
                    <coordinates>13.5191856573521,51.45512798074379,0.0</coordinates>
                </Point>
                <Point id="22132">
                    <coordinates>13.518745030753697,51.45423517419439,0.0</coordinates>
                </Point>
                <Point id="22134">
                    <coordinates>13.517584996839398,51.4540448378049,0.0</coordinates>
                </Point>
                <Point id="22136">
                    <coordinates>13.5080266753233,51.4577859941973,0.0</coordinates>
                </Point>
                <Point id="22138">
                    <coordinates>13.508000048826398,51.457781036751506,0.0</coordinates>
                </Point>
                <Point id="22140">
                    <coordinates>13.507704981906702,51.4577395274894,0.0</coordinates>
                </Point>
                <Point id="22142">
                    <coordinates>13.5076687580379,51.45773269655461,0.0</coordinates>
                </Point>
                <Point id="22144">
                    <coordinates>13.5312641743394,51.4669665120033,0.0</coordinates>
                </Point>
                <Point id="22146">
                    <coordinates>13.529030804624199,51.4651178480963,0.0</coordinates>
                </Point>
                <Point id="22148">
                    <coordinates>13.5217300900184,51.4570253652234,0.0</coordinates>
                </Point>
                <Point id="22150">
                    <coordinates>13.5284720302845,51.4653594128553,0.0</coordinates>
                </Point>
                <Point id="22152">
                    <coordinates>13.524553217732699,51.4639058652966,0.0</coordinates>
                </Point>
                <Point id="22154">
                    <coordinates>13.524578730950799,51.4638192899159,0.0</coordinates>
                </Point>
                <Point id="22156">
                    <coordinates>13.5250183196162,51.46368786887011,0.0</coordinates>
                </Point>
                <Point id="22158">
                    <coordinates>13.5250576227058,51.4635212617812,0.0</coordinates>
                </Point>
                <Point id="22160">
                    <coordinates>13.525100924124697,51.4633874195851,0.0</coordinates>
                </Point>
                <Point id="22162">
                    <coordinates>13.5198678633131,51.46047489332759,0.0</coordinates>
                </Point>
                <Point id="22164">
                    <coordinates>13.528317864231399,51.46562919606598,0.0</coordinates>
                </Point>
                <Point id="22166">
                    <coordinates>13.520506758751003,51.4648574521533,0.0</coordinates>
                </Point>
                <Point id="22168">
                    <coordinates>13.520487507345928,51.46453741400846,0.0</coordinates>
                </Point>
                <Point id="22170">
                    <coordinates>13.526086069106398,51.459446756796595,0.0</coordinates>
                </Point>
                <Point id="22172">
                    <coordinates>13.522832690178149,51.46378093951286,0.0</coordinates>
                </Point>
                <Point id="22174">
                    <coordinates>13.5230901320199,51.46379793985089,0.0</coordinates>
                </Point>
                <Point id="22176">
                    <coordinates>13.52481811915043,51.45837732213586,0.0</coordinates>
                </Point>
                <Point id="22178">
                    <coordinates>13.524325884576998,51.45923269215759,0.0</coordinates>
                </Point>
                <Point id="22180">
                    <coordinates>13.5177304592035,51.456130921485396,0.0</coordinates>
                </Point>
                <Point id="22182">
                    <coordinates>13.5230544434451,51.459039380871644,0.0</coordinates>
                </Point>
                <Point id="22184">
                    <coordinates>13.521903576089464,51.45847199103464,0.0</coordinates>
                </Point>
                <Point id="22186">
                    <coordinates>13.523044390184774,51.45922872907478,0.0</coordinates>
                </Point>
                <Point id="22188">
                    <coordinates>13.53058973277905,51.46254506971829,0.0</coordinates>
                </Point>
                <Point id="22190">
                    <coordinates>13.52495420711045,51.46236720784003,0.0</coordinates>
                </Point>
                <Point id="22192">
                    <coordinates>13.529378375122647,51.46645214462107,0.0</coordinates>
                </Point>
                <Point id="22194">
                    <coordinates>13.524606859601834,51.457989575479466,0.0</coordinates>
                </Point>
                <Point id="22196">
                    <coordinates>13.529397602709501,51.46345028194521,0.0</coordinates>
                </Point>
                <Point id="22198">
                    <coordinates>13.520542840577898,51.460912785964,0.0</coordinates>
                </Point>
                <Point id="22200">
                    <coordinates>13.528393203205901,51.4662698604405,0.0</coordinates>
                </Point>
                <Point id="22202">
                    <coordinates>13.51463131155012,51.46038143817305,0.0</coordinates>
                </Point>
                <Point id="22204">
                    <coordinates>13.5209736466165,51.46629048427789,0.0</coordinates>
                </Point>
                <Point id="22206">
                    <coordinates>13.517903906510298,51.4549910184451,0.0</coordinates>
                </Point>
                <Point id="22208">
                    <coordinates>13.518105385261599,51.4547055705302,0.0</coordinates>
                </Point>
                <Point id="22210">
                    <coordinates>13.5200836958743,51.4544908330603,0.0</coordinates>
                </Point>
                <Point id="22212">
                    <coordinates>13.513357138436398,51.458821057372695,0.0</coordinates>
                </Point>
                <Point id="22214">
                    <coordinates>13.533326170254602,51.4636518886608,0.0</coordinates>
                </Point>
                <Point id="22216">
                    <coordinates>13.533228825142402,51.463809921167396,0.0</coordinates>
                </Point>
                <Point id="22218">
                    <coordinates>13.5281335844617,51.4659305151888,0.0</coordinates>
                </Point>
                <Point id="22220">
                    <coordinates>13.528142913333777,51.465906083221775,0.0</coordinates>
                </Point>
                <Point id="22222">
                    <coordinates>13.525527210932301,51.4639122229281,0.0</coordinates>
                </Point>
                <Point id="22224">
                    <coordinates>13.531151829800734,51.465015778509574,0.0</coordinates>
                </Point>
                <Point id="22226">
                    <coordinates>13.522424196297399,51.45827876015559,0.0</coordinates>
                </Point>
                <Point id="22228">
                    <coordinates>13.522136998166825,51.45821102443043,0.0</coordinates>
                </Point>
                <Point id="22230">
                    <coordinates>13.522177785721198,51.45814372931369,0.0</coordinates>
                </Point>
                <Point id="22232">
                    <coordinates>13.519474821336287,51.4612922357014,0.0</coordinates>
                </Point>
                <Point id="22234">
                    <coordinates>13.5218530858092,51.46229048829979,0.0</coordinates>
                </Point>
                <Point id="22236">
                    <coordinates>13.520809742921033,51.46342720148379,0.0</coordinates>
                </Point>
                <Point id="22238">
                    <coordinates>13.5202144791424,51.4634717209087,0.0</coordinates>
                </Point>
                <Point id="22240">
                    <coordinates>13.5225599859026,51.4637647184653,0.0</coordinates>
                </Point>
                <Point id="22242">
                    <coordinates>13.521525295074998,51.463658098449784,0.0</coordinates>
                </Point>
                <Point id="22244">
                    <coordinates>13.524627041999796,51.46344624679109,0.0</coordinates>
                </Point>
                <Point id="22246">
                    <coordinates>13.523967619790216,51.45328130040579,0.0</coordinates>
                </Point>
                <Point id="22248">
                    <coordinates>13.524989529395352,51.45356571692195,0.0</coordinates>
                </Point>
            </MultiGeometry>
        </Placemark>
    </Document>
</kml>
