<?xml version="1.0" encoding="UTF-8"?>
<kml xmlns="http://www.opengis.net/kml/2.2" xmlns:gx="http://www.google.com/kml/ext/2.2">
    <Document id="14955">
        <Style id="16536">
            <IconStyle id="16537">
                <color>ff0000ff</color>
                <colorMode>normal</colorMode>
                <scale>1</scale>
                <heading>0</heading>
                <Icon id="16538">
                    <href>http://maps.google.com/mapfiles/kml/pushpin/ylw-pushpin.png</href>
                </Icon>
            </IconStyle>
            <LineStyle id="16539">
                <color>ff0000ff</color>
                <colorMode>normal</colorMode>
                <width>5</width>
            </LineStyle>
        </Style>
        <Style id="17314">
            <IconStyle id="17316">
                <colorMode>normal</colorMode>
                <scale>1</scale>
                <heading>0</heading>
                <Icon id="17317">
                    <href>http://maps.google.com/mapfiles/kml/shapes/placemark_circle.png</href>
                </Icon>
            </IconStyle>
            <LabelStyle id="17315">
                <colorMode>normal</colorMode>
                <scale>0.0</scale>
            </LabelStyle>
        </Style>
        <open>1</open>
        <Placemark id="14957">
            <name>MultiLine</name>
            <styleUrl>#16536</styleUrl>
            <MultiGeometry id="14956">
                <LineString id="14958">
                    <coordinates>13.52704921,51.44730224,0.0 13.527058199999999,51.447315489999994,0.0</coordinates>
                </LineString>
                <LineString id="14960">
                    <coordinates>13.538118689999997,51.45342464000001,0.0 13.53813621,51.45342307999999,0.0</coordinates>
                </LineString>
                <LineString id="14962">
                    <coordinates>13.52947683,51.44776364999999,0.0 13.529568169999997,51.44777826999999,0.0 13.52968394,51.44776983999999,0.0</coordinates>
                </LineString>
                <LineString id="14964">
                    <coordinates>13.518514500000002,51.452430969999995,0.0 13.518627899999998,51.45272078,0.0</coordinates>
                </LineString>
                <LineString id="14966">
                    <coordinates>13.556042970000002,51.43998555,0.0 13.556068119999999,51.43997706,0.0 13.556098139999998,51.439964749999994,0.0 13.556204399999999,51.43994763,0.0 13.55651252,51.43989596,0.0 13.55657475,51.43989771999998,0.0 13.556735879999998,51.439919119999985,0.0 13.55735573,51.43999847999999,0.0</coordinates>
                </LineString>
                <LineString id="14968">
                    <coordinates>13.523507250000002,51.44968617000001,0.0 13.52344956,51.44968644000001,0.0</coordinates>
                </LineString>
                <LineString id="14970">
                    <coordinates>13.541602059999999,51.45274044,0.0 13.541835339999999,51.45252161999999,0.0</coordinates>
                </LineString>
                <LineString id="14972">
                    <coordinates>13.541835339999999,51.45252161999999,0.0 13.542580309999998,51.45245931,0.0</coordinates>
                </LineString>
                <LineString id="14974">
                    <coordinates>13.50111327,51.44883528999999,0.0 13.50153339,51.44885983999999,0.0</coordinates>
                </LineString>
                <LineString id="14976">
                    <coordinates>13.50153339,51.44885983999999,0.0 13.501815249999998,51.44888019,0.0</coordinates>
                </LineString>
                <LineString id="14978">
                    <coordinates>13.51707917,51.445863499999994,0.0 13.517093509999999,51.44585143,0.0</coordinates>
                </LineString>
                <LineString id="14980">
                    <coordinates>13.505706509999998,51.45066042999999,0.0 13.50570509,51.45065047999999,0.0</coordinates>
                </LineString>
                <LineString id="14982">
                    <coordinates>13.528122419999999,51.45033526,0.0 13.52810807,51.450331999999996,0.0</coordinates>
                </LineString>
                <LineString id="14984">
                    <coordinates>13.52608636,51.44570878999999,0.0 13.52567189,51.44550480999999,0.0</coordinates>
                </LineString>
                <LineString id="14986">
                    <coordinates>13.52567189,51.44550480999999,0.0 13.525292569999998,51.445317759999995,0.0</coordinates>
                </LineString>
                <LineString id="14988">
                    <coordinates>13.5280631,51.45034624999999,0.0 13.528075619999997,51.45032464999999,0.0</coordinates>
                </LineString>
                <LineString id="14990">
                    <coordinates>13.50898752,51.449780059999995,0.0 13.509024999999998,51.44985011,0.0</coordinates>
                </LineString>
                <LineString id="14992">
                    <coordinates>13.526093370000002,51.44983503,0.0 13.526193,51.449861080000005,0.0</coordinates>
                </LineString>
                <LineString id="14994">
                    <coordinates>13.530827769999997,51.44315713999999,0.0 13.530815160000001,51.44315520000001,0.0</coordinates>
                </LineString>
                <LineString id="14996">
                    <coordinates>13.506920579999997,51.45014804999999,0.0 13.506798129999998,51.45015163,0.0 13.50670666,51.450155439999996,0.0</coordinates>
                </LineString>
                <LineString id="14998">
                    <coordinates>13.50357016,51.448995149999995,0.0 13.503544409999998,51.44895111999999,0.0 13.503550239999997,51.44891815,0.0 13.50361163,51.448802789999995,0.0 13.50365947,51.448722599999996,0.0 13.50368056,51.44868485,0.0</coordinates>
                </LineString>
                <LineString id="15000">
                    <coordinates>13.53055431,51.44428368999999,0.0 13.530592260000002,51.444180579999994,0.0 13.53062874,51.44408546999999,0.0</coordinates>
                </LineString>
                <LineString id="15002">
                    <coordinates>13.52929734,51.447261999999995,0.0 13.529267,51.44725816999999,0.0</coordinates>
                </LineString>
                <LineString id="15004">
                    <coordinates>13.53054349,51.44431672999999,0.0 13.53055431,51.44428368999999,0.0</coordinates>
                </LineString>
                <LineString id="15006">
                    <coordinates>13.50869832,51.44984316,0.0 13.50881563,51.44981716,0.0 13.50883898,51.44981211,0.0</coordinates>
                </LineString>
                <LineString id="15008">
                    <coordinates>13.5239177,51.44502455,0.0 13.523734390000001,51.44492703000001,0.0</coordinates>
                </LineString>
                <LineString id="15010">
                    <coordinates>13.543121019999997,51.45298753,0.0 13.542685950000001,51.453028249999996,0.0 13.541960120000002,51.453024209999995,0.0</coordinates>
                </LineString>
                <LineString id="15012">
                    <coordinates>13.53237302,51.453601680000006,0.0 13.53237844,51.45359172,0.0</coordinates>
                </LineString>
                <LineString id="15014">
                    <coordinates>13.5300659,51.45439895999999,0.0 13.53008076,51.45425689000001,0.0</coordinates>
                </LineString>
                <LineString id="15016">
                    <coordinates>13.530052889999999,51.454549279999995,0.0 13.530056770000002,51.4545492,0.0 13.53005365,51.45446404,0.0</coordinates>
                </LineString>
                <LineString id="15018">
                    <coordinates>13.53005365,51.45446404,0.0 13.5300659,51.45439895999999,0.0</coordinates>
                </LineString>
                <LineString id="15020">
                    <coordinates>13.531281699999997,51.454339590000004,0.0 13.531284490000003,51.454377300000004,0.0 13.53129743,51.45446893999999,0.0 13.531307900000002,51.45455412,0.0 13.53131378,51.45460509,0.0</coordinates>
                </LineString>
                <LineString id="15022">
                    <coordinates>13.531314200000002,51.45460899,0.0 13.53130739,51.45465015,0.0</coordinates>
                </LineString>
                <LineString id="15024">
                    <coordinates>13.531111659999999,51.455174429999985,0.0 13.53118989,51.45517288999999,0.0</coordinates>
                </LineString>
                <LineString id="15026">
                    <coordinates>13.53118352,51.455496849999996,0.0 13.53120683,51.45548815,0.0 13.531292619999997,51.45543911,0.0</coordinates>
                </LineString>
                <LineString id="15028">
                    <coordinates>13.531292619999997,51.45543911,0.0 13.53130209,51.45526446999999,0.0</coordinates>
                </LineString>
                <LineString id="15030">
                    <coordinates>13.531301259999998,51.45522344,0.0 13.531298549999999,51.455170880000004,0.0</coordinates>
                </LineString>
                <LineString id="15032">
                    <coordinates>13.53130209,51.45526446999999,0.0 13.531302690000002,51.45525146000001,0.0</coordinates>
                </LineString>
                <LineString id="15034">
                    <coordinates>13.531837609999998,51.45461236999998,0.0 13.531807049999998,51.45461149,0.0</coordinates>
                </LineString>
                <LineString id="15036">
                    <coordinates>13.5317865,51.45461125,0.0 13.531807049999998,51.45461149,0.0</coordinates>
                </LineString>
                <LineString id="15038">
                    <coordinates>13.529771979999998,51.45554107999999,0.0 13.529769199999999,51.45561136,0.0</coordinates>
                </LineString>
                <LineString id="15040">
                    <coordinates>13.53008076,51.45425689000001,0.0 13.53008544,51.45423899000001,0.0</coordinates>
                </LineString>
                <LineString id="15042">
                    <coordinates>13.53008544,51.45423899000001,0.0 13.530102919999997,51.45417232,0.0</coordinates>
                </LineString>
                <LineString id="15044">
                    <coordinates>13.530102919999997,51.45417232,0.0 13.53010607,51.454160650000006,0.0</coordinates>
                </LineString>
                <LineString id="15046">
                    <coordinates>13.52989468,51.45414272,0.0 13.53002287,51.45415289000001,0.0 13.530061209999998,51.45415666999999,0.0 13.53009557,51.45415974,0.0 13.53010607,51.454160650000006,0.0</coordinates>
                </LineString>
                <LineString id="15048">
                    <coordinates>13.53010607,51.454160650000006,0.0 13.53011183,51.4541612,0.0</coordinates>
                </LineString>
                <LineString id="15050">
                    <coordinates>13.5316255,51.454612100000006,0.0 13.5317865,51.45461125,0.0</coordinates>
                </LineString>
                <LineString id="15052">
                    <coordinates>13.530775709999999,51.45522034999999,0.0 13.53077826,51.45514100999999,0.0</coordinates>
                </LineString>
                <LineString id="15054">
                    <coordinates>13.52608636,51.44570878999999,0.0 13.526094340000002,51.44571444000001,0.0 13.526138609999999,51.44573629,0.0</coordinates>
                </LineString>
                <LineString id="15056">
                    <coordinates>13.526138609999999,51.44573629,0.0 13.526167469999999,51.44575097,0.0</coordinates>
                </LineString>
                <LineString id="15058">
                    <coordinates>13.526097089999999,51.445835050000014,0.0 13.526167469999999,51.44575097,0.0</coordinates>
                </LineString>
                <LineString id="15060">
                    <coordinates>13.526101109999999,51.44583734999999,0.0 13.526097089999999,51.445835050000014,0.0</coordinates>
                </LineString>
                <LineString id="15062">
                    <coordinates>13.525956139999998,51.44580403,0.0 13.525976019999998,51.44580061,0.0 13.52599663,51.44579941,0.0 13.526017649999998,51.44580375,0.0 13.52604469,51.445816,0.0 13.52607776,51.44583321,0.0 13.52609881,51.44584404,0.0</coordinates>
                </LineString>
                <LineString id="15064">
                    <coordinates>13.52557135,51.446456819999995,0.0 13.525557349999998,51.44645405000001,0.0</coordinates>
                </LineString>
                <LineString id="15066">
                    <coordinates>13.525557349999998,51.44645405000001,0.0 13.525547820000002,51.44644453,0.0</coordinates>
                </LineString>
                <LineString id="15068">
                    <coordinates>13.52557135,51.446456819999995,0.0 13.525618829999999,51.44646632,0.0</coordinates>
                </LineString>
                <LineString id="15070">
                    <coordinates>13.525547820000002,51.44644453,0.0 13.525476979999999,51.446372199999985,0.0 13.52544628,51.44634109,0.0</coordinates>
                </LineString>
                <LineString id="15072">
                    <coordinates>13.525861650000001,51.44586991,0.0 13.525880719999998,51.44585357999999,0.0</coordinates>
                </LineString>
                <LineString id="15074">
                    <coordinates>13.525956139999998,51.44580403,0.0 13.52593871,51.44581005,0.0 13.525920679999999,51.4458193,0.0 13.525880719999998,51.44585357999999,0.0</coordinates>
                </LineString>
                <LineString id="15076">
                    <coordinates>13.525723470000003,51.44599838,0.0 13.525861650000001,51.44586991,0.0</coordinates>
                </LineString>
                <LineString id="15078">
                    <coordinates>13.52544628,51.44634109,0.0 13.525579370000003,51.44610887000001,0.0 13.525590380000002,51.44609565,0.0 13.52560543,51.44608226,0.0 13.525723470000003,51.44599838,0.0</coordinates>
                </LineString>
                <LineString id="15080">
                    <coordinates>13.525618829999999,51.44646632,0.0 13.525805839999997,51.44650113999998,0.0</coordinates>
                </LineString>
                <LineString id="15082">
                    <coordinates>13.525805839999997,51.44650113999998,0.0 13.52600222,51.44653581,0.0</coordinates>
                </LineString>
                <LineString id="15084">
                    <coordinates>13.52600222,51.44653581,0.0 13.526189949999997,51.446568449999994,0.0</coordinates>
                </LineString>
                <LineString id="15086">
                    <coordinates>13.526189949999997,51.446568449999994,0.0 13.526201270000001,51.44657083,0.0</coordinates>
                </LineString>
                <LineString id="15088">
                    <coordinates>13.526312139999998,51.44659913,0.0 13.526416049999996,51.44663572999998,0.0 13.52652423,51.44668038999999,0.0</coordinates>
                </LineString>
                <LineString id="15090">
                    <coordinates>13.526248619999999,51.4465799,0.0 13.526312139999998,51.44659913,0.0</coordinates>
                </LineString>
                <LineString id="15092">
                    <coordinates>13.526201270000001,51.44657083,0.0 13.526248619999999,51.4465799,0.0</coordinates>
                </LineString>
                <LineString id="15094">
                    <coordinates>13.52652423,51.44668038999999,0.0 13.526569639999998,51.44670439,0.0 13.526609809999998,51.44673156,0.0</coordinates>
                </LineString>
                <LineString id="15096">
                    <coordinates>13.526609809999998,51.44673156,0.0 13.526614910000001,51.446734840000005,0.0</coordinates>
                </LineString>
                <LineString id="15098">
                    <coordinates>13.526760909999998,51.44692153999999,0.0 13.526690810000002,51.44681185,0.0</coordinates>
                </LineString>
                <LineString id="15100">
                    <coordinates>13.526614910000001,51.446734840000005,0.0 13.526643819999999,51.44675784,0.0 13.52667149,51.44678543999999,0.0 13.526690810000002,51.44681185,0.0</coordinates>
                </LineString>
                <LineString id="15102">
                    <coordinates>13.52688599,51.447081309999994,0.0 13.52679706,51.44696953,0.0</coordinates>
                </LineString>
                <LineString id="15104">
                    <coordinates>13.52678162,51.44694942999999,0.0 13.52679706,51.44696953,0.0</coordinates>
                </LineString>
                <LineString id="15106">
                    <coordinates>13.526888689999998,51.44708470999999,0.0 13.52688599,51.447081309999994,0.0</coordinates>
                </LineString>
                <LineString id="15108">
                    <coordinates>13.52689871,51.44709759,0.0 13.52692239,51.447128559999996,0.0 13.52704921,51.44730224,0.0</coordinates>
                </LineString>
                <LineString id="15110">
                    <coordinates>13.526888689999998,51.44708470999999,0.0 13.52689871,51.44709759,0.0</coordinates>
                </LineString>
                <LineString id="15112">
                    <coordinates>13.527058199999999,51.447315489999994,0.0 13.527090479999998,51.44736396999999,0.0</coordinates>
                </LineString>
                <LineString id="15114">
                    <coordinates>13.527090479999998,51.44736396999999,0.0 13.52716702,51.447481829999994,0.0</coordinates>
                </LineString>
                <LineString id="15116">
                    <coordinates>13.527168679999999,51.44748426999999,0.0 13.527174179999998,51.447492409999995,0.0</coordinates>
                </LineString>
                <LineString id="15118">
                    <coordinates>13.52716702,51.447481829999994,0.0 13.527168679999999,51.44748426999999,0.0</coordinates>
                </LineString>
                <LineString id="15120">
                    <coordinates>13.527200640000002,51.44752929,0.0 13.527174179999998,51.447492409999995,0.0</coordinates>
                </LineString>
                <LineString id="15122">
                    <coordinates>13.529083259999998,51.44826229999999,0.0 13.529085770000002,51.44825873,0.0</coordinates>
                </LineString>
                <LineString id="15124">
                    <coordinates>13.51713883,51.44581549,0.0 13.517150100000002,51.44580701,0.0 13.51716441,51.44565175999999,0.0 13.51728379,51.44553016,0.0 13.51732812,51.44548563,0.0</coordinates>
                </LineString>
                <LineString id="15126">
                    <coordinates>13.51732812,51.44548563,0.0 13.517586689999998,51.445715250000006,0.0 13.5176275,51.44575902,0.0 13.51768931,51.44582184999999,0.0 13.518062039999998,51.445504619999994,0.0 13.51812453,51.44547838,0.0 13.518135760000002,51.445491450000006,0.0</coordinates>
                </LineString>
                <LineString id="15128">
                    <coordinates>13.530775709999999,51.45522034999999,0.0 13.53077572,51.45522287,0.0 13.53078057,51.455222760000005,0.0 13.5307948,51.45522258,0.0</coordinates>
                </LineString>
                <LineString id="15130">
                    <coordinates>13.52831554,51.45400499,0.0 13.52837524,51.454011599999994,0.0 13.528469329999998,51.45401987999999,0.0 13.52860756,51.45403262,0.0 13.52876027,51.454045820000005,0.0 13.528895239999999,51.45405746999999,0.0 13.52901272,51.45406747,0.0 13.52908937,51.45407432,0.0 13.529241980000002,51.45408718000001,0.0 13.529358179999997,51.454097459999986,0.0 13.529439800000002,51.45410434,0.0</coordinates>
                </LineString>
                <LineString id="15132">
                    <coordinates>13.53130035,51.45485665000001,0.0 13.53130026,51.45505017,0.0 13.531300149999998,51.45505768,0.0</coordinates>
                </LineString>
                <LineString id="15134">
                    <coordinates>13.52968394,51.44776983999999,0.0 13.52971269,51.44776866000001,0.0 13.529816990000002,51.44775651,0.0 13.53000308,51.44771987,0.0 13.530329369999999,51.447649829999996,0.0</coordinates>
                </LineString>
                <LineString id="15136">
                    <coordinates>13.530329369999999,51.447649829999996,0.0 13.530592929999997,51.44760053,0.0</coordinates>
                </LineString>
                <LineString id="15138">
                    <coordinates>13.532042369999997,51.44730743999999,0.0 13.532108319999999,51.44729526999999,0.0</coordinates>
                </LineString>
                <LineString id="15140">
                    <coordinates>13.531522279999999,51.44740594999999,0.0 13.531752739999996,51.44736087999999,0.0 13.532042369999997,51.44730743999999,0.0</coordinates>
                </LineString>
                <LineString id="15142">
                    <coordinates>13.53291178,51.447082050000006,0.0 13.53327212,51.44699928,0.0</coordinates>
                </LineString>
                <LineString id="15144">
                    <coordinates>13.532108319999999,51.44729526999999,0.0 13.53239414,51.44722995,0.0 13.53261755,51.44716646999999,0.0 13.53291178,51.447082050000006,0.0</coordinates>
                </LineString>
                <LineString id="15146">
                    <coordinates>13.534777049999999,51.44675847,0.0 13.53506859,51.44670375999999,0.0</coordinates>
                </LineString>
                <LineString id="15148">
                    <coordinates>13.53327212,51.44699928,0.0 13.533475589999998,51.44696308999998,0.0 13.533717249999999,51.44692607999999,0.0 13.533973329999998,51.446889689999985,0.0 13.534213509999999,51.446855929999984,0.0 13.534458909999996,51.44681825,0.0 13.534777049999999,51.44675847,0.0</coordinates>
                </LineString>
                <LineString id="15150">
                    <coordinates>13.53506859,51.44670375999999,0.0 13.535204850000001,51.446680789999995,0.0 13.535328139999999,51.446659180000005,0.0 13.53544291,51.446639219999994,0.0 13.535679290000001,51.4465981,0.0 13.53578493,51.4465796,0.0 13.53601099,51.44653989,0.0 13.53618175,51.44650929,0.0 13.536545509999998,51.446446339999994,0.0 13.536862509999997,51.446390949999994,0.0 13.537151819999998,51.44633983999999,0.0 13.53750828,51.44627620999999,0.0 13.537710059999998,51.446240949999996,0.0</coordinates>
                </LineString>
                <LineString id="15152">
                    <coordinates>13.535180109999999,51.450255569999996,0.0 13.534868100000002,51.45027759,0.0 13.534398230000003,51.45031452999999,0.0 13.53387802,51.45035684,0.0 13.533420060000001,51.45039667000001,0.0 13.53291603,51.45043662,0.0 13.53246662,51.45046666999999,0.0 13.531978359999998,51.450496169999994,0.0 13.531857409999999,51.45050699,0.0 13.531649999999999,51.45050461999999,0.0 13.531589749999998,51.45050193,0.0 13.53147852,51.45048792,0.0 13.531335639999998,51.45047158,0.0 13.530934619999998,51.450423199999996,0.0 13.53024582,51.450310599999995,0.0 13.529541979999998,51.450197720000006,0.0 13.529263859999999,51.45015010999999,0.0</coordinates>
                </LineString>
                <LineString id="15154">
                    <coordinates>13.50597847,51.44988807,0.0 13.5060332,51.44977902,0.0 13.506080929999996,51.449683719999996,0.0 13.506104740000001,51.44963906999999,0.0 13.50615822,51.44954771,0.0</coordinates>
                </LineString>
                <LineString id="15156">
                    <coordinates>13.506354800000002,51.44920509,0.0 13.506376130000001,51.44916217,0.0 13.50650841,51.44890196000001,0.0</coordinates>
                </LineString>
                <LineString id="15158">
                    <coordinates>13.50650841,51.44890196000001,0.0 13.50660282,51.44873464999999,0.0 13.50667608,51.448608639999996,0.0 13.506761189999999,51.44845968999999,0.0</coordinates>
                </LineString>
                <LineString id="15160">
                    <coordinates>13.506761189999999,51.44845968999999,0.0 13.50684212,51.44832034000001,0.0 13.50692247,51.448177259999994,0.0</coordinates>
                </LineString>
                <LineString id="15162">
                    <coordinates>13.50692247,51.448177259999994,0.0 13.507002729999996,51.44804151999999,0.0 13.50712874,51.44781204,0.0 13.5072389,51.447611069999994,0.0 13.507295629999998,51.447504669999994,0.0</coordinates>
                </LineString>
                <LineString id="15164">
                    <coordinates>13.533879699999996,51.45353031999999,0.0 13.534015030000003,51.45353217,0.0</coordinates>
                </LineString>
                <LineString id="15166">
                    <coordinates>13.53420852,51.45353909,0.0 13.534566439999999,51.453530229999984,0.0</coordinates>
                </LineString>
                <LineString id="15168">
                    <coordinates>13.536236150000002,51.45348578,0.0 13.53651744,51.453475590000004,0.0</coordinates>
                </LineString>
                <LineString id="15170">
                    <coordinates>13.535772860000002,51.45351846,0.0 13.53587425,51.453509039999986,0.0 13.535954189999998,51.45349667999999,0.0 13.536236150000002,51.45348578,0.0</coordinates>
                </LineString>
                <LineString id="15172">
                    <coordinates>13.53726993,51.453454689999994,0.0 13.53728672,51.45345426,0.0 13.537535700000001,51.45343921,0.0 13.53783818,51.453448659999985,0.0 13.538118689999997,51.45342464000001,0.0</coordinates>
                </LineString>
                <LineString id="15174">
                    <coordinates>13.53813621,51.45342307999999,0.0 13.53834704,51.45340435999999,0.0 13.53848381,51.45339179,0.0 13.538769359999998,51.45336885999998,0.0 13.538843650000002,51.45336251,0.0</coordinates>
                </LineString>
                <LineString id="15176">
                    <coordinates>13.54116707,51.45311354999999,0.0 13.54144665,51.45303657,0.0 13.541762449999998,51.45302692,0.0 13.541960120000002,51.453024209999995,0.0</coordinates>
                </LineString>
                <LineString id="15178">
                    <coordinates>13.516134189999999,51.44979649999999,0.0 13.516220529999998,51.44988847,0.0 13.516476609999998,51.45015814,0.0 13.516928680000001,51.45056993000001,0.0 13.517451779999998,51.45104362,0.0 13.51762304,51.45118810999999,0.0</coordinates>
                </LineString>
                <LineString id="15180">
                    <coordinates>13.51762304,51.45118810999999,0.0 13.51782059,51.45143426999999,0.0 13.51789314,51.451522710000006,0.0 13.51795529,51.451600249999984,0.0 13.51807909,51.45175161,0.0 13.518199899999999,51.45190001999999,0.0 13.518264129999999,51.451978869999984,0.0</coordinates>
                </LineString>
                <LineString id="15182">
                    <coordinates>13.518264129999999,51.451978869999984,0.0 13.51835236,51.452087979999995,0.0 13.518410279999998,51.452157549999995,0.0 13.51842537,51.45217368999999,0.0</coordinates>
                </LineString>
                <LineString id="15184">
                    <coordinates>13.518627899999998,51.45272078,0.0 13.51892144,51.45285069,0.0</coordinates>
                </LineString>
                <LineString id="15186">
                    <coordinates>13.537710059999998,51.446240949999996,0.0 13.5383914,51.4461043,0.0 13.538608569999996,51.446055859999994,0.0</coordinates>
                </LineString>
                <LineString id="15188">
                    <coordinates>13.54783721,51.44356021999999,0.0 13.548025909999998,51.443451900000014,0.0 13.54818086,51.44336483,0.0</coordinates>
                </LineString>
                <LineString id="15190">
                    <coordinates>13.549258909999999,51.44274833,0.0 13.54958322,51.44256348,0.0 13.54981309,51.442431129999996,0.0 13.5502601,51.44217310999999,0.0</coordinates>
                </LineString>
                <LineString id="15192">
                    <coordinates>13.54818086,51.44336483,0.0 13.548429169999999,51.44322255999999,0.0 13.548868499999998,51.442971629999995,0.0 13.549258909999999,51.44274833,0.0</coordinates>
                </LineString>
                <LineString id="15194">
                    <coordinates>13.5502601,51.44217310999999,0.0 13.55054856,51.44200750000001,0.0 13.551011399999998,51.44173995999999,0.0 13.55104932,51.441719029999994,0.0 13.551176920000001,51.441672970000006,0.0 13.55154829,51.44154138,0.0 13.552331889999998,51.441264219999994,0.0</coordinates>
                </LineString>
                <LineString id="15196">
                    <coordinates>13.50615822,51.44954771,0.0 13.50628321,51.44934292,0.0 13.506354800000002,51.44920509,0.0</coordinates>
                </LineString>
                <LineString id="15198">
                    <coordinates>13.52360538,51.44448065,0.0 13.523305119999998,51.444328299999995,0.0</coordinates>
                </LineString>
                <LineString id="15200">
                    <coordinates>13.529267,51.44725816999999,0.0 13.528575960000001,51.44692726,0.0</coordinates>
                </LineString>
                <LineString id="15202">
                    <coordinates>13.52738928,51.44634302,0.0 13.527243669999999,51.44627263999999,0.0</coordinates>
                </LineString>
                <LineString id="15204">
                    <coordinates>13.527243669999999,51.44627263999999,0.0 13.526908859999999,51.44611479999998,0.0</coordinates>
                </LineString>
                <LineString id="15206">
                    <coordinates>13.526908859999999,51.44611479999998,0.0 13.526577649999998,51.4459503,0.0</coordinates>
                </LineString>
                <LineString id="15208">
                    <coordinates>13.526577649999998,51.4459503,0.0 13.52608636,51.44570878999999,0.0</coordinates>
                </LineString>
                <LineString id="15210">
                    <coordinates>13.525292569999998,51.445317759999995,0.0 13.52480118,51.44507602,0.0</coordinates>
                </LineString>
                <LineString id="15212">
                    <coordinates>13.52480118,51.44507602,0.0 13.52472917,51.44504445,0.0</coordinates>
                </LineString>
                <LineString id="15214">
                    <coordinates>13.52472917,51.44504445,0.0 13.5242509,51.44480555,0.0</coordinates>
                </LineString>
                <LineString id="15216">
                    <coordinates>13.5242509,51.44480555,0.0 13.5239177,51.44502455,0.0</coordinates>
                </LineString>
                <LineString id="15218">
                    <coordinates>13.5242509,51.44480555,0.0 13.52395741,51.44466883,0.0</coordinates>
                </LineString>
                <LineString id="15220">
                    <coordinates>13.52395741,51.44466883,0.0 13.52360538,51.44448065,0.0</coordinates>
                </LineString>
                <LineString id="15222">
                    <coordinates>13.528575960000001,51.44692726,0.0 13.528268849999998,51.44677708999999,0.0</coordinates>
                </LineString>
                <LineString id="15224">
                    <coordinates>13.530592929999997,51.44760053,0.0 13.530861249999997,51.44754448999999,0.0 13.53103167,51.44750859,0.0 13.531155799999999,51.44748096,0.0 13.53140194,51.44743050999999,0.0 13.531522279999999,51.44740594999999,0.0</coordinates>
                </LineString>
                <LineString id="15226">
                    <coordinates>13.531522279999999,51.44740594999999,0.0 13.531404429999998,51.44707226999999,0.0</coordinates>
                </LineString>
                <LineString id="15228">
                    <coordinates>13.538843650000002,51.45336251,0.0 13.539220629999999,51.453315169999996,0.0 13.53994052,51.45323563999999,0.0 13.540341529999997,51.45318972,0.0 13.540856829999997,51.45314333,0.0 13.54116707,51.45311354999999,0.0</coordinates>
                </LineString>
                <LineString id="15230">
                    <coordinates>13.54117713,51.45310485999999,0.0 13.541602059999999,51.45274044,0.0</coordinates>
                </LineString>
                <LineString id="15232">
                    <coordinates>13.546641029999998,51.45111991999998,0.0 13.546880389999998,51.45098861999999,0.0</coordinates>
                </LineString>
                <LineString id="15234">
                    <coordinates>13.55041499,51.45157171999998,0.0 13.55047986,51.451611499999984,0.0 13.550616719999999,51.45172809999999,0.0 13.550671769999997,51.451923689999994,0.0 13.550700099999998,51.45197349,0.0</coordinates>
                </LineString>
                <LineString id="15236">
                    <coordinates>13.532462640000002,51.453446729999996,0.0 13.532514849999997,51.45345648999999,0.0 13.53262842,51.45346491000001,0.0 13.532868869999996,51.453480929999984,0.0 13.53327709,51.45351064,0.0 13.533395069999997,51.45352067,0.0</coordinates>
                </LineString>
                <LineString id="15238">
                    <coordinates>13.533395069999997,51.45352067,0.0 13.533831819999998,51.453528029999994,0.0 13.533879699999996,51.45353031999999,0.0</coordinates>
                </LineString>
                <LineString id="15240">
                    <coordinates>13.534566439999999,51.453530229999984,0.0 13.534725369999999,51.453525379999995,0.0 13.53493956,51.45351197000001,0.0</coordinates>
                </LineString>
                <LineString id="15242">
                    <coordinates>13.53493956,51.45351197000001,0.0 13.53536882,51.45351303000001,0.0</coordinates>
                </LineString>
                <LineString id="15244">
                    <coordinates>13.53536882,51.45351303000001,0.0 13.535389289999998,51.45351210999999,0.0 13.535772860000002,51.45351846,0.0</coordinates>
                </LineString>
                <LineString id="15246">
                    <coordinates>13.53651744,51.453475590000004,0.0 13.536725799999997,51.453469059999996,0.0 13.536994639999998,51.45346138,0.0 13.53726993,51.453454689999994,0.0</coordinates>
                </LineString>
                <LineString id="15248">
                    <coordinates>13.51842537,51.45217368999999,0.0 13.518362479999997,51.45228612999999,0.0 13.51843855,51.45235778,0.0 13.518514500000002,51.452430969999995,0.0</coordinates>
                </LineString>
                <LineString id="15250">
                    <coordinates>13.519635530000002,51.452936300000005,0.0 13.51892144,51.45285069,0.0</coordinates>
                </LineString>
                <LineString id="15252">
                    <coordinates>13.529263859999999,51.45015010999999,0.0 13.52925409,51.4501474,0.0</coordinates>
                </LineString>
                <LineString id="15254">
                    <coordinates>13.528268849999998,51.44677708999999,0.0 13.52738928,51.44634302,0.0</coordinates>
                </LineString>
                <LineString id="15256">
                    <coordinates>13.52609881,51.44584404,0.0 13.526101109999999,51.44583734999999,0.0</coordinates>
                </LineString>
                <LineString id="15258">
                    <coordinates>13.517994329999999,51.444825869999995,0.0 13.51808503,51.44483841,0.0</coordinates>
                </LineString>
                <LineString id="15260">
                    <coordinates>13.526760909999998,51.44692153999999,0.0 13.52678162,51.44694942999999,0.0</coordinates>
                </LineString>
                <LineString id="15262">
                    <coordinates>13.530305,51.444959430000004,0.0 13.53036651,51.44496746,0.0</coordinates>
                </LineString>
                <LineString id="15264">
                    <coordinates>13.546880389999998,51.45098861999999,0.0 13.547411189999998,51.450697349999984,0.0</coordinates>
                </LineString>
                <LineString id="15266">
                    <coordinates>13.534015030000003,51.45353217,0.0 13.53420852,51.45353909,0.0</coordinates>
                </LineString>
                <LineString id="15268">
                    <coordinates>13.51641211,51.44833091000001,0.0 13.516421399999999,51.44833281,0.0</coordinates>
                </LineString>
                <LineString id="15270">
                    <coordinates>13.53130209,51.45526446999999,0.0 13.531389399999998,51.45526793,0.0 13.53148175,51.455300650000005,0.0 13.5314789,51.45533972,0.0 13.531479359999999,51.45534320999999,0.0 13.531484550000002,51.45534307,0.0 13.531630750000001,51.45534423000001,0.0</coordinates>
                </LineString>
                <LineString id="15272">
                    <coordinates>13.516656579999998,51.44851406,0.0 13.516647669999998,51.44854194999999,0.0</coordinates>
                </LineString>
                <LineString id="15274">
                    <coordinates>13.502384799999998,51.44891791999999,0.0 13.502505819999998,51.44892226,0.0 13.502582760000001,51.44892997,0.0 13.502696840000002,51.44893771000001,0.0 13.502985169999999,51.44895963999999,0.0 13.503179939999999,51.44897011999999,0.0 13.503401919999998,51.448981509999996,0.0</coordinates>
                </LineString>
                <LineString id="15276">
                    <coordinates>13.54110451,51.45085407999999,0.0 13.541033489999998,51.45038178000001,0.0</coordinates>
                </LineString>
                <LineString id="15278">
                    <coordinates>13.541602059999999,51.45274044,0.0 13.541331099999997,51.45236827999999,0.0 13.541257179999999,51.45187157000001,0.0 13.541214099999996,51.451583869999986,0.0 13.54110451,51.45085407999999,0.0</coordinates>
                </LineString>
                <LineString id="15280">
                    <coordinates>13.531300149999998,51.45505768,0.0 13.531313199999998,51.455076379999994,0.0 13.53154059,51.45507394,0.0</coordinates>
                </LineString>
                <LineString id="15282">
                    <coordinates>13.516421399999999,51.44833281,0.0 13.51645242,51.44835719000001,0.0</coordinates>
                </LineString>
                <LineString id="15284">
                    <coordinates>13.516647669999998,51.44854194999999,0.0 13.516630789999999,51.44856077,0.0</coordinates>
                </LineString>
                <LineString id="15286">
                    <coordinates>13.51645242,51.44835719000001,0.0 13.516656579999998,51.44851406,0.0</coordinates>
                </LineString>
                <LineString id="15288">
                    <coordinates>13.516011750000002,51.44788911999999,0.0 13.516077089999998,51.44790634,0.0</coordinates>
                </LineString>
                <LineString id="15290">
                    <coordinates>13.51600075,51.44788871,0.0 13.516011750000002,51.44788911999999,0.0</coordinates>
                </LineString>
                <LineString id="15292">
                    <coordinates>13.516255260000001,51.44817828000001,0.0 13.516277699999998,51.44820837999999,0.0</coordinates>
                </LineString>
                <LineString id="15294">
                    <coordinates>13.516277699999998,51.44820837999999,0.0 13.51635797,51.44831984000001,0.0</coordinates>
                </LineString>
                <LineString id="15296">
                    <coordinates>13.516642799999998,51.44861027,0.0 13.516725619999999,51.4486738,0.0</coordinates>
                </LineString>
                <LineString id="15298">
                    <coordinates>13.516617410000002,51.44857986999999,0.0 13.516624259999999,51.44859262999999,0.0</coordinates>
                </LineString>
                <LineString id="15300">
                    <coordinates>13.516624259999999,51.44859262999999,0.0 13.516642799999998,51.44861027,0.0</coordinates>
                </LineString>
                <LineString id="15302">
                    <coordinates>13.516630789999999,51.44856077,0.0 13.516617410000002,51.44857986999999,0.0</coordinates>
                </LineString>
                <LineString id="15304">
                    <coordinates>13.516227089999997,51.44793973,0.0 13.51621659,51.44794232,0.0</coordinates>
                </LineString>
                <LineString id="15306">
                    <coordinates>13.5162327,51.447938390000004,0.0 13.516209539999998,51.447889440000004,0.0</coordinates>
                </LineString>
                <LineString id="15308">
                    <coordinates>13.516209539999998,51.447889440000004,0.0 13.5162662,51.44778349,0.0</coordinates>
                </LineString>
                <LineString id="15310">
                    <coordinates>13.5162662,51.44778349,0.0 13.516238419999999,51.447635809999994,0.0</coordinates>
                </LineString>
                <LineString id="15312">
                    <coordinates>13.516238419999999,51.447635809999994,0.0 13.51621039,51.447502179999994,0.0</coordinates>
                </LineString>
                <LineString id="15314">
                    <coordinates>13.51621039,51.447502179999994,0.0 13.51618697,51.44734930999999,0.0</coordinates>
                </LineString>
                <LineString id="15316">
                    <coordinates>13.51618697,51.44734930999999,0.0 13.516177139999998,51.447203419999994,0.0</coordinates>
                </LineString>
                <LineString id="15318">
                    <coordinates>13.516177139999998,51.447203419999994,0.0 13.51619855,51.44715870000001,0.0</coordinates>
                </LineString>
                <LineString id="15320">
                    <coordinates>13.51619855,51.44715870000001,0.0 13.51627563,51.44702447,0.0</coordinates>
                </LineString>
                <LineString id="15322">
                    <coordinates>13.51627563,51.44702447,0.0 13.516259329999999,51.44699251,0.0</coordinates>
                </LineString>
                <LineString id="15324">
                    <coordinates>13.516190189999998,51.44793751,0.0 13.516255260000001,51.44817828000001,0.0</coordinates>
                </LineString>
                <LineString id="15326">
                    <coordinates>13.51635797,51.44831984000001,0.0 13.51641211,51.44833091000001,0.0</coordinates>
                </LineString>
                <LineString id="15328">
                    <coordinates>13.5162327,51.447938390000004,0.0 13.516227089999997,51.44793973,0.0</coordinates>
                </LineString>
                <LineString id="15330">
                    <coordinates>13.547411189999998,51.450697349999984,0.0 13.54789823,51.45058748,0.0 13.54841899,51.45073873,0.0</coordinates>
                </LineString>
                <LineString id="15332">
                    <coordinates>13.54841899,51.45073873,0.0 13.54884096,51.450964060000004,0.0</coordinates>
                </LineString>
                <LineString id="15334">
                    <coordinates>13.528310399999999,51.45302005999999,0.0 13.52847282,51.452973099999994,0.0 13.528488859999998,51.452974499999996,0.0</coordinates>
                </LineString>
                <LineString id="15336">
                    <coordinates>13.532042369999997,51.44730743999999,0.0 13.53236607,51.44715002999999,0.0</coordinates>
                </LineString>
                <LineString id="15338">
                    <coordinates>13.522567500000001,51.45134141999999,0.0 13.522563699999997,51.45135272000001,0.0</coordinates>
                </LineString>
                <LineString id="15340">
                    <coordinates>13.538608569999996,51.446055859999994,0.0 13.538801709999998,51.44601251,0.0 13.539206349999999,51.44592245,0.0 13.53946337,51.44586479,0.0 13.53980985,51.44578542,0.0 13.54066458,51.445591750000006,0.0 13.54110478,51.44549151,0.0 13.542335749999998,51.44521351,0.0</coordinates>
                </LineString>
                <LineString id="15342">
                    <coordinates>13.542335749999998,51.44521351,0.0 13.543605210000003,51.44492358000001,0.0 13.54480498,51.44464867,0.0 13.54545434,51.44450238999999,0.0</coordinates>
                </LineString>
                <LineString id="15344">
                    <coordinates>13.532462640000002,51.453446729999996,0.0 13.532462099999998,51.453449039999995,0.0</coordinates>
                </LineString>
                <LineString id="15346">
                    <coordinates>13.521124850000001,51.45143382,0.0 13.521145229999998,51.45144361999999,0.0 13.52123275,51.451478169999994,0.0</coordinates>
                </LineString>
                <LineString id="15348">
                    <coordinates>13.54556369,51.45170647,0.0 13.54608037,51.45142548999999,0.0</coordinates>
                </LineString>
                <LineString id="15350">
                    <coordinates>13.544520719999998,51.45198692,0.0 13.54521938,51.45189375999999,0.0</coordinates>
                </LineString>
                <LineString id="15352">
                    <coordinates>13.52802024,51.45042947999998,0.0 13.52792552,51.45040538,0.0 13.527863129999998,51.45039177000001,0.0</coordinates>
                </LineString>
                <LineString id="15354">
                    <coordinates>13.529357729999997,51.45351899999999,0.0 13.52936298,51.45352325,0.0 13.529433979999999,51.4535243,0.0</coordinates>
                </LineString>
                <LineString id="15356">
                    <coordinates>13.527910909999997,51.45216995999999,0.0 13.527935979999999,51.452089769999986,0.0</coordinates>
                </LineString>
                <LineString id="15358">
                    <coordinates>13.54960547,51.45137265999998,0.0 13.54964172,51.45137913999999,0.0 13.54969144,51.45138807999999,0.0 13.550014989999998,51.45140988000001,0.0 13.550087510000001,51.45142875999999,0.0 13.550103079999998,51.451434199999994,0.0</coordinates>
                </LineString>
                <LineString id="15360">
                    <coordinates>13.52783033,51.4537416,0.0 13.52784175,51.45381266,0.0</coordinates>
                </LineString>
                <LineString id="15362">
                    <coordinates>13.54884096,51.450964060000004,0.0 13.54922506,51.45116928999999,0.0</coordinates>
                </LineString>
                <LineString id="15364">
                    <coordinates>13.54922506,51.45116928999999,0.0 13.54960547,51.45137265999998,0.0</coordinates>
                </LineString>
                <LineString id="15366">
                    <coordinates>13.531294700000002,51.45522353,0.0 13.531301259999998,51.45522344,0.0</coordinates>
                </LineString>
                <LineString id="15368">
                    <coordinates>13.531302690000002,51.45525146000001,0.0 13.531301259999998,51.45522344,0.0</coordinates>
                </LineString>
                <LineString id="15370">
                    <coordinates>13.531300149999998,51.45505768,0.0 13.53129914,51.45513765999999,0.0</coordinates>
                </LineString>
                <LineString id="15372">
                    <coordinates>13.53119969,51.455224869999995,0.0 13.53120065,51.455172669999996,0.0</coordinates>
                </LineString>
                <LineString id="15374">
                    <coordinates>13.53118989,51.45517288999999,0.0 13.53120065,51.455172669999996,0.0</coordinates>
                </LineString>
                <LineString id="15376">
                    <coordinates>13.53121088,51.455224799999996,0.0 13.531294700000002,51.45522353,0.0</coordinates>
                </LineString>
                <LineString id="15378">
                    <coordinates>13.53119969,51.455224869999995,0.0 13.53121088,51.455224799999996,0.0</coordinates>
                </LineString>
                <LineString id="15380">
                    <coordinates>13.52784175,51.45381266,0.0 13.528197769999998,51.453826699999986,0.0</coordinates>
                </LineString>
                <LineString id="15382">
                    <coordinates>13.520237720000003,51.44965496,0.0 13.52024408,51.44966273,0.0</coordinates>
                </LineString>
                <LineString id="15384">
                    <coordinates>13.520241580000002,51.44967169,0.0 13.52024408,51.44966273,0.0</coordinates>
                </LineString>
                <LineString id="15386">
                    <coordinates>13.531654839999998,51.453822309999985,0.0 13.53159744,51.45381802,0.0 13.53141183,51.453793899999994,0.0 13.53120983,51.45377245999999,0.0 13.53116121,51.453766299999984,0.0</coordinates>
                </LineString>
                <LineString id="15388">
                    <coordinates>13.52810807,51.450331999999996,0.0 13.528077569999999,51.45032513000001,0.0 13.528075619999997,51.45032464999999,0.0</coordinates>
                </LineString>
                <LineString id="15390">
                    <coordinates>13.52802024,51.45042947999998,0.0 13.5280631,51.45034624999999,0.0</coordinates>
                </LineString>
                <LineString id="15392">
                    <coordinates>13.527828350000002,51.45367043,0.0 13.527829119999998,51.45370359999998,0.0</coordinates>
                </LineString>
                <LineString id="15394">
                    <coordinates>13.532135800000002,51.45386652999999,0.0 13.53178486,51.45383043999999,0.0 13.531654839999998,51.453822309999985,0.0</coordinates>
                </LineString>
                <LineString id="15396">
                    <coordinates>13.54545434,51.44450238999999,0.0 13.54612817,51.44435065,0.0 13.5469035,51.44417347,0.0 13.547126770000002,51.44402297999999,0.0 13.5475894,51.44370457000001,0.0 13.54783062,51.443564,0.0 13.54783721,51.44356021999999,0.0</coordinates>
                </LineString>
                <LineString id="15398">
                    <coordinates>13.552331889999998,51.441264219999994,0.0 13.55281495,51.44109803999999,0.0 13.553417499999998,51.440887679999996,0.0 13.553991679999998,51.440691519999994,0.0 13.554548549999998,51.44049703999998,0.0 13.55519674,51.44027554000001,0.0 13.555759919999998,51.440081219999996,0.0 13.556042970000002,51.43998555,0.0</coordinates>
                </LineString>
                <LineString id="15400">
                    <coordinates>13.550103079999998,51.451434199999994,0.0 13.550227579999998,51.451477359999984,0.0 13.5503609,51.451538639999995,0.0 13.55041499,51.45157171999998,0.0</coordinates>
                </LineString>
                <LineString id="15402">
                    <coordinates>13.542580309999998,51.45245931,0.0 13.5432744,51.45221894,0.0</coordinates>
                </LineString>
                <LineString id="15404">
                    <coordinates>13.5432744,51.45221894,0.0 13.54389199,51.45207098000001,0.0</coordinates>
                </LineString>
                <LineString id="15406">
                    <coordinates>13.5065591,51.45023957,0.0 13.50656522,51.45016140999999,0.0</coordinates>
                </LineString>
                <LineString id="15408">
                    <coordinates>13.50652947,51.45067199,0.0 13.50653867,51.45063214999999,0.0 13.5065591,51.45023957,0.0</coordinates>
                </LineString>
                <LineString id="15410">
                    <coordinates>13.54389199,51.45207098000001,0.0 13.544520719999998,51.45198692,0.0</coordinates>
                </LineString>
                <LineString id="15412">
                    <coordinates>13.53116121,51.453766299999984,0.0 13.53094382,51.45374554,0.0 13.530726439999999,51.453723569999994,0.0 13.530721659999998,51.453723029999985,0.0</coordinates>
                </LineString>
                <LineString id="15414">
                    <coordinates>13.53131378,51.45460509,0.0 13.531332880000003,51.45461594999998,0.0 13.53161866,51.45461212000001,0.0</coordinates>
                </LineString>
                <LineString id="15416">
                    <coordinates>13.53161866,51.45461212000001,0.0 13.5316255,51.454612100000006,0.0</coordinates>
                </LineString>
                <LineString id="15418">
                    <coordinates>13.54521938,51.45189375999999,0.0 13.54556369,51.45170647,0.0</coordinates>
                </LineString>
                <LineString id="15420">
                    <coordinates>13.515704200000002,51.44788089000001,0.0 13.51574308,51.44787508,0.0 13.51577166,51.44788064000001,0.0 13.51587038,51.44788107000001,0.0 13.515966779999998,51.4478815,0.0 13.51600075,51.44788871,0.0</coordinates>
                </LineString>
                <LineString id="15422">
                    <coordinates>13.530827769999997,51.44315713999999,0.0 13.530843239999998,51.443159509999994,0.0</coordinates>
                </LineString>
                <LineString id="15424">
                    <coordinates>13.53130028,51.45484777,0.0 13.53130035,51.45485665000001,0.0</coordinates>
                </LineString>
                <LineString id="15426">
                    <coordinates>13.53130739,51.45465015,0.0 13.531301649999998,51.454685530000006,0.0 13.53130028,51.45484777,0.0</coordinates>
                </LineString>
                <LineString id="15428">
                    <coordinates>13.54608037,51.45142548999999,0.0 13.546483889999998,51.45120614999999,0.0 13.546641029999998,51.45111991999998,0.0</coordinates>
                </LineString>
                <LineString id="15430">
                    <coordinates>13.52925409,51.4501474,0.0 13.529222809999997,51.45013939999998,0.0 13.52907673,51.45011408,0.0 13.528961079999998,51.450098399999995,0.0 13.52886548,51.45009053999999,0.0 13.52870952,51.45015496999999,0.0 13.52868252,51.45018220000001,0.0 13.528645489999999,51.450236759999996,0.0</coordinates>
                </LineString>
                <LineString id="15432">
                    <coordinates>13.54116707,51.45311354999999,0.0 13.54117713,51.45310485999999,0.0</coordinates>
                </LineString>
                <LineString id="15434">
                    <coordinates>13.528613749999998,51.45046789,0.0 13.52856567,51.45046449,0.0 13.528559689999998,51.45046263999999,0.0 13.528556649999999,51.45045979999999,0.0</coordinates>
                </LineString>
                <LineString id="15436">
                    <coordinates>13.52849788,51.45042917,0.0 13.52850256,51.450435719999994,0.0 13.528503899999999,51.450445189999996,0.0 13.52850846,51.450453769999996,0.0 13.528517869999998,51.45046185999998,0.0 13.528535230000001,51.45046494000001,0.0 13.528613749999998,51.45046789,0.0</coordinates>
                </LineString>
                <LineString id="15438">
                    <coordinates>13.528556649999999,51.45045979999999,0.0 13.52855551,51.45043351999998,0.0</coordinates>
                </LineString>
                <LineString id="15440">
                    <coordinates>13.52855551,51.45043351999998,0.0 13.528552440000002,51.45036721,0.0 13.5285627,51.45031712,0.0 13.528588289999998,51.450204219999996,0.0 13.52859917,51.45015613,0.0 13.52853884,51.450340219999994,0.0</coordinates>
                </LineString>
                <LineString id="15442">
                    <coordinates>13.52854883,51.45034931,0.0 13.52853884,51.450340219999994,0.0</coordinates>
                </LineString>
                <LineString id="15444">
                    <coordinates>13.52853884,51.450340219999994,0.0 13.52855894,51.45029731,0.0 13.528595559999998,51.450263199999995,0.0 13.528604499999998,51.450264559999994,0.0 13.52863669,51.45021327,0.0 13.5286442,51.45001496999999,0.0 13.528665449999998,51.44971044,0.0 13.528671690000001,51.449701929999996,0.0 13.52867851,51.44968284,0.0 13.52868082,51.44965648000001,0.0 13.52868846,51.44961028000001,0.0 13.52870938,51.4495386,0.0 13.528737469999998,51.44949577999999,0.0 13.5287788,51.44944757999999,0.0</coordinates>
                </LineString>
                <LineString id="15446">
                    <coordinates>13.5287788,51.44944757999999,0.0 13.52883807,51.44938185,0.0 13.52885062,51.44935535999999,0.0 13.528838799999999,51.449262049999994,0.0 13.52881353,51.44917888999999,0.0 13.528826350000001,51.44912779,0.0 13.528845549999998,51.44907232999999,0.0 13.52884835,51.44904688999999,0.0 13.52885177,51.449019639999996,0.0 13.528855230000001,51.448990560000006,0.0 13.52886374,51.44895679,0.0 13.528873779999998,51.44893526,0.0 13.528887519999998,51.44890980000001,0.0 13.528897579999999,51.44888300000001,0.0 13.528900740000001,51.44885480999999,0.0 13.52890351,51.44880307,0.0 13.52891018,51.448740410000006,0.0</coordinates>
                </LineString>
                <LineString id="15448">
                    <coordinates>13.529326190000003,51.44802396000001,0.0 13.529361280000002,51.44794806,0.0 13.529359659999999,51.447916819999996,0.0 13.529349059999998,51.44786515,0.0</coordinates>
                </LineString>
                <LineString id="15450">
                    <coordinates>13.52934712,51.4478557,0.0 13.52933341,51.44782555,0.0 13.529333059999999,51.44781078,0.0 13.529333119999997,51.44780613999998,0.0 13.52933994,51.44780065,0.0</coordinates>
                </LineString>
                <LineString id="15452">
                    <coordinates>13.52933994,51.44780065,0.0 13.529348069999998,51.44779447999999,0.0</coordinates>
                </LineString>
                <LineString id="15454">
                    <coordinates>13.529349059999998,51.44786515,0.0 13.52934712,51.4478557,0.0</coordinates>
                </LineString>
                <LineString id="15456">
                    <coordinates>13.529348069999998,51.44779447999999,0.0 13.529427729999998,51.447777349999996,0.0 13.52946054,51.44777187999999,0.0</coordinates>
                </LineString>
                <LineString id="15458">
                    <coordinates>13.52891018,51.448740410000006,0.0 13.528923679999998,51.448669699999996,0.0 13.528928190000002,51.44864443,0.0 13.528932730000001,51.44862919,0.0 13.52893794,51.44860085999999,0.0 13.528960379999997,51.44853697999999,0.0 13.52898069,51.44848286999999,0.0 13.52898778,51.44845737999999,0.0 13.52902402,51.44835795,0.0 13.529035949999999,51.44833163999999,0.0 13.52908229,51.44824955,0.0 13.529107750000001,51.44822191,0.0 13.529212839999998,51.44812783999999,0.0 13.52929879,51.448051310000004,0.0 13.529326190000003,51.44802396000001,0.0</coordinates>
                </LineString>
                <LineString id="15460">
                    <coordinates>13.504090910000002,51.44916192,0.0 13.50406971,51.449154920000005,0.0</coordinates>
                </LineString>
                <LineString id="15462">
                    <coordinates>13.504111080000001,51.44916854,0.0 13.504090910000002,51.44916192,0.0</coordinates>
                </LineString>
                <LineString id="15464">
                    <coordinates>13.50444919,51.449280779999995,0.0 13.50420344,51.44919914999999,0.0 13.504111080000001,51.44916854,0.0</coordinates>
                </LineString>
                <LineString id="15466">
                    <coordinates>13.501815249999998,51.44888019,0.0 13.5020786,51.44889858999999,0.0</coordinates>
                </LineString>
                <LineString id="15468">
                    <coordinates>13.5020786,51.44889858999999,0.0 13.502367549999999,51.44891865999999,0.0</coordinates>
                </LineString>
                <LineString id="15470">
                    <coordinates>13.502367549999999,51.44891865999999,0.0 13.502384799999998,51.44891791999999,0.0</coordinates>
                </LineString>
                <LineString id="15472">
                    <coordinates>13.50357016,51.448995149999995,0.0 13.503594659999997,51.44900334,0.0</coordinates>
                </LineString>
                <LineString id="15474">
                    <coordinates>13.50368056,51.44868485,0.0 13.503784679999999,51.44849732,0.0 13.503858609999998,51.448366409999984,0.0 13.50387303,51.44836874,0.0</coordinates>
                </LineString>
                <LineString id="15476">
                    <coordinates>13.503401919999998,51.448981509999996,0.0 13.50341539,51.44898222999999,0.0 13.503449929999999,51.44898383999999,0.0 13.50357016,51.448995149999995,0.0</coordinates>
                </LineString>
                <LineString id="15478">
                    <coordinates>13.503594659999997,51.44900334,0.0 13.503723370000001,51.449037759999996,0.0</coordinates>
                </LineString>
                <LineString id="15480">
                    <coordinates>13.50406971,51.449154920000005,0.0 13.503901780000001,51.44909937,0.0 13.50375554,51.44905102,0.0 13.503723370000001,51.449037759999996,0.0</coordinates>
                </LineString>
                <LineString id="15482">
                    <coordinates>13.504567319999998,51.449334389999976,0.0 13.50462133,51.44937079,0.0</coordinates>
                </LineString>
                <LineString id="15484">
                    <coordinates>13.50444919,51.449280779999995,0.0 13.504479589999999,51.449291639999984,0.0 13.504527339999997,51.449308519999995,0.0 13.504567319999998,51.449334389999976,0.0</coordinates>
                </LineString>
                <LineString id="15486">
                    <coordinates>13.50462133,51.44937079,0.0 13.504649179999998,51.44937828999999,0.0 13.50466201,51.449381649999985,0.0 13.504677039999999,51.44938138999999,0.0 13.504690200000002,51.44937756,0.0 13.50474714,51.44924675,0.0 13.504770239999997,51.4491973,0.0</coordinates>
                </LineString>
                <LineString id="15488">
                    <coordinates>13.504770239999997,51.4491973,0.0 13.50483874,51.44909537,0.0 13.5048943,51.44901615999999,0.0</coordinates>
                </LineString>
                <LineString id="15490">
                    <coordinates>13.50507725,51.448702669999996,0.0 13.505126499999998,51.44861518,0.0</coordinates>
                </LineString>
                <LineString id="15492">
                    <coordinates>13.504681179999999,51.449419269999986,0.0 13.50462133,51.44937079,0.0</coordinates>
                </LineString>
                <LineString id="15494">
                    <coordinates>13.504962449999999,51.44976609,0.0 13.504867759999998,51.4496769,0.0</coordinates>
                </LineString>
                <LineString id="15496">
                    <coordinates>13.504681179999999,51.449419269999986,0.0 13.504746,51.449508720000004,0.0 13.50482548,51.44961817,0.0</coordinates>
                </LineString>
                <LineString id="15498">
                    <coordinates>13.504867759999998,51.4496769,0.0 13.50483717,51.44963416999999,0.0</coordinates>
                </LineString>
                <LineString id="15500">
                    <coordinates>13.504867759999998,51.4496769,0.0 13.505073770000001,51.44972252,0.0</coordinates>
                </LineString>
                <LineString id="15502">
                    <coordinates>13.50597847,51.44988807,0.0 13.50602699,51.44990133,0.0 13.50601317,51.449936380000004,0.0</coordinates>
                </LineString>
                <LineString id="15504">
                    <coordinates>13.50505646,51.44988920000001,0.0 13.505119489999997,51.44995836999999,0.0</coordinates>
                </LineString>
                <LineString id="15506">
                    <coordinates>13.504962449999999,51.44976609,0.0 13.504971169999997,51.44977530999999,0.0 13.50505646,51.44988920000001,0.0</coordinates>
                </LineString>
                <LineString id="15508">
                    <coordinates>13.50594567,51.450181619999995,0.0 13.50599082,51.450180030000006,0.0</coordinates>
                </LineString>
                <LineString id="15510">
                    <coordinates>13.505119489999997,51.44995836999999,0.0 13.505180040000003,51.45003803000001,0.0</coordinates>
                </LineString>
                <LineString id="15512">
                    <coordinates>13.50606112,51.450174909999994,0.0 13.50603878,51.450172869999996,0.0 13.506019599999998,51.45017582,0.0 13.50599082,51.450180030000006,0.0</coordinates>
                </LineString>
                <LineString id="15514">
                    <coordinates>13.50618942,51.45017094,0.0 13.506318689999999,51.45016548,0.0</coordinates>
                </LineString>
                <LineString id="15516">
                    <coordinates>13.50606112,51.450174909999994,0.0 13.506117459999999,51.450172609999996,0.0 13.506159389999999,51.45017026,0.0 13.50618942,51.45017094,0.0</coordinates>
                </LineString>
                <LineString id="15518">
                    <coordinates>13.506318689999999,51.45016548,0.0 13.50650825,51.45016231,0.0</coordinates>
                </LineString>
                <LineString id="15520">
                    <coordinates>13.50650825,51.45016231,0.0 13.50652993,51.450157749999995,0.0 13.50656522,51.45016140999999,0.0</coordinates>
                </LineString>
                <LineString id="15522">
                    <coordinates>13.50712632,51.450142469999996,0.0 13.507318939999996,51.45013340999999,0.0 13.50736552,51.45012721999999,0.0</coordinates>
                </LineString>
                <LineString id="15524">
                    <coordinates>13.507533230000002,51.45010245,0.0 13.507574969999997,51.45019780999999,0.0</coordinates>
                </LineString>
                <LineString id="15526">
                    <coordinates>13.50736552,51.45012721999999,0.0 13.507489009999999,51.45011361999999,0.0 13.507533230000002,51.45010245,0.0</coordinates>
                </LineString>
                <LineString id="15528">
                    <coordinates>13.507574969999997,51.45019780999999,0.0 13.50756827,51.45021387,0.0</coordinates>
                </LineString>
                <LineString id="15530">
                    <coordinates>13.50756827,51.45021387,0.0 13.507539829999999,51.45025962999999,0.0 13.50754669,51.45026853,0.0</coordinates>
                </LineString>
                <LineString id="15532">
                    <coordinates>13.50754669,51.45026853,0.0 13.50753974,51.45027292999999,0.0 13.50751261,51.45031887999999,0.0</coordinates>
                </LineString>
                <LineString id="15534">
                    <coordinates>13.5070433,51.450144540000004,0.0 13.507091099999997,51.45014353999999,0.0</coordinates>
                </LineString>
                <LineString id="15536">
                    <coordinates>13.507091099999997,51.45014353999999,0.0 13.50712632,51.450142469999996,0.0</coordinates>
                </LineString>
                <LineString id="15538">
                    <coordinates>13.50670666,51.450155439999996,0.0 13.50656522,51.45016140999999,0.0</coordinates>
                </LineString>
                <LineString id="15540">
                    <coordinates>13.507533230000002,51.45010245,0.0 13.507656109999997,51.45008717999999,0.0 13.507785920000002,51.45005748,0.0 13.507926840000001,51.45002363,0.0</coordinates>
                </LineString>
                <LineString id="15542">
                    <coordinates>13.507926840000001,51.45002363,0.0 13.5080674,51.44998904,0.0</coordinates>
                </LineString>
                <LineString id="15544">
                    <coordinates>13.50821859,51.44995068,0.0 13.5080674,51.44998904,0.0</coordinates>
                </LineString>
                <LineString id="15546">
                    <coordinates>13.50821859,51.44995068,0.0 13.50830205,51.449933749999985,0.0</coordinates>
                </LineString>
                <LineString id="15548">
                    <coordinates>13.50830205,51.449933749999985,0.0 13.508347049999998,51.44992395999999,0.0</coordinates>
                </LineString>
                <LineString id="15550">
                    <coordinates>13.50869832,51.44984316,0.0 13.508618520000002,51.44986128000001,0.0</coordinates>
                </LineString>
                <LineString id="15552">
                    <coordinates>13.508618520000002,51.44986128000001,0.0 13.508529699999999,51.44988126,0.0</coordinates>
                </LineString>
                <LineString id="15554">
                    <coordinates>13.508347049999998,51.44992395999999,0.0 13.50842181,51.449907319999994,0.0 13.508529699999999,51.44988126,0.0</coordinates>
                </LineString>
                <LineString id="15556">
                    <coordinates>13.50883898,51.44981211,0.0 13.50898752,51.449780059999995,0.0</coordinates>
                </LineString>
                <LineString id="15558">
                    <coordinates>13.509024999999998,51.44985011,0.0 13.508800289999998,51.4499003,0.0</coordinates>
                </LineString>
                <LineString id="15560">
                    <coordinates>13.508800289999998,51.4499003,0.0 13.508680250000001,51.44992847,0.0</coordinates>
                </LineString>
                <LineString id="15562">
                    <coordinates>13.509081,51.449833919999996,0.0 13.50926098,51.4497822,0.0 13.50942852,51.449743879999986,0.0 13.509581759999998,51.44970790999999,0.0 13.50966113,51.44969063999999,0.0</coordinates>
                </LineString>
                <LineString id="15564">
                    <coordinates>13.50900038,51.44977655999999,0.0 13.50909501,51.44973726999999,0.0</coordinates>
                </LineString>
                <LineString id="15566">
                    <coordinates>13.50898752,51.449780059999995,0.0 13.50900038,51.44977655999999,0.0</coordinates>
                </LineString>
                <LineString id="15568">
                    <coordinates>13.50909501,51.44973726999999,0.0 13.50917392,51.44971891,0.0</coordinates>
                </LineString>
                <LineString id="15570">
                    <coordinates>13.50922784,51.44970736,0.0 13.509242150000002,51.44969956,0.0 13.509258270000002,51.44970043000001,0.0 13.50927164,51.44969782999999,0.0</coordinates>
                </LineString>
                <LineString id="15572">
                    <coordinates>13.509214499999999,51.44970977999999,0.0 13.50922784,51.44970736,0.0</coordinates>
                </LineString>
                <LineString id="15574">
                    <coordinates>13.50917392,51.44971891,0.0 13.509214499999999,51.44970977999999,0.0</coordinates>
                </LineString>
                <LineString id="15576">
                    <coordinates>13.50939987,51.44967026,0.0 13.509599600000001,51.44962532,0.0 13.509739969999998,51.44959326,0.0</coordinates>
                </LineString>
                <LineString id="15578">
                    <coordinates>13.509739969999998,51.44959326,0.0 13.509744359999997,51.44958625999999,0.0 13.50975436,51.449580510000004,0.0 13.50976421,51.44957999999998,0.0 13.509774469999998,51.449580489999995,0.0 13.509784829999997,51.44958232999999,0.0</coordinates>
                </LineString>
                <LineString id="15580">
                    <coordinates>13.5100589,51.449515399999996,0.0 13.51013947,51.44949487,0.0</coordinates>
                </LineString>
                <LineString id="15582">
                    <coordinates>13.509784829999997,51.44958232999999,0.0 13.509825490000003,51.44957195,0.0 13.5100589,51.449515399999996,0.0</coordinates>
                </LineString>
                <LineString id="15584">
                    <coordinates>13.51013947,51.44949487,0.0 13.51014245,51.44948993,0.0 13.510150409999998,51.44948672999998,0.0 13.51015874,51.449485599999996,0.0 13.510167189999999,51.44948538,0.0</coordinates>
                </LineString>
                <LineString id="15586">
                    <coordinates>13.510290249999999,51.44945696,0.0 13.510336739999998,51.44956093999999,0.0</coordinates>
                </LineString>
                <LineString id="15588">
                    <coordinates>13.510167189999999,51.44948538,0.0 13.51019691,51.4494794,0.0 13.510290249999999,51.44945696,0.0</coordinates>
                </LineString>
                <LineString id="15590">
                    <coordinates>13.510336739999998,51.44956093999999,0.0 13.5103451,51.44956421,0.0 13.510402629999998,51.449573799999996,0.0</coordinates>
                </LineString>
                <LineString id="15592">
                    <coordinates>13.51040534,51.44957399,0.0 13.510402629999998,51.449573799999996,0.0</coordinates>
                </LineString>
                <LineString id="15594">
                    <coordinates>13.510171159999999,51.449853389999994,0.0 13.510185309999997,51.449837699999996,0.0</coordinates>
                </LineString>
                <LineString id="15596">
                    <coordinates>13.510185309999997,51.449837699999996,0.0 13.51020119,51.44981986999999,0.0</coordinates>
                </LineString>
                <LineString id="15598">
                    <coordinates>13.510171159999999,51.449853389999994,0.0 13.510037620000002,51.44999681000001,0.0</coordinates>
                </LineString>
                <LineString id="15600">
                    <coordinates>13.510037620000002,51.44999681000001,0.0 13.50995525,51.450097679999985,0.0</coordinates>
                </LineString>
                <LineString id="15602">
                    <coordinates>13.50995525,51.450097679999985,0.0 13.509943969999998,51.450114039999995,0.0</coordinates>
                </LineString>
                <LineString id="15604">
                    <coordinates>13.509818660000002,51.450271589999986,0.0 13.509767049999999,51.45032951999999,0.0</coordinates>
                </LineString>
                <LineString id="15606">
                    <coordinates>13.509943969999998,51.450114039999995,0.0 13.50991686,51.45015116,0.0 13.5098848,51.450191059999995,0.0</coordinates>
                </LineString>
                <LineString id="15608">
                    <coordinates>13.5098848,51.450191059999995,0.0 13.509818660000002,51.450271589999986,0.0</coordinates>
                </LineString>
                <LineString id="15610">
                    <coordinates>13.509767049999999,51.45032951999999,0.0 13.509736910000003,51.45036704999999,0.0</coordinates>
                </LineString>
                <LineString id="15612">
                    <coordinates>13.50931883,51.45082725999999,0.0 13.50925373,51.45089083999999,0.0 13.50918276,51.450956820000016,0.0 13.509145919999998,51.450990839999996,0.0 13.5089944,51.451147379999995,0.0</coordinates>
                </LineString>
                <LineString id="15614">
                    <coordinates>13.5089944,51.451147379999995,0.0 13.508976089999999,51.451161889999995,0.0 13.50886902,51.45124449999999,0.0 13.508802219999996,51.45129519,0.0</coordinates>
                </LineString>
                <LineString id="15616">
                    <coordinates>13.508802219999996,51.45129519,0.0 13.50878488,51.45130905,0.0</coordinates>
                </LineString>
                <LineString id="15618">
                    <coordinates>13.508405099999997,51.45151126999999,0.0 13.508362159999999,51.45149831999999,0.0</coordinates>
                </LineString>
                <LineString id="15620">
                    <coordinates>13.50878488,51.45130905,0.0 13.50873487,51.451345,0.0 13.5086353,51.45142834,0.0 13.508472509999999,51.45150081,0.0</coordinates>
                </LineString>
                <LineString id="15622">
                    <coordinates>13.508472509999999,51.45150081,0.0 13.508428590000001,51.45151898999999,0.0 13.508405099999997,51.45151126999999,0.0</coordinates>
                </LineString>
                <LineString id="15624">
                    <coordinates>13.50831702,51.45141117,0.0 13.508268400000002,51.45147622,0.0</coordinates>
                </LineString>
                <LineString id="15626">
                    <coordinates>13.508268400000002,51.45147622,0.0 13.50829043,51.45148094999998,0.0 13.508362159999999,51.45149831999999,0.0</coordinates>
                </LineString>
                <LineString id="15628">
                    <coordinates>13.507913489999998,51.451302719999994,0.0 13.507797930000002,51.45127377000001,0.0</coordinates>
                </LineString>
                <LineString id="15630">
                    <coordinates>13.50831702,51.45141117,0.0 13.50830579,51.45140819999999,0.0 13.508161629999998,51.45136836999999,0.0 13.50808967,51.45134733999999,0.0</coordinates>
                </LineString>
                <LineString id="15632">
                    <coordinates>13.50808967,51.45134733999999,0.0 13.50803166,51.45133263,0.0 13.507913489999998,51.451302719999994,0.0</coordinates>
                </LineString>
                <LineString id="15634">
                    <coordinates>13.507797930000002,51.45127377000001,0.0 13.50767822,51.45124242,0.0 13.50764277,51.45123393,0.0</coordinates>
                </LineString>
                <LineString id="15636">
                    <coordinates>13.50764277,51.45123393,0.0 13.50753792,51.45120879000001,0.0</coordinates>
                </LineString>
                <LineString id="15638">
                    <coordinates>13.50753792,51.45120879000001,0.0 13.50752672,51.45121051000001,0.0 13.507519569999998,51.45121063999999,0.0 13.507513189999997,51.45120880999999,0.0 13.507507119999998,51.45120654,0.0 13.507502270000002,51.451201770000004,0.0</coordinates>
                </LineString>
                <LineString id="15640">
                    <coordinates>13.507502270000002,51.451201770000004,0.0 13.507466279999997,51.45119421999999,0.0</coordinates>
                </LineString>
                <LineString id="15642">
                    <coordinates>13.507466279999997,51.45119421999999,0.0 13.50740557,51.451180380000004,0.0 13.50736583,51.45117123000001,0.0</coordinates>
                </LineString>
                <LineString id="15644">
                    <coordinates>13.50736583,51.45117123000001,0.0 13.50729787,51.45115652,0.0</coordinates>
                </LineString>
                <LineString id="15646">
                    <coordinates>13.50729787,51.45115652,0.0 13.507235169999998,51.45114044,0.0</coordinates>
                </LineString>
                <LineString id="15648">
                    <coordinates>13.507235169999998,51.45114044,0.0 13.50717168,51.45112700000001,0.0 13.507080999999998,51.45110707999999,0.0 13.50701588,51.451101279999996,0.0</coordinates>
                </LineString>
                <LineString id="15650">
                    <coordinates>13.50701588,51.451101279999996,0.0 13.50698576,51.45109762999999,0.0</coordinates>
                </LineString>
                <LineString id="15652">
                    <coordinates>13.506453860000002,51.45109288,0.0 13.506400149999997,51.45109385,0.0 13.50634295,51.45109445,0.0 13.506277229999998,51.45109611999999,0.0 13.506200289999997,51.451091179999985,0.0 13.5060287,51.45108699,0.0 13.50589197,51.45108478000001,0.0 13.505838899999999,51.45108187999999,0.0</coordinates>
                </LineString>
                <LineString id="15654">
                    <coordinates>13.50698576,51.45109762999999,0.0 13.50693571,51.451093930000006,0.0 13.50679954,51.451088240000004,0.0 13.506656599999998,51.45109418999999,0.0 13.50663772,51.451094149999996,0.0 13.506453860000002,51.45109288,0.0</coordinates>
                </LineString>
                <LineString id="15656">
                    <coordinates>13.505838899999999,51.45108187999999,0.0 13.505692349999999,51.45107896999999,0.0</coordinates>
                </LineString>
                <LineString id="15658">
                    <coordinates>13.505692349999999,51.45107896999999,0.0 13.505688219999998,51.45105609,0.0</coordinates>
                </LineString>
                <LineString id="15660">
                    <coordinates>13.505690470000001,51.45090894,0.0 13.50569737,51.450829209999995,0.0</coordinates>
                </LineString>
                <LineString id="15662">
                    <coordinates>13.50569737,51.450829209999995,0.0 13.505698269999996,51.45075968999999,0.0 13.50570686,51.45071453999999,0.0 13.50570776,51.45069475,0.0 13.505706509999998,51.45066042999999,0.0</coordinates>
                </LineString>
                <LineString id="15664">
                    <coordinates>13.50570509,51.45065047999999,0.0 13.505703389999999,51.45063747999999,0.0 13.50569593,51.45061857,0.0</coordinates>
                </LineString>
                <LineString id="15666">
                    <coordinates>13.50568626,51.45059040999999,0.0 13.505667240000001,51.45057518,0.0</coordinates>
                </LineString>
                <LineString id="15668">
                    <coordinates>13.50569593,51.45061857,0.0 13.50568626,51.45059040999999,0.0</coordinates>
                </LineString>
                <LineString id="15670">
                    <coordinates>13.505667240000001,51.45057518,0.0 13.50558762,51.450496300000005,0.0</coordinates>
                </LineString>
                <LineString id="15672">
                    <coordinates>13.509337869999998,51.45080765,0.0 13.50932261,51.45082350999999,0.0</coordinates>
                </LineString>
                <LineString id="15674">
                    <coordinates>13.509337869999998,51.45080765,0.0 13.50932462,51.45080271,0.0</coordinates>
                </LineString>
                <LineString id="15676">
                    <coordinates>13.509736910000003,51.45036704999999,0.0 13.509664759999998,51.45045024,0.0 13.509601450000002,51.450521800000004,0.0 13.50947551,51.45066018,0.0 13.509337869999998,51.45080765,0.0</coordinates>
                </LineString>
                <LineString id="15678">
                    <coordinates>13.50932462,51.45080271,0.0 13.5092162,51.45075823999999,0.0</coordinates>
                </LineString>
                <LineString id="15680">
                    <coordinates>13.50569672,51.451096419999985,0.0 13.505391289999999,51.45111385999999,0.0 13.50522329,51.45112299,0.0 13.505236139999997,51.45120831,0.0 13.50524346,51.45125018,0.0 13.505210139999999,51.45125409999999,0.0</coordinates>
                </LineString>
                <LineString id="15682">
                    <coordinates>13.505692349999999,51.45107896999999,0.0 13.50569672,51.451096419999985,0.0</coordinates>
                </LineString>
                <LineString id="15684">
                    <coordinates>13.50927164,51.44969782999999,0.0 13.50939987,51.44967026,0.0</coordinates>
                </LineString>
                <LineString id="15686">
                    <coordinates>13.510290249999999,51.44945696,0.0 13.510392529999999,51.44943215999999,0.0</coordinates>
                </LineString>
                <LineString id="15688">
                    <coordinates>13.512076649999997,51.44901169,0.0 13.51220885,51.448970179999996,0.0 13.512303989999996,51.44894388,0.0 13.51238629,51.44890725,0.0 13.51256884,51.44884274,0.0 13.5126534,51.44881294,0.0 13.5128648,51.44875010999999,0.0 13.51290698,51.4487373,0.0 13.513060970000002,51.44868393,0.0 13.51321548,51.448631639999995,0.0 13.513272489999999,51.44860414000001,0.0 13.513356569999997,51.44857135999999,0.0</coordinates>
                </LineString>
                <LineString id="15690">
                    <coordinates>13.513518009999999,51.448499749999996,0.0 13.51359924,51.44846322000001,0.0</coordinates>
                </LineString>
                <LineString id="15692">
                    <coordinates>13.513356569999997,51.44857135999999,0.0 13.51343409,51.44853985999999,0.0 13.51348779,51.44851236000001,0.0 13.513518009999999,51.448499749999996,0.0</coordinates>
                </LineString>
                <LineString id="15694">
                    <coordinates>13.51359924,51.44846322000001,0.0 13.51376973,51.44839111,0.0 13.513894779999996,51.448336829999995,0.0 13.513963009999998,51.448308759999996,0.0</coordinates>
                </LineString>
                <LineString id="15696">
                    <coordinates>13.514222689999999,51.448192189999986,0.0 13.514277119999997,51.44816407999999,0.0</coordinates>
                </LineString>
                <LineString id="15698">
                    <coordinates>13.513963009999998,51.448308759999996,0.0 13.514088630000002,51.44825112000001,0.0 13.514222689999999,51.448192189999986,0.0</coordinates>
                </LineString>
                <LineString id="15700">
                    <coordinates>13.514640649999999,51.44798983999999,0.0 13.514680810000002,51.44797383,0.0</coordinates>
                </LineString>
                <LineString id="15702">
                    <coordinates>13.514277119999997,51.44816407999999,0.0 13.5143401,51.44813503999999,0.0 13.51436745,51.448120589999995,0.0 13.514409319999999,51.44809963,0.0 13.5144991,51.44805035,0.0 13.514538129999998,51.44803001999998,0.0 13.514640649999999,51.44798983999999,0.0</coordinates>
                </LineString>
                <LineString id="15704">
                    <coordinates>13.516725619999999,51.4486738,0.0 13.516828709999999,51.44872723999999,0.0</coordinates>
                </LineString>
                <LineString id="15706">
                    <coordinates>13.51858867,51.44930211,0.0 13.5184194,51.44925065999999,0.0 13.518270740000002,51.449204449999996,0.0 13.518068069999996,51.44914352,0.0 13.517845869999999,51.44907581999999,0.0 13.51763198,51.449010969999996,0.0 13.517487270000002,51.44896203999999,0.0 13.51723313,51.448881779999994,0.0 13.51712125,51.448839889999995,0.0 13.516932560000003,51.44876708,0.0</coordinates>
                </LineString>
                <LineString id="15708">
                    <coordinates>13.51349781,51.448392950000006,0.0 13.51359924,51.44846322000001,0.0</coordinates>
                </LineString>
                <LineString id="15710">
                    <coordinates>13.514121040000001,51.44811631,0.0 13.514222689999999,51.448192189999986,0.0</coordinates>
                </LineString>
                <LineString id="15712">
                    <coordinates>13.514121040000001,51.44811631,0.0 13.514044719999998,51.44815085,0.0 13.513850829999999,51.44823868999999,0.0 13.513776710000002,51.44827071999999,0.0</coordinates>
                </LineString>
                <LineString id="15714">
                    <coordinates>13.5142071,51.448075389999985,0.0 13.51429686,51.4480344,0.0</coordinates>
                </LineString>
                <LineString id="15716">
                    <coordinates>13.514121040000001,51.44811631,0.0 13.5142071,51.448075389999985,0.0</coordinates>
                </LineString>
                <LineString id="15718">
                    <coordinates>13.51429686,51.4480344,0.0 13.514372880000002,51.44799812000001,0.0</coordinates>
                </LineString>
                <LineString id="15720">
                    <coordinates>13.514372880000002,51.44799812000001,0.0 13.514442419999998,51.44796504000001,0.0</coordinates>
                </LineString>
                <LineString id="15722">
                    <coordinates>13.514442419999998,51.44796504000001,0.0 13.51456714,51.44790512,0.0</coordinates>
                </LineString>
                <LineString id="15724">
                    <coordinates>13.514680810000002,51.44797383,0.0 13.51476114,51.4479511,0.0 13.514961279999998,51.44791962,0.0 13.515176869999998,51.447908289999994,0.0 13.51538233,51.44789783999999,0.0 13.51559911,51.447886419999996,0.0 13.515704200000002,51.44788089000001,0.0</coordinates>
                </LineString>
                <LineString id="15726">
                    <coordinates>13.528488859999998,51.452974499999996,0.0 13.52862471,51.452986620000004,0.0 13.528878759999998,51.45301229,0.0 13.529186339999999,51.45304873,0.0 13.529385299999998,51.453073499999995,0.0 13.529492489999999,51.45308821999999,0.0</coordinates>
                </LineString>
                <LineString id="15728">
                    <coordinates>13.532462099999998,51.453449039999995,0.0 13.53246061,51.453457060000005,0.0 13.532438509999999,51.45349101999999,0.0</coordinates>
                </LineString>
                <LineString id="15730">
                    <coordinates>13.532303860000003,51.45377022,0.0 13.53229049,51.453800089999994,0.0</coordinates>
                </LineString>
                <LineString id="15732">
                    <coordinates>13.53229049,51.453800089999994,0.0 13.532248709999998,51.45387046999999,0.0</coordinates>
                </LineString>
                <LineString id="15734">
                    <coordinates>13.532248709999998,51.45387046999999,0.0 13.532135800000002,51.45386652999999,0.0</coordinates>
                </LineString>
                <LineString id="15736">
                    <coordinates>13.530721659999998,51.453723029999985,0.0 13.530582589999998,51.45370849999999,0.0</coordinates>
                </LineString>
                <LineString id="15738">
                    <coordinates>13.53129914,51.45513765999999,0.0 13.531298549999999,51.455170880000004,0.0</coordinates>
                </LineString>
                <LineString id="15740">
                    <coordinates>13.51621659,51.44794232,0.0 13.516190189999998,51.44793751,0.0</coordinates>
                </LineString>
                <LineString id="15742">
                    <coordinates>13.516077089999998,51.44790634,0.0 13.516190189999998,51.44793751,0.0</coordinates>
                </LineString>
                <LineString id="15744">
                    <coordinates>13.516954500000002,51.44598379000001,0.0 13.51706558,51.44587504,0.0</coordinates>
                </LineString>
                <LineString id="15746">
                    <coordinates>13.517093509999999,51.44585143,0.0 13.51713883,51.44581549,0.0</coordinates>
                </LineString>
                <LineString id="15748">
                    <coordinates>13.516259329999999,51.44699251,0.0 13.516378290000002,51.44686367999999,0.0 13.516564919999999,51.44663590999999,0.0 13.51671012,51.44645539999999,0.0 13.51686746,51.44626376,0.0 13.516800259999998,51.44622491999999,0.0 13.51680714,51.44613216,0.0 13.516954500000002,51.44598379000001,0.0</coordinates>
                </LineString>
                <LineString id="15750">
                    <coordinates>13.517877299999999,51.44490445999999,0.0 13.517889949999999,51.444890259999994,0.0 13.517961800000002,51.44483989999999,0.0 13.517994329999999,51.444825869999995,0.0</coordinates>
                </LineString>
                <LineString id="15752">
                    <coordinates>13.51732812,51.44548563,0.0 13.51748557,51.44532541,0.0 13.51753544,51.44527061,0.0 13.51761788,51.44518002,0.0 13.51778591,51.445003119999996,0.0 13.51787674,51.444916379999995,0.0 13.517877299999999,51.44490445999999,0.0</coordinates>
                </LineString>
                <LineString id="15754">
                    <coordinates>13.51808503,51.44483841,0.0 13.518280170000002,51.444836689999995,0.0</coordinates>
                </LineString>
                <LineString id="15756">
                    <coordinates>13.51707917,51.445863499999994,0.0 13.51711509,51.445887430000006,0.0</coordinates>
                </LineString>
                <LineString id="15758">
                    <coordinates>13.51706558,51.44587504,0.0 13.51707917,51.445863499999994,0.0</coordinates>
                </LineString>
                <LineString id="15760">
                    <coordinates>13.51711509,51.445887430000006,0.0 13.51727479,51.44600966,0.0 13.51738579,51.44611785,0.0</coordinates>
                </LineString>
                <LineString id="15762">
                    <coordinates>13.51155097,51.44940609999999,0.0 13.511556849999998,51.44941371,0.0</coordinates>
                </LineString>
                <LineString id="15764">
                    <coordinates>13.511985649999998,51.44893951,0.0 13.512059969999997,51.44901727,0.0</coordinates>
                </LineString>
                <LineString id="15766">
                    <coordinates>13.511556849999998,51.44941371,0.0 13.511617830000002,51.44950847999999,0.0 13.51166448,51.44957301000001,0.0 13.51168618,51.44960129999999,0.0 13.511740569999999,51.44964547,0.0 13.51176305,51.44964918,0.0 13.511798919999999,51.44964842,0.0 13.51182408,51.44964378,0.0 13.51190236,51.449628019999984,0.0 13.512151950000002,51.44957779,0.0 13.512252909999999,51.449556460000004,0.0 13.512274129999998,51.44954657,0.0 13.512237449999999,51.44949394999998,0.0 13.512189329999996,51.44940696999999,0.0 13.512163339999999,51.44935911999999,0.0 13.51212557,51.44926594,0.0 13.51210766,51.44916479999999,0.0 13.512079209999998,51.44907843999999,0.0 13.512059969999997,51.44901727,0.0</coordinates>
                </LineString>
                <LineString id="15768">
                    <coordinates>13.512059969999997,51.44901727,0.0 13.512076649999997,51.44901169,0.0</coordinates>
                </LineString>
                <LineString id="15770">
                    <coordinates>13.511985649999998,51.44893951,0.0 13.51194934,51.44890117999999,0.0 13.5119387,51.448887539999994,0.0</coordinates>
                </LineString>
                <LineString id="15772">
                    <coordinates>13.52105846,51.45138665,0.0 13.5211197,51.451430089999995,0.0</coordinates>
                </LineString>
                <LineString id="15774">
                    <coordinates>13.5211197,51.451430089999995,0.0 13.521124850000001,51.45143382,0.0</coordinates>
                </LineString>
                <LineString id="15776">
                    <coordinates>13.52776505,51.45286711999999,0.0 13.527797779999998,51.45286900999999,0.0</coordinates>
                </LineString>
                <LineString id="15778">
                    <coordinates>13.527811149999996,51.45269641000001,0.0 13.52780589,51.4527728,0.0 13.5278,51.45283465,0.0 13.527798149999999,51.452857949999995,0.0 13.527797779999998,51.45286900999999,0.0</coordinates>
                </LineString>
                <LineString id="15780">
                    <coordinates>13.50594567,51.450181619999995,0.0 13.505910579999998,51.450157409999996,0.0 13.5059707,51.4500208,0.0 13.50601317,51.449936380000004,0.0</coordinates>
                </LineString>
                <LineString id="15782">
                    <coordinates>13.529338649999998,51.447864550000006,0.0 13.529349059999998,51.44786515,0.0</coordinates>
                </LineString>
                <LineString id="15784">
                    <coordinates>13.52781793,51.45350111,0.0 13.527823339999998,51.453585049999994,0.0 13.527828350000002,51.45367043,0.0</coordinates>
                </LineString>
                <LineString id="15786">
                    <coordinates>13.52446718,51.449739799999996,0.0 13.524493110000002,51.449794510000004,0.0</coordinates>
                </LineString>
                <LineString id="15788">
                    <coordinates>13.524493110000002,51.449794510000004,0.0 13.524517669999998,51.44982718999999,0.0</coordinates>
                </LineString>
                <LineString id="15790">
                    <coordinates>13.524517669999998,51.44982718999999,0.0 13.524697050000002,51.44972135,0.0</coordinates>
                </LineString>
                <LineString id="15792">
                    <coordinates>13.525281699999999,51.44982199999999,0.0 13.525357320000001,51.44983116,0.0</coordinates>
                </LineString>
                <LineString id="15794">
                    <coordinates>13.53011183,51.4541612,0.0 13.53011571,51.45416156,0.0 13.530199459999997,51.45416825,0.0</coordinates>
                </LineString>
                <LineString id="15796">
                    <coordinates>13.530199459999997,51.45416825,0.0 13.53027791,51.45417447,0.0 13.53038721,51.45418418,0.0 13.53058488,51.454223879999994,0.0 13.530742380000001,51.45423832,0.0 13.530850319999999,51.45424978999999,0.0 13.53089147,51.45425445,0.0</coordinates>
                </LineString>
                <LineString id="15798">
                    <coordinates>13.530854020000001,51.4434146,0.0 13.530884069999999,51.443346819999995,0.0</coordinates>
                </LineString>
                <LineString id="15800">
                    <coordinates>13.528628840000001,51.45028601999999,0.0 13.52863863,51.4502751,0.0</coordinates>
                </LineString>
                <LineString id="15802">
                    <coordinates>13.52274445,51.44959114000001,0.0 13.52280285,51.44958752000001,0.0 13.522812310000003,51.44958714,0.0 13.522853289999997,51.44958465999999,0.0 13.52296318,51.449579539999995,0.0</coordinates>
                </LineString>
                <LineString id="15804">
                    <coordinates>13.521936759999999,51.449640839999994,0.0 13.52213064,51.44963503,0.0 13.52214,51.44963419999999,0.0</coordinates>
                </LineString>
                <LineString id="15806">
                    <coordinates>13.52024594,51.449656289999986,0.0 13.52034873,51.44966373,0.0</coordinates>
                </LineString>
                <LineString id="15808">
                    <coordinates>13.516932560000003,51.44876708,0.0 13.516806290000002,51.448725259999996,0.0 13.51677687,51.44874288999999,0.0 13.516732530000002,51.4488598,0.0 13.516692529999998,51.44897957999999,0.0 13.51667346,51.4490831,0.0 13.51665627,51.449181669999994,0.0 13.51650561,51.449311499999986,0.0 13.516429999999998,51.44937782,0.0 13.516351729999998,51.44944417,0.0 13.51623027,51.449598619999996,0.0 13.51614931,51.44967945999999,0.0 13.51612241,51.44970849,0.0 13.516130790000002,51.44974972,0.0 13.516134189999999,51.44979649999999,0.0</coordinates>
                </LineString>
                <LineString id="15810">
                    <coordinates>13.532303860000003,51.45377022,0.0 13.532365429999999,51.45361822,0.0</coordinates>
                </LineString>
                <LineString id="15812">
                    <coordinates>13.532365429999999,51.45361822,0.0 13.53237302,51.453601680000006,0.0</coordinates>
                </LineString>
                <LineString id="15814">
                    <coordinates>13.509024999999998,51.44985011,0.0 13.509081,51.449833919999996,0.0</coordinates>
                </LineString>
                <LineString id="15816">
                    <coordinates>13.505688219999998,51.45105609,0.0 13.505686,51.45100779999999,0.0 13.505690470000001,51.45090894,0.0</coordinates>
                </LineString>
                <LineString id="15818">
                    <coordinates>13.51994118,51.44973830999999,0.0 13.519851760000002,51.44971246,0.0 13.51981682,51.44970094,0.0</coordinates>
                </LineString>
                <LineString id="15820">
                    <coordinates>13.52131288,51.45032427,0.0 13.521292730000003,51.450375230000006,0.0</coordinates>
                </LineString>
                <LineString id="15822">
                    <coordinates>13.521292730000003,51.450375230000006,0.0 13.521282269999999,51.45040272999999,0.0</coordinates>
                </LineString>
                <LineString id="15824">
                    <coordinates>13.52112641,51.45106261999999,0.0 13.521129720000001,51.45106249,0.0 13.52113164,51.45106106,0.0 13.52113269,51.45105947999999,0.0 13.52113635,51.451054500000005,0.0 13.521140799999998,51.451049239999996,0.0</coordinates>
                </LineString>
                <LineString id="15826">
                    <coordinates>13.52807277,51.451396339999995,0.0 13.528068269999999,51.451431709999994,0.0 13.528069869999998,51.45150028,0.0 13.528043699999998,51.45157942999999,0.0 13.528032559999998,51.45161458,0.0 13.528031810000002,51.45162009,0.0</coordinates>
                </LineString>
                <LineString id="15828">
                    <coordinates>13.52810988,51.45120128,0.0 13.528098979999998,51.451249329999996,0.0 13.52809073,51.45129366,0.0 13.528088629999997,51.45130845,0.0 13.52808145,51.45134884,0.0 13.52807277,51.451396339999995,0.0</coordinates>
                </LineString>
                <LineString id="15830">
                    <coordinates>13.510392529999999,51.44943215999999,0.0 13.51039795,51.44943083,0.0</coordinates>
                </LineString>
                <LineString id="15832">
                    <coordinates>13.519381029999996,51.44956017,0.0 13.519295039999998,51.44953264,0.0</coordinates>
                </LineString>
                <LineString id="15834">
                    <coordinates>13.51039795,51.44943083,0.0 13.51059357,51.44938196,0.0 13.510628719999998,51.4493754,0.0 13.51065125,51.44937166999999,0.0 13.51075093,51.44935062,0.0 13.510909109999998,51.449315909999996,0.0 13.511015870000001,51.4492918,0.0 13.511038190000003,51.44928278999999,0.0 13.51106637,51.44927801999999,0.0 13.51119136,51.44924246,0.0 13.511471369999997,51.44930599,0.0 13.51150543,51.44934794000001,0.0 13.51155097,51.44940609999999,0.0</coordinates>
                </LineString>
                <LineString id="15836">
                    <coordinates>13.51986763,51.44956411,0.0 13.51980282,51.44954010000001,0.0 13.51970653,51.44951047,0.0 13.519668719999999,51.44949790999999,0.0 13.51956354,51.44946323999999,0.0</coordinates>
                </LineString>
                <LineString id="15838">
                    <coordinates>13.50932261,51.45082350999999,0.0 13.50931883,51.45082725999999,0.0</coordinates>
                </LineString>
                <LineString id="15840">
                    <coordinates>13.50754669,51.45026853,0.0 13.507649090000001,51.450292,0.0 13.507662010000002,51.450301810000006,0.0 13.507673179999998,51.45030404,0.0 13.50769457,51.45030344,0.0 13.5079428,51.450359139999996,0.0 13.50801621,51.45037497,0.0</coordinates>
                </LineString>
                <LineString id="15842">
                    <coordinates>13.50801621,51.45037497,0.0 13.50802703,51.45037731,0.0</coordinates>
                </LineString>
                <LineString id="15844">
                    <coordinates>13.505072089999999,51.44871199,0.0 13.50507725,51.448702669999996,0.0</coordinates>
                </LineString>
                <LineString id="15846">
                    <coordinates>13.5048943,51.44901615999999,0.0 13.504981099999998,51.44887173999999,0.0 13.505061759999998,51.44873074,0.0 13.505072089999999,51.44871199,0.0</coordinates>
                </LineString>
                <LineString id="15848">
                    <coordinates>13.529940619999998,51.445523820000005,0.0 13.52992087,51.44571753999999,0.0</coordinates>
                </LineString>
                <LineString id="15850">
                    <coordinates>13.5070433,51.450144540000004,0.0 13.506920579999997,51.45014804999999,0.0</coordinates>
                </LineString>
                <LineString id="15852">
                    <coordinates>13.50483717,51.44963416999999,0.0 13.50482548,51.44961817,0.0</coordinates>
                </LineString>
                <LineString id="15854">
                    <coordinates>13.5092162,51.45075823999999,0.0 13.509167439999999,51.45073890999999,0.0 13.50906317,51.450708389999996,0.0</coordinates>
                </LineString>
                <LineString id="15856">
                    <coordinates>13.505180040000003,51.45003803000001,0.0 13.50526526,51.450156709999995,0.0 13.50528267,51.45017036,0.0 13.505304509999998,51.450182299999994,0.0 13.505342839999999,51.45019159999998,0.0 13.50537524,51.45019314,0.0 13.505464899999998,51.45019187,0.0 13.505550009999999,51.45019053000001,0.0 13.50561418,51.450189179999995,0.0 13.50580944,51.45018489000001,0.0 13.50594567,51.450181619999995,0.0</coordinates>
                </LineString>
                <LineString id="15858">
                    <coordinates>13.528075619999997,51.45032464999999,0.0 13.527852089999998,51.45026932,0.0 13.5276587,51.45022249999999,0.0 13.52758094,51.45020331,0.0</coordinates>
                </LineString>
                <LineString id="15860">
                    <coordinates>13.527863129999998,51.45039177000001,0.0 13.527742200000002,51.45036532000001,0.0 13.52757407,51.45032756000001,0.0 13.527434349999998,51.450295679999996,0.0 13.52724053,51.45024744999999,0.0</coordinates>
                </LineString>
                <LineString id="15862">
                    <coordinates>13.52724053,51.45024744999999,0.0 13.527116139999999,51.45021689,0.0 13.527059880000001,51.45020310999999,0.0</coordinates>
                </LineString>
                <LineString id="15864">
                    <coordinates>13.52691776,51.45016812999999,0.0 13.52678124,51.450138550000005,0.0</coordinates>
                </LineString>
                <LineString id="15866">
                    <coordinates>13.527059880000001,51.45020310999999,0.0 13.526988539999998,51.45018442999999,0.0 13.52691776,51.45016812999999,0.0</coordinates>
                </LineString>
                <LineString id="15868">
                    <coordinates>13.526504159999998,51.45007378999999,0.0 13.526348879999999,51.45003646,0.0 13.52633226,51.45003197999999,0.0</coordinates>
                </LineString>
                <LineString id="15870">
                    <coordinates>13.52633226,51.45003197999999,0.0 13.526252129999998,51.45001262,0.0</coordinates>
                </LineString>
                <LineString id="15872">
                    <coordinates>13.526666369999997,51.45011789,0.0 13.526579099999998,51.45009287999999,0.0</coordinates>
                </LineString>
                <LineString id="15874">
                    <coordinates>13.52678124,51.450138550000005,0.0 13.526666369999997,51.45011789,0.0</coordinates>
                </LineString>
                <LineString id="15876">
                    <coordinates>13.526579099999998,51.45009287999999,0.0 13.526504159999998,51.45007378999999,0.0</coordinates>
                </LineString>
                <LineString id="15878">
                    <coordinates>13.5261613,51.449990189999994,0.0 13.52607107,51.44996826,0.0 13.52603481,51.4499588,0.0</coordinates>
                </LineString>
                <LineString id="15880">
                    <coordinates>13.526252129999998,51.45001262,0.0 13.5261613,51.449990189999994,0.0</coordinates>
                </LineString>
                <LineString id="15882">
                    <coordinates>13.52603481,51.4499588,0.0 13.52595422,51.44993944999999,0.0</coordinates>
                </LineString>
                <LineString id="15884">
                    <coordinates>13.525887679999999,51.44992779999999,0.0 13.525787269999999,51.44990817,0.0</coordinates>
                </LineString>
                <LineString id="15886">
                    <coordinates>13.52595422,51.44993944999999,0.0 13.525887679999999,51.44992779999999,0.0</coordinates>
                </LineString>
                <LineString id="15888">
                    <coordinates>13.525787269999999,51.44990817,0.0 13.525750019999998,51.44990129000001,0.0</coordinates>
                </LineString>
                <LineString id="15890">
                    <coordinates>13.525696300000002,51.44988915,0.0 13.52561506,51.449870170000004,0.0</coordinates>
                </LineString>
                <LineString id="15892">
                    <coordinates>13.525750019999998,51.44990129000001,0.0 13.525696300000002,51.44988915,0.0</coordinates>
                </LineString>
                <LineString id="15894">
                    <coordinates>13.52561506,51.449870170000004,0.0 13.525527959999998,51.449848079999995,0.0 13.525357320000001,51.44983116,0.0</coordinates>
                </LineString>
                <LineString id="15896">
                    <coordinates>13.524785659999997,51.449785760000005,0.0 13.524697050000002,51.44972135,0.0</coordinates>
                </LineString>
                <LineString id="15898">
                    <coordinates>13.52446718,51.449739799999996,0.0 13.52438274,51.449721219999994,0.0</coordinates>
                </LineString>
                <LineString id="15900">
                    <coordinates>13.52438274,51.449721219999994,0.0 13.524286990000002,51.44971345,0.0</coordinates>
                </LineString>
                <LineString id="15902">
                    <coordinates>13.524286990000002,51.44971345,0.0 13.52419918,51.449715700000006,0.0</coordinates>
                </LineString>
                <LineString id="15904">
                    <coordinates>13.52419918,51.449715700000006,0.0 13.52409215,51.44976388999999,0.0</coordinates>
                </LineString>
                <LineString id="15906">
                    <coordinates>13.52409215,51.44976388999999,0.0 13.524003309999998,51.44977159999999,0.0 13.523929140000002,51.44975525000001,0.0</coordinates>
                </LineString>
                <LineString id="15908">
                    <coordinates>13.523929140000002,51.44975525000001,0.0 13.523843519999998,51.44973756000001,0.0 13.523801479999998,51.44972996,0.0</coordinates>
                </LineString>
                <LineString id="15910">
                    <coordinates>13.523801479999998,51.44972996,0.0 13.523699459999998,51.44969604,0.0 13.523587870000002,51.44968677,0.0 13.523507250000002,51.44968617000001,0.0</coordinates>
                </LineString>
                <LineString id="15912">
                    <coordinates>13.523253369999999,51.449686539999995,0.0 13.52322987,51.44978408,0.0 13.52319895,51.44985818000001,0.0</coordinates>
                </LineString>
                <LineString id="15914">
                    <coordinates>13.52344956,51.44968644000001,0.0 13.52337512,51.44968717999999,0.0</coordinates>
                </LineString>
                <LineString id="15916">
                    <coordinates>13.523253369999999,51.449686539999995,0.0 13.52307366,51.449695979999994,0.0</coordinates>
                </LineString>
                <LineString id="15918">
                    <coordinates>13.523272059999998,51.44968678,0.0 13.523253369999999,51.449686539999995,0.0</coordinates>
                </LineString>
                <LineString id="15920">
                    <coordinates>13.52319895,51.44985818000001,0.0 13.52316634,51.44992863,0.0</coordinates>
                </LineString>
                <LineString id="15922">
                    <coordinates>13.52316634,51.44992863,0.0 13.523140869999997,51.44998207,0.0</coordinates>
                </LineString>
                <LineString id="15924">
                    <coordinates>13.523140869999997,51.44998207,0.0 13.523114499999998,51.450034419999994,0.0</coordinates>
                </LineString>
                <LineString id="15926">
                    <coordinates>13.523114499999998,51.450034419999994,0.0 13.52310495,51.45009226999999,0.0</coordinates>
                </LineString>
                <LineString id="15928">
                    <coordinates>13.52304836,51.45023075,0.0 13.52308415,51.450144189999996,0.0</coordinates>
                </LineString>
                <LineString id="15930">
                    <coordinates>13.52308415,51.450144189999996,0.0 13.52310495,51.45009226999999,0.0</coordinates>
                </LineString>
                <LineString id="15932">
                    <coordinates>13.52304836,51.45023075,0.0 13.523007920000001,51.450323759999996,0.0</coordinates>
                </LineString>
                <LineString id="15934">
                    <coordinates>13.523007920000001,51.450323759999996,0.0 13.522963680000002,51.450415099999994,0.0 13.522923089999999,51.450491,0.0</coordinates>
                </LineString>
                <LineString id="15936">
                    <coordinates>13.522923089999999,51.450491,0.0 13.522856799999998,51.450628519999995,0.0 13.5228115,51.450725459999994,0.0 13.522769999999998,51.45081685,0.0 13.522740829999998,51.45088167,0.0</coordinates>
                </LineString>
                <LineString id="15938">
                    <coordinates>13.522740829999998,51.45088167,0.0 13.522739049999998,51.45088818999999,0.0</coordinates>
                </LineString>
                <LineString id="15940">
                    <coordinates>13.522679309999997,51.45103206999999,0.0 13.52264825,51.45111702999999,0.0 13.522610050000003,51.45121694,0.0 13.522567500000001,51.45134141999999,0.0</coordinates>
                </LineString>
                <LineString id="15942">
                    <coordinates>13.522739049999998,51.45088818999999,0.0 13.52269706,51.450987600000005,0.0 13.522679309999997,51.45103206999999,0.0</coordinates>
                </LineString>
                <LineString id="15944">
                    <coordinates>13.522563699999997,51.45135272000001,0.0 13.522556659999998,51.451373619999984,0.0 13.522544349999999,51.45140956999999,0.0 13.52252513,51.451464609999995,0.0 13.52251324,51.45150207,0.0</coordinates>
                </LineString>
                <LineString id="15946">
                    <coordinates>13.52251324,51.45150207,0.0 13.522497199999998,51.45155612999999,0.0 13.52247287,51.45160409,0.0 13.522449950000002,51.45165043,0.0</coordinates>
                </LineString>
                <LineString id="15948">
                    <coordinates>13.52242733,51.4517147,0.0 13.52240068,51.45177894,0.0</coordinates>
                </LineString>
                <LineString id="15950">
                    <coordinates>13.522449950000002,51.45165043,0.0 13.52242733,51.4517147,0.0</coordinates>
                </LineString>
                <LineString id="15952">
                    <coordinates>13.522378990000002,51.45182221000001,0.0 13.522369029999998,51.45182889999999,0.0 13.522359960000001,51.451833279999995,0.0 13.5223543,51.45183599,0.0 13.52234845,51.45183754999999,0.0 13.52234229,51.4518391,0.0 13.522333889999999,51.45183974999999,0.0 13.522324649999998,51.45183967,0.0 13.52231471,51.45183869,0.0 13.522302239999998,51.45183572999999,0.0 13.522292000000002,51.45183338999999,0.0 13.52226903,51.451828549999995,0.0 13.522263039999999,51.45182722,0.0 13.52225557,51.45182568,0.0 13.522234530000002,51.45182169,0.0</coordinates>
                </LineString>
                <LineString id="15954">
                    <coordinates>13.52240068,51.45177894,0.0 13.522378990000002,51.45182221000001,0.0</coordinates>
                </LineString>
                <LineString id="15956">
                    <coordinates>13.522234530000002,51.45182169,0.0 13.522179339999997,51.451810689999995,0.0 13.52215588,51.45180496999999,0.0 13.52209157,51.45178698,0.0 13.522011809999999,51.451762429999995,0.0</coordinates>
                </LineString>
                <LineString id="15958">
                    <coordinates>13.52337512,51.44968717999999,0.0 13.523272059999998,51.44968678,0.0</coordinates>
                </LineString>
                <LineString id="15960">
                    <coordinates>13.52307366,51.449695979999994,0.0 13.522934890000002,51.44970407000001,0.0 13.522835770000002,51.44970934,0.0 13.522735659999999,51.449714869999994,0.0 13.52252847,51.44972668,0.0 13.522357099999999,51.449735819999994,0.0</coordinates>
                </LineString>
                <LineString id="15962">
                    <coordinates>13.522357099999999,51.449735819999994,0.0 13.522074929999999,51.44979606,0.0</coordinates>
                </LineString>
                <LineString id="15964">
                    <coordinates>13.52179761,51.449758419999995,0.0 13.52166419,51.44977914999999,0.0</coordinates>
                </LineString>
                <LineString id="15966">
                    <coordinates>13.522074929999999,51.44979606,0.0 13.521907910000001,51.44975452999999,0.0 13.52180696,51.44975639999999,0.0 13.52179761,51.449758419999995,0.0</coordinates>
                </LineString>
                <LineString id="15968">
                    <coordinates>13.52166419,51.44977914999999,0.0 13.52149466,51.44978956999999,0.0</coordinates>
                </LineString>
                <LineString id="15970">
                    <coordinates>13.52149466,51.44978956999999,0.0 13.521456299999999,51.44979203,0.0</coordinates>
                </LineString>
                <LineString id="15972">
                    <coordinates>13.521282269999999,51.45040272999999,0.0 13.521235029999996,51.45052356999999,0.0</coordinates>
                </LineString>
                <LineString id="15974">
                    <coordinates>13.521414999999998,51.45033786,0.0 13.52132661,51.45032604,0.0</coordinates>
                </LineString>
                <LineString id="15976">
                    <coordinates>13.52132661,51.45032604,0.0 13.52131288,51.45032427,0.0</coordinates>
                </LineString>
                <LineString id="15978">
                    <coordinates>13.52131575,51.45031721,0.0 13.52131288,51.45032427,0.0</coordinates>
                </LineString>
                <LineString id="15980">
                    <coordinates>13.52146892,51.44982756,0.0 13.52147429,51.44984474999999,0.0 13.52147703,51.44985363,0.0 13.52147703,51.44986338,0.0 13.521476309999999,51.44990612,0.0 13.521475699999998,51.44991842,0.0 13.52145738,51.44996044,0.0 13.52141897,51.45004383,0.0 13.521351709999998,51.450220789999996,0.0 13.52131575,51.45031721,0.0</coordinates>
                </LineString>
                <LineString id="15982">
                    <coordinates>13.521414999999998,51.45033786,0.0 13.52141919,51.45033805,0.0 13.521420699999997,51.45033476999999,0.0 13.521422799999998,51.45032962999999,0.0 13.52142679,51.450320659999996,0.0 13.52143098,51.45031133999999,0.0 13.52144439,51.45027841999998,0.0</coordinates>
                </LineString>
                <LineString id="15984">
                    <coordinates>13.52144439,51.45027841999998,0.0 13.521450510000001,51.45026424,0.0</coordinates>
                </LineString>
                <LineString id="15986">
                    <coordinates>13.52101619,51.45104613999999,0.0 13.52098586,51.45111825,0.0 13.52095524,51.45120666,0.0 13.520940419999999,51.45125842,0.0 13.520931899999999,51.45129270999998,0.0</coordinates>
                </LineString>
                <LineString id="15988">
                    <coordinates>13.52125026,51.45071512,0.0 13.521156149999998,51.45070199999999,0.0</coordinates>
                </LineString>
                <LineString id="15990">
                    <coordinates>13.521156149999998,51.45070199999999,0.0 13.521149629999998,51.45070084999999,0.0</coordinates>
                </LineString>
                <LineString id="15992">
                    <coordinates>13.521235029999996,51.45052356999999,0.0 13.52120441,51.45060220999999,0.0 13.521182339999998,51.45064911,0.0 13.521149629999998,51.45070084999999,0.0</coordinates>
                </LineString>
                <LineString id="15994">
                    <coordinates>13.52125026,51.45071512,0.0 13.52125453,51.450715779999996,0.0 13.521255979999998,51.45071453999999,0.0 13.52125721,51.450711680000005,0.0 13.52128935,51.45065473,0.0</coordinates>
                </LineString>
                <LineString id="15996">
                    <coordinates>13.521149629999998,51.45070084999999,0.0 13.52112801,51.450728909999995,0.0</coordinates>
                </LineString>
                <LineString id="15998">
                    <coordinates>13.52112801,51.450728909999995,0.0 13.52109129,51.45078130999999,0.0 13.5210842,51.45079449999999,0.0</coordinates>
                </LineString>
                <LineString id="16000">
                    <coordinates>13.5210842,51.45079449999999,0.0 13.521062909999998,51.45083585,0.0 13.52105559,51.45091598999999,0.0 13.52104929,51.45097144999999,0.0 13.52102898,51.45102306,0.0</coordinates>
                </LineString>
                <LineString id="16002">
                    <coordinates>13.52112641,51.45106261999999,0.0 13.521034409999999,51.451049050000016,0.0</coordinates>
                </LineString>
                <LineString id="16004">
                    <coordinates>13.521034409999999,51.451049050000016,0.0 13.52101619,51.45104613999999,0.0</coordinates>
                </LineString>
                <LineString id="16006">
                    <coordinates>13.52102898,51.45102306,0.0 13.52101619,51.45104613999999,0.0</coordinates>
                </LineString>
                <LineString id="16008">
                    <coordinates>13.521140799999998,51.451049239999996,0.0 13.52116005,51.45102492,0.0</coordinates>
                </LineString>
                <LineString id="16010">
                    <coordinates>13.520931899999999,51.45129270999998,0.0 13.52093193,51.45129735,0.0 13.520933270000002,51.451301220000005,0.0 13.52093562,51.45130518999999,0.0 13.520938690000001,51.45130884,0.0 13.52094365,51.45131252000001,0.0 13.52100464,51.45134643,0.0 13.52105846,51.45138665,0.0</coordinates>
                </LineString>
                <LineString id="16012">
                    <coordinates>13.52123275,51.451478169999994,0.0 13.521257749999998,51.45148670999999,0.0 13.521342320000002,51.45151771999999,0.0</coordinates>
                </LineString>
                <LineString id="16014">
                    <coordinates>13.521364469999996,51.451515609999994,0.0 13.521440899999998,51.45146944999999,0.0</coordinates>
                </LineString>
                <LineString id="16016">
                    <coordinates>13.521355229999998,51.45152224,0.0 13.521364469999996,51.451515609999994,0.0</coordinates>
                </LineString>
                <LineString id="16018">
                    <coordinates>13.521342320000002,51.45151771999999,0.0 13.521355229999998,51.45152224,0.0</coordinates>
                </LineString>
                <LineString id="16020">
                    <coordinates>13.521456299999999,51.44979203,0.0 13.52142738,51.44979365,0.0 13.52132781,51.449799600000006,0.0 13.52123204,51.44980516999999,0.0</coordinates>
                </LineString>
                <LineString id="16022">
                    <coordinates>13.521456299999999,51.44979203,0.0 13.52146263,51.4498083,0.0 13.52146892,51.44982756,0.0</coordinates>
                </LineString>
                <LineString id="16024">
                    <coordinates>13.52123204,51.44980516999999,0.0 13.521160309999999,51.449808309999995,0.0</coordinates>
                </LineString>
                <LineString id="16026">
                    <coordinates>13.52020655,51.44979195999999,0.0 13.520127359999998,51.449777929999996,0.0</coordinates>
                </LineString>
                <LineString id="16028">
                    <coordinates>13.521160309999999,51.449808309999995,0.0 13.520946980000002,51.44981369999999,0.0 13.5207783,51.44981262999998,0.0 13.520619309999999,51.44981100999999,0.0</coordinates>
                </LineString>
                <LineString id="16030">
                    <coordinates>13.520619309999999,51.44981100999999,0.0 13.52043627,51.44980424,0.0 13.520300349999998,51.44979767,0.0</coordinates>
                </LineString>
                <LineString id="16032">
                    <coordinates>13.520235109999998,51.44969399000001,0.0 13.52021605,51.449761259999995,0.0</coordinates>
                </LineString>
                <LineString id="16034">
                    <coordinates>13.52021605,51.449761259999995,0.0 13.52020655,51.44979195999999,0.0</coordinates>
                </LineString>
                <LineString id="16036">
                    <coordinates>13.520300349999998,51.44979767,0.0 13.52020655,51.44979195999999,0.0</coordinates>
                </LineString>
                <LineString id="16038">
                    <coordinates>13.520235109999998,51.44969399000001,0.0 13.520241580000002,51.44967169,0.0</coordinates>
                </LineString>
                <LineString id="16040">
                    <coordinates>13.520237720000003,51.44965496,0.0 13.520154549999999,51.44964467,0.0 13.520117889999998,51.44964114,0.0 13.52004197,51.44961966,0.0 13.51995192,51.449591489999996,0.0 13.51986763,51.44956411,0.0</coordinates>
                </LineString>
                <LineString id="16042">
                    <coordinates>13.52024594,51.449656289999986,0.0 13.520237720000003,51.44965496,0.0</coordinates>
                </LineString>
                <LineString id="16044">
                    <coordinates>13.51956354,51.44946323999999,0.0 13.51950842,51.449445250000004,0.0 13.519440530000002,51.44942327,0.0</coordinates>
                </LineString>
                <LineString id="16046">
                    <coordinates>13.51956273,51.44961841,0.0 13.51942675,51.449574719999994,0.0 13.519381029999996,51.44956017,0.0</coordinates>
                </LineString>
                <LineString id="16048">
                    <coordinates>13.51981682,51.44970094,0.0 13.51970106,51.44966307000001,0.0 13.51956273,51.44961841,0.0</coordinates>
                </LineString>
                <LineString id="16050">
                    <coordinates>13.519295039999998,51.44953264,0.0 13.519160030000002,51.44948827000001,0.0 13.51906134,51.44945606,0.0 13.518908729999998,51.44940565999999,0.0 13.51866741,51.44932772999999,0.0 13.51858867,51.44930211,0.0</coordinates>
                </LineString>
                <LineString id="16052">
                    <coordinates>13.516932560000003,51.44876708,0.0 13.516828709999999,51.44872723999999,0.0</coordinates>
                </LineString>
                <LineString id="16054">
                    <coordinates>13.520127359999998,51.449777929999996,0.0 13.51997512,51.449746819999994,0.0 13.51994118,51.44973830999999,0.0</coordinates>
                </LineString>
                <LineString id="16056">
                    <coordinates>13.520667769999998,51.44967239,0.0 13.52078694,51.44967659999999,0.0</coordinates>
                </LineString>
                <LineString id="16058">
                    <coordinates>13.52034873,51.44966373,0.0 13.52039851,51.44966377,0.0 13.520491979999997,51.449667719999994,0.0 13.52052055,51.44966972,0.0 13.520557790000002,51.44966966,0.0 13.520667769999998,51.44967239,0.0</coordinates>
                </LineString>
                <LineString id="16060">
                    <coordinates>13.520938959999999,51.44967854000001,0.0 13.521019839999997,51.44967653999999,0.0</coordinates>
                </LineString>
                <LineString id="16062">
                    <coordinates>13.52078694,51.44967659999999,0.0 13.520894469999998,51.449678170000006,0.0 13.520938959999999,51.44967854000001,0.0</coordinates>
                </LineString>
                <LineString id="16064">
                    <coordinates>13.5211704,51.44967222,0.0 13.52128985,51.449668630000005,0.0</coordinates>
                </LineString>
                <LineString id="16066">
                    <coordinates>13.521019839999997,51.44967653999999,0.0 13.521148919999998,51.449672469999996,0.0 13.5211704,51.44967222,0.0</coordinates>
                </LineString>
                <LineString id="16068">
                    <coordinates>13.52128985,51.449668630000005,0.0 13.52146551,51.449661739999996,0.0 13.521571699999999,51.449656929999996,0.0 13.5216522,51.4496522,0.0</coordinates>
                </LineString>
                <LineString id="16070">
                    <coordinates>13.521853549999998,51.44964160999999,0.0 13.521936759999999,51.449640839999994,0.0</coordinates>
                </LineString>
                <LineString id="16072">
                    <coordinates>13.5216522,51.4496522,0.0 13.521773950000002,51.44964508999999,0.0 13.521853549999998,51.44964160999999,0.0</coordinates>
                </LineString>
                <LineString id="16074">
                    <coordinates>13.522368959999996,51.449612189999996,0.0 13.522475990000002,51.44960460000001,0.0</coordinates>
                </LineString>
                <LineString id="16076">
                    <coordinates>13.52214,51.44963419999999,0.0 13.522233070000002,51.44962477,0.0 13.522368959999996,51.449612189999996,0.0</coordinates>
                </LineString>
                <LineString id="16078">
                    <coordinates>13.522475990000002,51.44960460000001,0.0 13.522500040000002,51.44960343000001,0.0 13.52251351,51.44960278,0.0 13.52252492,51.449602299999995,0.0 13.52257035,51.44960006,0.0 13.52260371,51.44959867,0.0 13.52263874,51.449596849999985,0.0 13.52270087,51.44959352,0.0 13.52274445,51.44959114000001,0.0</coordinates>
                </LineString>
                <LineString id="16080">
                    <coordinates>13.52296318,51.449579539999995,0.0 13.522987230000002,51.44957738,0.0 13.52301904,51.44957341,0.0 13.523045349999999,51.44957155,0.0 13.52307929,51.44956853,0.0</coordinates>
                </LineString>
                <LineString id="16082">
                    <coordinates>13.52326721,51.44956008,0.0 13.523354459999998,51.449560749999996,0.0</coordinates>
                </LineString>
                <LineString id="16084">
                    <coordinates>13.52307929,51.44956853,0.0 13.52317205,51.44955965,0.0</coordinates>
                </LineString>
                <LineString id="16086">
                    <coordinates>13.52317205,51.44955965,0.0 13.52326721,51.44956008,0.0</coordinates>
                </LineString>
                <LineString id="16088">
                    <coordinates>13.523512510000002,51.4495641,0.0 13.52356777,51.44956441000001,0.0</coordinates>
                </LineString>
                <LineString id="16090">
                    <coordinates>13.523354459999998,51.449560749999996,0.0 13.523411729999998,51.44956052999999,0.0 13.523512510000002,51.4495641,0.0</coordinates>
                </LineString>
                <LineString id="16092">
                    <coordinates>13.52416868,51.44956836,0.0 13.524271909999998,51.449588940000005,0.0</coordinates>
                </LineString>
                <LineString id="16094">
                    <coordinates>13.52356777,51.44956441000001,0.0 13.52363433,51.449564719999984,0.0 13.52376915,51.44957696,0.0 13.52388029,51.44960086999999,0.0 13.52402801,51.44960652,0.0 13.52416868,51.44956836,0.0</coordinates>
                </LineString>
                <LineString id="16096">
                    <coordinates>13.52443919,51.4496265,0.0 13.524539819999998,51.44963356,0.0</coordinates>
                </LineString>
                <LineString id="16098">
                    <coordinates>13.524271909999998,51.449588940000005,0.0 13.52441078,51.449624969999995,0.0 13.52443919,51.4496265,0.0</coordinates>
                </LineString>
                <LineString id="16100">
                    <coordinates>13.52494481,51.449663619999995,0.0 13.525077219999998,51.449663130000005,0.0</coordinates>
                </LineString>
                <LineString id="16102">
                    <coordinates>13.524539819999998,51.44963356,0.0 13.524601870000001,51.449634239999995,0.0 13.524663540000002,51.44963506999999,0.0 13.524708509999998,51.449637020000004,0.0 13.524843940000002,51.44965162,0.0 13.52494481,51.449663619999995,0.0</coordinates>
                </LineString>
                <LineString id="16104">
                    <coordinates>13.525317760000002,51.44968282000001,0.0 13.525380379999998,51.449703080000006,0.0</coordinates>
                </LineString>
                <LineString id="16106">
                    <coordinates>13.525077219999998,51.449663130000005,0.0 13.525239099999997,51.44965938999999,0.0 13.525317760000002,51.44968282000001,0.0</coordinates>
                </LineString>
                <LineString id="16108">
                    <coordinates>13.52553185,51.44969371,0.0 13.525575459999999,51.44969917,0.0</coordinates>
                </LineString>
                <LineString id="16110">
                    <coordinates>13.525380379999998,51.449703080000006,0.0 13.52542663,51.44970897000001,0.0 13.52553185,51.44969371,0.0</coordinates>
                </LineString>
                <LineString id="16112">
                    <coordinates>13.525885380000002,51.44978834999999,0.0 13.52593332,51.44979902000001,0.0</coordinates>
                </LineString>
                <LineString id="16114">
                    <coordinates>13.525575459999999,51.44969917,0.0 13.5257088,51.44974764,0.0 13.52579203,51.44976954,0.0 13.525885380000002,51.44978834999999,0.0</coordinates>
                </LineString>
                <LineString id="16116">
                    <coordinates>13.52605045,51.44982507999999,0.0 13.526093370000002,51.44983503,0.0</coordinates>
                </LineString>
                <LineString id="16118">
                    <coordinates>13.52593332,51.44979902000001,0.0 13.52605045,51.44982507999999,0.0</coordinates>
                </LineString>
                <LineString id="16120">
                    <coordinates>13.526297039999998,51.449887229999995,0.0 13.526455009999998,51.449923829999996,0.0</coordinates>
                </LineString>
                <LineString id="16122">
                    <coordinates>13.526193,51.449861080000005,0.0 13.526297039999998,51.449887229999995,0.0</coordinates>
                </LineString>
                <LineString id="16124">
                    <coordinates>13.52658079,51.44995331999999,0.0 13.5266494,51.44996976,0.0</coordinates>
                </LineString>
                <LineString id="16126">
                    <coordinates>13.526455009999998,51.449923829999996,0.0 13.52658079,51.44995331999999,0.0</coordinates>
                </LineString>
                <LineString id="16128">
                    <coordinates>13.526945620000001,51.45004256,0.0 13.527113929999997,51.450088919999985,0.0</coordinates>
                </LineString>
                <LineString id="16130">
                    <coordinates>13.5266494,51.44996976,0.0 13.52680553,51.45000815999999,0.0 13.526945620000001,51.45004256,0.0</coordinates>
                </LineString>
                <LineString id="16132">
                    <coordinates>13.527188049999996,51.45010894999999,0.0 13.52738833,51.45015602,0.0</coordinates>
                </LineString>
                <LineString id="16134">
                    <coordinates>13.527113929999997,51.450088919999985,0.0 13.527188049999996,51.45010894999999,0.0</coordinates>
                </LineString>
                <LineString id="16136">
                    <coordinates>13.52738833,51.45015602,0.0 13.52758094,51.45020331,0.0</coordinates>
                </LineString>
                <LineString id="16138">
                    <coordinates>13.528604219999998,51.450298449999984,0.0 13.528628840000001,51.45028601999999,0.0</coordinates>
                </LineString>
                <LineString id="16140">
                    <coordinates>13.52856615,51.45036549999999,0.0 13.528604219999998,51.450298449999984,0.0</coordinates>
                </LineString>
                <LineString id="16142">
                    <coordinates>13.52853884,51.450340219999994,0.0 13.52841256,51.450218789999994,0.0</coordinates>
                </LineString>
                <LineString id="16144">
                    <coordinates>13.52856615,51.45036549999999,0.0 13.52854883,51.45034931,0.0</coordinates>
                </LineString>
                <LineString id="16146">
                    <coordinates>13.52841256,51.450218789999994,0.0 13.52836331,51.45017203,0.0</coordinates>
                </LineString>
                <LineString id="16148">
                    <coordinates>13.52841758,51.44998795,0.0 13.52837574,51.45011013999999,0.0</coordinates>
                </LineString>
                <LineString id="16150">
                    <coordinates>13.52836331,51.45017203,0.0 13.52837574,51.45011013999999,0.0</coordinates>
                </LineString>
                <LineString id="16152">
                    <coordinates>13.52843468,51.44995017000001,0.0 13.528457639999997,51.44992037,0.0</coordinates>
                </LineString>
                <LineString id="16154">
                    <coordinates>13.52841758,51.44998795,0.0 13.52843468,51.44995017000001,0.0</coordinates>
                </LineString>
                <LineString id="16156">
                    <coordinates>13.528457639999997,51.44992037,0.0 13.528470289999998,51.449869539999995,0.0</coordinates>
                </LineString>
                <LineString id="16158">
                    <coordinates>13.528470289999998,51.449869539999995,0.0 13.528494860000002,51.44965317,0.0</coordinates>
                </LineString>
                <LineString id="16160">
                    <coordinates>13.528494860000002,51.44965317,0.0 13.52850818,51.44961497999999,0.0</coordinates>
                </LineString>
                <LineString id="16162">
                    <coordinates>13.52850818,51.44961497999999,0.0 13.52853322,51.449547259999996,0.0</coordinates>
                </LineString>
                <LineString id="16164">
                    <coordinates>13.52853322,51.449547259999996,0.0 13.528588679999999,51.44943168999999,0.0</coordinates>
                </LineString>
                <LineString id="16166">
                    <coordinates>13.528588679999999,51.44943168999999,0.0 13.528627569999998,51.449326920000004,0.0</coordinates>
                </LineString>
                <LineString id="16168">
                    <coordinates>13.52862524,51.44917372,0.0 13.528627169999998,51.44916414,0.0</coordinates>
                </LineString>
                <LineString id="16170">
                    <coordinates>13.528627569999998,51.449326920000004,0.0 13.52862611,51.449233799999995,0.0 13.52862524,51.44917372,0.0</coordinates>
                </LineString>
                <LineString id="16172">
                    <coordinates>13.528627169999998,51.44916414,0.0 13.5286419,51.449093999999995,0.0</coordinates>
                </LineString>
                <LineString id="16174">
                    <coordinates>13.52870066,51.44891427999999,0.0 13.528703409999999,51.44890388999999,0.0</coordinates>
                </LineString>
                <LineString id="16176">
                    <coordinates>13.5286419,51.449093999999995,0.0 13.52864777,51.44907229,0.0 13.52865747,51.44904043,0.0 13.5286956,51.44893945999999,0.0 13.52870066,51.44891427999999,0.0</coordinates>
                </LineString>
                <LineString id="16178">
                    <coordinates>13.528703409999999,51.44890388999999,0.0 13.528731569999998,51.448794789999994,0.0</coordinates>
                </LineString>
                <LineString id="16180">
                    <coordinates>13.528731569999998,51.448794789999994,0.0 13.52874096,51.448755989999995,0.0</coordinates>
                </LineString>
                <LineString id="16182">
                    <coordinates>13.52874096,51.448755989999995,0.0 13.528769149999999,51.44866277999999,0.0 13.528788769999998,51.44861399,0.0</coordinates>
                </LineString>
                <LineString id="16184">
                    <coordinates>13.528801559999998,51.44857545,0.0 13.52881647,51.448506959999996,0.0</coordinates>
                </LineString>
                <LineString id="16186">
                    <coordinates>13.528788769999998,51.44861399,0.0 13.528801559999998,51.44857545,0.0</coordinates>
                </LineString>
                <LineString id="16188">
                    <coordinates>13.52881647,51.448506959999996,0.0 13.528821890000001,51.448477090000004,0.0</coordinates>
                </LineString>
                <LineString id="16190">
                    <coordinates>13.528821890000001,51.448477090000004,0.0 13.52882378,51.448462320000004,0.0</coordinates>
                </LineString>
                <LineString id="16192">
                    <coordinates>13.52882378,51.448462320000004,0.0 13.528842249999999,51.44840779,0.0</coordinates>
                </LineString>
                <LineString id="16194">
                    <coordinates>13.528909890000001,51.44826684,0.0 13.52887285,51.44833767,0.0</coordinates>
                </LineString>
                <LineString id="16196">
                    <coordinates>13.52887285,51.44833767,0.0 13.528842249999999,51.44840779,0.0</coordinates>
                </LineString>
                <LineString id="16198">
                    <coordinates>13.528909890000001,51.44826684,0.0 13.52893881,51.448216269999996,0.0</coordinates>
                </LineString>
                <LineString id="16200">
                    <coordinates>13.529018579999999,51.44808654999999,0.0 13.52896839,51.44816227999999,0.0</coordinates>
                </LineString>
                <LineString id="16202">
                    <coordinates>13.52896839,51.44816227999999,0.0 13.52893881,51.448216269999996,0.0</coordinates>
                </LineString>
                <LineString id="16204">
                    <coordinates>13.529082189999999,51.447871140000004,0.0 13.52908467,51.44781621,0.0</coordinates>
                </LineString>
                <LineString id="16206">
                    <coordinates>13.52909766,51.4478734,0.0 13.529082189999999,51.447871140000004,0.0</coordinates>
                </LineString>
                <LineString id="16208">
                    <coordinates>13.529234620000002,51.4474561,0.0 13.529262879999997,51.44738907999999,0.0</coordinates>
                </LineString>
                <LineString id="16210">
                    <coordinates>13.529262879999997,51.44738907999999,0.0 13.529316279999998,51.44728331999999,0.0</coordinates>
                </LineString>
                <LineString id="16212">
                    <coordinates>13.529322129999999,51.44727988999999,0.0 13.52932322,51.44727348000001,0.0 13.52932311,51.44726890999999,0.0 13.529320020000002,51.447265630000004,0.0 13.52930442,51.44726398,0.0 13.52929734,51.447261999999995,0.0</coordinates>
                </LineString>
                <LineString id="16214">
                    <coordinates>13.529457429999999,51.44722786999999,0.0 13.52934363,51.44724494,0.0</coordinates>
                </LineString>
                <LineString id="16216">
                    <coordinates>13.52929734,51.447261999999995,0.0 13.52929847,51.447256689999996,0.0 13.529301509999998,51.44725283,0.0 13.529307589999998,51.447251159999986,0.0 13.529317429999999,51.447249369999994,0.0 13.52934363,51.44724494,0.0</coordinates>
                </LineString>
                <LineString id="16218">
                    <coordinates>13.52952666,51.44718558000001,0.0 13.529612289999998,51.44695669999999,0.0</coordinates>
                </LineString>
                <LineString id="16220">
                    <coordinates>13.529612289999998,51.44695669999999,0.0 13.52965563,51.44684842,0.0</coordinates>
                </LineString>
                <LineString id="16222">
                    <coordinates>13.529522719999997,51.44720020999999,0.0 13.52952666,51.44718558000001,0.0</coordinates>
                </LineString>
                <LineString id="16224">
                    <coordinates>13.52951565,51.44721946,0.0 13.529522719999997,51.44720020999999,0.0</coordinates>
                </LineString>
                <LineString id="16226">
                    <coordinates>13.52965563,51.44684842,0.0 13.52966349,51.44682332999999,0.0</coordinates>
                </LineString>
                <LineString id="16228">
                    <coordinates>13.52966349,51.44682332999999,0.0 13.529726169999998,51.44661861000001,0.0</coordinates>
                </LineString>
                <LineString id="16230">
                    <coordinates>13.529726169999998,51.44661861000001,0.0 13.529728070000003,51.44660609999999,0.0</coordinates>
                </LineString>
                <LineString id="16232">
                    <coordinates>13.529728070000003,51.44660609999999,0.0 13.529733719999998,51.44659133999999,0.0</coordinates>
                </LineString>
                <LineString id="16234">
                    <coordinates>13.52973797,51.446576799999995,0.0 13.5297828,51.44643625,0.0</coordinates>
                </LineString>
                <LineString id="16236">
                    <coordinates>13.5297828,51.44643625,0.0 13.529789359999999,51.44641914,0.0</coordinates>
                </LineString>
                <LineString id="16238">
                    <coordinates>13.529789359999999,51.44641914,0.0 13.52985339,51.44623447,0.0</coordinates>
                </LineString>
                <LineString id="16240">
                    <coordinates>13.52992668,51.44603328,0.0 13.52997191,51.44592109,0.0</coordinates>
                </LineString>
                <LineString id="16242">
                    <coordinates>13.529920399999998,51.44603210999998,0.0 13.52980726,51.44601563999999,0.0</coordinates>
                </LineString>
                <LineString id="16244">
                    <coordinates>13.529920399999998,51.44603210999998,0.0 13.52992668,51.44603328,0.0</coordinates>
                </LineString>
                <LineString id="16246">
                    <coordinates>13.52985339,51.44623447,0.0 13.52990706,51.446080859999995,0.0 13.52992668,51.44603328,0.0</coordinates>
                </LineString>
                <LineString id="16248">
                    <coordinates>13.52980726,51.44601563999999,0.0 13.52974217,51.446004519999995,0.0 13.529521160000002,51.44593926,0.0 13.529324229999999,51.44587754999999,0.0 13.5291609,51.445829530000005,0.0 13.528921070000003,51.44576017,0.0 13.528889279999998,51.445803089999984,0.0</coordinates>
                </LineString>
                <LineString id="16250">
                    <coordinates>13.530054209999998,51.44560535,0.0 13.530093769999999,51.44547902999999,0.0 13.530122849999998,51.445438259999996,0.0</coordinates>
                </LineString>
                <LineString id="16252">
                    <coordinates>13.52997191,51.44592109,0.0 13.53000643,51.44583138,0.0 13.530054209999998,51.44560535,0.0</coordinates>
                </LineString>
                <LineString id="16254">
                    <coordinates>13.530122849999998,51.445438259999996,0.0 13.529992540000002,51.445386690000014,0.0</coordinates>
                </LineString>
                <LineString id="16256">
                    <coordinates>13.530168729999998,51.44537042,0.0 13.53021378,51.445245709999995,0.0</coordinates>
                </LineString>
                <LineString id="16258">
                    <coordinates>13.530122849999998,51.445438259999996,0.0 13.53016075,51.445392270000006,0.0 13.530168729999998,51.44537042,0.0</coordinates>
                </LineString>
                <LineString id="16260">
                    <coordinates>13.529990949999998,51.44538824999999,0.0 13.52997569,51.445411160000006,0.0 13.529940619999998,51.445523820000005,0.0</coordinates>
                </LineString>
                <LineString id="16262">
                    <coordinates>13.529992540000002,51.445386690000014,0.0 13.529990949999998,51.44538824999999,0.0</coordinates>
                </LineString>
                <LineString id="16264">
                    <coordinates>13.529990949999998,51.44538824999999,0.0 13.529999039999998,51.445372929999984,0.0</coordinates>
                </LineString>
                <LineString id="16266">
                    <coordinates>13.529999039999998,51.445372929999984,0.0 13.53004456,51.44531651,0.0 13.5300829,51.44523679000001,0.0</coordinates>
                </LineString>
                <LineString id="16268">
                    <coordinates>13.53021378,51.445245709999995,0.0 13.530259239999998,51.44513090000001,0.0</coordinates>
                </LineString>
                <LineString id="16270">
                    <coordinates>13.53041285,51.44468937,0.0 13.530424059999998,51.4446583,0.0</coordinates>
                </LineString>
                <LineString id="16272">
                    <coordinates>13.530290479999998,51.44504009,0.0 13.530305,51.444959430000004,0.0</coordinates>
                </LineString>
                <LineString id="16274">
                    <coordinates>13.530259239999998,51.44513090000001,0.0 13.530290479999998,51.44504009,0.0</coordinates>
                </LineString>
                <LineString id="16276">
                    <coordinates>13.530406890000002,51.44470767999999,0.0 13.53041285,51.44468937,0.0</coordinates>
                </LineString>
                <LineString id="16278">
                    <coordinates>13.530393509999998,51.44470971999999,0.0 13.530281829999998,51.44469122,0.0</coordinates>
                </LineString>
                <LineString id="16280">
                    <coordinates>13.530393509999998,51.44470971999999,0.0 13.530406890000002,51.44470767999999,0.0</coordinates>
                </LineString>
                <LineString id="16282">
                    <coordinates>13.530305,51.444959430000004,0.0 13.53034385,51.44487215000001,0.0 13.530378310000001,51.44479629,0.0 13.530406890000002,51.44470767999999,0.0</coordinates>
                </LineString>
                <LineString id="16284">
                    <coordinates>13.530471609999998,51.444527750000006,0.0 13.53048884,51.44448333,0.0</coordinates>
                </LineString>
                <LineString id="16286">
                    <coordinates>13.53048884,51.44448333,0.0 13.53049161,51.44447455,0.0</coordinates>
                </LineString>
                <LineString id="16288">
                    <coordinates>13.53049161,51.44447455,0.0 13.53051824,51.44439968999999,0.0 13.53054349,51.44431672999999,0.0</coordinates>
                </LineString>
                <LineString id="16290">
                    <coordinates>13.530424059999998,51.4446583,0.0 13.53044718,51.44459540999999,0.0 13.530471609999998,51.444527750000006,0.0</coordinates>
                </LineString>
                <LineString id="16292">
                    <coordinates>13.530281829999998,51.44469122,0.0 13.5302768,51.44469247999999,0.0</coordinates>
                </LineString>
                <LineString id="16294">
                    <coordinates>13.53062874,51.44408546999999,0.0 13.53063029,51.44408172999999,0.0 13.53066402,51.443991620000006,0.0</coordinates>
                </LineString>
                <LineString id="16296">
                    <coordinates>13.53066402,51.443991620000006,0.0 13.5306816,51.44393860000001,0.0</coordinates>
                </LineString>
                <LineString id="16298">
                    <coordinates>13.530725109999999,51.4437856,0.0 13.5307345,51.44375802,0.0</coordinates>
                </LineString>
                <LineString id="16300">
                    <coordinates>13.5306816,51.44393860000001,0.0 13.530702879999998,51.443867829999995,0.0</coordinates>
                </LineString>
                <LineString id="16302">
                    <coordinates>13.530702879999998,51.443867829999995,0.0 13.530725109999999,51.4437856,0.0</coordinates>
                </LineString>
                <LineString id="16304">
                    <coordinates>13.530884069999999,51.443346819999995,0.0 13.53090799,51.44327842,0.0</coordinates>
                </LineString>
                <LineString id="16306">
                    <coordinates>13.53090799,51.44327842,0.0 13.530927059999998,51.44322609999999,0.0</coordinates>
                </LineString>
                <LineString id="16308">
                    <coordinates>13.530927059999998,51.44322609999999,0.0 13.530930799999998,51.443217729999986,0.0</coordinates>
                </LineString>
                <LineString id="16310">
                    <coordinates>13.530843239999998,51.443159509999994,0.0 13.530926049999998,51.44317216999999,0.0</coordinates>
                </LineString>
                <LineString id="16312">
                    <coordinates>13.530926049999998,51.44317216999999,0.0 13.530944549999997,51.44317409,0.0</coordinates>
                </LineString>
                <LineString id="16314">
                    <coordinates>13.530930799999998,51.443217729999986,0.0 13.530944549999997,51.44317409,0.0</coordinates>
                </LineString>
                <LineString id="16316">
                    <coordinates>13.530815160000001,51.44315520000001,0.0 13.530829400000002,51.44311586999999,0.0 13.530839029999997,51.44308594999999,0.0</coordinates>
                </LineString>
                <LineString id="16318">
                    <coordinates>13.530815160000001,51.44315520000001,0.0 13.53079861,51.44320308,0.0</coordinates>
                </LineString>
                <LineString id="16320">
                    <coordinates>13.530839029999997,51.44308594999999,0.0 13.530892240000002,51.442943510000006,0.0</coordinates>
                </LineString>
                <LineString id="16322">
                    <coordinates>13.53076292,51.44329435000001,0.0 13.530783169999998,51.44323823,0.0 13.53079861,51.44320308,0.0</coordinates>
                </LineString>
                <LineString id="16324">
                    <coordinates>13.53076292,51.44329435000001,0.0 13.53074779,51.44333801999999,0.0 13.530735550000001,51.44337342,0.0 13.530723189999998,51.44340898,0.0 13.530659689999998,51.44361817999999,0.0 13.530616720000001,51.44373632999999,0.0 13.53057852,51.44384846,0.0</coordinates>
                </LineString>
                <LineString id="16326">
                    <coordinates>13.5307345,51.44375802,0.0 13.53074772,51.44371831,0.0 13.530781639999999,51.44362518,0.0 13.530799549999998,51.4435726,0.0 13.53081255,51.44353794,0.0 13.530831060000002,51.44348621,0.0 13.530842499999999,51.44345104000001,0.0 13.530854020000001,51.4434146,0.0</coordinates>
                </LineString>
                <LineString id="16328">
                    <coordinates>13.529733719999998,51.44659133999999,0.0 13.52973797,51.446576799999995,0.0</coordinates>
                </LineString>
                <LineString id="16330">
                    <coordinates>13.529316279999998,51.44728331999999,0.0 13.529322129999999,51.44727988999999,0.0</coordinates>
                </LineString>
                <LineString id="16332">
                    <coordinates>13.52863863,51.4502751,0.0 13.528645489999999,51.450236759999996,0.0</coordinates>
                </LineString>
                <LineString id="16334">
                    <coordinates>13.528666799999998,51.44971592,0.0 13.52868473,51.449680759999985,0.0 13.528698390000002,51.44960651000001,0.0</coordinates>
                </LineString>
                <LineString id="16336">
                    <coordinates>13.528645489999999,51.450236759999996,0.0 13.52865513,51.44980412,0.0 13.528666799999998,51.44971592,0.0</coordinates>
                </LineString>
                <LineString id="16338">
                    <coordinates>13.528715349999999,51.449545159999985,0.0 13.528735759999996,51.449506899999996,0.0</coordinates>
                </LineString>
                <LineString id="16340">
                    <coordinates>13.52886588,51.44928873,0.0 13.528847559999999,51.4492449,0.0</coordinates>
                </LineString>
                <LineString id="16342">
                    <coordinates>13.528735759999996,51.449506899999996,0.0 13.528779519999999,51.44946079999999,0.0 13.528834240000002,51.449406290000006,0.0 13.52886748,51.44936271000001,0.0 13.52886588,51.44928873,0.0</coordinates>
                </LineString>
                <LineString id="16344">
                    <coordinates>13.52883323,51.4491543,0.0 13.52884083,51.44913748999999,0.0</coordinates>
                </LineString>
                <LineString id="16346">
                    <coordinates>13.528847559999999,51.4492449,0.0 13.52882914,51.44918246000001,0.0 13.52883323,51.4491543,0.0</coordinates>
                </LineString>
                <LineString id="16348">
                    <coordinates>13.528698390000002,51.44960651000001,0.0 13.528715349999999,51.449545159999985,0.0</coordinates>
                </LineString>
                <LineString id="16350">
                    <coordinates>13.52884083,51.44913748999999,0.0 13.528869029999997,51.44907473,0.0 13.52887928,51.44900785,0.0 13.528915759999999,51.44892826,0.0 13.528930220000001,51.448907199999994,0.0</coordinates>
                </LineString>
                <LineString id="16352">
                    <coordinates>13.528930220000001,51.448907199999994,0.0 13.528939359999999,51.44887302000001,0.0 13.52894325,51.44882417,0.0 13.52894381,51.4488128,0.0 13.52894658,51.44877016999999,0.0 13.52895338,51.44873252000001,0.0 13.52895928,51.44870626,0.0</coordinates>
                </LineString>
                <LineString id="16354">
                    <coordinates>13.52895928,51.44870626,0.0 13.528967059999998,51.448674159999996,0.0 13.528978319999998,51.44863485,0.0 13.52898811,51.44860002,0.0 13.529000059999998,51.44856327999999,0.0 13.52901921,51.44851204999999,0.0 13.529023410000002,51.44850169,0.0</coordinates>
                </LineString>
                <LineString id="16356">
                    <coordinates>13.529085770000002,51.44825873,0.0 13.52908948,51.448253799999996,0.0 13.529325870000001,51.448031820000004,0.0 13.529326190000003,51.44802396000001,0.0</coordinates>
                </LineString>
                <LineString id="16358">
                    <coordinates>13.52946054,51.44777187999999,0.0 13.52947683,51.44776364999999,0.0</coordinates>
                </LineString>
                <LineString id="16360">
                    <coordinates>13.52909766,51.4478734,0.0 13.529338649999998,51.447864550000006,0.0</coordinates>
                </LineString>
                <LineString id="16362">
                    <coordinates>13.52933994,51.44780065,0.0 13.529342199999999,51.447745239999996,0.0</coordinates>
                </LineString>
                <LineString id="16364">
                    <coordinates>13.529342199999999,51.447745239999996,0.0 13.529343149999999,51.44771201999999,0.0</coordinates>
                </LineString>
                <LineString id="16366">
                    <coordinates>13.529343149999999,51.44771201999999,0.0 13.52951069,51.44752473,0.0</coordinates>
                </LineString>
                <LineString id="16368">
                    <coordinates>13.52951069,51.44752473,0.0 13.529508259999998,51.44752037000001,0.0</coordinates>
                </LineString>
                <LineString id="16370">
                    <coordinates>13.529508259999998,51.44752037000001,0.0 13.52950664,51.44751558,0.0</coordinates>
                </LineString>
                <LineString id="16372">
                    <coordinates>13.52950664,51.44751558,0.0 13.52942032,51.44745500999999,0.0</coordinates>
                </LineString>
                <LineString id="16374">
                    <coordinates>13.529426150000003,51.447442679999995,0.0 13.52943096,51.44743319999999,0.0</coordinates>
                </LineString>
                <LineString id="16376">
                    <coordinates>13.52942032,51.44745500999999,0.0 13.529426150000003,51.447442679999995,0.0</coordinates>
                </LineString>
                <LineString id="16378">
                    <coordinates>13.52943096,51.44743319999999,0.0 13.52951658,51.44722524999999,0.0</coordinates>
                </LineString>
                <LineString id="16380">
                    <coordinates>13.52951658,51.44722524999999,0.0 13.52951565,51.44721946,0.0</coordinates>
                </LineString>
                <LineString id="16382">
                    <coordinates>13.529457429999999,51.44722786999999,0.0 13.529482959999998,51.44722410999999,0.0 13.52951565,51.44721946,0.0</coordinates>
                </LineString>
                <LineString id="16384">
                    <coordinates>13.5282429,51.45399742000001,0.0 13.528259069999999,51.45399902999999,0.0 13.52831554,51.45400499,0.0</coordinates>
                </LineString>
                <LineString id="16386">
                    <coordinates>13.528195099999998,51.45384553,0.0 13.52818936,51.4538924,0.0 13.528185039999999,51.45394682,0.0 13.528184019999998,51.45397404999999,0.0 13.528187039999999,51.453979929999996,0.0 13.52819156,51.453983359999995,0.0 13.528196359999999,51.453986439999994,0.0 13.528199109999997,51.45398784000001,0.0 13.528202999999998,51.45398927,0.0 13.528205740000002,51.45399022,0.0 13.52821049,51.45399155999999,0.0 13.52821424,51.453992619999994,0.0 13.52822071,51.45399380999999,0.0 13.528226900000002,51.453995000000006,0.0 13.5282429,51.45399742000001,0.0</coordinates>
                </LineString>
                <LineString id="16388">
                    <coordinates>13.529439800000002,51.45410434,0.0 13.52946519,51.45410645999999,0.0 13.529583419999998,51.45411684,0.0 13.52963473,51.45412149999999,0.0 13.52968404,51.45412536,0.0 13.52978994,51.45413451,0.0 13.52989468,51.45414272,0.0</coordinates>
                </LineString>
                <LineString id="16390">
                    <coordinates>13.53128088,51.45432713,0.0 13.531281699999997,51.454339590000004,0.0</coordinates>
                </LineString>
                <LineString id="16392">
                    <coordinates>13.53089147,51.45425445,0.0 13.53092797,51.454258549999984,0.0 13.531003279999998,51.454266329999996,0.0 13.53116026,51.45428336,0.0 13.53118871,51.45428605,0.0 13.531217159999999,51.45428989999999,0.0 13.531227309999998,51.45429276,0.0 13.531237299999999,51.45429588999999,0.0 13.531246309999998,51.45429889999998,0.0 13.531253979999999,51.45430108,0.0 13.531260640000001,51.45430350999999,0.0 13.531264899999998,51.45431235000001,0.0</coordinates>
                </LineString>
                <LineString id="16394">
                    <coordinates>13.531264899999998,51.45431235000001,0.0 13.53128088,51.45432713,0.0</coordinates>
                </LineString>
                <LineString id="16396">
                    <coordinates>13.53131378,51.45460509,0.0 13.531314200000002,51.45460899,0.0</coordinates>
                </LineString>
                <LineString id="16398">
                    <coordinates>13.529433979999999,51.4535243,0.0 13.52949901,51.453525389999996,0.0</coordinates>
                </LineString>
                <LineString id="16400">
                    <coordinates>13.52949901,51.453525389999996,0.0 13.529745790000002,51.4535294,0.0</coordinates>
                </LineString>
                <LineString id="16402">
                    <coordinates>13.5284341,51.45328311,0.0 13.52856316,51.453296599999994,0.0 13.528837539999998,51.453324939999995,0.0 13.5290855,51.453351710000014,0.0 13.52911596,51.45335727,0.0 13.52915437,51.453383349999996,0.0 13.529357729999997,51.45351899999999,0.0</coordinates>
                </LineString>
                <LineString id="16404">
                    <coordinates>13.53053713,51.45365380999999,0.0 13.53065291,51.45366374,0.0 13.530797470000001,51.45367799999999,0.0 13.53100522,51.453699040000004,0.0 13.531105039999996,51.45370756999999,0.0</coordinates>
                </LineString>
                <LineString id="16406">
                    <coordinates>13.529745790000002,51.4535294,0.0 13.52990894,51.45355781,0.0 13.5300264,51.453577089999996,0.0 13.530178259999998,51.45360225999999,0.0 13.53021784,51.453609549999996,0.0 13.53053713,51.45365380999999,0.0</coordinates>
                </LineString>
                <LineString id="16408">
                    <coordinates>13.531558850000001,51.453762600000005,0.0 13.53170342,51.45377113999999,0.0</coordinates>
                </LineString>
                <LineString id="16410">
                    <coordinates>13.53144971,51.45374912,0.0 13.531558850000001,51.453762600000005,0.0</coordinates>
                </LineString>
                <LineString id="16412">
                    <coordinates>13.531217009999999,51.45371640999999,0.0 13.53132287,51.45373615999999,0.0 13.53144971,51.45374912,0.0</coordinates>
                </LineString>
                <LineString id="16414">
                    <coordinates>13.53170342,51.45377113999999,0.0 13.531860689999998,51.453783439999995,0.0 13.53202841,51.453800539999996,0.0 13.53213663,51.45381088,0.0 13.53219665,51.453816010000004,0.0 13.532303860000003,51.45377022,0.0</coordinates>
                </LineString>
                <LineString id="16416">
                    <coordinates>13.531105039999996,51.45370756999999,0.0 13.531217009999999,51.45371640999999,0.0</coordinates>
                </LineString>
                <LineString id="16418">
                    <coordinates>13.53237844,51.45359172,0.0 13.532410639999998,51.45353617000001,0.0</coordinates>
                </LineString>
                <LineString id="16420">
                    <coordinates>13.532410639999998,51.45353617000001,0.0 13.532438509999999,51.45349101999999,0.0</coordinates>
                </LineString>
                <LineString id="16422">
                    <coordinates>13.528323660000002,51.45332947,0.0 13.52833519,51.453275340000005,0.0</coordinates>
                </LineString>
                <LineString id="16424">
                    <coordinates>13.528197769999998,51.453826699999986,0.0 13.52820463,51.45378095,0.0 13.528213259999998,51.453736619999994,0.0 13.52822089,51.45369415,0.0 13.528223999999998,51.45368295,0.0 13.52824391,51.45361343999999,0.0 13.52829544,51.453449879999994,0.0 13.52831287,51.45337839,0.0 13.528323660000002,51.45332947,0.0</coordinates>
                </LineString>
                <LineString id="16426">
                    <coordinates>13.52833578,51.45327259,0.0 13.528345389999997,51.453273679999995,0.0 13.5283657,51.453276269999996,0.0 13.5284341,51.45328311,0.0</coordinates>
                </LineString>
                <LineString id="16428">
                    <coordinates>13.52833519,51.453275340000005,0.0 13.52833578,51.45327259,0.0</coordinates>
                </LineString>
                <LineString id="16430">
                    <coordinates>13.52833578,51.45327259,0.0 13.528336659999999,51.45326753,0.0 13.5283376,51.453261149999996,0.0 13.528336619999997,51.45325332,0.0 13.528335769999998,51.45323978999999,0.0 13.528334519999998,51.453221589999984,0.0</coordinates>
                </LineString>
                <LineString id="16432">
                    <coordinates>13.528334519999998,51.453221589999984,0.0 13.528330629999997,51.45318878,0.0 13.52832854,51.45316804,0.0 13.52832371,51.45312297999999,0.0 13.528319319999998,51.453091449999995,0.0 13.528315280000001,51.45305617999999,0.0 13.528310399999999,51.45302005999999,0.0</coordinates>
                </LineString>
                <LineString id="16434">
                    <coordinates>13.528310399999999,51.45302005999999,0.0 13.52831351,51.45300099,0.0 13.528315850000002,51.452984,0.0</coordinates>
                </LineString>
                <LineString id="16436">
                    <coordinates>13.528315850000002,51.452984,0.0 13.52834975,51.4527809,0.0</coordinates>
                </LineString>
                <LineString id="16438">
                    <coordinates>13.52834975,51.4527809,0.0 13.528356439999998,51.45274364,0.0 13.528362360000001,51.452715190000006,0.0 13.52836577,51.45269874,0.0 13.528369079999997,51.45268474,0.0</coordinates>
                </LineString>
                <LineString id="16440">
                    <coordinates>13.528369079999997,51.45268474,0.0 13.5283701,51.452677399999985,0.0 13.52837577,51.45265056,0.0 13.52838204,51.452622489999996,0.0 13.528389499999998,51.45258677,0.0 13.52839867,51.45255171999999,0.0 13.52840216,51.452533379999984,0.0 13.528410449999999,51.452490569999995,0.0 13.528415319999999,51.45246789,0.0 13.528426029999999,51.452415679999994,0.0 13.52843329,51.452383559999994,0.0 13.52843793,51.45236212,0.0</coordinates>
                </LineString>
                <LineString id="16442">
                    <coordinates>13.52843793,51.45236212,0.0 13.528442469999998,51.452340339999985,0.0 13.528451689999999,51.45229803,0.0 13.5284587,51.45226871999999,0.0 13.528463530000002,51.45224049,0.0 13.5284649,51.45223352000001,0.0</coordinates>
                </LineString>
                <LineString id="16444">
                    <coordinates>13.5284649,51.45223352000001,0.0 13.52846837,51.45221951,0.0 13.52847291,51.45219504,0.0 13.528479389999998,51.45216815999999,0.0 13.528488609999998,51.45213085,0.0 13.528494580000002,51.45210463,0.0 13.52850608,51.45206079999999,0.0 13.528511750000002,51.45203479,0.0</coordinates>
                </LineString>
                <LineString id="16446">
                    <coordinates>13.528511750000002,51.45203479,0.0 13.52851686,51.45200575999999,0.0 13.5285219,51.45198141000001,0.0 13.52852831,51.45195114999999,0.0 13.52853649,51.45191207999999,0.0 13.528544529999998,51.451873860000006,0.0 13.528545119999999,51.45187124,0.0</coordinates>
                </LineString>
                <LineString id="16448">
                    <coordinates>13.528545119999999,51.45187124,0.0 13.528551760000001,51.451839469999996,0.0 13.52855553,51.45181901,0.0 13.52856022,51.45179069999999,0.0 13.528562909999998,51.45177692999999,0.0 13.52856605,51.45175372,0.0 13.5285696,51.451730469999994,0.0</coordinates>
                </LineString>
                <LineString id="16450">
                    <coordinates>13.5285696,51.451730469999994,0.0 13.528574169999999,51.45170964999999,0.0 13.528577069999999,51.45169151,0.0 13.52857976,51.45167265,0.0 13.528587219999997,51.451628029999995,0.0 13.528591620000002,51.45158455000001,0.0 13.52859514,51.45154424999998,0.0 13.528596039999998,51.45153448,0.0</coordinates>
                </LineString>
                <LineString id="16452">
                    <coordinates>13.528596039999998,51.45153448,0.0 13.52860123,51.4515009,0.0 13.528608110000002,51.45145696000001,0.0 13.528614499999998,51.45141528999999,0.0 13.52862019,51.451381549999994,0.0 13.5286246,51.45134641,0.0 13.52862809,51.45132473,0.0</coordinates>
                </LineString>
                <LineString id="16454">
                    <coordinates>13.52862809,51.45132473,0.0 13.528630129999998,51.45130723,0.0 13.52863403,51.451271309999996,0.0 13.528639290000001,51.45123094,0.0 13.52864406,51.45119652,0.0 13.528649480000002,51.45116182000001,0.0</coordinates>
                </LineString>
                <LineString id="16456">
                    <coordinates>13.528197769999998,51.453826699999986,0.0 13.528195099999998,51.45384553,0.0</coordinates>
                </LineString>
                <LineString id="16458">
                    <coordinates>13.52849788,51.45042917,0.0 13.528365280000001,51.45036893999999,0.0</coordinates>
                </LineString>
                <LineString id="16460">
                    <coordinates>13.528365280000001,51.45036893999999,0.0 13.52832527,51.45036835,0.0 13.528243759999999,51.45036656,0.0 13.528173080000002,51.45035246,0.0 13.528133340000002,51.45033823000001,0.0 13.528122419999999,51.45033526,0.0</coordinates>
                </LineString>
                <LineString id="16462">
                    <coordinates>13.52820707,51.45074014,0.0 13.52808947,51.45072816,0.0</coordinates>
                </LineString>
                <LineString id="16464">
                    <coordinates>13.52802024,51.45042947999998,0.0 13.528043099999998,51.45044306999999,0.0</coordinates>
                </LineString>
                <LineString id="16466">
                    <coordinates>13.528043099999998,51.45044306999999,0.0 13.528164890000001,51.45049680000001,0.0</coordinates>
                </LineString>
                <LineString id="16468">
                    <coordinates>13.528164890000001,51.45049680000001,0.0 13.528172610000002,51.45050470999999,0.0 13.528182280000001,51.45052259,0.0 13.52819069,51.45054113,0.0 13.528198950000002,51.45056336999999,0.0 13.528202029999997,51.45057599999999,0.0 13.528206620000002,51.45059421,0.0 13.52821072,51.45062057999999,0.0 13.52821246,51.450646569999996,0.0 13.528213380000002,51.450670200000005,0.0 13.528211739999998,51.45070335999999,0.0 13.528210129999998,51.450718359999996,0.0 13.52820707,51.45074014,0.0</coordinates>
                </LineString>
                <LineString id="16470">
                    <coordinates>13.528164890000001,51.45049680000001,0.0 13.5281779,51.450502779999994,0.0 13.52818746,51.450513429999994,0.0 13.528198239999998,51.450536799999995,0.0 13.52821131,51.45056506,0.0 13.528223139999998,51.45058992,0.0 13.528231589999999,51.450609879999995,0.0 13.52824682,51.45064238,0.0 13.52825765,51.45067094,0.0 13.528270109999998,51.45069893999999,0.0 13.52827196,51.45070741,0.0 13.52827646,51.45072895,0.0 13.5282766,51.45075246,0.0 13.52827515,51.450772689999994,0.0 13.528270790000002,51.45079742999999,0.0 13.528264510000001,51.450838149999996,0.0 13.528258109999998,51.45086926999999,0.0 13.52825006,51.45090111,0.0 13.528238950000002,51.45095121,0.0</coordinates>
                </LineString>
                <LineString id="16472">
                    <coordinates>13.52820707,51.45074014,0.0 13.52818887,51.45082566,0.0 13.528182709999998,51.450853179999996,0.0 13.528174159999999,51.450899039999996,0.0 13.52816299,51.45095323999999,0.0 13.52815231,51.45100491,0.0 13.528144910000002,51.45104284000001,0.0 13.52812955,51.45111623,0.0 13.52810988,51.45120128,0.0</coordinates>
                </LineString>
                <LineString id="16474">
                    <coordinates>13.52802848,51.45171454,0.0 13.52802682,51.45172207,0.0</coordinates>
                </LineString>
                <LineString id="16476">
                    <coordinates>13.528031810000002,51.45162009,0.0 13.52803122,51.45170097999999,0.0 13.52802848,51.45171454,0.0</coordinates>
                </LineString>
                <LineString id="16478">
                    <coordinates>13.52797026,51.45189060999999,0.0 13.527957259999999,51.45195709999999,0.0 13.527956769999998,51.45199251999999,0.0</coordinates>
                </LineString>
                <LineString id="16480">
                    <coordinates>13.52802682,51.45172207,0.0 13.528013210000001,51.451770450000005,0.0 13.52798344,51.45184933,0.0 13.52797026,51.45189060999999,0.0</coordinates>
                </LineString>
                <LineString id="16482">
                    <coordinates>13.527935979999999,51.452089769999986,0.0 13.52794201,51.4520685,0.0</coordinates>
                </LineString>
                <LineString id="16484">
                    <coordinates>13.52794201,51.4520685,0.0 13.527956769999998,51.45199251999999,0.0</coordinates>
                </LineString>
                <LineString id="16486">
                    <coordinates>13.527910909999997,51.45216995999999,0.0 13.52789697,51.45222252999999,0.0 13.52788624,51.452283619999996,0.0 13.52787634,51.452344069999995,0.0</coordinates>
                </LineString>
                <LineString id="16488">
                    <coordinates>13.52786596,51.45239552,0.0 13.527861859999996,51.452408129999995,0.0</coordinates>
                </LineString>
                <LineString id="16490">
                    <coordinates>13.52787634,51.452344069999995,0.0 13.52786596,51.45239552,0.0</coordinates>
                </LineString>
                <LineString id="16492">
                    <coordinates>13.527861859999996,51.452408129999995,0.0 13.527842840000002,51.4524823,0.0 13.527833339999999,51.452520150000005,0.0 13.52782534,51.45255938999999,0.0</coordinates>
                </LineString>
                <LineString id="16494">
                    <coordinates>13.52782534,51.45255938999999,0.0 13.52782381,51.45256739999999,0.0</coordinates>
                </LineString>
                <LineString id="16496">
                    <coordinates>13.52781779,51.45260486000001,0.0 13.527811149999996,51.45269641000001,0.0</coordinates>
                </LineString>
                <LineString id="16498">
                    <coordinates>13.52782381,51.45256739999999,0.0 13.52781779,51.45260486000001,0.0</coordinates>
                </LineString>
                <LineString id="16500">
                    <coordinates>13.527797779999998,51.45286900999999,0.0 13.52779745,51.45289162999999,0.0</coordinates>
                </LineString>
                <LineString id="16502">
                    <coordinates>13.52779745,51.45289162999999,0.0 13.52780036,51.45296582999999,0.0 13.52780202,51.453009329999986,0.0</coordinates>
                </LineString>
                <LineString id="16504">
                    <coordinates>13.52780202,51.453009329999986,0.0 13.527802489999997,51.45305047,0.0</coordinates>
                </LineString>
                <LineString id="16506">
                    <coordinates>13.527802489999997,51.45305047,0.0 13.527804510000001,51.45310301,0.0 13.527806329999999,51.453153410000006,0.0</coordinates>
                </LineString>
                <LineString id="16508">
                    <coordinates>13.527806329999999,51.453153410000006,0.0 13.52780794,51.45318997999999,0.0 13.52781021,51.45324705,0.0 13.527813999999998,51.453310869999996,0.0</coordinates>
                </LineString>
                <LineString id="16510">
                    <coordinates>13.527813999999998,51.453310869999996,0.0 13.527819160000002,51.453354989999994,0.0</coordinates>
                </LineString>
                <LineString id="16512">
                    <coordinates>13.527819160000002,51.453354989999994,0.0 13.527819379999999,51.45341478999999,0.0 13.52781797,51.45345773999999,0.0 13.52781713,51.453491490000005,0.0 13.52781793,51.45350111,0.0</coordinates>
                </LineString>
                <LineString id="16514">
                    <coordinates>13.527829119999998,51.45370359999998,0.0 13.5278291,51.45370522,0.0 13.52783033,51.4537416,0.0</coordinates>
                </LineString>
                <LineString id="16516">
                    <coordinates>13.55093863,51.452175759999996,0.0 13.55149002,51.45239294,0.0</coordinates>
                </LineString>
                <LineString id="16518">
                    <coordinates>13.550700099999998,51.45197349,0.0 13.550802129999997,51.45211234,0.0 13.55093863,51.452175759999996,0.0</coordinates>
                </LineString>
                <LineString id="16520">
                    <coordinates>13.552497539999997,51.45280637999999,0.0 13.55284372,51.45294839,0.0</coordinates>
                </LineString>
                <LineString id="16522">
                    <coordinates>13.55149002,51.45239294,0.0 13.552497539999997,51.45280637999999,0.0</coordinates>
                </LineString>
                <LineString id="16524">
                    <coordinates>13.5307948,51.45522258,0.0 13.530936609999998,51.45522027999999,0.0 13.530944040000001,51.45522012000001,0.0 13.53094436,51.45521664,0.0 13.530946509999998,51.45518090999999,0.0 13.53094666,51.45517742999999,0.0 13.530952359999999,51.455177289999995,0.0 13.531111659999999,51.455174429999985,0.0</coordinates>
                </LineString>
                <LineString id="16526">
                    <coordinates>13.530700789999997,51.455701530000006,0.0 13.53100897,51.45556169,0.0 13.53118352,51.455496849999996,0.0</coordinates>
                </LineString>
                <LineString id="16528">
                    <coordinates>13.530405059999998,51.455773749999985,0.0 13.530405090000002,51.45578221000001,0.0 13.53040207,51.455782930000005,0.0</coordinates>
                </LineString>
                <LineString id="16530">
                    <coordinates>13.53009074,51.45582813,0.0 13.530105110000001,51.455828749999995,0.0 13.530142130000002,51.45582934000001,0.0 13.530179819999997,51.45582711,0.0 13.530217549999998,51.45582414999999,0.0 13.53026055,51.45581675999998,0.0 13.530328639999999,51.45580162999999,0.0 13.53040207,51.455782930000005,0.0</coordinates>
                </LineString>
                <LineString id="16532">
                    <coordinates>13.530700789999997,51.455701530000006,0.0 13.53056126,51.45573492999999,0.0 13.53040494,51.4557535,0.0 13.530404950000001,51.4557579,0.0 13.530405059999998,51.455773749999985,0.0</coordinates>
                </LineString>
                <LineString id="16534">
                    <coordinates>13.529769199999999,51.45561136,0.0 13.52976833,51.455633649999996,0.0 13.52977118,51.455647060000004,0.0 13.52977605,51.45565861999999,0.0 13.529796409999998,51.45569623999999,0.0 13.529811420000001,51.45571789,0.0 13.52982836,51.45573558,0.0 13.529854629999999,51.45575478000001,0.0 13.52989415,51.45577911000001,0.0 13.52991708,51.45578965,0.0 13.52994454,51.45580089,0.0 13.529972219999996,51.45580921,0.0 13.530002899999998,51.455816909999996,0.0 13.53004484,51.45582459999999,0.0 13.53007367,51.45582743,0.0 13.53009074,51.45582813,0.0</coordinates>
                </LineString>
            </MultiGeometry>
        </Placemark>
        <Placemark id="16541">
            <name>MultiPoint</name>
            <styleUrl>#17314</styleUrl>
            <MultiGeometry id="16540">
                <Point id="16542">
                    <coordinates>13.528676837542902,51.45132602456871,0.0</coordinates>
                </Point>
                <Point id="16544">
                    <coordinates>13.5286934114657,51.45116408720229,0.0</coordinates>
                </Point>
                <Point id="16546">
                    <coordinates>13.528719052215799,51.4508121909481,0.0</coordinates>
                </Point>
                <Point id="16548">
                    <coordinates>13.528620414642596,51.450318836887796,0.0</coordinates>
                </Point>
                <Point id="16550">
                    <coordinates>13.528145428976503,51.450293831468194,0.0</coordinates>
                </Point>
                <Point id="16552">
                    <coordinates>13.528311154446401,51.44983315223621,0.0</coordinates>
                </Point>
                <Point id="16554">
                    <coordinates>13.5294263841539,51.4479252360748,0.0</coordinates>
                </Point>
                <Point id="16556">
                    <coordinates>13.530629319178198,51.447672303625296,0.0</coordinates>
                </Point>
                <Point id="16558">
                    <coordinates>13.5302898200622,51.44755263484019,0.0</coordinates>
                </Point>
                <Point id="16560">
                    <coordinates>13.5299331694336,51.44752162814319,0.0</coordinates>
                </Point>
                <Point id="16562">
                    <coordinates>13.529625207549103,51.44757526289631,0.0</coordinates>
                </Point>
                <Point id="16564">
                    <coordinates>13.5294858024043,51.4474392242252,0.0</coordinates>
                </Point>
                <Point id="16566">
                    <coordinates>13.5284108350985,51.4496452596173,0.0</coordinates>
                </Point>
                <Point id="16568">
                    <coordinates>13.528292018058197,51.449420270305694,0.0</coordinates>
                </Point>
                <Point id="16570">
                    <coordinates>13.5287549112752,51.449549404266605,0.0</coordinates>
                </Point>
                <Point id="16572">
                    <coordinates>13.5289479238894,51.4492956084812,0.0</coordinates>
                </Point>
                <Point id="16574">
                    <coordinates>13.5285061429454,51.449172163571106,0.0</coordinates>
                </Point>
                <Point id="16576">
                    <coordinates>13.528853731936,51.4491465437317,0.0</coordinates>
                </Point>
                <Point id="16578">
                    <coordinates>13.528600642568499,51.448903367798195,0.0</coordinates>
                </Point>
                <Point id="16580">
                    <coordinates>13.5289636487988,51.4489187256429,0.0</coordinates>
                </Point>
                <Point id="16582">
                    <coordinates>13.529010405501799,51.44870592626591,0.0</coordinates>
                </Point>
                <Point id="16584">
                    <coordinates>13.528686847217301,51.448605594109104,0.0</coordinates>
                </Point>
                <Point id="16586">
                    <coordinates>13.529040121991201,51.4485108613339,0.0</coordinates>
                </Point>
                <Point id="16588">
                    <coordinates>13.5290963315684,51.4482645433215,0.0</coordinates>
                </Point>
                <Point id="16590">
                    <coordinates>13.528752320845298,51.4482491685922,0.0</coordinates>
                </Point>
                <Point id="16592">
                    <coordinates>13.5288454713337,51.448191958467504,0.0</coordinates>
                </Point>
                <Point id="16594">
                    <coordinates>13.5288568295404,51.4480697125615,0.0</coordinates>
                </Point>
                <Point id="16596">
                    <coordinates>13.528898466047698,51.44782880213759,0.0</coordinates>
                </Point>
                <Point id="16598">
                    <coordinates>13.528342742588197,51.4470843797894,0.0</coordinates>
                </Point>
                <Point id="16600">
                    <coordinates>13.5247868141232,51.44498127146999,0.0</coordinates>
                </Point>
                <Point id="16602">
                    <coordinates>13.52957634859,51.447203232210796,0.0</coordinates>
                </Point>
                <Point id="16604">
                    <coordinates>13.5259119212277,51.4463774176387,0.0</coordinates>
                </Point>
                <Point id="16606">
                    <coordinates>13.532283894110998,51.447132422139404,0.0</coordinates>
                </Point>
                <Point id="16608">
                    <coordinates>13.533006116870997,51.446850225450994,0.0</coordinates>
                </Point>
                <Point id="16610">
                    <coordinates>13.5315897061382,51.4470847219334,0.0</coordinates>
                </Point>
                <Point id="16612">
                    <coordinates>13.5297305346679,51.4468453941828,0.0</coordinates>
                </Point>
                <Point id="16614">
                    <coordinates>13.529749458953399,51.4467928731835,0.0</coordinates>
                </Point>
                <Point id="16616">
                    <coordinates>13.5297961100299,51.4466293854135,0.0</coordinates>
                </Point>
                <Point id="16618">
                    <coordinates>13.5303896685492,51.4454065019416,0.0</coordinates>
                </Point>
                <Point id="16620">
                    <coordinates>13.529757162515798,51.44582810527769,0.0</coordinates>
                </Point>
                <Point id="16622">
                    <coordinates>13.529783582707699,51.4457040037437,0.0</coordinates>
                </Point>
                <Point id="16624">
                    <coordinates>13.5301180017016,51.4456284875099,0.0</coordinates>
                </Point>
                <Point id="16626">
                    <coordinates>13.5298544745644,51.4455840729447,0.0</coordinates>
                </Point>
                <Point id="16628">
                    <coordinates>13.5298799929579,51.44539984285089,0.0</coordinates>
                </Point>
                <Point id="16630">
                    <coordinates>13.529970244821298,51.445192613572,0.0</coordinates>
                </Point>
                <Point id="16632">
                    <coordinates>13.530069652694399,51.4449602474496,0.0</coordinates>
                </Point>
                <Point id="16634">
                    <coordinates>13.5303789405289,51.44495369181611,0.0</coordinates>
                </Point>
                <Point id="16636">
                    <coordinates>13.5301725289314,51.44471512986681,0.0</coordinates>
                </Point>
                <Point id="16638">
                    <coordinates>13.530120073005397,51.4448409151926,0.0</coordinates>
                </Point>
                <Point id="16640">
                    <coordinates>13.5306373696267,51.445109558171396,0.0</coordinates>
                </Point>
                <Point id="16642">
                    <coordinates>13.530475591690498,51.444709857295,0.0</coordinates>
                </Point>
                <Point id="16644">
                    <coordinates>13.530540074032,51.44454724072979,0.0</coordinates>
                </Point>
                <Point id="16646">
                    <coordinates>13.530698927397298,51.4443167736368,0.0</coordinates>
                </Point>
                <Point id="16648">
                    <coordinates>13.5308373687255,51.44411176756919,0.0</coordinates>
                </Point>
                <Point id="16650">
                    <coordinates>13.530405068458501,51.4440404103687,0.0</coordinates>
                </Point>
                <Point id="16652">
                    <coordinates>13.527112522226698,51.4459716799249,0.0</coordinates>
                </Point>
                <Point id="16654">
                    <coordinates>13.5267391428513,51.445933975300406,0.0</coordinates>
                </Point>
                <Point id="16656">
                    <coordinates>13.526629203311401,51.4458144226601,0.0</coordinates>
                </Point>
                <Point id="16658">
                    <coordinates>13.526233777781501,51.44570209673319,0.0</coordinates>
                </Point>
                <Point id="16660">
                    <coordinates>13.5260428390231,51.445605238746,0.0</coordinates>
                </Point>
                <Point id="16662">
                    <coordinates>13.525758705223199,51.44546737676329,0.0</coordinates>
                </Point>
                <Point id="16664">
                    <coordinates>13.5254900974573,51.445330799115,0.0</coordinates>
                </Point>
                <Point id="16666">
                    <coordinates>13.5288726567183,51.44585110095829,0.0</coordinates>
                </Point>
                <Point id="16668">
                    <coordinates>13.534654827512004,51.44659465211421,0.0</coordinates>
                </Point>
                <Point id="16670">
                    <coordinates>13.530804423653098,51.4438831586952,0.0</coordinates>
                </Point>
                <Point id="16672">
                    <coordinates>13.530815911195498,51.4437907951237,0.0</coordinates>
                </Point>
                <Point id="16674">
                    <coordinates>13.5305059678945,51.443781402472105,0.0</coordinates>
                </Point>
                <Point id="16676">
                    <coordinates>13.530975755812,51.44339149336199,0.0</coordinates>
                </Point>
                <Point id="16678">
                    <coordinates>13.5311570779633,51.443233071355195,0.0</coordinates>
                </Point>
                <Point id="16680">
                    <coordinates>13.530513541653898,51.44319136657109,0.0</coordinates>
                </Point>
                <Point id="16682">
                    <coordinates>13.5524641580308,51.4529675382118,0.0</coordinates>
                </Point>
                <Point id="16684">
                    <coordinates>13.519351627673018,51.45000441771518,0.0</coordinates>
                </Point>
                <Point id="16686">
                    <coordinates>13.524919914433287,51.44951927012963,0.0</coordinates>
                </Point>
                <Point id="16688">
                    <coordinates>13.530897496604561,51.44619260124499,0.0</coordinates>
                </Point>
                <Point id="16690">
                    <coordinates>13.529036885719341,51.444563996742886,0.0</coordinates>
                </Point>
                <Point id="16692">
                    <coordinates>13.528468867413519,51.45321515881615,0.0</coordinates>
                </Point>
                <Point id="16694">
                    <coordinates>13.504375534342765,51.449574117199504,0.0</coordinates>
                </Point>
                <Point id="16696">
                    <coordinates>13.505709013957292,51.450683522254025,0.0</coordinates>
                </Point>
                <Point id="16698">
                    <coordinates>13.530217038138385,51.45356140122698,0.0</coordinates>
                </Point>
                <Point id="16700">
                    <coordinates>13.532650560892113,51.45355713929146,0.0</coordinates>
                </Point>
                <Point id="16702">
                    <coordinates>13.507847221493119,51.45016926053355,0.0</coordinates>
                </Point>
                <Point id="16704">
                    <coordinates>13.531441242553642,51.444560882195866,0.0</coordinates>
                </Point>
                <Point id="16706">
                    <coordinates>13.537583194839572,51.453338962878895,0.0</coordinates>
                </Point>
                <Point id="16708">
                    <coordinates>13.5269460038063,51.4468898753016,0.0</coordinates>
                </Point>
                <Point id="16710">
                    <coordinates>13.534196193483954,51.44678466272245,0.0</coordinates>
                </Point>
                <Point id="16712">
                    <coordinates>13.530252410386247,51.44781924273243,0.0</coordinates>
                </Point>
                <Point id="16714">
                    <coordinates>13.535537584981697,51.44651671744295,0.0</coordinates>
                </Point>
                <Point id="16716">
                    <coordinates>13.534509315850558,51.45356610408948,0.0</coordinates>
                </Point>
                <Point id="16718">
                    <coordinates>13.536419225100502,51.45351006923762,0.0</coordinates>
                </Point>
                <Point id="16720">
                    <coordinates>13.536468497473674,51.453571145772,0.0</coordinates>
                </Point>
                <Point id="16722">
                    <coordinates>13.52533702078851,51.445588969775905,0.0</coordinates>
                </Point>
                <Point id="16724">
                    <coordinates>13.53478190616437,51.453555539978055,0.0</coordinates>
                </Point>
                <Point id="16726">
                    <coordinates>13.535304622983245,51.45359826734386,0.0</coordinates>
                </Point>
                <Point id="16728">
                    <coordinates>13.5326701244578,51.45361017683119,0.0</coordinates>
                </Point>
                <Point id="16730">
                    <coordinates>13.530694604659,51.455786517905004,0.0</coordinates>
                </Point>
                <Point id="16732">
                    <coordinates>13.531105398847496,51.4556960148687,0.0</coordinates>
                </Point>
                <Point id="16734">
                    <coordinates>13.530897646377502,51.4556954256453,0.0</coordinates>
                </Point>
                <Point id="16736">
                    <coordinates>13.5306808216315,51.4554568176206,0.0</coordinates>
                </Point>
                <Point id="16738">
                    <coordinates>13.530684048969102,51.45527758357439,0.0</coordinates>
                </Point>
                <Point id="16740">
                    <coordinates>13.5310907665925,51.455277206553184,0.0</coordinates>
                </Point>
                <Point id="16742">
                    <coordinates>13.5311158939463,51.4550681771055,0.0</coordinates>
                </Point>
                <Point id="16744">
                    <coordinates>13.530649886494,51.4550377147699,0.0</coordinates>
                </Point>
                <Point id="16746">
                    <coordinates>13.5295027558635,51.45549904957019,0.0</coordinates>
                </Point>
                <Point id="16748">
                    <coordinates>13.531324784835698,51.455531465864695,0.0</coordinates>
                </Point>
                <Point id="16750">
                    <coordinates>13.5317946664698,51.4550068710386,0.0</coordinates>
                </Point>
                <Point id="16752">
                    <coordinates>13.531859830231799,51.45479355269848,0.0</coordinates>
                </Point>
                <Point id="16754">
                    <coordinates>13.531885421265198,51.45447420273089,0.0</coordinates>
                </Point>
                <Point id="16756">
                    <coordinates>13.5319014218105,51.45461305232641,0.0</coordinates>
                </Point>
                <Point id="16758">
                    <coordinates>13.532108397631498,51.45394220278709,0.0</coordinates>
                </Point>
                <Point id="16760">
                    <coordinates>13.531837778010702,51.4536521741737,0.0</coordinates>
                </Point>
                <Point id="16762">
                    <coordinates>13.5314279457633,51.4536378988545,0.0</coordinates>
                </Point>
                <Point id="16764">
                    <coordinates>13.5312312112846,51.453607203911396,0.0</coordinates>
                </Point>
                <Point id="16766">
                    <coordinates>13.5300588288759,51.4546322091362,0.0</coordinates>
                </Point>
                <Point id="16768">
                    <coordinates>13.530525456432697,51.453851330789995,0.0</coordinates>
                </Point>
                <Point id="16770">
                    <coordinates>13.529816716937198,51.4542640918687,0.0</coordinates>
                </Point>
                <Point id="16772">
                    <coordinates>13.5300180643786,51.4536951186037,0.0</coordinates>
                </Point>
                <Point id="16774">
                    <coordinates>13.5292514349809,51.45368894380191,0.0</coordinates>
                </Point>
                <Point id="16776">
                    <coordinates>13.5277877045747,51.4537377847932,0.0</coordinates>
                </Point>
                <Point id="16778">
                    <coordinates>13.501080158801303,51.4488102472799,0.0</coordinates>
                </Point>
                <Point id="16780">
                    <coordinates>13.501778422889,51.44873677770601,0.0</coordinates>
                </Point>
                <Point id="16782">
                    <coordinates>13.501556248908399,51.448808766707195,0.0</coordinates>
                </Point>
                <Point id="16784">
                    <coordinates>13.503843641539397,51.4487190688377,0.0</coordinates>
                </Point>
                <Point id="16786">
                    <coordinates>13.5024763416856,51.44884383676779,0.0</coordinates>
                </Point>
                <Point id="16788">
                    <coordinates>13.5021432144788,51.448771188434996,0.0</coordinates>
                </Point>
                <Point id="16790">
                    <coordinates>13.5199087013816,51.4526564368211,0.0</coordinates>
                </Point>
                <Point id="16792">
                    <coordinates>13.5277742209687,51.453492352835994,0.0</coordinates>
                </Point>
                <Point id="16794">
                    <coordinates>13.5276912489709,51.453351207657896,0.0</coordinates>
                </Point>
                <Point id="16796">
                    <coordinates>13.527766801581498,51.45315505576941,0.0</coordinates>
                </Point>
                <Point id="16798">
                    <coordinates>13.527745235153098,51.453309154899095,0.0</coordinates>
                </Point>
                <Point id="16800">
                    <coordinates>13.527744171381498,51.45301803546919,0.0</coordinates>
                </Point>
                <Point id="16802">
                    <coordinates>13.527720855754998,51.45286026651579,0.0</coordinates>
                </Point>
                <Point id="16804">
                    <coordinates>13.5277445813593,51.4525457660208,0.0</coordinates>
                </Point>
                <Point id="16806">
                    <coordinates>13.5277617968139,51.452621807744194,0.0</coordinates>
                </Point>
                <Point id="16808">
                    <coordinates>13.5278204272692,51.45233215267811,0.0</coordinates>
                </Point>
                <Point id="16810">
                    <coordinates>13.5277620113126,51.4524027537189,0.0</coordinates>
                </Point>
                <Point id="16812">
                    <coordinates>13.527943731966296,51.45186936142049,0.0</coordinates>
                </Point>
                <Point id="16814">
                    <coordinates>13.5226855579243,51.45183106069841,0.0</coordinates>
                </Point>
                <Point id="16816">
                    <coordinates>13.5224789102179,51.45202560109449,0.0</coordinates>
                </Point>
                <Point id="16818">
                    <coordinates>13.521957118008398,51.4518755181556,0.0</coordinates>
                </Point>
                <Point id="16820">
                    <coordinates>13.521738196385199,51.45178011355849,0.0</coordinates>
                </Point>
                <Point id="16822">
                    <coordinates>13.521558505845698,51.45169989356769,0.0</coordinates>
                </Point>
                <Point id="16824">
                    <coordinates>13.5212918815659,51.4516306023324,0.0</coordinates>
                </Point>
                <Point id="16826">
                    <coordinates>13.521018690901697,51.4514934881079,0.0</coordinates>
                </Point>
                <Point id="16828">
                    <coordinates>13.5216342566003,51.4514136357552,0.0</coordinates>
                </Point>
                <Point id="16830">
                    <coordinates>13.5215307408501,51.45135769535751,0.0</coordinates>
                </Point>
                <Point id="16832">
                    <coordinates>13.521211566710498,51.451042356117696,0.0</coordinates>
                </Point>
                <Point id="16834">
                    <coordinates>13.5212363216052,51.4509904897006,0.0</coordinates>
                </Point>
                <Point id="16836">
                    <coordinates>13.5208598439478,51.4513673171971,0.0</coordinates>
                </Point>
                <Point id="16838">
                    <coordinates>13.520941134500498,51.451009949828496,0.0</coordinates>
                </Point>
                <Point id="16840">
                    <coordinates>13.522596747122702,51.451683670306586,0.0</coordinates>
                </Point>
                <Point id="16842">
                    <coordinates>13.5226159719401,51.45147718579761,0.0</coordinates>
                </Point>
                <Point id="16844">
                    <coordinates>13.522735419373898,51.45136765213919,0.0</coordinates>
                </Point>
                <Point id="16846">
                    <coordinates>13.522900217945798,51.450890516251896,0.0</coordinates>
                </Point>
                <Point id="16848">
                    <coordinates>13.522780490227696,51.45104990955019,0.0</coordinates>
                </Point>
                <Point id="16850">
                    <coordinates>13.5230309067559,51.4504999429906,0.0</coordinates>
                </Point>
                <Point id="16852">
                    <coordinates>13.523083586714998,51.450334477423894,0.0</coordinates>
                </Point>
                <Point id="16854">
                    <coordinates>13.524487776449002,51.44981974162191,0.0</coordinates>
                </Point>
                <Point id="16856">
                    <coordinates>13.523782287883,51.4497754010442,0.0</coordinates>
                </Point>
                <Point id="16858">
                    <coordinates>13.523509208984498,51.44975110454331,0.0</coordinates>
                </Point>
                <Point id="16860">
                    <coordinates>13.523346477111598,51.4497504113764,0.0</coordinates>
                </Point>
                <Point id="16862">
                    <coordinates>13.5223636021504,51.44981522494339,0.0</coordinates>
                </Point>
                <Point id="16864">
                    <coordinates>13.522082400634998,51.4498471418473,0.0</coordinates>
                </Point>
                <Point id="16866">
                    <coordinates>13.521025033965698,51.45070542098449,0.0</coordinates>
                </Point>
                <Point id="16868">
                    <coordinates>13.521045421652298,51.4507827032984,0.0</coordinates>
                </Point>
                <Point id="16870">
                    <coordinates>13.521362561818398,51.45067569396339,0.0</coordinates>
                </Point>
                <Point id="16872">
                    <coordinates>13.521381261561498,51.45063072383579,0.0</coordinates>
                </Point>
                <Point id="16874">
                    <coordinates>13.521205767843098,51.450392826511894,0.0</coordinates>
                </Point>
                <Point id="16876">
                    <coordinates>13.521219729689,51.4503640091697,0.0</coordinates>
                </Point>
                <Point id="16878">
                    <coordinates>13.5215288115597,51.450306131744995,0.0</coordinates>
                </Point>
                <Point id="16880">
                    <coordinates>13.521745746542498,51.4501689141494,0.0</coordinates>
                </Point>
                <Point id="16882">
                    <coordinates>13.521695836090498,51.4500065271301,0.0</coordinates>
                </Point>
                <Point id="16884">
                    <coordinates>13.5212300594211,51.44986741600089,0.0</coordinates>
                </Point>
                <Point id="16886">
                    <coordinates>13.521151715426697,51.44986871310189,0.0</coordinates>
                </Point>
                <Point id="16888">
                    <coordinates>13.5211849724533,51.449621613371,0.0</coordinates>
                </Point>
                <Point id="16890">
                    <coordinates>13.520961042112598,51.449620824456694,0.0</coordinates>
                </Point>
                <Point id="16892">
                    <coordinates>13.520651386069797,51.44961489464549,0.0</coordinates>
                </Point>
                <Point id="16894">
                    <coordinates>13.520273620617,51.44992970726939,0.0</coordinates>
                </Point>
                <Point id="16896">
                    <coordinates>13.520585192840898,51.449920099721695,0.0</coordinates>
                </Point>
                <Point id="16898">
                    <coordinates>13.528007465832298,51.45172947905898,0.0</coordinates>
                </Point>
                <Point id="16900">
                    <coordinates>13.527971447157,51.451636336804796,0.0</coordinates>
                </Point>
                <Point id="16902">
                    <coordinates>13.528024134624498,51.4513935419867,0.0</coordinates>
                </Point>
                <Point id="16904">
                    <coordinates>13.5276848602632,51.451123966634704,0.0</coordinates>
                </Point>
                <Point id="16906">
                    <coordinates>13.528074788888702,51.45093126759239,0.0</coordinates>
                </Point>
                <Point id="16908">
                    <coordinates>13.5280469098099,51.45073083206789,0.0</coordinates>
                </Point>
                <Point id="16910">
                    <coordinates>13.5280626884018,51.450695625422185,0.0</coordinates>
                </Point>
                <Point id="16912">
                    <coordinates>13.527244295868199,51.4500534004212,0.0</coordinates>
                </Point>
                <Point id="16914">
                    <coordinates>13.527629620534197,51.450110431285495,0.0</coordinates>
                </Point>
                <Point id="16916">
                    <coordinates>13.5264669889095,51.45013612977171,0.0</coordinates>
                </Point>
                <Point id="16918">
                    <coordinates>13.526138343074802,51.45002333563011,0.0</coordinates>
                </Point>
                <Point id="16920">
                    <coordinates>13.526876924587999,51.450202754522195,0.0</coordinates>
                </Point>
                <Point id="16922">
                    <coordinates>13.526940550152998,51.4499976911887,0.0</coordinates>
                </Point>
                <Point id="16924">
                    <coordinates>13.5266465950643,51.449764891373,0.0</coordinates>
                </Point>
                <Point id="16926">
                    <coordinates>13.5263124090992,51.449843167152196,0.0</coordinates>
                </Point>
                <Point id="16928">
                    <coordinates>13.5261062054328,51.4496980995155,0.0</coordinates>
                </Point>
                <Point id="16930">
                    <coordinates>13.5257248028261,51.4499690830411,0.0</coordinates>
                </Point>
                <Point id="16932">
                    <coordinates>13.5258657289294,51.449992100634205,0.0</coordinates>
                </Point>
                <Point id="16934">
                    <coordinates>13.5255350603697,51.44965804176609,0.0</coordinates>
                </Point>
                <Point id="16936">
                    <coordinates>13.5252672419844,51.44988290187081,0.0</coordinates>
                </Point>
                <Point id="16938">
                    <coordinates>13.524772330487197,51.44983921219028,0.0</coordinates>
                </Point>
                <Point id="16940">
                    <coordinates>13.5239094942639,51.4498077108293,0.0</coordinates>
                </Point>
                <Point id="16942">
                    <coordinates>13.524686277923502,51.4497578727948,0.0</coordinates>
                </Point>
                <Point id="16944">
                    <coordinates>13.5242782678385,51.44977680561139,0.0</coordinates>
                </Point>
                <Point id="16946">
                    <coordinates>13.524456409245301,51.449566562987805,0.0</coordinates>
                </Point>
                <Point id="16948">
                    <coordinates>13.5241749516743,51.44953202506569,0.0</coordinates>
                </Point>
                <Point id="16950">
                    <coordinates>13.524956194595998,51.44960781940169,0.0</coordinates>
                </Point>
                <Point id="16952">
                    <coordinates>13.5253171889472,51.44964606450309,0.0</coordinates>
                </Point>
                <Point id="16954">
                    <coordinates>13.525892781547398,51.44966723132629,0.0</coordinates>
                </Point>
                <Point id="16956">
                    <coordinates>13.5204099191443,51.44958120414519,0.0</coordinates>
                </Point>
                <Point id="16958">
                    <coordinates>13.520169406006698,51.4495813501239,0.0</coordinates>
                </Point>
                <Point id="16960">
                    <coordinates>13.521549186273297,51.449557735330295,0.0</coordinates>
                </Point>
                <Point id="16962">
                    <coordinates>13.522130389685698,51.44956750309869,0.0</coordinates>
                </Point>
                <Point id="16964">
                    <coordinates>13.521847909727798,51.44959327777179,0.0</coordinates>
                </Point>
                <Point id="16966">
                    <coordinates>13.522365541849199,51.4495866131577,0.0</coordinates>
                </Point>
                <Point id="16968">
                    <coordinates>13.5227379757748,51.4495616902603,0.0</coordinates>
                </Point>
                <Point id="16970">
                    <coordinates>13.523563430498196,51.44951263562799,0.0</coordinates>
                </Point>
                <Point id="16972">
                    <coordinates>13.523276313452497,51.44952382856819,0.0</coordinates>
                </Point>
                <Point id="16974">
                    <coordinates>13.519879663487,51.44984896613481,0.0</coordinates>
                </Point>
                <Point id="16976">
                    <coordinates>13.519537039255898,51.449632166343896,0.0</coordinates>
                </Point>
                <Point id="16978">
                    <coordinates>13.5193064970669,51.4493071418755,0.0</coordinates>
                </Point>
                <Point id="16980">
                    <coordinates>13.5194922326075,51.4493606203301,0.0</coordinates>
                </Point>
                <Point id="16982">
                    <coordinates>13.5198949571906,51.4495045021763,0.0</coordinates>
                </Point>
                <Point id="16984">
                    <coordinates>13.5134800013885,51.4486522311345,0.0</coordinates>
                </Point>
                <Point id="16986">
                    <coordinates>13.5135588562493,51.44852270247159,0.0</coordinates>
                </Point>
                <Point id="16988">
                    <coordinates>13.512898327913799,51.4481619970134,0.0</coordinates>
                </Point>
                <Point id="16990">
                    <coordinates>13.5135091232222,51.448066416710105,0.0</coordinates>
                </Point>
                <Point id="16992">
                    <coordinates>13.5143198150767,51.4482465448541,0.0</coordinates>
                </Point>
                <Point id="16994">
                    <coordinates>13.514031093447299,51.448385632148394,0.0</coordinates>
                </Point>
                <Point id="16996">
                    <coordinates>13.5147002886085,51.4480385451073,0.0</coordinates>
                </Point>
                <Point id="16998">
                    <coordinates>13.513998183891799,51.448056327143604,0.0</coordinates>
                </Point>
                <Point id="17000">
                    <coordinates>13.514112637836396,51.448033868428986,0.0</coordinates>
                </Point>
                <Point id="17002">
                    <coordinates>13.5140140572764,51.44770343634261,0.0</coordinates>
                </Point>
                <Point id="17004">
                    <coordinates>13.508086421801998,51.4512171982702,0.0</coordinates>
                </Point>
                <Point id="17006">
                    <coordinates>13.5077599742525,51.4511076584567,0.0</coordinates>
                </Point>
                <Point id="17008">
                    <coordinates>13.5072621020307,51.45105840865919,0.0</coordinates>
                </Point>
                <Point id="17010">
                    <coordinates>13.506850290235999,51.4508653667606,0.0</coordinates>
                </Point>
                <Point id="17012">
                    <coordinates>13.5064831822652,51.45104561510401,0.0</coordinates>
                </Point>
                <Point id="17014">
                    <coordinates>13.5083553368863,51.45161929499449,0.0</coordinates>
                </Point>
                <Point id="17016">
                    <coordinates>13.508546239535002,51.4515322690681,0.0</coordinates>
                </Point>
                <Point id="17018">
                    <coordinates>13.509501905915899,51.4508588003828,0.0</coordinates>
                </Point>
                <Point id="17020">
                    <coordinates>13.509157082877996,51.451211817915095,0.0</coordinates>
                </Point>
                <Point id="17022">
                    <coordinates>13.509014539731,51.45077822016209,0.0</coordinates>
                </Point>
                <Point id="17024">
                    <coordinates>13.508309410078597,51.45036742809548,0.0</coordinates>
                </Point>
                <Point id="17026">
                    <coordinates>13.509911830580695,51.4504622305,0.0</coordinates>
                </Point>
                <Point id="17028">
                    <coordinates>13.5099972909668,51.4502358236493,0.0</coordinates>
                </Point>
                <Point id="17030">
                    <coordinates>13.510066258540201,51.4500298928282,0.0</coordinates>
                </Point>
                <Point id="17032">
                    <coordinates>13.5103885778535,51.449881500971,0.0</coordinates>
                </Point>
                <Point id="17034">
                    <coordinates>13.5096746164953,51.44992154808679,0.0</coordinates>
                </Point>
                <Point id="17036">
                    <coordinates>13.5092228274466,51.44953459052049,0.0</coordinates>
                </Point>
                <Point id="17038">
                    <coordinates>13.508246621383902,51.45013059725681,0.0</coordinates>
                </Point>
                <Point id="17040">
                    <coordinates>13.508536853096897,51.449857094194094,0.0</coordinates>
                </Point>
                <Point id="17042">
                    <coordinates>13.5086068038715,51.44998910403869,0.0</coordinates>
                </Point>
                <Point id="17044">
                    <coordinates>13.508264423821498,51.449890342878696,0.0</coordinates>
                </Point>
                <Point id="17046">
                    <coordinates>13.5089901873108,51.449960961856895,0.0</coordinates>
                </Point>
                <Point id="17048">
                    <coordinates>13.508690716461198,51.449765671480584,0.0</coordinates>
                </Point>
                <Point id="17050">
                    <coordinates>13.508889331713501,51.449604766105004,0.0</coordinates>
                </Point>
                <Point id="17052">
                    <coordinates>13.507130566555603,51.45038160780619,0.0</coordinates>
                </Point>
                <Point id="17054">
                    <coordinates>13.506178708355801,51.450334180012604,0.0</coordinates>
                </Point>
                <Point id="17056">
                    <coordinates>13.507970481465001,51.4505626965728,0.0</coordinates>
                </Point>
                <Point id="17058">
                    <coordinates>13.507780627309002,51.4502414745643,0.0</coordinates>
                </Point>
                <Point id="17060">
                    <coordinates>13.507469169896098,51.45044323371609,0.0</coordinates>
                </Point>
                <Point id="17062">
                    <coordinates>13.507204750040097,51.4500238116549,0.0</coordinates>
                </Point>
                <Point id="17064">
                    <coordinates>13.5075382987264,51.450029762593,0.0</coordinates>
                </Point>
                <Point id="17066">
                    <coordinates>13.5079122490707,51.44994634977909,0.0</coordinates>
                </Point>
                <Point id="17068">
                    <coordinates>13.506090487225098,51.449930747832184,0.0</coordinates>
                </Point>
                <Point id="17070">
                    <coordinates>13.5069365966843,51.4500159292651,0.0</coordinates>
                </Point>
                <Point id="17072">
                    <coordinates>13.5066616398768,51.44999545047969,0.0</coordinates>
                </Point>
                <Point id="17074">
                    <coordinates>13.5060925841622,51.4495963919707,0.0</coordinates>
                </Point>
                <Point id="17076">
                    <coordinates>13.510575300821698,51.4495750943789,0.0</coordinates>
                </Point>
                <Point id="17078">
                    <coordinates>13.5101127783669,51.44940584301299,0.0</coordinates>
                </Point>
                <Point id="17080">
                    <coordinates>13.511987506990799,51.4488534682729,0.0</coordinates>
                </Point>
                <Point id="17082">
                    <coordinates>13.506052589748199,51.4493854895769,0.0</coordinates>
                </Point>
                <Point id="17084">
                    <coordinates>13.5067874952527,51.449298795285,0.0</coordinates>
                </Point>
                <Point id="17086">
                    <coordinates>13.5068055617146,51.4490604240846,0.0</coordinates>
                </Point>
                <Point id="17088">
                    <coordinates>13.506468040254,51.448936437758896,0.0</coordinates>
                </Point>
                <Point id="17090">
                    <coordinates>13.506346082522,51.4487642491585,0.0</coordinates>
                </Point>
                <Point id="17092">
                    <coordinates>13.5066788205067,51.448488926298005,0.0</coordinates>
                </Point>
                <Point id="17094">
                    <coordinates>13.509305053713199,51.449387147809986,0.0</coordinates>
                </Point>
                <Point id="17096">
                    <coordinates>13.5068812359244,51.4481369946334,0.0</coordinates>
                </Point>
                <Point id="17098">
                    <coordinates>13.5067070448799,51.4481954080811,0.0</coordinates>
                </Point>
                <Point id="17100">
                    <coordinates>13.5072461896228,51.4474827526773,0.0</coordinates>
                </Point>
                <Point id="17102">
                    <coordinates>13.505738428342596,51.45145097300059,0.0</coordinates>
                </Point>
                <Point id="17104">
                    <coordinates>13.505553106181003,51.4507921399762,0.0</coordinates>
                </Point>
                <Point id="17106">
                    <coordinates>13.5055984685679,51.450909908206995,0.0</coordinates>
                </Point>
                <Point id="17108">
                    <coordinates>13.5051133677577,51.45126529585559,0.0</coordinates>
                </Point>
                <Point id="17110">
                    <coordinates>13.505513025056398,51.450521231880494,0.0</coordinates>
                </Point>
                <Point id="17112">
                    <coordinates>13.5054647572031,51.45064152286939,0.0</coordinates>
                </Point>
                <Point id="17114">
                    <coordinates>13.5057427324813,51.44978979864688,0.0</coordinates>
                </Point>
                <Point id="17116">
                    <coordinates>13.504858172017197,51.44995955218039,0.0</coordinates>
                </Point>
                <Point id="17118">
                    <coordinates>13.505256126562598,51.4500126886704,0.0</coordinates>
                </Point>
                <Point id="17120">
                    <coordinates>13.5053139851171,51.44973752596939,0.0</coordinates>
                </Point>
                <Point id="17122">
                    <coordinates>13.5050810964465,51.4496546052777,0.0</coordinates>
                </Point>
                <Point id="17124">
                    <coordinates>13.504853120229098,51.44955278041449,0.0</coordinates>
                </Point>
                <Point id="17126">
                    <coordinates>13.504391438667097,51.449479629885694,0.0</coordinates>
                </Point>
                <Point id="17128">
                    <coordinates>13.5044173850675,51.449171224600896,0.0</coordinates>
                </Point>
                <Point id="17130">
                    <coordinates>13.504745724817202,51.449166977167295,0.0</coordinates>
                </Point>
                <Point id="17132">
                    <coordinates>13.5041951024122,51.4484021604321,0.0</coordinates>
                </Point>
                <Point id="17134">
                    <coordinates>13.5048368191593,51.4489883946637,0.0</coordinates>
                </Point>
                <Point id="17136">
                    <coordinates>13.505280852082,51.44871766956889,0.0</coordinates>
                </Point>
                <Point id="17138">
                    <coordinates>13.505328267183,51.4485118533198,0.0</coordinates>
                </Point>
                <Point id="17140">
                    <coordinates>13.505016173717697,51.4485264652652,0.0</coordinates>
                </Point>
                <Point id="17142">
                    <coordinates>13.541901423833098,51.45274163638989,0.0</coordinates>
                </Point>
                <Point id="17144">
                    <coordinates>13.543220564943297,51.452802324038394,0.0</coordinates>
                </Point>
                <Point id="17146">
                    <coordinates>13.530593787669797,51.4535318802424,0.0</coordinates>
                </Point>
                <Point id="17148">
                    <coordinates>13.532189717257799,51.4535900810561,0.0</coordinates>
                </Point>
                <Point id="17150">
                    <coordinates>13.529523236236201,51.45315555003548,0.0</coordinates>
                </Point>
                <Point id="17152">
                    <coordinates>13.528407423540997,51.45322136718579,0.0</coordinates>
                </Point>
                <Point id="17154">
                    <coordinates>13.528382365548898,51.4526917108375,0.0</coordinates>
                </Point>
                <Point id="17156">
                    <coordinates>13.5284499169365,51.45237223731358,0.0</coordinates>
                </Point>
                <Point id="17158">
                    <coordinates>13.5285007992142,51.452230433294794,0.0</coordinates>
                </Point>
                <Point id="17160">
                    <coordinates>13.528537494882197,51.45204141275429,0.0</coordinates>
                </Point>
                <Point id="17162">
                    <coordinates>13.538096409758598,51.4535308341321,0.0</coordinates>
                </Point>
                <Point id="17164">
                    <coordinates>13.5382680827773,51.4535301281582,0.0</coordinates>
                </Point>
                <Point id="17166">
                    <coordinates>13.5371505171464,51.45357809070651,0.0</coordinates>
                </Point>
                <Point id="17168">
                    <coordinates>13.538994288232999,51.4535872812122,0.0</coordinates>
                </Point>
                <Point id="17170">
                    <coordinates>13.538739056802997,51.45357504898729,0.0</coordinates>
                </Point>
                <Point id="17172">
                    <coordinates>13.5340283782175,51.453601299206795,0.0</coordinates>
                </Point>
                <Point id="17174">
                    <coordinates>13.5336803509838,51.45359739382479,0.0</coordinates>
                </Point>
                <Point id="17176">
                    <coordinates>13.533879913098897,51.4535697417965,0.0</coordinates>
                </Point>
                <Point id="17178">
                    <coordinates>13.5345196597926,51.4535506270811,0.0</coordinates>
                </Point>
                <Point id="17180">
                    <coordinates>13.5357512291149,51.453569336036104,0.0</coordinates>
                </Point>
                <Point id="17182">
                    <coordinates>13.536125298921396,51.453560896613794,0.0</coordinates>
                </Point>
                <Point id="17184">
                    <coordinates>13.535257516276697,51.4535440285375,0.0</coordinates>
                </Point>
                <Point id="17186">
                    <coordinates>13.535462820996996,51.4535697143393,0.0</coordinates>
                </Point>
                <Point id="17188">
                    <coordinates>13.5348172250177,51.45353696497799,0.0</coordinates>
                </Point>
                <Point id="17190">
                    <coordinates>13.5354608663896,51.4505285326748,0.0</coordinates>
                </Point>
                <Point id="17192">
                    <coordinates>13.528585519852799,51.451871979554404,0.0</coordinates>
                </Point>
                <Point id="17194">
                    <coordinates>13.528618248282196,51.45173513958749,0.0</coordinates>
                </Point>
                <Point id="17196">
                    <coordinates>13.5286535750895,51.451535641250295,0.0</coordinates>
                </Point>
                <Point id="17198">
                    <coordinates>13.5306862764899,51.442986152824,0.0</coordinates>
                </Point>
                <Point id="17200">
                    <coordinates>13.5307252305024,51.44288375707439,0.0</coordinates>
                </Point>
                <Point id="17202">
                    <coordinates>13.531155614849899,51.4430266614605,0.0</coordinates>
                </Point>
                <Point id="17204">
                    <coordinates>13.5309299280824,51.44270823430149,0.0</coordinates>
                </Point>
                <Point id="17206">
                    <coordinates>13.517258926263597,51.446343341645296,0.0</coordinates>
                </Point>
                <Point id="17208">
                    <coordinates>13.518507162231902,51.4448108672136,0.0</coordinates>
                </Point>
                <Point id="17210">
                    <coordinates>13.5181318947479,51.4454907543626,0.0</coordinates>
                </Point>
                <Point id="17212">
                    <coordinates>13.5253506969454,51.4452096088748,0.0</coordinates>
                </Point>
                <Point id="17214">
                    <coordinates>13.525059289640499,51.4453731348467,0.0</coordinates>
                </Point>
                <Point id="17216">
                    <coordinates>13.5246446419476,51.4452039432238,0.0</coordinates>
                </Point>
                <Point id="17218">
                    <coordinates>13.524885484442102,51.4450275925607,0.0</coordinates>
                </Point>
                <Point id="17220">
                    <coordinates>13.524532028814399,51.444845711230094,0.0</coordinates>
                </Point>
                <Point id="17222">
                    <coordinates>13.524140445518201,51.44466106385699,0.0</coordinates>
                </Point>
                <Point id="17224">
                    <coordinates>13.524063037869702,51.4446203464526,0.0</coordinates>
                </Point>
                <Point id="17226">
                    <coordinates>13.5236636920039,51.4450666067398,0.0</coordinates>
                </Point>
                <Point id="17228">
                    <coordinates>13.523806983805798,51.444871614183796,0.0</coordinates>
                </Point>
                <Point id="17230">
                    <coordinates>13.523307764889498,51.444839898982295,0.0</coordinates>
                </Point>
                <Point id="17232">
                    <coordinates>13.5233685147013,51.44454269936439,0.0</coordinates>
                </Point>
                <Point id="17234">
                    <coordinates>13.5236223205147,51.44440759830479,0.0</coordinates>
                </Point>
                <Point id="17236">
                    <coordinates>13.5235497297936,51.4443696384681,0.0</coordinates>
                </Point>
                <Point id="17238">
                    <coordinates>13.5231228460738,51.4443922073287,0.0</coordinates>
                </Point>
                <Point id="17240">
                    <coordinates>13.5273820855107,51.44653476689211,0.0</coordinates>
                </Point>
                <Point id="17242">
                    <coordinates>13.5265268304293,51.44614590156961,0.0</coordinates>
                </Point>
                <Point id="17244">
                    <coordinates>13.525884018834896,51.4466509822797,0.0</coordinates>
                </Point>
                <Point id="17246">
                    <coordinates>13.526241773568,51.446434998179285,0.0</coordinates>
                </Point>
                <Point id="17248">
                    <coordinates>13.525600857868103,51.4465763963362,0.0</coordinates>
                </Point>
                <Point id="17250">
                    <coordinates>13.526504091525602,51.44647325897539,0.0</coordinates>
                </Point>
                <Point id="17252">
                    <coordinates>13.530650075808898,51.455132418222085,0.0</coordinates>
                </Point>
                <Point id="17254">
                    <coordinates>13.525986338465097,51.44590976269541,0.0</coordinates>
                </Point>
                <Point id="17256">
                    <coordinates>13.526708919423701,51.4465885320468,0.0</coordinates>
                </Point>
                <Point id="17258">
                    <coordinates>13.531213507338398,51.45391382894789,0.0</coordinates>
                </Point>
                <Point id="17260">
                    <coordinates>13.5316089930342,51.45392506371291,0.0</coordinates>
                </Point>
                <Point id="17262">
                    <coordinates>13.5231714644679,51.44953524782889,0.0</coordinates>
                </Point>
                <Point id="17264">
                    <coordinates>13.526976115553698,51.44634422608758,0.0</coordinates>
                </Point>
                <Point id="17266">
                    <coordinates>13.5086542823614,51.45069647461699,0.0</coordinates>
                </Point>
                <Point id="17268">
                    <coordinates>13.5332324464291,51.453609927567896,0.0</coordinates>
                </Point>
                <Point id="17270">
                    <coordinates>13.506523428215198,51.450698630366794,0.0</coordinates>
                </Point>
                <Point id="17272">
                    <coordinates>13.525844180621199,51.4460426396611,0.0</coordinates>
                </Point>
                <Point id="17274">
                    <coordinates>13.50583174389048,51.45075977851722,0.0</coordinates>
                </Point>
                <Point id="17276">
                    <coordinates>13.5266888841328,51.4469542207884,0.0</coordinates>
                </Point>
                <Point id="17278">
                    <coordinates>13.530713003825692,51.44491301634172,0.0</coordinates>
                </Point>
                <Point id="17280">
                    <coordinates>13.526865495730098,51.44728532050579,0.0</coordinates>
                </Point>
                <Point id="17282">
                    <coordinates>13.525629709443601,51.4458046878182,0.0</coordinates>
                </Point>
                <Point id="17284">
                    <coordinates>13.534215485203799,51.453558082642886,0.0</coordinates>
                </Point>
                <Point id="17286">
                    <coordinates>13.5318051512558,51.455237851439804,0.0</coordinates>
                </Point>
                <Point id="17288">
                    <coordinates>13.5271040634422,51.4476198144011,0.0</coordinates>
                </Point>
                <Point id="17290">
                    <coordinates>13.525576167637398,51.446309872664884,0.0</coordinates>
                </Point>
                <Point id="17292">
                    <coordinates>13.503312909878302,51.4488507935554,0.0</coordinates>
                </Point>
                <Point id="17294">
                    <coordinates>13.531535194207597,51.45498929822689,0.0</coordinates>
                </Point>
                <Point id="17296">
                    <coordinates>13.531823778623599,51.4554886185133,0.0</coordinates>
                </Point>
                <Point id="17298">
                    <coordinates>13.5326197321397,51.4469140229823,0.0</coordinates>
                </Point>
                <Point id="17300">
                    <coordinates>13.527465782930298,51.4461233487389,0.0</coordinates>
                </Point>
                <Point id="17302">
                    <coordinates>13.5174858861891,51.445991578085504,0.0</coordinates>
                </Point>
                <Point id="17304">
                    <coordinates>13.526091956789099,51.44664735263989,0.0</coordinates>
                </Point>
                <Point id="17306">
                    <coordinates>13.528357343903046,51.44656988119806,0.0</coordinates>
                </Point>
                <Point id="17308">
                    <coordinates>13.5289697681093,51.447522915338794,0.0</coordinates>
                </Point>
                <Point id="17310">
                    <coordinates>13.529433036822699,51.453517946147095,0.0</coordinates>
                </Point>
                <Point id="17312">
                    <coordinates>13.5272308767659,51.44715548973959,0.0</coordinates>
                </Point>
            </MultiGeometry>
        </Placemark>
    </Document>
</kml>
