<?xml version="1.0" encoding="UTF-8"?>
<kml xmlns="http://www.opengis.net/kml/2.2" xmlns:gx="http://www.google.com/kml/ext/2.2">
    <Document id="38677">
        <Style id="40522">
            <IconStyle id="40523">
                <color>ff0000ff</color>
                <colorMode>normal</colorMode>
                <scale>1</scale>
                <heading>0</heading>
                <Icon id="40524">
                    <href>http://maps.google.com/mapfiles/kml/pushpin/ylw-pushpin.png</href>
                </Icon>
            </IconStyle>
            <LineStyle id="40525">
                <color>ff0000ff</color>
                <colorMode>normal</colorMode>
                <width>5</width>
            </LineStyle>
        </Style>
        <Style id="41826">
            <IconStyle id="41828">
                <colorMode>normal</colorMode>
                <scale>1</scale>
                <heading>0</heading>
                <Icon id="41829">
                    <href>http://maps.google.com/mapfiles/kml/shapes/placemark_circle.png</href>
                </Icon>
            </IconStyle>
            <LabelStyle id="41827">
                <colorMode>normal</colorMode>
                <scale>0.0</scale>
            </LabelStyle>
        </Style>
        <open>1</open>
        <Placemark id="38679">
            <name>MultiLine</name>
            <styleUrl>#40522</styleUrl>
            <MultiGeometry id="38678">
                <LineString id="38680">
                    <coordinates>13.298218069999999,51.46697812000001,0.0 13.298292279999997,51.46676824999999,0.0</coordinates>
                </LineString>
                <LineString id="38682">
                    <coordinates>13.28539594,51.50142944,0.0 13.28537105,51.50142158999999,0.0</coordinates>
                </LineString>
                <LineString id="38684">
                    <coordinates>13.227336359999999,51.50024457999999,0.0 13.227336709999998,51.50024685999998,0.0 13.22733937,51.50026937,0.0</coordinates>
                </LineString>
                <LineString id="38686">
                    <coordinates>13.22753634,51.50073407000001,0.0 13.227515079999998,51.50063860999999,0.0 13.227494610000003,51.50054472,0.0 13.227469280000001,51.50043176000001,0.0 13.22745135,51.500333399999995,0.0 13.22744524,51.500265709999994,0.0</coordinates>
                </LineString>
                <LineString id="38688">
                    <coordinates>13.22851864,51.49576944,0.0 13.22850084,51.49586895,0.0 13.228477619999998,51.4959852,0.0 13.228463170000001,51.49604922000001,0.0</coordinates>
                </LineString>
                <LineString id="38690">
                    <coordinates>13.23257888,51.501200439999984,0.0 13.2325969,51.50116258999999,0.0 13.23262876,51.50109873,0.0 13.23265667,51.50103764,0.0 13.232693670000002,51.50095852,0.0 13.23270272,51.50094318,0.0 13.23271926,51.50091835,0.0 13.232720979999998,51.50091338000001,0.0</coordinates>
                </LineString>
                <LineString id="38692">
                    <coordinates>13.22807207,51.49744311999999,0.0 13.22806777,51.49743612,0.0 13.2280644,51.49743062,0.0 13.22805863,51.49742472,0.0 13.22805398,51.497421429999996,0.0 13.228043840000002,51.49741699,0.0 13.22803224,51.49741318000001,0.0 13.227974849999999,51.49739344999999,0.0 13.22789548,51.497367139999994,0.0 13.227809029999998,51.49734018,0.0 13.227766379999998,51.49732629999998,0.0 13.22764357,51.49728699,0.0 13.22761982,51.49728023,0.0</coordinates>
                </LineString>
                <LineString id="38694">
                    <coordinates>13.22757253,51.49726834999999,0.0 13.227494129999998,51.49725068,0.0</coordinates>
                </LineString>
                <LineString id="38696">
                    <coordinates>13.22761982,51.49728023,0.0 13.22757253,51.49726834999999,0.0</coordinates>
                </LineString>
                <LineString id="38698">
                    <coordinates>13.22729883,51.497052399999994,0.0 13.227286249999999,51.49711711,0.0 13.227284899999999,51.49712172000001,0.0 13.227282849999998,51.49712561999999,0.0 13.22727784,51.49712766999999,0.0 13.22727247,51.497128029999985,0.0 13.227263859999999,51.497126449999996,0.0</coordinates>
                </LineString>
                <LineString id="38700">
                    <coordinates>13.227263859999999,51.497126449999996,0.0 13.227394409999999,51.49714693999999,0.0 13.22743799,51.497155830000004,0.0</coordinates>
                </LineString>
                <LineString id="38702">
                    <coordinates>13.227818349999998,51.49723345,0.0 13.227912070000002,51.49725173,0.0 13.22792645,51.49725273,0.0 13.227938559999998,51.49724922999999,0.0 13.227948469999998,51.497244249999994,0.0 13.227955489999998,51.49723761,0.0 13.22796828,51.49721327999999,0.0 13.227994469999999,51.49715926999999,0.0</coordinates>
                </LineString>
                <LineString id="38704">
                    <coordinates>13.228715599999997,51.49305173,0.0 13.22859256,51.49326831,0.0 13.228577879999998,51.49330575,0.0 13.228565509999997,51.49336625,0.0 13.2285519,51.49343242999999,0.0 13.228549049999996,51.49345999,0.0 13.228537749999997,51.49372577999999,0.0</coordinates>
                </LineString>
                <LineString id="38706">
                    <coordinates>13.228537749999997,51.49372577999999,0.0 13.22853136,51.49396649999999,0.0</coordinates>
                </LineString>
                <LineString id="38708">
                    <coordinates>13.22853136,51.49396649999999,0.0 13.22852716,51.49410689,0.0</coordinates>
                </LineString>
                <LineString id="38710">
                    <coordinates>13.228484199999999,51.494899229999994,0.0 13.228480509999999,51.49497053999999,0.0</coordinates>
                </LineString>
                <LineString id="38712">
                    <coordinates>13.269310569999998,51.47312457,0.0 13.26932808,51.47308035,0.0 13.2693355,51.473053719999996,0.0 13.269341169999999,51.47302822999999,0.0 13.269341339999999,51.47300814999999,0.0 13.269338579999998,51.47297064,0.0</coordinates>
                </LineString>
                <LineString id="38714">
                    <coordinates>13.269231090000002,51.47345457,0.0 13.26917003,51.4734335,0.0 13.269230179999997,51.473300359999996,0.0 13.269310569999998,51.47312457,0.0</coordinates>
                </LineString>
                <LineString id="38716">
                    <coordinates>13.269335769999998,51.47293858999999,0.0 13.269338579999998,51.47297064,0.0</coordinates>
                </LineString>
                <LineString id="38718">
                    <coordinates>13.268891469999998,51.47158232999999,0.0 13.26885131,51.47149036,0.0 13.26882219,51.471404789999994,0.0</coordinates>
                </LineString>
                <LineString id="38720">
                    <coordinates>13.269335769999998,51.47293858999999,0.0 13.2693311,51.47290357999999,0.0 13.26928538,51.47274926,0.0</coordinates>
                </LineString>
                <LineString id="38722">
                    <coordinates>13.26928538,51.47274926,0.0 13.26923907,51.47261994,0.0 13.269220919999999,51.47257079999999,0.0 13.269172450000001,51.472444249999995,0.0</coordinates>
                </LineString>
                <LineString id="38724">
                    <coordinates>13.269172450000001,51.472444249999995,0.0 13.269085639999998,51.47220605999998,0.0 13.26906473,51.472138769999994,0.0</coordinates>
                </LineString>
                <LineString id="38726">
                    <coordinates>13.26906473,51.472138769999994,0.0 13.269063509999999,51.47212516999999,0.0</coordinates>
                </LineString>
                <LineString id="38728">
                    <coordinates>13.26904449,51.47205516,0.0 13.26902892,51.47199145,0.0 13.269009129999999,51.47185021,0.0</coordinates>
                </LineString>
                <LineString id="38730">
                    <coordinates>13.269063509999999,51.47212516999999,0.0 13.26904449,51.47205516,0.0</coordinates>
                </LineString>
                <LineString id="38732">
                    <coordinates>13.269009129999999,51.47185021,0.0 13.269005970000002,51.4718291,0.0 13.26897422,51.47172109,0.0</coordinates>
                </LineString>
                <LineString id="38734">
                    <coordinates>13.26897422,51.47172109,0.0 13.26896524,51.471693570000006,0.0 13.26889717,51.47159691,0.0 13.268891469999998,51.47158232999999,0.0</coordinates>
                </LineString>
                <LineString id="38736">
                    <coordinates>13.257867049999998,51.459390219999996,0.0 13.258133049999998,51.4590045,0.0</coordinates>
                </LineString>
                <LineString id="38738">
                    <coordinates>13.285639169999998,51.501809539999996,0.0 13.285622149999998,51.50180481999999,0.0</coordinates>
                </LineString>
                <LineString id="38740">
                    <coordinates>13.288375,51.50406878,0.0 13.2879578,51.50419116,0.0</coordinates>
                </LineString>
                <LineString id="38742">
                    <coordinates>13.2879578,51.50419116,0.0 13.287609379999997,51.50438230999999,0.0</coordinates>
                </LineString>
                <LineString id="38744">
                    <coordinates>13.288375,51.50406878,0.0 13.288279569999998,51.50393745,0.0</coordinates>
                </LineString>
                <LineString id="38746">
                    <coordinates>13.227741799999999,51.50165571,0.0 13.227738589999998,51.50174862000001,0.0</coordinates>
                </LineString>
                <LineString id="38748">
                    <coordinates>13.23230958,51.49829423,0.0 13.232278350000001,51.49837716,0.0 13.232274430000002,51.49838618,0.0</coordinates>
                </LineString>
                <LineString id="38750">
                    <coordinates>13.268681349999998,51.47138079999999,0.0 13.268715559999999,51.471378779999995,0.0</coordinates>
                </LineString>
                <LineString id="38752">
                    <coordinates>13.26867753,51.471357559999994,0.0 13.268681349999998,51.47138079999999,0.0</coordinates>
                </LineString>
                <LineString id="38754">
                    <coordinates>13.268715559999999,51.471378779999995,0.0 13.268811849999999,51.471374499999996,0.0</coordinates>
                </LineString>
                <LineString id="38756">
                    <coordinates>13.268811849999999,51.471374499999996,0.0 13.26882219,51.471404789999994,0.0</coordinates>
                </LineString>
                <LineString id="38758">
                    <coordinates>13.26793286,51.476907759999996,0.0 13.268096869999999,51.47688747999999,0.0</coordinates>
                </LineString>
                <LineString id="38760">
                    <coordinates>13.268839279999998,51.47672567999999,0.0 13.268857059999998,51.47677554,0.0</coordinates>
                </LineString>
                <LineString id="38762">
                    <coordinates>13.26880607,51.476784040000005,0.0 13.268857059999998,51.47677554,0.0</coordinates>
                </LineString>
                <LineString id="38764">
                    <coordinates>13.268096869999999,51.47688747999999,0.0 13.26834374,51.47685713999999,0.0 13.26871859,51.47679853,0.0 13.26880607,51.476784040000005,0.0</coordinates>
                </LineString>
                <LineString id="38766">
                    <coordinates>13.268839279999998,51.47672567999999,0.0 13.26880139,51.47662284999999,0.0</coordinates>
                </LineString>
                <LineString id="38768">
                    <coordinates>13.26880139,51.47662284999999,0.0 13.269124360000001,51.47657368,0.0</coordinates>
                </LineString>
                <LineString id="38770">
                    <coordinates>13.269124360000001,51.47657368,0.0 13.26938111,51.47653454999999,0.0</coordinates>
                </LineString>
                <LineString id="38772">
                    <coordinates>13.26938111,51.47653454999999,0.0 13.269653470000002,51.47649303,0.0</coordinates>
                </LineString>
                <LineString id="38774">
                    <coordinates>13.269682369999998,51.47648843999999,0.0 13.2699951,51.47643801999999,0.0</coordinates>
                </LineString>
                <LineString id="38776">
                    <coordinates>13.270008829999998,51.47643785,0.0 13.2699951,51.47643801999999,0.0</coordinates>
                </LineString>
                <LineString id="38778">
                    <coordinates>13.270008829999998,51.47643785,0.0 13.270034599999999,51.47638077999999,0.0 13.270041419999998,51.47637379,0.0</coordinates>
                </LineString>
                <LineString id="38780">
                    <coordinates>13.27015813,51.47644211999998,0.0 13.27006293,51.47645572,0.0 13.27005071,51.47643164000001,0.0 13.270008829999998,51.47643785,0.0</coordinates>
                </LineString>
                <LineString id="38782">
                    <coordinates>13.270041419999998,51.47637379,0.0 13.2700736,51.47634769999999,0.0 13.27009703,51.476326769999986,0.0 13.270115400000002,51.47630531,0.0 13.270125529999998,51.47629063999999,0.0 13.27013578,51.476265829999996,0.0 13.27014415,51.476237219999994,0.0 13.270150749999999,51.47620075,0.0 13.27015029,51.47617451999999,0.0 13.270144519999999,51.476145949999996,0.0 13.270130949999999,51.47611763,0.0 13.2701153,51.47608793,0.0</coordinates>
                </LineString>
                <LineString id="38784">
                    <coordinates>13.33497561,51.49030918999999,0.0 13.33511162,51.49012608000001,0.0</coordinates>
                </LineString>
                <LineString id="38786">
                    <coordinates>13.33511162,51.49012608000001,0.0 13.335201139999999,51.49000081999999,0.0</coordinates>
                </LineString>
                <LineString id="38788">
                    <coordinates>13.335201139999999,51.49000081999999,0.0 13.33527166,51.48990089999999,0.0</coordinates>
                </LineString>
                <LineString id="38790">
                    <coordinates>13.33527166,51.48990089999999,0.0 13.335277899999998,51.48989467999999,0.0</coordinates>
                </LineString>
                <LineString id="38792">
                    <coordinates>13.335277899999998,51.48989467999999,0.0 13.335319339999998,51.489836739999994,0.0</coordinates>
                </LineString>
                <LineString id="38794">
                    <coordinates>13.335319339999998,51.489836739999994,0.0 13.33542408,51.48968742999999,0.0</coordinates>
                </LineString>
                <LineString id="38796">
                    <coordinates>13.33542408,51.48968742999999,0.0 13.33543029,51.48967939,0.0</coordinates>
                </LineString>
                <LineString id="38798">
                    <coordinates>13.33543029,51.48967939,0.0 13.3355101,51.489553650000005,0.0</coordinates>
                </LineString>
                <LineString id="38800">
                    <coordinates>13.3355101,51.489553650000005,0.0 13.33554422,51.48949812,0.0 13.33558273,51.489437919999986,0.0 13.335603119999998,51.48940598999999,0.0</coordinates>
                </LineString>
                <LineString id="38802">
                    <coordinates>13.335603119999998,51.48940598999999,0.0 13.335630190000002,51.48936372000001,0.0 13.335659309999999,51.48931128,0.0 13.33571027,51.48920393,0.0 13.3357643,51.489089639999996,0.0</coordinates>
                </LineString>
                <LineString id="38804">
                    <coordinates>13.3357643,51.489089639999996,0.0 13.335778050000002,51.489060620000004,0.0</coordinates>
                </LineString>
                <LineString id="38806">
                    <coordinates>13.33592462,51.489099249999995,0.0 13.33580213,51.48906676000001,0.0</coordinates>
                </LineString>
                <LineString id="38808">
                    <coordinates>13.33580213,51.48906676000001,0.0 13.335778050000002,51.489060620000004,0.0</coordinates>
                </LineString>
                <LineString id="38810">
                    <coordinates>13.33592462,51.489099249999995,0.0 13.335933949999998,51.48910273,0.0</coordinates>
                </LineString>
                <LineString id="38812">
                    <coordinates>13.335933949999998,51.48910273,0.0 13.335947960000002,51.48909960999998,0.0</coordinates>
                </LineString>
                <LineString id="38814">
                    <coordinates>13.33572481,51.4889159,0.0 13.33580106,51.48900358,0.0</coordinates>
                </LineString>
                <LineString id="38816">
                    <coordinates>13.33580106,51.48900358,0.0 13.335801989999998,51.48901186999999,0.0 13.335778050000002,51.489060620000004,0.0</coordinates>
                </LineString>
                <LineString id="38818">
                    <coordinates>13.33611227,51.48987642,0.0 13.336116790000002,51.48991628000001,0.0 13.33629474,51.48996682000001,0.0</coordinates>
                </LineString>
                <LineString id="38820">
                    <coordinates>13.33212993,51.49380957999999,0.0 13.33220685,51.493792589999984,0.0 13.332239640000001,51.49377559,0.0</coordinates>
                </LineString>
                <LineString id="38822">
                    <coordinates>13.332239640000001,51.49377559,0.0 13.33226309,51.493787,0.0 13.33236626,51.49374766,0.0</coordinates>
                </LineString>
                <LineString id="38824">
                    <coordinates>13.3325632,51.49368586,0.0 13.332486460000002,51.49371089000001,0.0</coordinates>
                </LineString>
                <LineString id="38826">
                    <coordinates>13.332486460000002,51.49371089000001,0.0 13.33236626,51.49374766,0.0</coordinates>
                </LineString>
                <LineString id="38828">
                    <coordinates>13.3325632,51.49368586,0.0 13.33258203,51.49367967,0.0 13.332687079999998,51.493624489999995,0.0 13.33270033,51.49361731,0.0 13.332812399999998,51.49353713999999,0.0</coordinates>
                </LineString>
                <LineString id="38830">
                    <coordinates>13.332812399999998,51.49353713999999,0.0 13.33298026,51.493569859999994,0.0</coordinates>
                </LineString>
                <LineString id="38832">
                    <coordinates>13.33298026,51.493569859999994,0.0 13.332970889999999,51.49360745999999,0.0</coordinates>
                </LineString>
                <LineString id="38834">
                    <coordinates>13.332970889999999,51.49360745999999,0.0 13.3329631,51.49365959000001,0.0</coordinates>
                </LineString>
                <LineString id="38836">
                    <coordinates>13.3329631,51.49365959000001,0.0 13.33295685,51.493704179999995,0.0 13.33295764,51.49376639999999,0.0 13.33295859,51.49385026000001,0.0 13.332958969999996,51.49392657,0.0 13.33296574,51.49393114,0.0 13.332960749999998,51.49396859,0.0</coordinates>
                </LineString>
                <LineString id="38838">
                    <coordinates>13.33295881,51.49400985999999,0.0 13.33295386,51.49400956000001,0.0</coordinates>
                </LineString>
                <LineString id="38840">
                    <coordinates>13.33295386,51.49400956000001,0.0 13.332960749999998,51.49396859,0.0</coordinates>
                </LineString>
                <LineString id="38842">
                    <coordinates>13.33311617,51.49335604999999,0.0 13.33308841,51.49339277999999,0.0 13.33300596,51.49348959999999,0.0</coordinates>
                </LineString>
                <LineString id="38844">
                    <coordinates>13.33300596,51.49348959999999,0.0 13.33299011,51.49350808,0.0 13.332984719999999,51.49355445999999,0.0</coordinates>
                </LineString>
                <LineString id="38846">
                    <coordinates>13.33298026,51.493569859999994,0.0 13.332984719999999,51.49355445999999,0.0</coordinates>
                </LineString>
                <LineString id="38848">
                    <coordinates>13.33311617,51.49335604999999,0.0 13.3331447,51.49331937,0.0</coordinates>
                </LineString>
                <LineString id="38850">
                    <coordinates>13.3331447,51.49331937,0.0 13.3329793,51.49326584,0.0</coordinates>
                </LineString>
                <LineString id="38852">
                    <coordinates>13.333873609999998,51.49365385,0.0 13.33382868,51.4937007,0.0</coordinates>
                </LineString>
                <LineString id="38854">
                    <coordinates>13.33382868,51.4937007,0.0 13.333816459999998,51.49371211999999,0.0 13.333798310000002,51.4937257,0.0</coordinates>
                </LineString>
                <LineString id="38856">
                    <coordinates>13.3329793,51.49326584,0.0 13.3329612,51.493250579999994,0.0</coordinates>
                </LineString>
                <LineString id="38858">
                    <coordinates>13.3331447,51.49331937,0.0 13.333141300000001,51.49331403,0.0 13.33316991,51.493276359999996,0.0 13.333184329999998,51.49325450999999,0.0</coordinates>
                </LineString>
                <LineString id="38860">
                    <coordinates>13.333184329999998,51.49325450999999,0.0 13.333352459999999,51.4930058,0.0</coordinates>
                </LineString>
                <LineString id="38862">
                    <coordinates>13.33336491,51.49298893,0.0 13.33358905,51.493045169999995,0.0 13.33366534,51.49314229,0.0</coordinates>
                </LineString>
                <LineString id="38864">
                    <coordinates>13.33366534,51.49314229,0.0 13.33364554,51.49329165000001,0.0 13.333633789999999,51.49329948,0.0</coordinates>
                </LineString>
                <LineString id="38866">
                    <coordinates>13.333633789999999,51.49329948,0.0 13.333654599999997,51.493305559999996,0.0</coordinates>
                </LineString>
                <LineString id="38868">
                    <coordinates>13.33366534,51.49314229,0.0 13.333688780000001,51.49310392999999,0.0</coordinates>
                </LineString>
                <LineString id="38870">
                    <coordinates>13.333688780000001,51.49310392999999,0.0 13.33374121,51.49304087000001,0.0</coordinates>
                </LineString>
                <LineString id="38872">
                    <coordinates>13.33374121,51.49304087000001,0.0 13.333721530000002,51.49303573,0.0</coordinates>
                </LineString>
                <LineString id="38874">
                    <coordinates>13.33336491,51.49298893,0.0 13.333160269999999,51.492934439999985,0.0</coordinates>
                </LineString>
                <LineString id="38876">
                    <coordinates>13.333352459999999,51.4930058,0.0 13.33336491,51.49298893,0.0</coordinates>
                </LineString>
                <LineString id="38878">
                    <coordinates>13.33317734,51.49290413999999,0.0 13.33323409,51.49283627,0.0</coordinates>
                </LineString>
                <LineString id="38880">
                    <coordinates>13.333160269999999,51.492934439999985,0.0 13.33317734,51.49290413999999,0.0</coordinates>
                </LineString>
                <LineString id="38882">
                    <coordinates>13.33329047,51.492716560000005,0.0 13.333320569999998,51.49267483999999,0.0 13.33334261,51.49264532000001,0.0 13.33334602,51.49263668,0.0</coordinates>
                </LineString>
                <LineString id="38884">
                    <coordinates>13.33334602,51.49263668,0.0 13.33345663,51.49245849,0.0 13.33349363,51.49240489999999,0.0</coordinates>
                </LineString>
                <LineString id="38886">
                    <coordinates>13.334015719999998,51.49164412,0.0 13.33403098,51.49162793,0.0 13.33405647,51.49157581,0.0 13.33406791,51.49156102,0.0</coordinates>
                </LineString>
                <LineString id="38888">
                    <coordinates>13.33349363,51.49240489999999,0.0 13.33360206,51.49224834000001,0.0</coordinates>
                </LineString>
                <LineString id="38890">
                    <coordinates>13.33360206,51.49224834000001,0.0 13.33369009,51.492117109999995,0.0</coordinates>
                </LineString>
                <LineString id="38892">
                    <coordinates>13.33369009,51.492117109999995,0.0 13.3338017,51.49195174,0.0 13.33386813,51.491855310000005,0.0</coordinates>
                </LineString>
                <LineString id="38894">
                    <coordinates>13.33386813,51.491855310000005,0.0 13.33396481,51.491708,0.0 13.334015719999998,51.49164412,0.0</coordinates>
                </LineString>
                <LineString id="38896">
                    <coordinates>13.33421942,51.49136955000001,0.0 13.33406791,51.49156102,0.0</coordinates>
                </LineString>
                <LineString id="38898">
                    <coordinates>13.334228789999997,51.49135757,0.0 13.33421942,51.49136955000001,0.0</coordinates>
                </LineString>
                <LineString id="38900">
                    <coordinates>13.334555909999999,51.49092197,0.0 13.334567189999998,51.49090717,0.0</coordinates>
                </LineString>
                <LineString id="38902">
                    <coordinates>13.334228789999997,51.49135757,0.0 13.334303899999998,51.49125665,0.0 13.334326759999998,51.491225109999995,0.0</coordinates>
                </LineString>
                <LineString id="38904">
                    <coordinates>13.334326759999998,51.491225109999995,0.0 13.334388300000002,51.49113461000001,0.0 13.33442965,51.49108291,0.0</coordinates>
                </LineString>
                <LineString id="38906">
                    <coordinates>13.33442965,51.49108291,0.0 13.33451513,51.490975199999994,0.0 13.334555909999999,51.49092197,0.0</coordinates>
                </LineString>
                <LineString id="38908">
                    <coordinates>13.33494241,51.490353289999995,0.0 13.334950089999998,51.49034214999998,0.0</coordinates>
                </LineString>
                <LineString id="38910">
                    <coordinates>13.334567189999998,51.49090717,0.0 13.33464155,51.490790749999995,0.0</coordinates>
                </LineString>
                <LineString id="38912">
                    <coordinates>13.33464155,51.490790749999995,0.0 13.33467585,51.490736649999995,0.0 13.33470192,51.49069446,0.0 13.334745429999998,51.49064351,0.0</coordinates>
                </LineString>
                <LineString id="38914">
                    <coordinates>13.334745429999998,51.49064351,0.0 13.334822320000002,51.49052896,0.0</coordinates>
                </LineString>
                <LineString id="38916">
                    <coordinates>13.334920279999999,51.49038538999999,0.0 13.33494241,51.490353289999995,0.0</coordinates>
                </LineString>
                <LineString id="38918">
                    <coordinates>13.334950089999998,51.49034214999998,0.0 13.33497561,51.49030918999999,0.0</coordinates>
                </LineString>
                <LineString id="38920">
                    <coordinates>13.334822320000002,51.49052896,0.0 13.334920279999999,51.49038538999999,0.0</coordinates>
                </LineString>
                <LineString id="38922">
                    <coordinates>13.339516069999998,51.49015868,0.0 13.33969854,51.48999931999999,0.0</coordinates>
                </LineString>
                <LineString id="38924">
                    <coordinates>13.33929358,51.490358150000006,0.0 13.339516069999998,51.49015868,0.0</coordinates>
                </LineString>
                <LineString id="38926">
                    <coordinates>13.33923129,51.49041143,0.0 13.33929358,51.490358150000006,0.0</coordinates>
                </LineString>
                <LineString id="38928">
                    <coordinates>13.256531190000002,51.46067088000001,0.0 13.25662885,51.46068796,0.0 13.25672309,51.460713049999995,0.0 13.256976789999998,51.46077334999999,0.0</coordinates>
                </LineString>
                <LineString id="38930">
                    <coordinates>13.257243349999996,51.46089307999999,0.0 13.25729792,51.460934449999996,0.0 13.257355419999998,51.460989179999984,0.0 13.25738793,51.46105159,0.0 13.257445340000002,51.461141530000006,0.0 13.25749227,51.46121245,0.0</coordinates>
                </LineString>
                <LineString id="38932">
                    <coordinates>13.25749227,51.46121245,0.0 13.257612559999998,51.461400809999994,0.0</coordinates>
                </LineString>
                <LineString id="38934">
                    <coordinates>13.258087599999998,51.4610303,0.0 13.258128379999997,51.460955389999995,0.0</coordinates>
                </LineString>
                <LineString id="38936">
                    <coordinates>13.25824664,51.46068047,0.0 13.2582888,51.4606067,0.0 13.258344349999998,51.46050622999999,0.0 13.258405700000003,51.46039883,0.0 13.2584611,51.46029593,0.0 13.258523289999998,51.46017123000001,0.0</coordinates>
                </LineString>
                <LineString id="38938">
                    <coordinates>13.258128379999997,51.460955389999995,0.0 13.258098460000001,51.46094990999999,0.0 13.25824664,51.46068047,0.0</coordinates>
                </LineString>
                <LineString id="38940">
                    <coordinates>13.25824664,51.46068047,0.0 13.258398420000002,51.460705909999994,0.0</coordinates>
                </LineString>
                <LineString id="38942">
                    <coordinates>13.289853839999997,51.46718182999999,0.0 13.2899152,51.46719084,0.0</coordinates>
                </LineString>
                <LineString id="38944">
                    <coordinates>13.2899152,51.46719084,0.0 13.289970099999998,51.46720157,0.0 13.29003353,51.46721037999999,0.0</coordinates>
                </LineString>
                <LineString id="38946">
                    <coordinates>13.29003353,51.46721037999999,0.0 13.290156559999998,51.46722764999999,0.0 13.290382890000002,51.46726062999999,0.0 13.29089904,51.46733524999999,0.0 13.291134709999998,51.467368289999996,0.0</coordinates>
                </LineString>
                <LineString id="38948">
                    <coordinates>13.291444420000001,51.46741276000001,0.0 13.291550880000003,51.46742788000001,0.0 13.291660379999998,51.46744886999999,0.0</coordinates>
                </LineString>
                <LineString id="38950">
                    <coordinates>13.291250070000002,51.46738493000001,0.0 13.291444420000001,51.46741276000001,0.0</coordinates>
                </LineString>
                <LineString id="38952">
                    <coordinates>13.291660379999998,51.46744886999999,0.0 13.29173105,51.46746607,0.0</coordinates>
                </LineString>
                <LineString id="38954">
                    <coordinates>13.291898310000002,51.46752304999999,0.0 13.291909100000002,51.46752722999999,0.0 13.292009909999999,51.46756846,0.0</coordinates>
                </LineString>
                <LineString id="38956">
                    <coordinates>13.29146244,51.46731902,0.0 13.29159955,51.46733961999999,0.0 13.29168329,51.46735277,0.0 13.291779510000001,51.46737159,0.0 13.29189079,51.46739932,0.0 13.29195214,51.467418929999994,0.0 13.292005739999999,51.46743665999999,0.0 13.292049169999999,51.46745418,0.0</coordinates>
                </LineString>
                <LineString id="38958">
                    <coordinates>13.292009909999999,51.46756846,0.0 13.2922302,51.46765733,0.0</coordinates>
                </LineString>
                <LineString id="38960">
                    <coordinates>13.292049169999999,51.46745418,0.0 13.29247994,51.46763866,0.0</coordinates>
                </LineString>
                <LineString id="38962">
                    <coordinates>13.2922302,51.46765733,0.0 13.29250304,51.467767640000005,0.0 13.292623049999998,51.46781549999999,0.0 13.29263209,51.46780967,0.0</coordinates>
                </LineString>
                <LineString id="38964">
                    <coordinates>13.29247994,51.46763866,0.0 13.29253952,51.46766375,0.0 13.292668800000001,51.46771883,0.0 13.29276717,51.46776141,0.0</coordinates>
                </LineString>
                <LineString id="38966">
                    <coordinates>13.29276717,51.46776141,0.0 13.292775109999997,51.46776558999999,0.0</coordinates>
                </LineString>
                <LineString id="38968">
                    <coordinates>13.29263209,51.46780967,0.0 13.29265655,51.46779602,0.0 13.292775109999997,51.46776558999999,0.0</coordinates>
                </LineString>
                <LineString id="38970">
                    <coordinates>13.293663919999998,51.468165109999994,0.0 13.293718229999998,51.46818984,0.0</coordinates>
                </LineString>
                <LineString id="38972">
                    <coordinates>13.293638270000002,51.46815182000001,0.0 13.293663919999998,51.468165109999994,0.0</coordinates>
                </LineString>
                <LineString id="38974">
                    <coordinates>13.293718229999998,51.46818984,0.0 13.293621129999996,51.468277509999986,0.0</coordinates>
                </LineString>
                <LineString id="38976">
                    <coordinates>13.293621129999996,51.468277509999986,0.0 13.29361003,51.46828710999999,0.0 13.29360633,51.468295699999985,0.0</coordinates>
                </LineString>
                <LineString id="38978">
                    <coordinates>13.293663919999998,51.468165109999994,0.0 13.29378617,51.46820712999999,0.0 13.29393978,51.46826122999999,0.0</coordinates>
                </LineString>
                <LineString id="38980">
                    <coordinates>13.29400724,51.46848615,0.0 13.294048019999996,51.46849273999999,0.0 13.29411185,51.468503749999996,0.0 13.294206289999998,51.46852819,0.0 13.294447059999998,51.46863166999999,0.0</coordinates>
                </LineString>
                <LineString id="38982">
                    <coordinates>13.294447059999998,51.46863166999999,0.0 13.294566760000002,51.46867512000001,0.0</coordinates>
                </LineString>
                <LineString id="38984">
                    <coordinates>13.294649999999999,51.468561560000005,0.0 13.294639139999997,51.46857734999998,0.0</coordinates>
                </LineString>
                <LineString id="38986">
                    <coordinates>13.29457048,51.4686701,0.0 13.294566760000002,51.46867512000001,0.0</coordinates>
                </LineString>
                <LineString id="38988">
                    <coordinates>13.294001520000002,51.468178989999984,0.0 13.29403292,51.46813946999999,0.0 13.294077470000001,51.46808468,0.0 13.294092990000001,51.46806056,0.0 13.29410517,51.46804032,0.0 13.294128339999997,51.46800696,0.0 13.2941629,51.46795861999999,0.0 13.294181309999999,51.467932059999995,0.0 13.294202450000002,51.46788806999999,0.0 13.29421806,51.46785121999999,0.0 13.29423649,51.46779499,0.0 13.294241699999999,51.46768767999998,0.0 13.294244249999998,51.46762267,0.0 13.294246479999998,51.467603180000005,0.0 13.294252280000002,51.467535,0.0 13.29425965,51.467475289999996,0.0 13.294269739999999,51.46742738,0.0</coordinates>
                </LineString>
                <LineString id="38990">
                    <coordinates>13.29393978,51.46826122999999,0.0 13.294001520000002,51.468178989999984,0.0</coordinates>
                </LineString>
                <LineString id="38992">
                    <coordinates>13.29515615,51.46872744,0.0 13.29507695,51.46882414,0.0</coordinates>
                </LineString>
                <LineString id="38994">
                    <coordinates>13.294649999999999,51.468561560000005,0.0 13.29515615,51.46872744,0.0</coordinates>
                </LineString>
                <LineString id="38996">
                    <coordinates>13.294658350000002,51.46913916,0.0 13.29462102,51.46924915999999,0.0</coordinates>
                </LineString>
                <LineString id="38998">
                    <coordinates>13.29471326,51.46897516999999,0.0 13.294658350000002,51.46913916,0.0</coordinates>
                </LineString>
                <LineString id="39000">
                    <coordinates>13.294762039999998,51.46882725999999,0.0 13.29475374,51.46885173999999,0.0 13.29471326,51.46897516999999,0.0</coordinates>
                </LineString>
                <LineString id="39002">
                    <coordinates>13.29477884,51.468805929999995,0.0 13.294768940000003,51.46881314000001,0.0 13.294763419999999,51.4688229,0.0 13.294762039999998,51.46882725999999,0.0</coordinates>
                </LineString>
                <LineString id="39004">
                    <coordinates>13.296302569999998,51.46908857999998,0.0 13.296508540000001,51.46915688,0.0 13.296569039999998,51.46916458999999,0.0 13.296756619999998,51.469144609999994,0.0</coordinates>
                </LineString>
                <LineString id="39006">
                    <coordinates>13.29515615,51.46872744,0.0 13.29544353,51.46882264,0.0</coordinates>
                </LineString>
                <LineString id="39008">
                    <coordinates>13.29544353,51.46882264,0.0 13.295541599999996,51.46885602999999,0.0 13.29567583,51.46889783000001,0.0 13.29582285,51.468943550000006,0.0</coordinates>
                </LineString>
                <LineString id="39010">
                    <coordinates>13.29582285,51.468943550000006,0.0 13.296095999999999,51.46902466,0.0</coordinates>
                </LineString>
                <LineString id="39012">
                    <coordinates>13.296095999999999,51.46902466,0.0 13.296302569999998,51.46908857999998,0.0</coordinates>
                </LineString>
                <LineString id="39014">
                    <coordinates>13.296756619999998,51.469144609999994,0.0 13.296828030000002,51.4691371,0.0</coordinates>
                </LineString>
                <LineString id="39016">
                    <coordinates>13.296828030000002,51.4691371,0.0 13.296843340000002,51.46918779000001,0.0</coordinates>
                </LineString>
                <LineString id="39018">
                    <coordinates>13.297079599999998,51.46933721,0.0 13.297090609999998,51.469339739999995,0.0</coordinates>
                </LineString>
                <LineString id="39020">
                    <coordinates>13.297090609999998,51.469339739999995,0.0 13.29713145,51.46935208000001,0.0</coordinates>
                </LineString>
                <LineString id="39022">
                    <coordinates>13.29713145,51.46935208000001,0.0 13.297321429999998,51.46941469,0.0 13.297417490000003,51.46944394999999,0.0 13.297702530000002,51.46953341,0.0</coordinates>
                </LineString>
                <LineString id="39024">
                    <coordinates>13.297702530000002,51.46953341,0.0 13.29792127,51.46959801,0.0</coordinates>
                </LineString>
                <LineString id="39026">
                    <coordinates>13.29792127,51.46959801,0.0 13.29811931,51.46965699999999,0.0</coordinates>
                </LineString>
                <LineString id="39028">
                    <coordinates>13.297079599999998,51.46933721,0.0 13.29706717,51.46933885999999,0.0 13.29705863,51.46934895,0.0</coordinates>
                </LineString>
                <LineString id="39030">
                    <coordinates>13.296843340000002,51.46918779000001,0.0 13.296790709999996,51.469256349999995,0.0 13.297079599999998,51.46933721,0.0</coordinates>
                </LineString>
                <LineString id="39032">
                    <coordinates>13.29705863,51.46934895,0.0 13.297000679999996,51.46942101999999,0.0</coordinates>
                </LineString>
                <LineString id="39034">
                    <coordinates>13.297000679999996,51.46942101999999,0.0 13.296997560000001,51.46942527,0.0 13.29705728,51.46944186999999,0.0 13.29705013,51.469479449999994,0.0</coordinates>
                </LineString>
                <LineString id="39036">
                    <coordinates>13.29705013,51.469479449999994,0.0 13.29703025,51.46955073999999,0.0 13.29699905,51.46966066,0.0</coordinates>
                </LineString>
                <LineString id="39038">
                    <coordinates>13.296967789999998,51.469935579999984,0.0 13.29689793,51.46992854,0.0</coordinates>
                </LineString>
                <LineString id="39040">
                    <coordinates>13.29699905,51.46966066,0.0 13.296980839999998,51.469775559999995,0.0 13.296967789999998,51.469935579999984,0.0</coordinates>
                </LineString>
                <LineString id="39042">
                    <coordinates>13.29769557,51.469543030000004,0.0 13.29764654,51.469599829999986,0.0</coordinates>
                </LineString>
                <LineString id="39044">
                    <coordinates>13.297702530000002,51.46953341,0.0 13.29769557,51.469543030000004,0.0</coordinates>
                </LineString>
                <LineString id="39046">
                    <coordinates>13.29764654,51.469599829999986,0.0 13.29765324,51.46961246000001,0.0 13.29773442,51.469638759999995,0.0 13.298186,51.469781549999986,0.0 13.298504900000001,51.46988916,0.0</coordinates>
                </LineString>
                <LineString id="39048">
                    <coordinates>13.298504900000001,51.46988916,0.0 13.29912737,51.47008989,0.0</coordinates>
                </LineString>
                <LineString id="39050">
                    <coordinates>13.29981653,51.47030358999999,0.0 13.29982525,51.47030637,0.0</coordinates>
                </LineString>
                <LineString id="39052">
                    <coordinates>13.29982525,51.47030637,0.0 13.29986706,51.470318259999985,0.0 13.30003281,51.47038848999999,0.0</coordinates>
                </LineString>
                <LineString id="39054">
                    <coordinates>13.30003281,51.47038848999999,0.0 13.300225359999999,51.470472969999996,0.0 13.30016907,51.47052222999999,0.0</coordinates>
                </LineString>
                <LineString id="39056">
                    <coordinates>13.29462102,51.46924915999999,0.0 13.29457333,51.46938996000001,0.0</coordinates>
                </LineString>
                <LineString id="39058">
                    <coordinates>13.294569880000001,51.469399239999994,0.0 13.2944725,51.469387399999995,0.0</coordinates>
                </LineString>
                <LineString id="39060">
                    <coordinates>13.29457333,51.46938996000001,0.0 13.29457113,51.46939608999998,0.0 13.294569880000001,51.469399239999994,0.0</coordinates>
                </LineString>
                <LineString id="39062">
                    <coordinates>13.294340449999996,51.46943507999999,0.0 13.29428153,51.46943939999999,0.0</coordinates>
                </LineString>
                <LineString id="39064">
                    <coordinates>13.29428153,51.46943939999999,0.0 13.294270180000002,51.46944782,0.0</coordinates>
                </LineString>
                <LineString id="39066">
                    <coordinates>13.29334373,51.46950776,0.0 13.29306896,51.46953100000001,0.0 13.293059429999998,51.469531419999996,0.0</coordinates>
                </LineString>
                <LineString id="39068">
                    <coordinates>13.293059429999998,51.469531419999996,0.0 13.292658689999998,51.469548979999985,0.0</coordinates>
                </LineString>
                <LineString id="39070">
                    <coordinates>13.29263413,51.4695512,0.0 13.292675109999998,51.46942983999999,0.0 13.292765349999998,51.46918016000001,0.0 13.29283154,51.46900915,0.0 13.2926373,51.468983789999996,0.0 13.292635889999998,51.46898684,0.0</coordinates>
                </LineString>
                <LineString id="39072">
                    <coordinates>13.292658689999998,51.469548979999985,0.0 13.29263413,51.4695512,0.0</coordinates>
                </LineString>
                <LineString id="39074">
                    <coordinates>13.29263413,51.4695512,0.0 13.292323699999997,51.469576079999996,0.0</coordinates>
                </LineString>
                <LineString id="39076">
                    <coordinates>13.292323699999997,51.469576079999996,0.0 13.29186972,51.469607069999995,0.0</coordinates>
                </LineString>
                <LineString id="39078">
                    <coordinates>13.29334373,51.46950776,0.0 13.293352889999996,51.469564299999995,0.0</coordinates>
                </LineString>
                <LineString id="39080">
                    <coordinates>13.29428153,51.46943939999999,0.0 13.294169999999998,51.469446749999996,0.0 13.29375096,51.46947644999999,0.0 13.29334373,51.46950776,0.0</coordinates>
                </LineString>
                <LineString id="39082">
                    <coordinates>13.293352889999996,51.469564299999995,0.0 13.293354149999999,51.46957249999999,0.0</coordinates>
                </LineString>
                <LineString id="39084">
                    <coordinates>13.293354149999999,51.46957249999999,0.0 13.29329797,51.46957761,0.0</coordinates>
                </LineString>
                <LineString id="39086">
                    <coordinates>13.29329797,51.46957761,0.0 13.29308884,51.46959645,0.0 13.293086529999998,51.46960292999999,0.0</coordinates>
                </LineString>
                <LineString id="39088">
                    <coordinates>13.294270180000002,51.46944782,0.0 13.29426423,51.46950112999998,0.0</coordinates>
                </LineString>
                <LineString id="39090">
                    <coordinates>13.29426423,51.46950112999998,0.0 13.294428609999999,51.46949863,0.0</coordinates>
                </LineString>
                <LineString id="39092">
                    <coordinates>13.294428609999999,51.46949863,0.0 13.29456502,51.46948713999999,0.0 13.29475499,51.46947097,0.0</coordinates>
                </LineString>
                <LineString id="39094">
                    <coordinates>13.295105019999998,51.46943019999999,0.0 13.295134139999998,51.46942648,0.0 13.295236270000002,51.46941302,0.0</coordinates>
                </LineString>
                <LineString id="39096">
                    <coordinates>13.29475499,51.46947097,0.0 13.29489102,51.46945697999999,0.0</coordinates>
                </LineString>
                <LineString id="39098">
                    <coordinates>13.29489102,51.46945697999999,0.0 13.295105019999998,51.46943019999999,0.0</coordinates>
                </LineString>
                <LineString id="39100">
                    <coordinates>13.295236270000002,51.46941302,0.0 13.295343939999999,51.46939836,0.0 13.29559542,51.4693613,0.0 13.295711989999997,51.469343679999994,0.0</coordinates>
                </LineString>
                <LineString id="39102">
                    <coordinates>13.295711989999997,51.469343679999994,0.0 13.29611934,51.469282679999985,0.0</coordinates>
                </LineString>
                <LineString id="39104">
                    <coordinates>13.29611934,51.469282679999985,0.0 13.29627124,51.469261459999984,0.0</coordinates>
                </LineString>
                <LineString id="39106">
                    <coordinates>13.29713972,51.46909628,0.0 13.297186229999998,51.46909004999999,0.0</coordinates>
                </LineString>
                <LineString id="39108">
                    <coordinates>13.296828030000002,51.4691371,0.0 13.29713972,51.46909628,0.0</coordinates>
                </LineString>
                <LineString id="39110">
                    <coordinates>13.297186229999998,51.46909004999999,0.0 13.297444729999999,51.4690543,0.0</coordinates>
                </LineString>
                <LineString id="39112">
                    <coordinates>13.297444729999999,51.4690543,0.0 13.297391290000002,51.46903579,0.0 13.29736369,51.46899400999999,0.0 13.29741542,51.46888420999999,0.0 13.297445199999999,51.468820859999994,0.0 13.2974585,51.46879271,0.0 13.29748153,51.46874413999999,0.0</coordinates>
                </LineString>
                <LineString id="39114">
                    <coordinates>13.297741449999998,51.46819988999999,0.0 13.297751560000002,51.46817834000001,0.0</coordinates>
                </LineString>
                <LineString id="39116">
                    <coordinates>13.29748153,51.46874413999999,0.0 13.29754979,51.46860365999999,0.0 13.29757483,51.46854827999999,0.0</coordinates>
                </LineString>
                <LineString id="39118">
                    <coordinates>13.297751560000002,51.46817834000001,0.0 13.297763340000001,51.46815623,0.0 13.29781583,51.46805292,0.0</coordinates>
                </LineString>
                <LineString id="39120">
                    <coordinates>13.29781583,51.46805292,0.0 13.29785892,51.467946999999995,0.0</coordinates>
                </LineString>
                <LineString id="39122">
                    <coordinates>13.29785892,51.467946999999995,0.0 13.29794306,51.46774327,0.0 13.29802365,51.46756853000001,0.0</coordinates>
                </LineString>
                <LineString id="39124">
                    <coordinates>13.29802365,51.46756853000001,0.0 13.298089579999997,51.4674503,0.0</coordinates>
                </LineString>
                <LineString id="39126">
                    <coordinates>13.298089579999997,51.4674503,0.0 13.29812301,51.46729775,0.0</coordinates>
                </LineString>
                <LineString id="39128">
                    <coordinates>13.298181879999998,51.46708608,0.0 13.298218069999999,51.46697812000001,0.0</coordinates>
                </LineString>
                <LineString id="39130">
                    <coordinates>13.29814579,51.467203559999994,0.0 13.298181879999998,51.46708608,0.0</coordinates>
                </LineString>
                <LineString id="39132">
                    <coordinates>13.298218069999999,51.46697812000001,0.0 13.298129530000002,51.46696842,0.0</coordinates>
                </LineString>
                <LineString id="39134">
                    <coordinates>13.298109449999997,51.46682628,0.0 13.29813177,51.46676662000001,0.0</coordinates>
                </LineString>
                <LineString id="39136">
                    <coordinates>13.29813177,51.46676662000001,0.0 13.298156429999999,51.4667006,0.0</coordinates>
                </LineString>
                <LineString id="39138">
                    <coordinates>13.298165030000002,51.46667521999999,0.0 13.298219929999998,51.46652598,0.0</coordinates>
                </LineString>
                <LineString id="39140">
                    <coordinates>13.298219929999998,51.46652598,0.0 13.29822108,51.46647347999999,0.0</coordinates>
                </LineString>
                <LineString id="39142">
                    <coordinates>13.29822108,51.46647347999999,0.0 13.298289729999999,51.466304459999996,0.0 13.29829415,51.46629231999999,0.0</coordinates>
                </LineString>
                <LineString id="39144">
                    <coordinates>13.29829415,51.46629231999999,0.0 13.29838262,51.46606066,0.0 13.298357909999998,51.46612447,0.0</coordinates>
                </LineString>
                <LineString id="39146">
                    <coordinates>13.298292279999997,51.46676824999999,0.0 13.29832901,51.4666619,0.0 13.298355190000002,51.466589320000004,0.0</coordinates>
                </LineString>
                <LineString id="39148">
                    <coordinates>13.298355190000002,51.466589320000004,0.0 13.298398489999999,51.46647085,0.0</coordinates>
                </LineString>
                <LineString id="39150">
                    <coordinates>13.298496879999998,51.46620055,0.0 13.29851865,51.466141279999995,0.0</coordinates>
                </LineString>
                <LineString id="39152">
                    <coordinates>13.29882641,51.46518207,0.0 13.29886331,51.46505089,0.0 13.29887292,51.46501722,0.0 13.29888947,51.46494368,0.0 13.298912099999999,51.46483580999999,0.0</coordinates>
                </LineString>
                <LineString id="39154">
                    <coordinates>13.29874954,51.46544819999999,0.0 13.298773969999997,51.46535896999998,0.0</coordinates>
                </LineString>
                <LineString id="39156">
                    <coordinates>13.298773969999997,51.46535896999998,0.0 13.298784729999998,51.465320919999996,0.0</coordinates>
                </LineString>
                <LineString id="39158">
                    <coordinates>13.298912099999999,51.46483580999999,0.0 13.29881951,51.464824930000006,0.0</coordinates>
                </LineString>
                <LineString id="39160">
                    <coordinates>13.29881951,51.464824930000006,0.0 13.298716509999998,51.4648136,0.0 13.298462949999998,51.46476272999999,0.0</coordinates>
                </LineString>
                <LineString id="39162">
                    <coordinates>13.298462949999998,51.46476272999999,0.0 13.298337549999996,51.46473635999999,0.0</coordinates>
                </LineString>
                <LineString id="39164">
                    <coordinates>13.298337549999996,51.46473635999999,0.0 13.29816813,51.464701090000005,0.0</coordinates>
                </LineString>
                <LineString id="39166">
                    <coordinates>13.29816813,51.464701090000005,0.0 13.297952489999998,51.4646564,0.0</coordinates>
                </LineString>
                <LineString id="39168">
                    <coordinates>13.297952489999998,51.4646564,0.0 13.29778452,51.46462524999999,0.0</coordinates>
                </LineString>
                <LineString id="39170">
                    <coordinates>13.29741102,51.464560129999995,0.0 13.297347989999999,51.46454952,0.0</coordinates>
                </LineString>
                <LineString id="39172">
                    <coordinates>13.29778452,51.46462524999999,0.0 13.29760607,51.46459191999999,0.0</coordinates>
                </LineString>
                <LineString id="39174">
                    <coordinates>13.29759383,51.46458951,0.0 13.29741102,51.464560129999995,0.0</coordinates>
                </LineString>
                <LineString id="39176">
                    <coordinates>13.29707064,51.46449139,0.0 13.297042450000001,51.46448414000001,0.0</coordinates>
                </LineString>
                <LineString id="39178">
                    <coordinates>13.296296790000001,51.46426421000001,0.0 13.29627852,51.464259309999996,0.0</coordinates>
                </LineString>
                <LineString id="39180">
                    <coordinates>13.297042450000001,51.46448414000001,0.0 13.296580599999997,51.46434608999999,0.0 13.296296790000001,51.46426421000001,0.0</coordinates>
                </LineString>
                <LineString id="39182">
                    <coordinates>13.296101160000001,51.46421705,0.0 13.295923900000002,51.464195990000015,0.0</coordinates>
                </LineString>
                <LineString id="39184">
                    <coordinates>13.29627852,51.464259309999996,0.0 13.29618945,51.46423277,0.0 13.296101160000001,51.46421705,0.0</coordinates>
                </LineString>
                <LineString id="39186">
                    <coordinates>13.295923900000002,51.464195990000015,0.0 13.29589077,51.46420187,0.0 13.295792390000003,51.46424353,0.0 13.29569108,51.464242350000006,0.0</coordinates>
                </LineString>
                <LineString id="39188">
                    <coordinates>13.297444729999999,51.4690543,0.0 13.297814939999999,51.469008939999995,0.0 13.2979456,51.468991970000005,0.0</coordinates>
                </LineString>
                <LineString id="39190">
                    <coordinates>13.29801427,51.46898377,0.0 13.29823206,51.468952939999994,0.0 13.298424259999999,51.46891705,0.0</coordinates>
                </LineString>
                <LineString id="39192">
                    <coordinates>13.2979456,51.468991970000005,0.0 13.29801427,51.46898377,0.0</coordinates>
                </LineString>
                <LineString id="39194">
                    <coordinates>13.256568229999996,51.46060472999999,0.0 13.25657956,51.46060042999999,0.0 13.256658639999998,51.46060170999999,0.0 13.25668393,51.4605995,0.0 13.25671102,51.46059198999999,0.0 13.25672458,51.460586149999976,0.0 13.256752010000001,51.46056858,0.0 13.25676892,51.460558299999995,0.0</coordinates>
                </LineString>
                <LineString id="39196">
                    <coordinates>13.25676892,51.460558299999995,0.0 13.25693078,51.46058228,0.0</coordinates>
                </LineString>
                <LineString id="39198">
                    <coordinates>13.25693078,51.46058228,0.0 13.256932799999998,51.46057903,0.0 13.25694146,51.46056395,0.0</coordinates>
                </LineString>
                <LineString id="39200">
                    <coordinates>13.25694146,51.46056395,0.0 13.256951139999998,51.460549459999996,0.0</coordinates>
                </LineString>
                <LineString id="39202">
                    <coordinates>13.256951139999998,51.460549459999996,0.0 13.257009950000002,51.46046659999999,0.0 13.257060440000002,51.46046699,0.0 13.25712441,51.46037004,0.0 13.257181019999999,51.46028175,0.0 13.2572445,51.46018219,0.0</coordinates>
                </LineString>
                <LineString id="39204">
                    <coordinates>13.2572445,51.46018219,0.0 13.2574091,51.45998339999999,0.0</coordinates>
                </LineString>
                <LineString id="39206">
                    <coordinates>13.2574091,51.45998339999999,0.0 13.257435959999999,51.45994663,0.0 13.25758837,51.459744289999996,0.0 13.25759223,51.45971805,0.0 13.257673479999998,51.45961720999999,0.0 13.257744769999999,51.45953243,0.0</coordinates>
                </LineString>
                <LineString id="39208">
                    <coordinates>13.257744769999999,51.45953243,0.0 13.25778123,51.459487810000006,0.0 13.257867049999998,51.459390219999996,0.0</coordinates>
                </LineString>
                <LineString id="39210">
                    <coordinates>13.25676892,51.460558299999995,0.0 13.256796449999998,51.46050089999999,0.0 13.25681194,51.460456549999996,0.0</coordinates>
                </LineString>
                <LineString id="39212">
                    <coordinates>13.25681194,51.460456549999996,0.0 13.256604159999998,51.460426779999985,0.0</coordinates>
                </LineString>
                <LineString id="39214">
                    <coordinates>13.256805860000002,51.460408799999996,0.0 13.256577289999997,51.46036079999999,0.0</coordinates>
                </LineString>
                <LineString id="39216">
                    <coordinates>13.25681194,51.460456549999996,0.0 13.256805860000002,51.460408799999996,0.0</coordinates>
                </LineString>
                <LineString id="39218">
                    <coordinates>13.256805860000002,51.460408799999996,0.0 13.256855059999998,51.46024496,0.0 13.256877169999997,51.46018031,0.0 13.25688387,51.46012558999999,0.0</coordinates>
                </LineString>
                <LineString id="39220">
                    <coordinates>13.25694895,51.45981616999999,0.0 13.25696499,51.45973396,0.0 13.256978020000002,51.459705340000006,0.0</coordinates>
                </LineString>
                <LineString id="39222">
                    <coordinates>13.256978020000002,51.459705340000006,0.0 13.25700592,51.45964960999999,0.0 13.25704465,51.4595153,0.0</coordinates>
                </LineString>
                <LineString id="39224">
                    <coordinates>13.257182909999997,51.45916799999999,0.0 13.257210419999998,51.45910752999999,0.0 13.257234759999998,51.459062669999994,0.0 13.25725365,51.45903312,0.0 13.25727275,51.459002229999996,0.0 13.25731829,51.45893078,0.0 13.257343299999999,51.45889721,0.0</coordinates>
                </LineString>
                <LineString id="39226">
                    <coordinates>13.25762243,51.45845185999999,0.0 13.25756694,51.458530960000004,0.0 13.257352219999998,51.458879169999996,0.0 13.257343299999999,51.45889721,0.0</coordinates>
                </LineString>
                <LineString id="39228">
                    <coordinates>13.25888426,51.45690864,0.0 13.25881301,51.45695278999998,0.0</coordinates>
                </LineString>
                <LineString id="39230">
                    <coordinates>13.26069722,51.455985719999994,0.0 13.26073146,51.4559739,0.0 13.26078126,51.45595412,0.0 13.2608373,51.45592962,0.0</coordinates>
                </LineString>
                <LineString id="39232">
                    <coordinates>13.2608373,51.45592962,0.0 13.260981340000003,51.455871110000004,0.0 13.26119178,51.455787159999986,0.0</coordinates>
                </LineString>
                <LineString id="39234">
                    <coordinates>13.26138876,51.45570765,0.0 13.26146694,51.45567596,0.0</coordinates>
                </LineString>
                <LineString id="39236">
                    <coordinates>13.26146694,51.45567596,0.0 13.261529720000002,51.45565299,0.0</coordinates>
                </LineString>
                <LineString id="39238">
                    <coordinates>13.26233871,51.455137109999995,0.0 13.262444319999998,51.4550291,0.0 13.262468700000001,51.45501076000001,0.0</coordinates>
                </LineString>
                <LineString id="39240">
                    <coordinates>13.262468700000001,51.45501076000001,0.0 13.262561860000003,51.454913330000004,0.0</coordinates>
                </LineString>
                <LineString id="39242">
                    <coordinates>13.262561860000003,51.454913330000004,0.0 13.262600519999998,51.454873479999996,0.0</coordinates>
                </LineString>
                <LineString id="39244">
                    <coordinates>13.262600519999998,51.454873479999996,0.0 13.262624450000002,51.45485123000001,0.0 13.262782359999997,51.45469369999999,0.0 13.262937339999997,51.454531349999996,0.0</coordinates>
                </LineString>
                <LineString id="39246">
                    <coordinates>13.26366733,51.45376402,0.0 13.26367879,51.453752419999994,0.0</coordinates>
                </LineString>
                <LineString id="39248">
                    <coordinates>13.26364963,51.453781639999995,0.0 13.26366733,51.45376402,0.0</coordinates>
                </LineString>
                <LineString id="39250">
                    <coordinates>13.292775109999997,51.46776558999999,0.0 13.29278628,51.467770789999996,0.0</coordinates>
                </LineString>
                <LineString id="39252">
                    <coordinates>13.261716330000002,51.46153697999999,0.0 13.261742509999998,51.46154131000001,0.0 13.261763689999999,51.461537779999986,0.0 13.26178007,51.46153185000001,0.0 13.26180035,51.46151845,0.0 13.261821429999998,51.46150031999999,0.0 13.261835789999997,51.46148388,0.0</coordinates>
                </LineString>
                <LineString id="39254">
                    <coordinates>13.261699839999997,51.46157496,0.0 13.26168864,51.461600739999994,0.0</coordinates>
                </LineString>
                <LineString id="39256">
                    <coordinates>13.33923129,51.49041143,0.0 13.33916807,51.49046622,0.0 13.339301620000002,51.490509720000006,0.0</coordinates>
                </LineString>
                <LineString id="39258">
                    <coordinates>13.33323409,51.49283627,0.0 13.333282769999997,51.49272667999999,0.0 13.33329047,51.492716560000005,0.0</coordinates>
                </LineString>
                <LineString id="39260">
                    <coordinates>13.333654599999997,51.493305559999996,0.0 13.3336533,51.493312759999995,0.0</coordinates>
                </LineString>
                <LineString id="39262">
                    <coordinates>13.261716330000002,51.46153697999999,0.0 13.261699839999997,51.46157496,0.0</coordinates>
                </LineString>
                <LineString id="39264">
                    <coordinates>13.29851865,51.466141279999995,0.0 13.29857883,51.46597731999999,0.0 13.29864279,51.46579547,0.0</coordinates>
                </LineString>
                <LineString id="39266">
                    <coordinates>13.264408840000002,51.467957510000005,0.0 13.264018689999999,51.46765354,0.0 13.263715649999998,51.467413719999996,0.0 13.263445690000001,51.46720542,0.0</coordinates>
                </LineString>
                <LineString id="39268">
                    <coordinates>13.335183289999998,51.48731449000001,0.0 13.335186459999997,51.48731045,0.0</coordinates>
                </LineString>
                <LineString id="39270">
                    <coordinates>13.335186459999997,51.48731045,0.0 13.335300539999999,51.48719186,0.0</coordinates>
                </LineString>
                <LineString id="39272">
                    <coordinates>13.27037063,51.47712373999999,0.0 13.270296439999997,51.47688548,0.0 13.270229139999998,51.47666903999999,0.0 13.27015813,51.47644211999998,0.0</coordinates>
                </LineString>
                <LineString id="39274">
                    <coordinates>13.263927180000001,51.47531908,0.0 13.26338936,51.47528315,0.0 13.26293032,51.475281300000006,0.0</coordinates>
                </LineString>
                <LineString id="39276">
                    <coordinates>13.263566899999999,51.47555609,0.0 13.263927180000001,51.47531908,0.0</coordinates>
                </LineString>
                <LineString id="39278">
                    <coordinates>13.263927180000001,51.47531908,0.0 13.264101509999998,51.47519585,0.0</coordinates>
                </LineString>
                <LineString id="39280">
                    <coordinates>13.264101509999998,51.47519585,0.0 13.26438648,51.47497905,0.0</coordinates>
                </LineString>
                <LineString id="39282">
                    <coordinates>13.26710215,51.47376087,0.0 13.26761545,51.473806489999994,0.0</coordinates>
                </LineString>
                <LineString id="39284">
                    <coordinates>13.33642526,51.48924757,0.0 13.336618679999999,51.48935112,0.0 13.33674644,51.48942023,0.0</coordinates>
                </LineString>
                <LineString id="39286">
                    <coordinates>13.336199809999998,51.489125139999985,0.0 13.33642526,51.48924757,0.0</coordinates>
                </LineString>
                <LineString id="39288">
                    <coordinates>13.335947960000002,51.48909960999998,0.0 13.336001469999998,51.48902256,0.0 13.33604741,51.48893632000001,0.0 13.33608392,51.488869619999996,0.0</coordinates>
                </LineString>
                <LineString id="39290">
                    <coordinates>13.33497619,51.488862049999994,0.0 13.33453751,51.48873201,0.0 13.33450864,51.48872432999999,0.0</coordinates>
                </LineString>
                <LineString id="39292">
                    <coordinates>13.337074929999998,51.48957743999999,0.0 13.337370390000002,51.48972627,0.0 13.337678159999998,51.489884489999994,0.0 13.337710499999996,51.489902309999984,0.0 13.33792339,51.489895700000005,0.0</coordinates>
                </LineString>
                <LineString id="39294">
                    <coordinates>13.337074929999998,51.48957743999999,0.0 13.33665876,51.48966059,0.0 13.33632988,51.48973023999999,0.0</coordinates>
                </LineString>
                <LineString id="39296">
                    <coordinates>13.33632988,51.48973023999999,0.0 13.33611227,51.48987642,0.0</coordinates>
                </LineString>
                <LineString id="39298">
                    <coordinates>13.33611227,51.48987642,0.0 13.336007230000002,51.49008587,0.0 13.335965340000001,51.49015496,0.0 13.33579011,51.49038387,0.0 13.33574054,51.4904561,0.0</coordinates>
                </LineString>
                <LineString id="39300">
                    <coordinates>13.334085839999998,51.48869081,0.0 13.33450864,51.48872432999999,0.0</coordinates>
                </LineString>
                <LineString id="39302">
                    <coordinates>13.33542115,51.48859656,0.0 13.335405679999997,51.48858455,0.0 13.335154489999999,51.488408579999984,0.0 13.335009839999998,51.48830942000001,0.0</coordinates>
                </LineString>
                <LineString id="39304">
                    <coordinates>13.335009839999998,51.48830942000001,0.0 13.334665840000001,51.4880709,0.0</coordinates>
                </LineString>
                <LineString id="39306">
                    <coordinates>13.334665840000001,51.4880709,0.0 13.334382109999998,51.48788034999999,0.0</coordinates>
                </LineString>
                <LineString id="39308">
                    <coordinates>13.336380160000001,51.488568910000005,0.0 13.336381249999999,51.488567859999996,0.0 13.33665582,51.48830147999999,0.0</coordinates>
                </LineString>
                <LineString id="39310">
                    <coordinates>13.33665582,51.48830147999999,0.0 13.33666645,51.48829862,0.0 13.336866519999997,51.48811487999998,0.0 13.336902009999998,51.488081279999996,0.0</coordinates>
                </LineString>
                <LineString id="39312">
                    <coordinates>13.336902009999998,51.488081279999996,0.0 13.337073189999998,51.487924549999995,0.0</coordinates>
                </LineString>
                <LineString id="39314">
                    <coordinates>13.337073189999998,51.487924549999995,0.0 13.33731762,51.48770734000001,0.0 13.33738287,51.487650020000004,0.0</coordinates>
                </LineString>
                <LineString id="39316">
                    <coordinates>13.337073189999998,51.487924549999995,0.0 13.337060429999998,51.48780272,0.0 13.33702538,51.48778987,0.0 13.3367017,51.48769813,0.0 13.336421669999998,51.48761733,0.0 13.336243339999998,51.487567389999995,0.0 13.336132779999998,51.487535830000006,0.0</coordinates>
                </LineString>
                <LineString id="39318">
                    <coordinates>13.33738287,51.487650020000004,0.0 13.337661879999999,51.48739368999999,0.0</coordinates>
                </LineString>
                <LineString id="39320">
                    <coordinates>13.336132779999998,51.487535830000006,0.0 13.33591144,51.48749210999999,0.0 13.33567887,51.48744945,0.0</coordinates>
                </LineString>
                <LineString id="39322">
                    <coordinates>13.335183289999998,51.48731449000001,0.0 13.33567887,51.48744945,0.0</coordinates>
                </LineString>
                <LineString id="39324">
                    <coordinates>13.334266899999996,51.492352079999996,0.0 13.33447288,51.49213051,0.0 13.334627319999997,51.49196684,0.0</coordinates>
                </LineString>
                <LineString id="39326">
                    <coordinates>13.333721530000002,51.49303573,0.0 13.333838439999997,51.49289554,0.0</coordinates>
                </LineString>
                <LineString id="39328">
                    <coordinates>13.333838439999997,51.49289554,0.0 13.333979,51.492715589999996,0.0</coordinates>
                </LineString>
                <LineString id="39330">
                    <coordinates>13.333979,51.492715589999996,0.0 13.334266899999996,51.492352079999996,0.0</coordinates>
                </LineString>
                <LineString id="39332">
                    <coordinates>13.335295219999999,51.491134249999995,0.0 13.33545265,51.490897909999994,0.0 13.33560569,51.49066082,0.0 13.33571523,51.49049297999999,0.0 13.33574054,51.4904561,0.0</coordinates>
                </LineString>
                <LineString id="39334">
                    <coordinates>13.33505143,51.49147893,0.0 13.33515663,51.49133188,0.0 13.335278929999998,51.491155979999995,0.0 13.335295219999999,51.491134249999995,0.0</coordinates>
                </LineString>
                <LineString id="39336">
                    <coordinates>13.334627319999997,51.49196684,0.0 13.334888799999998,51.49166964999999,0.0 13.335027739999997,51.49150536999999,0.0 13.33505143,51.49147893,0.0</coordinates>
                </LineString>
                <LineString id="39338">
                    <coordinates>13.338043089999998,51.49034843999999,0.0 13.33795191,51.49062173,0.0 13.33791031,51.49074734999999,0.0</coordinates>
                </LineString>
                <LineString id="39340">
                    <coordinates>13.338494219999998,51.49019166999999,0.0 13.338580949999999,51.490235989999995,0.0 13.33876164,51.490325780000006,0.0</coordinates>
                </LineString>
                <LineString id="39342">
                    <coordinates>13.33792339,51.489895700000005,0.0 13.338266610000002,51.490074760000006,0.0</coordinates>
                </LineString>
                <LineString id="39344">
                    <coordinates>13.33916421,51.49046794,0.0 13.339301620000002,51.490509720000006,0.0</coordinates>
                </LineString>
                <LineString id="39346">
                    <coordinates>13.33876164,51.490325780000006,0.0 13.33891316,51.49040020999999,0.0 13.33916421,51.49046794,0.0</coordinates>
                </LineString>
                <LineString id="39348">
                    <coordinates>13.338266610000002,51.490074760000006,0.0 13.338494219999998,51.49019166999999,0.0</coordinates>
                </LineString>
                <LineString id="39350">
                    <coordinates>13.27359235,51.44452317999999,0.0 13.273219100000002,51.44475110999999,0.0</coordinates>
                </LineString>
                <LineString id="39352">
                    <coordinates>13.265167799999999,51.45164560999999,0.0 13.26561168,51.45096027999999,0.0 13.265932819999998,51.450471509999986,0.0</coordinates>
                </LineString>
                <LineString id="39354">
                    <coordinates>13.269254449999996,51.44768627999999,0.0 13.26943407,51.447513,0.0 13.269713989999998,51.447237279999996,0.0</coordinates>
                </LineString>
                <LineString id="39356">
                    <coordinates>13.33642526,51.48924757,0.0 13.336550250000002,51.48913711,0.0</coordinates>
                </LineString>
                <LineString id="39358">
                    <coordinates>13.33500273,51.48886627,0.0 13.33497619,51.488862049999994,0.0</coordinates>
                </LineString>
                <LineString id="39360">
                    <coordinates>13.33572481,51.4889159,0.0 13.335657329999998,51.48879320999999,0.0 13.33559006,51.48872794,0.0 13.33542115,51.48859656,0.0</coordinates>
                </LineString>
                <LineString id="39362">
                    <coordinates>13.334382109999998,51.48788034999999,0.0 13.334668269999998,51.48775830999999,0.0</coordinates>
                </LineString>
                <LineString id="39364">
                    <coordinates>13.33608392,51.488869619999996,0.0 13.336380160000001,51.488568910000005,0.0</coordinates>
                </LineString>
                <LineString id="39366">
                    <coordinates>13.337661879999999,51.48739368999999,0.0 13.337715789999999,51.48729620999998,0.0 13.337754900000002,51.48722082,0.0 13.33781988,51.48715855999998,0.0 13.33794818,51.48703596,0.0 13.33806329,51.486924740000006,0.0</coordinates>
                </LineString>
                <LineString id="39368">
                    <coordinates>13.33792339,51.489895700000005,0.0 13.33801692,51.490092989999994,0.0 13.338043089999998,51.49034843999999,0.0</coordinates>
                </LineString>
                <LineString id="39370">
                    <coordinates>13.25688387,51.46012558999999,0.0 13.25694895,51.45981616999999,0.0</coordinates>
                </LineString>
                <LineString id="39372">
                    <coordinates>13.335947960000002,51.48909960999998,0.0 13.336199809999998,51.489125139999985,0.0</coordinates>
                </LineString>
                <LineString id="39374">
                    <coordinates>13.265932819999998,51.450471509999986,0.0 13.266419720000002,51.449753799999996,0.0 13.266485269999999,51.449652789999995,0.0 13.266817089999998,51.44941511,0.0 13.267299879999996,51.44907721999999,0.0 13.26776475,51.44875449999998,0.0 13.26822819,51.44843243999999,0.0 13.268606690000002,51.448163259999994,0.0</coordinates>
                </LineString>
                <LineString id="39376">
                    <coordinates>13.262937339999997,51.454531349999996,0.0 13.262974779999999,51.45451059999999,0.0</coordinates>
                </LineString>
                <LineString id="39378">
                    <coordinates>13.294639139999997,51.46857734999998,0.0 13.29457048,51.4686701,0.0</coordinates>
                </LineString>
                <LineString id="39380">
                    <coordinates>13.29173105,51.46746607,0.0 13.291764529999998,51.467474890000005,0.0 13.29180473,51.46748764999999,0.0 13.2918509,51.46750461,0.0 13.291898310000002,51.46752304999999,0.0</coordinates>
                </LineString>
                <LineString id="39382">
                    <coordinates>13.2944725,51.469387399999995,0.0 13.294466589999999,51.46938652999999,0.0 13.29446453,51.46939282,0.0 13.294458930000001,51.46940161,0.0 13.29445402,51.46940628,0.0 13.294447649999997,51.46941154999999,0.0 13.294440119999999,51.46941644,0.0 13.29443115,51.46942106,0.0 13.29442236,51.46942444999999,0.0 13.294414749999998,51.469426979999994,0.0 13.29440087,51.46943004,0.0 13.294391820000001,51.4694315,0.0 13.294374189999997,51.46943268,0.0 13.294340449999996,51.46943507999999,0.0</coordinates>
                </LineString>
                <LineString id="39384">
                    <coordinates>13.29912737,51.47008989,0.0 13.29947433,51.47019611,0.0 13.29981653,51.47030358999999,0.0</coordinates>
                </LineString>
                <LineString id="39386">
                    <coordinates>13.291242949999997,51.46738392,0.0 13.291250070000002,51.46738493000001,0.0</coordinates>
                </LineString>
                <LineString id="39388">
                    <coordinates>13.291134709999998,51.467368289999996,0.0 13.291242949999997,51.46738392,0.0</coordinates>
                </LineString>
                <LineString id="39390">
                    <coordinates>13.33572481,51.4889159,0.0 13.33532664,51.48891882999999,0.0 13.33500273,51.48886627,0.0</coordinates>
                </LineString>
                <LineString id="39392">
                    <coordinates>13.263846279999997,51.45358905999999,0.0 13.263923799999999,51.45350126999999,0.0 13.26406057,51.45332157,0.0 13.26417765,51.45316357,0.0 13.26430033,51.45299917,0.0 13.26435762,51.452920179999985,0.0 13.26441408,51.45283017999999,0.0 13.26452549,51.452652189999995,0.0 13.26465666,51.452433129999996,0.0 13.26498064,51.451936459999985,0.0</coordinates>
                </LineString>
                <LineString id="39394">
                    <coordinates>13.26498064,51.451936459999985,0.0 13.265167799999999,51.45164560999999,0.0</coordinates>
                </LineString>
                <LineString id="39396">
                    <coordinates>13.269713989999998,51.447237279999996,0.0 13.270741409999998,51.44620377999999,0.0 13.27083023,51.44611644999999,0.0 13.27117985,51.44586289,0.0 13.271490850000001,51.44566629,0.0 13.271760929999997,51.44551959999999,0.0 13.27217036,51.445299799999994,0.0 13.27244355,51.44515300999999,0.0</coordinates>
                </LineString>
                <LineString id="39398">
                    <coordinates>13.27244355,51.44515300999999,0.0 13.273219100000002,51.44475110999999,0.0</coordinates>
                </LineString>
                <LineString id="39400">
                    <coordinates>13.298156429999999,51.4667006,0.0 13.298165030000002,51.46667521999999,0.0</coordinates>
                </LineString>
                <LineString id="39402">
                    <coordinates>13.298129530000002,51.46696842,0.0 13.298063559999997,51.46696015,0.0</coordinates>
                </LineString>
                <LineString id="39404">
                    <coordinates>13.26367879,51.453752419999994,0.0 13.263846279999997,51.45358905999999,0.0</coordinates>
                </LineString>
                <LineString id="39406">
                    <coordinates>13.298063559999997,51.46696015,0.0 13.298109449999997,51.46682628,0.0</coordinates>
                </LineString>
                <LineString id="39408">
                    <coordinates>13.29812301,51.46729775,0.0 13.29814579,51.467203559999994,0.0</coordinates>
                </LineString>
                <LineString id="39410">
                    <coordinates>13.29814579,51.467203559999994,0.0 13.29800086,51.46718366,0.0</coordinates>
                </LineString>
                <LineString id="39412">
                    <coordinates>13.29800086,51.46718366,0.0 13.297930119999998,51.46740526999999,0.0</coordinates>
                </LineString>
                <LineString id="39414">
                    <coordinates>13.298784729999998,51.465320919999996,0.0 13.29882596,51.46518398999999,0.0 13.29882641,51.46518207,0.0</coordinates>
                </LineString>
                <LineString id="39416">
                    <coordinates>13.29864279,51.46579547,0.0 13.29864531,51.46578804,0.0 13.2986968,51.46563491,0.0 13.2987106,51.465587029999995,0.0</coordinates>
                </LineString>
                <LineString id="39418">
                    <coordinates>13.297347989999999,51.46454952,0.0 13.29721381,51.46452374999999,0.0 13.29710681,51.46450067000001,0.0 13.29707064,51.46449139,0.0</coordinates>
                </LineString>
                <LineString id="39420">
                    <coordinates>13.2987106,51.465587029999995,0.0 13.298726799999999,51.465529589999996,0.0 13.29874954,51.46544819999999,0.0</coordinates>
                </LineString>
                <LineString id="39422">
                    <coordinates>13.268606690000002,51.448163259999994,0.0 13.26864295,51.44813263999999,0.0 13.269091309999999,51.44784356,0.0 13.269254449999996,51.44768627999999,0.0</coordinates>
                </LineString>
                <LineString id="39424">
                    <coordinates>13.274503989999998,51.443995259999994,0.0 13.27359235,51.44452317999999,0.0</coordinates>
                </LineString>
                <LineString id="39426">
                    <coordinates>13.274771719999999,51.44384197,0.0 13.274503989999998,51.443995259999994,0.0</coordinates>
                </LineString>
                <LineString id="39428">
                    <coordinates>13.298398489999999,51.46647085,0.0 13.29843214,51.466375,0.0 13.298480049999997,51.466246059999996,0.0 13.298496879999998,51.46620055,0.0</coordinates>
                </LineString>
                <LineString id="39430">
                    <coordinates>13.29357537,51.468119630000004,0.0 13.29361865,51.468141730000006,0.0</coordinates>
                </LineString>
                <LineString id="39432">
                    <coordinates>13.29757483,51.46854827999999,0.0 13.297632279999998,51.46843164999999,0.0 13.297679419999998,51.46833447,0.0</coordinates>
                </LineString>
                <LineString id="39434">
                    <coordinates>13.256531190000002,51.46067088000001,0.0 13.256534710000002,51.46066621000001,0.0 13.256568229999996,51.46060472999999,0.0</coordinates>
                </LineString>
                <LineString id="39436">
                    <coordinates>13.26262932,51.45487268,0.0 13.262669269999998,51.454828559999996,0.0</coordinates>
                </LineString>
                <LineString id="39438">
                    <coordinates>13.26240887,51.45509332,0.0 13.262454689999998,51.45505204999999,0.0 13.262511789999998,51.454993679999994,0.0 13.262580409999998,51.45492172,0.0 13.26262932,51.45487268,0.0</coordinates>
                </LineString>
                <LineString id="39440">
                    <coordinates>13.26236772,51.45513566999999,0.0 13.26240887,51.45509332,0.0</coordinates>
                </LineString>
                <LineString id="39442">
                    <coordinates>13.26231418,51.455192889999985,0.0 13.26234047,51.45516735,0.0 13.26236772,51.45513566999999,0.0</coordinates>
                </LineString>
                <LineString id="39444">
                    <coordinates>13.26228592,51.45522121,0.0 13.26231418,51.455192889999985,0.0</coordinates>
                </LineString>
                <LineString id="39446">
                    <coordinates>13.262224359999998,51.45528088999999,0.0 13.26223831,51.455266139999985,0.0 13.26228592,51.45522121,0.0</coordinates>
                </LineString>
                <LineString id="39448">
                    <coordinates>13.26220503,51.45529713,0.0 13.262224359999998,51.45528088999999,0.0</coordinates>
                </LineString>
                <LineString id="39450">
                    <coordinates>13.262092709999997,51.455374679999984,0.0 13.26212538,51.45535568999999,0.0 13.262153100000003,51.45533469000001,0.0 13.26218975,51.455309189999994,0.0 13.26220503,51.45529713,0.0</coordinates>
                </LineString>
                <LineString id="39452">
                    <coordinates>13.26205346,51.45540262999999,0.0 13.262092709999997,51.455374679999984,0.0</coordinates>
                </LineString>
                <LineString id="39454">
                    <coordinates>13.262035880000003,51.45541731999999,0.0 13.26205346,51.45540262999999,0.0</coordinates>
                </LineString>
                <LineString id="39456">
                    <coordinates>13.262015179999999,51.45543081999999,0.0 13.262035880000003,51.45541731999999,0.0</coordinates>
                </LineString>
                <LineString id="39458">
                    <coordinates>13.26182567,51.45553575,0.0 13.26184974,51.455524919999995,0.0 13.261910909999997,51.4554918,0.0 13.26196672,51.45546131,0.0 13.262015179999999,51.45543081999999,0.0</coordinates>
                </LineString>
                <LineString id="39460">
                    <coordinates>13.26180829,51.45554465999999,0.0 13.26182567,51.45553575,0.0</coordinates>
                </LineString>
                <LineString id="39462">
                    <coordinates>13.261785689999998,51.4555545,0.0 13.261799110000002,51.45554734,0.0 13.26180829,51.45554465999999,0.0</coordinates>
                </LineString>
                <LineString id="39464">
                    <coordinates>13.261710709999997,51.45558602999999,0.0 13.261785689999998,51.4555545,0.0</coordinates>
                </LineString>
                <LineString id="39466">
                    <coordinates>13.261529720000002,51.45565299,0.0 13.261605749999996,51.45562606999999,0.0 13.261660310000002,51.455605049999996,0.0 13.261692429999998,51.45559486999999,0.0 13.261710709999997,51.45558602999999,0.0</coordinates>
                </LineString>
                <LineString id="39468">
                    <coordinates>13.26119178,51.455787159999986,0.0 13.26123002,51.45577256999999,0.0 13.26126038,51.45575848999999,0.0 13.2613,51.455742969999996,0.0 13.261325729999998,51.45573298,0.0 13.26136554,51.45571768,0.0 13.26138876,51.45570765,0.0</coordinates>
                </LineString>
                <LineString id="39470">
                    <coordinates>13.260423799999998,51.45610227,0.0 13.26048369,51.45607574,0.0 13.260563709999998,51.456041660000004,0.0 13.260577890000002,51.45603581000001,0.0 13.26060763,51.45602226999999,0.0</coordinates>
                </LineString>
                <LineString id="39472">
                    <coordinates>13.26060763,51.45602226999999,0.0 13.26069722,51.455985719999994,0.0</coordinates>
                </LineString>
                <LineString id="39474">
                    <coordinates>13.260258250000001,51.456177209999986,0.0 13.26036794,51.456128500000005,0.0 13.260377769999998,51.45612384,0.0</coordinates>
                </LineString>
                <LineString id="39476">
                    <coordinates>13.260377769999998,51.45612384,0.0 13.260423799999998,51.45610227,0.0</coordinates>
                </LineString>
                <LineString id="39478">
                    <coordinates>13.262946439999999,51.45453983,0.0 13.262962770000001,51.454523,0.0 13.262974779999999,51.45451059999999,0.0</coordinates>
                </LineString>
                <LineString id="39480">
                    <coordinates>13.262669269999998,51.454828559999996,0.0 13.26268124,51.45481886,0.0 13.262746990000002,51.45474662,0.0 13.262801540000002,51.45468907000001,0.0 13.26294155,51.45454486999999,0.0 13.262946439999999,51.45453983,0.0</coordinates>
                </LineString>
                <LineString id="39482">
                    <coordinates>13.263613000000001,51.45382312000001,0.0 13.26364963,51.453781639999995,0.0</coordinates>
                </LineString>
                <LineString id="39484">
                    <coordinates>13.263508850000001,51.45394607,0.0 13.263557479999998,51.45389528999999,0.0 13.26359085,51.45385241999999,0.0 13.263605579999998,51.45383020999999,0.0 13.263613000000001,51.45382312000001,0.0</coordinates>
                </LineString>
                <LineString id="39486">
                    <coordinates>13.263487910000002,51.45396386,0.0 13.263508850000001,51.45394607,0.0</coordinates>
                </LineString>
                <LineString id="39488">
                    <coordinates>13.263187089999999,51.45428840999999,0.0 13.26321255,51.45426187,0.0 13.263226959999999,51.45424167999999,0.0 13.26327711,51.454186889999995,0.0 13.263316129999998,51.45414490999999,0.0 13.26332771,51.4541323,0.0 13.26341509,51.45403726000001,0.0 13.263487910000002,51.45396386,0.0</coordinates>
                </LineString>
                <LineString id="39490">
                    <coordinates>13.26317144,51.45430751000001,0.0 13.263187089999999,51.45428840999999,0.0</coordinates>
                </LineString>
                <LineString id="39492">
                    <coordinates>13.262974779999999,51.45451059999999,0.0 13.26299729,51.454484349999994,0.0 13.263014289999997,51.45446404,0.0 13.263052889999999,51.45442592999999,0.0 13.263080229999998,51.454399159999994,0.0 13.26312255,51.45435559999999,0.0 13.26315627,51.45432135,0.0 13.26317144,51.45430751000001,0.0</coordinates>
                </LineString>
                <LineString id="39494">
                    <coordinates>13.25704465,51.4595153,0.0 13.257088149999998,51.45939673,0.0 13.25715397,51.45923154999999,0.0 13.257182909999997,51.45916799999999,0.0</coordinates>
                </LineString>
                <LineString id="39496">
                    <coordinates>13.26438648,51.47497905,0.0 13.26503235,51.47452233,0.0 13.26528151,51.47434719000001,0.0 13.265700079999998,51.47404437999999,0.0 13.26590937,51.473871300000006,0.0 13.266008,51.47379171,0.0 13.26637206,51.47371972999999,0.0 13.267000799999998,51.47375185999999,0.0 13.26710215,51.47376087,0.0</coordinates>
                </LineString>
                <LineString id="39498">
                    <coordinates>13.269653470000002,51.47649303,0.0 13.269682369999998,51.47648843999999,0.0</coordinates>
                </LineString>
                <LineString id="39500">
                    <coordinates>13.33379109,51.49363180999999,0.0 13.333873609999998,51.49365385,0.0</coordinates>
                </LineString>
                <LineString id="39502">
                    <coordinates>13.333756930000002,51.49362271,0.0 13.33379109,51.49363180999999,0.0</coordinates>
                </LineString>
                <LineString id="39504">
                    <coordinates>13.3336533,51.493312759999995,0.0 13.333642430000001,51.49337017999999,0.0 13.333584829999998,51.49345872999999,0.0 13.33355266,51.49351802,0.0 13.33362262,51.49356818999999,0.0 13.33367945,51.493600189999995,0.0 13.333756930000002,51.49362271,0.0</coordinates>
                </LineString>
                <LineString id="39506">
                    <coordinates>13.257243349999996,51.46089307999999,0.0 13.25735916,51.46088247000001,0.0 13.25741494,51.46088318000001,0.0 13.25764429,51.46093384,0.0 13.257912599999997,51.46099268999999,0.0 13.258087599999998,51.4610303,0.0</coordinates>
                </LineString>
                <LineString id="39508">
                    <coordinates>13.258087599999998,51.4610303,0.0 13.25816779,51.46104737999999,0.0 13.258452219999999,51.46109948000001,0.0 13.259004859999997,51.461192799999985,0.0 13.259429110000001,51.46126168,0.0 13.259838119999998,51.46132261999999,0.0 13.26027005,51.46138679999999,0.0 13.26059719,51.461437010000004,0.0</coordinates>
                </LineString>
                <LineString id="39510">
                    <coordinates>13.26059719,51.461437010000004,0.0 13.26071244,51.46145509000001,0.0</coordinates>
                </LineString>
                <LineString id="39512">
                    <coordinates>13.26071244,51.46145509000001,0.0 13.26135003,51.46155423,0.0 13.26165182,51.46160198,0.0 13.26168864,51.461600739999994,0.0</coordinates>
                </LineString>
                <LineString id="39514">
                    <coordinates>13.28809028,51.46692168,0.0 13.28831475,51.46695285,0.0</coordinates>
                </LineString>
                <LineString id="39516">
                    <coordinates>13.28831475,51.46695285,0.0 13.28850943,51.466979630000004,0.0</coordinates>
                </LineString>
                <LineString id="39518">
                    <coordinates>13.28850943,51.466979630000004,0.0 13.288609699999999,51.46699346,0.0 13.289239049999999,51.467078619999995,0.0</coordinates>
                </LineString>
                <LineString id="39520">
                    <coordinates>13.289239049999999,51.467078619999995,0.0 13.289648099999999,51.46713622999999,0.0 13.289674,51.467155870000006,0.0 13.289853839999997,51.46718182999999,0.0</coordinates>
                </LineString>
                <LineString id="39522">
                    <coordinates>13.258076889999998,51.457979069999986,0.0 13.258087809999997,51.457967190000005,0.0 13.258124300000002,51.45793082,0.0 13.25814817,51.45790116,0.0 13.258179759999997,51.45785532,0.0 13.25820851,51.45780636,0.0 13.258225369999998,51.45777917999999,0.0 13.25823131,51.457766840000005,0.0 13.25823011,51.45776015999999,0.0 13.2582358,51.45774719,0.0 13.25825203,51.457726019999996,0.0 13.25828649,51.45766479,0.0 13.25833781,51.45757148,0.0 13.258352170000002,51.457544500000004,0.0 13.25838228,51.45749092,0.0 13.258440969999999,51.45737566999999,0.0 13.25845788,51.45734537999999,0.0 13.258464929999999,51.457332509999986,0.0 13.25847813,51.457302059999996,0.0 13.25848143,51.45729283,0.0 13.258485460000001,51.45728044999999,0.0</coordinates>
                </LineString>
                <LineString id="39524">
                    <coordinates>13.258485460000001,51.45728044999999,0.0 13.258489909999998,51.457265369999995,0.0 13.258492379999998,51.4572527,0.0 13.258492579999999,51.45723115,0.0 13.25849661,51.457221469999986,0.0 13.258501050000001,51.45721523000001,0.0</coordinates>
                </LineString>
                <LineString id="39526">
                    <coordinates>13.258501050000001,51.45721523000001,0.0 13.258566370000002,51.45713966999999,0.0</coordinates>
                </LineString>
                <LineString id="39528">
                    <coordinates>13.258566370000002,51.45713966999999,0.0 13.25858309,51.45712161,0.0 13.25859423,51.45711258,0.0 13.258621179999999,51.45709575,0.0 13.25866821,51.45706829999999,0.0 13.25872603,51.45702493999998,0.0 13.25883206,51.45694944999999,0.0 13.2588676,51.45692177,0.0 13.25888426,51.45690864,0.0</coordinates>
                </LineString>
                <LineString id="39530">
                    <coordinates>13.25924224,51.45669071999999,0.0 13.2592028,51.45671499,0.0 13.259065090000002,51.45679796,0.0 13.25895721,51.456866260000005,0.0 13.25891686,51.45689191999999,0.0 13.25888426,51.45690864,0.0</coordinates>
                </LineString>
                <LineString id="39532">
                    <coordinates>13.25924224,51.45669071999999,0.0 13.25934558,51.45662768,0.0</coordinates>
                </LineString>
                <LineString id="39534">
                    <coordinates>13.25934558,51.45662768,0.0 13.25942928,51.45658042,0.0</coordinates>
                </LineString>
                <LineString id="39536">
                    <coordinates>13.25942928,51.45658042,0.0 13.259478950000002,51.45655622000001,0.0</coordinates>
                </LineString>
                <LineString id="39538">
                    <coordinates>13.259478950000002,51.45655622000001,0.0 13.259488899999997,51.45655106,0.0</coordinates>
                </LineString>
                <LineString id="39540">
                    <coordinates>13.259488899999997,51.45655106,0.0 13.259606040000001,51.45648815,0.0 13.25964707,51.45646575999999,0.0 13.25973513,51.45642399,0.0</coordinates>
                </LineString>
                <LineString id="39542">
                    <coordinates>13.25973513,51.45642399,0.0 13.259802819999999,51.45639268,0.0 13.259841949999998,51.456371989999994,0.0 13.25988368,51.45635426,0.0 13.259936660000001,51.45632865000001,0.0 13.259977960000002,51.45630675000001,0.0 13.26001328,51.45629082,0.0</coordinates>
                </LineString>
                <LineString id="39544">
                    <coordinates>13.26001328,51.45629082,0.0 13.26004235,51.45627637,0.0</coordinates>
                </LineString>
                <LineString id="39546">
                    <coordinates>13.26004235,51.45627637,0.0 13.26008877,51.45625616,0.0</coordinates>
                </LineString>
                <LineString id="39548">
                    <coordinates>13.26008877,51.45625616,0.0 13.26010994,51.45624483999999,0.0</coordinates>
                </LineString>
                <LineString id="39550">
                    <coordinates>13.26010994,51.45624483999999,0.0 13.260186439999998,51.45621002,0.0</coordinates>
                </LineString>
                <LineString id="39552">
                    <coordinates>13.260186439999998,51.45621002,0.0 13.260258250000001,51.456177209999986,0.0</coordinates>
                </LineString>
                <LineString id="39554">
                    <coordinates>13.27200343,51.476640599999996,0.0 13.271831650000001,51.476623430000004,0.0 13.271296779999998,51.47656934999999,0.0 13.271279849999999,51.476517109999996,0.0 13.270995819999998,51.476525429999995,0.0 13.270997860000001,51.47651618,0.0</coordinates>
                </LineString>
                <LineString id="39556">
                    <coordinates>13.333721530000002,51.49303573,0.0 13.33376184,51.49310742,0.0 13.33384815,51.49314052999999,0.0</coordinates>
                </LineString>
                <LineString id="39558">
                    <coordinates>13.29507695,51.46882414,0.0 13.29491916,51.46877607,0.0 13.2949009,51.46877464,0.0 13.29488072,51.46877649,0.0 13.29485706,51.46878035,0.0 13.2948132,51.468792470000004,0.0 13.29477884,51.468805929999995,0.0</coordinates>
                </LineString>
                <LineString id="39560">
                    <coordinates>13.297679419999998,51.46833447,0.0 13.297723400000002,51.46824043000001,0.0 13.297741449999998,51.46819988999999,0.0</coordinates>
                </LineString>
                <LineString id="39562">
                    <coordinates>13.29760607,51.46459191999999,0.0 13.29759383,51.46458951,0.0</coordinates>
                </LineString>
                <LineString id="39564">
                    <coordinates>13.274771719999999,51.44384197,0.0 13.274914599999999,51.443761519999995,0.0 13.27494273,51.443747509999994,0.0 13.2750304,51.44369358,0.0 13.275129679999997,51.44363544,0.0 13.275196919999999,51.44359233999999,0.0 13.27522257,51.44357174,0.0</coordinates>
                </LineString>
                <LineString id="39566">
                    <coordinates>13.256976789999998,51.46077334999999,0.0 13.25703527,51.4607881,0.0 13.257073949999999,51.46080128,0.0 13.257119949999998,51.460820969999986,0.0 13.257169140000002,51.46084664,0.0 13.25721158,51.460871219999994,0.0 13.257243349999996,51.46089307999999,0.0</coordinates>
                </LineString>
                <LineString id="39568">
                    <coordinates>13.29361865,51.468141730000006,0.0 13.293638270000002,51.46815182000001,0.0</coordinates>
                </LineString>
                <LineString id="39570">
                    <coordinates>13.29278628,51.467770789999996,0.0 13.292861239999999,51.46780560999999,0.0 13.292987819999999,51.46783448999999,0.0 13.29321785,51.46794461000001,0.0 13.293306980000002,51.4679808,0.0 13.29357537,51.468119630000004,0.0</coordinates>
                </LineString>
                <LineString id="39572">
                    <coordinates>13.29393978,51.46826122999999,0.0 13.29445661,51.46849472,0.0</coordinates>
                </LineString>
                <LineString id="39574">
                    <coordinates>13.29445661,51.46849472,0.0 13.2944663,51.4684991,0.0</coordinates>
                </LineString>
                <LineString id="39576">
                    <coordinates>13.2944663,51.4684991,0.0 13.29448239,51.46850647999999,0.0 13.294649999999999,51.468561560000005,0.0</coordinates>
                </LineString>
                <LineString id="39578">
                    <coordinates>13.294649999999999,51.468561560000005,0.0 13.2946701,51.46852180999999,0.0</coordinates>
                </LineString>
                <LineString id="39580">
                    <coordinates>13.257976130000001,51.46202586,0.0 13.257938449999997,51.461978079999994,0.0 13.25789397,51.46192949999999,0.0 13.25785651,51.46188894999999,0.0 13.25781079,51.461841930000006,0.0 13.25777818,51.46180611999999,0.0 13.257752130000002,51.46176815,0.0 13.25772964,51.46173331000001,0.0 13.25770841,51.46169778000001,0.0 13.257686500000002,51.46165679,0.0 13.257665129999996,51.461608049999995,0.0 13.257651029999998,51.46156486000001,0.0 13.257634809999997,51.461518569999996,0.0 13.25762072,51.46147018999999,0.0 13.257623199999998,51.46144768,0.0 13.257612559999998,51.461400809999994,0.0</coordinates>
                </LineString>
                <LineString id="39582">
                    <coordinates>13.25841658,51.4625842,0.0 13.258795929999998,51.46307692999999,0.0 13.25896318,51.46328108,0.0 13.25938107,51.46377721,0.0 13.259454590000002,51.46387499000001,0.0</coordinates>
                </LineString>
                <LineString id="39584">
                    <coordinates>13.263445690000001,51.46720542,0.0 13.26337669,51.46715215,0.0 13.26302747,51.466882119999994,0.0 13.262712980000002,51.46663816000001,0.0 13.262533709999998,51.46649083999999,0.0 13.2623023,51.46630034999999,0.0 13.262099819999998,51.46613451000001,0.0 13.26190745,51.46597815,0.0 13.261667000000001,51.465787729999995,0.0 13.261566939999998,51.46570923999999,0.0 13.261422720000002,51.46559631000001,0.0 13.26129339,51.46549375000001,0.0 13.26114484,51.46537695999999,0.0 13.26101841,51.46527721,0.0 13.260827730000003,51.46512079,0.0 13.26056075,51.46490162999999,0.0 13.26029538,51.464686500000006,0.0 13.26005735,51.464476469999994,0.0 13.25986666,51.46429558,0.0 13.259841209999998,51.464269689999995,0.0 13.259805989999998,51.46424493999999,0.0 13.259770349999998,51.46421105999999,0.0 13.259693629999997,51.464129240000005,0.0 13.25966686,51.46410053999999,0.0 13.259620690000002,51.46404928,0.0 13.259454590000002,51.46387499000001,0.0</coordinates>
                </LineString>
                <LineString id="39586">
                    <coordinates>13.25841658,51.4625842,0.0 13.258311739999998,51.46245735,0.0 13.25822569,51.46234723999999,0.0 13.258170129999998,51.46227631,0.0 13.258128699999999,51.46222008,0.0 13.25807198,51.46215079999999,0.0 13.257976130000001,51.46202586,0.0</coordinates>
                </LineString>
                <LineString id="39588">
                    <coordinates>13.26811456,51.47079579,0.0 13.268074189999998,51.470776220000005,0.0 13.26805728,51.47076670999999,0.0 13.26803065,51.47075724,0.0 13.26800315,51.470748119999996,0.0 13.267971189999999,51.47073992999999,0.0 13.267944079999998,51.47073198999999,0.0 13.267905889999998,51.47072091999999,0.0 13.267877399999998,51.47071072000001,0.0 13.267849619999996,51.470700619999995,0.0 13.26782115,51.47068907,0.0 13.267787059999998,51.47067385,0.0 13.26755155,51.47051382999999,0.0 13.26740855,51.470410789999995,0.0 13.26712248,51.470195149999995,0.0 13.26685014,51.46997697,0.0 13.266590589999998,51.46976167999999,0.0 13.26632925,51.4695479,0.0 13.26607728,51.46933917999999,0.0 13.265809459999998,51.46911738999999,0.0 13.265555489999999,51.46890126,0.0 13.265318019999999,51.46870481,0.0 13.26514319,51.468560229999994,0.0 13.265045210000002,51.468476880000004,0.0 13.26480882,51.46827808,0.0 13.26472315,51.468202260000005,0.0 13.264642510000002,51.4681405,0.0 13.264536840000002,51.468058819999996,0.0 13.264408840000002,51.467957510000005,0.0</coordinates>
                </LineString>
                <LineString id="39590">
                    <coordinates>13.268670319999998,51.47131151999999,0.0 13.26867753,51.471357559999994,0.0</coordinates>
                </LineString>
                <LineString id="39592">
                    <coordinates>13.2701153,51.47608793,0.0 13.270155819999998,51.476131549999984,0.0 13.270190500000002,51.47616563,0.0 13.2702295,51.47619813,0.0 13.270263549999997,51.47622541999999,0.0 13.27029535,51.47624673999999,0.0 13.2703968,51.47630673999999,0.0 13.27055776,51.47639186999999,0.0 13.270620159999998,51.47642912,0.0 13.270701610000001,51.47648062,0.0 13.270864220000002,51.47658285,0.0</coordinates>
                </LineString>
                <LineString id="39594">
                    <coordinates>13.26853142,51.47078732,0.0 13.26855437,51.47085148000001,0.0 13.268286180000002,51.47080451,0.0</coordinates>
                </LineString>
                <LineString id="39596">
                    <coordinates>13.26811456,51.47079579,0.0 13.26815002,51.47081718,0.0 13.26818864,51.47084338999999,0.0 13.26820921,51.47085989,0.0</coordinates>
                </LineString>
                <LineString id="39598">
                    <coordinates>13.268286180000002,51.47080451,0.0 13.268267959999998,51.47080790999999,0.0 13.26822179,51.47085953999999,0.0 13.26820921,51.47085989,0.0</coordinates>
                </LineString>
                <LineString id="39600">
                    <coordinates>13.26820921,51.47085989,0.0 13.268365229999999,51.47098074,0.0</coordinates>
                </LineString>
                <LineString id="39602">
                    <coordinates>13.268365229999999,51.47098074,0.0 13.26848674,51.47107474,0.0 13.2685506,51.47113093000001,0.0 13.26861723,51.471189349999996,0.0 13.26863622,51.47120826999999,0.0 13.268649639999998,51.471227899999995,0.0 13.26865611,51.47124118,0.0 13.268661329999999,51.47125894999999,0.0 13.26866503,51.47128031,0.0</coordinates>
                </LineString>
                <LineString id="39604">
                    <coordinates>13.26866503,51.47128031,0.0 13.268670319999998,51.47131151999999,0.0</coordinates>
                </LineString>
                <LineString id="39606">
                    <coordinates>13.269397290000002,51.47350931,0.0 13.26935781,51.473494759999994,0.0 13.2692747,51.47346833999999,0.0 13.269231090000002,51.47345457,0.0</coordinates>
                </LineString>
                <LineString id="39608">
                    <coordinates>13.269798619999996,51.47386184999999,0.0 13.269748069999999,51.47381280999999,0.0 13.269694349999998,51.47376703999999,0.0 13.269434690000002,51.47353678,0.0 13.269414629999996,51.47352064999999,0.0 13.269397290000002,51.47350931,0.0</coordinates>
                </LineString>
                <LineString id="39610">
                    <coordinates>13.28071401,51.49815981,0.0 13.280556539999997,51.49793188,0.0 13.28036569,51.49766433,0.0 13.28028189,51.49752615,0.0 13.280063739999997,51.497209579999996,0.0 13.279903570000002,51.49699194,0.0 13.27973993,51.49676689999999,0.0 13.279583310000001,51.49654850999999,0.0 13.27943029,51.496328340000005,0.0 13.27927489,51.496107769999995,0.0 13.279128729999998,51.49589580999999,0.0 13.27897972,51.49567634999999,0.0 13.27889081,51.49555476999999,0.0 13.278639339999998,51.495240439999996,0.0</coordinates>
                </LineString>
                <LineString id="39612">
                    <coordinates>13.276725749999999,51.49217652000001,0.0 13.276647599999999,51.491954439999994,0.0 13.276517959999998,51.49155913999999,0.0 13.276391220000002,51.49118178,0.0 13.276281410000001,51.49084641,0.0</coordinates>
                </LineString>
                <LineString id="39614">
                    <coordinates>13.282461050000002,51.501827589999984,0.0 13.2824526,51.50185979999999,0.0 13.28228894,51.501847229999996,0.0 13.282000329999999,51.50183208,0.0 13.282010520000002,51.50179553000001,0.0 13.281904159999998,51.50179735999999,0.0 13.281921039999999,51.50168363999999,0.0</coordinates>
                </LineString>
                <LineString id="39616">
                    <coordinates>13.285639169999998,51.501809539999996,0.0 13.28565607,51.50177059,0.0 13.285657639999998,51.50175183,0.0</coordinates>
                </LineString>
                <LineString id="39618">
                    <coordinates>13.286610269999999,51.50217448000001,0.0 13.28663423,51.50216901,0.0</coordinates>
                </LineString>
                <LineString id="39620">
                    <coordinates>13.287069079999998,51.50246284999999,0.0 13.28706749,51.50247137,0.0 13.28721641,51.50250215,0.0</coordinates>
                </LineString>
                <LineString id="39622">
                    <coordinates>13.28343561,51.50070679,0.0 13.2831134,51.50068124,0.0</coordinates>
                </LineString>
                <LineString id="39624">
                    <coordinates>13.285657639999998,51.50175183,0.0 13.285584499999999,51.50165326999999,0.0 13.28548695,51.501547679999995,0.0 13.28540027,51.50144043,0.0 13.28539594,51.50142944,0.0</coordinates>
                </LineString>
                <LineString id="39626">
                    <coordinates>13.28539594,51.50142944,0.0 13.285378849999999,51.501395880000004,0.0 13.285304240000002,51.50126309000001,0.0 13.28526326,51.501167800000005,0.0 13.285200390000002,51.50109254,0.0 13.28506491,51.50099605999999,0.0 13.28493808,51.500920319999985,0.0 13.2847723,51.50083642,0.0 13.28466227,51.50076833999999,0.0 13.284635409999998,51.5007569,0.0</coordinates>
                </LineString>
                <LineString id="39628">
                    <coordinates>13.284635409999998,51.5007569,0.0 13.284610939999999,51.500765560000005,0.0</coordinates>
                </LineString>
                <LineString id="39630">
                    <coordinates>13.28495358,51.500743019999994,0.0 13.28496733,51.50073626999999,0.0 13.285014739999998,51.500732679999984,0.0</coordinates>
                </LineString>
                <LineString id="39632">
                    <coordinates>13.284635409999998,51.5007569,0.0 13.284597670000002,51.50073914,0.0 13.28452443,51.50070643,0.0 13.284435829999998,51.50065756000001,0.0 13.284306779999998,51.500598430000004,0.0 13.284246259999998,51.500576329999994,0.0 13.28418867,51.50055717,0.0 13.28411456,51.50053591,0.0 13.284006679999997,51.50050361,0.0 13.283903059999998,51.50047393,0.0 13.283744080000002,51.50042973,0.0 13.283640969999999,51.50040041,0.0 13.283489259999998,51.500365549999984,0.0 13.28346766,51.50036120000001,0.0</coordinates>
                </LineString>
                <LineString id="39634">
                    <coordinates>13.28224531,51.50008024,0.0 13.28224585,51.50007513999999,0.0 13.282267860000001,51.50005776,0.0</coordinates>
                </LineString>
                <LineString id="39636">
                    <coordinates>13.282267860000001,51.50005776,0.0 13.28226923,51.50004939,0.0</coordinates>
                </LineString>
                <LineString id="39638">
                    <coordinates>13.28226923,51.50004939,0.0 13.28225096,51.50004433,0.0</coordinates>
                </LineString>
                <LineString id="39640">
                    <coordinates>13.28226923,51.50004939,0.0 13.28232508,51.50006808999999,0.0 13.28246813,51.500105379999994,0.0 13.28269353,51.50016317,0.0</coordinates>
                </LineString>
                <LineString id="39642">
                    <coordinates>13.28269353,51.50016317,0.0 13.2830466,51.500252069999995,0.0</coordinates>
                </LineString>
                <LineString id="39644">
                    <coordinates>13.2830466,51.500252069999995,0.0 13.28336482,51.50033239,0.0 13.28346766,51.50036120000001,0.0</coordinates>
                </LineString>
                <LineString id="39646">
                    <coordinates>13.28346766,51.50036120000001,0.0 13.28345915,51.500383379999995,0.0</coordinates>
                </LineString>
                <LineString id="39648">
                    <coordinates>13.28345915,51.500383379999995,0.0 13.28346725,51.50038501,0.0</coordinates>
                </LineString>
                <LineString id="39650">
                    <coordinates>13.28721641,51.50250215,0.0 13.28726446,51.50251718,0.0</coordinates>
                </LineString>
                <LineString id="39652">
                    <coordinates>13.280582679999998,51.50149695999999,0.0 13.28013912,51.50132423,0.0 13.279941999999997,51.50119266000001,0.0 13.27975149,51.5010766,0.0 13.279392949999997,51.50094237,0.0 13.27919896,51.50086173999999,0.0 13.27913527,51.50080927,0.0 13.27872211,51.500677649999986,0.0</coordinates>
                </LineString>
                <LineString id="39654">
                    <coordinates>13.28225096,51.50004433,0.0 13.28197916,51.49994546,0.0 13.28182452,51.499880219999994,0.0 13.28155759,51.499659529999995,0.0 13.28121502,51.49927682999999,0.0 13.28116306,51.499207039999995,0.0 13.281090489999999,51.49877253,0.0 13.28107289,51.4986781,0.0 13.280772400000002,51.49824724999999,0.0 13.28071401,51.49815981,0.0</coordinates>
                </LineString>
                <LineString id="39656">
                    <coordinates>13.278443409999998,51.50056682999998,0.0 13.27872211,51.500677649999986,0.0</coordinates>
                </LineString>
                <LineString id="39658">
                    <coordinates>13.28060643,51.501680999999984,0.0 13.28058451,51.50150907999999,0.0 13.280582679999998,51.50149695999999,0.0</coordinates>
                </LineString>
                <LineString id="39660">
                    <coordinates>13.28100242,51.50202317,0.0 13.28069919,51.501848130000006,0.0 13.28060643,51.501680999999984,0.0</coordinates>
                </LineString>
                <LineString id="39662">
                    <coordinates>13.28875216,51.5044509,0.0 13.288600009999996,51.50441931999998,0.0 13.288375,51.50406878,0.0</coordinates>
                </LineString>
                <LineString id="39664">
                    <coordinates>13.28054408,51.50327091,0.0 13.28053065,51.50317019,0.0 13.281140019999999,51.50287787999999,0.0 13.281524050000002,51.50267627,0.0 13.281838749999997,51.50250642999998,0.0</coordinates>
                </LineString>
                <LineString id="39666">
                    <coordinates>13.28100242,51.50202317,0.0 13.2813874,51.50224194,0.0</coordinates>
                </LineString>
                <LineString id="39668">
                    <coordinates>13.2813874,51.50224194,0.0 13.28141693,51.502259429999995,0.0</coordinates>
                </LineString>
                <LineString id="39670">
                    <coordinates>13.28141693,51.502259429999995,0.0 13.28170133,51.50242453,0.0 13.281838749999997,51.50250642999998,0.0</coordinates>
                </LineString>
                <LineString id="39672">
                    <coordinates>13.281838749999997,51.50250642999998,0.0 13.28230964,51.50268816999999,0.0</coordinates>
                </LineString>
                <LineString id="39674">
                    <coordinates>13.28230964,51.50268816999999,0.0 13.28271634,51.50269573999999,0.0</coordinates>
                </LineString>
                <LineString id="39676">
                    <coordinates>13.28271634,51.50269573999999,0.0 13.282624619999996,51.50253694999999,0.0 13.28262573,51.50231685,0.0 13.282627129999998,51.502153709999995,0.0</coordinates>
                </LineString>
                <LineString id="39678">
                    <coordinates>13.28271634,51.50269573999999,0.0 13.282750400000001,51.50269597,0.0 13.28326194,51.50262331,0.0 13.28361946,51.50257491,0.0 13.28370835,51.50256415999999,0.0</coordinates>
                </LineString>
                <LineString id="39680">
                    <coordinates>13.28370835,51.50256415999999,0.0 13.283936189999999,51.50253448,0.0 13.284485469999998,51.50246218,0.0</coordinates>
                </LineString>
                <LineString id="39682">
                    <coordinates>13.285622149999998,51.50180481999999,0.0 13.28540174,51.50185746,0.0 13.285347120000003,51.50187005,0.0</coordinates>
                </LineString>
                <LineString id="39684">
                    <coordinates>13.284485469999998,51.50246218,0.0 13.284794870000002,51.50257216,0.0</coordinates>
                </LineString>
                <LineString id="39686">
                    <coordinates>13.284794870000002,51.50257216,0.0 13.28503125,51.50252917999999,0.0</coordinates>
                </LineString>
                <LineString id="39688">
                    <coordinates>13.284485469999998,51.50246218,0.0 13.284248850000003,51.50232351999999,0.0</coordinates>
                </LineString>
                <LineString id="39690">
                    <coordinates>13.284485469999998,51.50246218,0.0 13.284656759999999,51.50234807,0.0 13.284866500000001,51.50220980000001,0.0 13.285045649999999,51.50206763,0.0 13.285232430000002,51.50194483,0.0 13.285347120000003,51.50187005,0.0</coordinates>
                </LineString>
                <LineString id="39692">
                    <coordinates>13.29422695,51.502975029999995,0.0 13.294608170000002,51.503004239999996,0.0 13.29516423,51.5030461,0.0 13.295718369999996,51.50308959999999,0.0 13.296274479999997,51.503131239999995,0.0 13.296613459999998,51.50315595,0.0 13.29683414,51.50315696999999,0.0 13.29738932,51.50316262,0.0 13.297596220000003,51.50316630999999,0.0</coordinates>
                </LineString>
                <LineString id="39694">
                    <coordinates>13.28785529,51.50324939,0.0 13.28778274,51.502959700000005,0.0</coordinates>
                </LineString>
                <LineString id="39696">
                    <coordinates>13.28785529,51.50324939,0.0 13.28805979,51.503582859999995,0.0 13.288076649999999,51.50360586,0.0</coordinates>
                </LineString>
                <LineString id="39698">
                    <coordinates>13.288076649999999,51.50360586,0.0 13.288279569999998,51.50393745,0.0</coordinates>
                </LineString>
                <LineString id="39700">
                    <coordinates>13.281921039999999,51.50168363999999,0.0 13.281958699999999,51.50145567999999,0.0</coordinates>
                </LineString>
                <LineString id="39702">
                    <coordinates>13.281958699999999,51.50145567999999,0.0 13.281992630000001,51.50125243,0.0</coordinates>
                </LineString>
                <LineString id="39704">
                    <coordinates>13.281992630000001,51.50125243,0.0 13.28204061,51.50103002,0.0 13.28207595,51.50087107000001,0.0 13.28208901,51.50064678,0.0</coordinates>
                </LineString>
                <LineString id="39706">
                    <coordinates>13.28208901,51.50064678,0.0 13.282157279999998,51.500336619999985,0.0 13.282166,51.50030243999999,0.0 13.28224531,51.50008024,0.0</coordinates>
                </LineString>
                <LineString id="39708">
                    <coordinates>13.28328449,51.50113118,0.0 13.283715739999998,51.50117609,0.0 13.283883209999999,51.50100264999999,0.0 13.28398044,51.50091388999999,0.0</coordinates>
                </LineString>
                <LineString id="39710">
                    <coordinates>13.28398044,51.50091388999999,0.0 13.2840619,51.50102319,0.0</coordinates>
                </LineString>
                <LineString id="39712">
                    <coordinates>13.28343561,51.50070679,0.0 13.28343817,51.50060388,0.0 13.28346725,51.50038501,0.0</coordinates>
                </LineString>
                <LineString id="39714">
                    <coordinates>13.28537105,51.50142158999999,0.0 13.285386189999999,51.50142,0.0 13.285461679999997,51.50142218999999,0.0 13.285637660000003,51.50142641,0.0</coordinates>
                </LineString>
                <LineString id="39716">
                    <coordinates>13.284610939999999,51.500765560000005,0.0 13.284288490000002,51.50063619,0.0</coordinates>
                </LineString>
                <LineString id="39718">
                    <coordinates>13.284288490000002,51.50063619,0.0 13.2840718,51.50083212999999,0.0 13.28398044,51.50091388999999,0.0</coordinates>
                </LineString>
                <LineString id="39720">
                    <coordinates>13.284288490000002,51.50063619,0.0 13.28447609,51.50046648,0.0 13.284539279999999,51.50040862,0.0 13.28450826,51.50014118000001,0.0 13.284500650000002,51.50006969,0.0</coordinates>
                </LineString>
                <LineString id="39722">
                    <coordinates>13.281947370000001,51.50016586,0.0 13.28224531,51.50008024,0.0</coordinates>
                </LineString>
                <LineString id="39724">
                    <coordinates>13.28726446,51.50251718,0.0 13.287528579999998,51.50249924999999,0.0 13.287682819999999,51.50250867999999,0.0 13.287898929999999,51.50252490999999,0.0 13.288456439999997,51.50256408,0.0 13.28901207,51.502600859999994,0.0 13.289565859999996,51.50263937999999,0.0 13.290044669999999,51.50267104,0.0</coordinates>
                </LineString>
                <LineString id="39726">
                    <coordinates>13.28060643,51.501680999999984,0.0 13.280678549999998,51.50171669,0.0 13.280732779999997,51.501747009999995,0.0 13.281012489999998,51.501906440000006,0.0</coordinates>
                </LineString>
                <LineString id="39728">
                    <coordinates>13.277413499999998,51.500166390000004,0.0 13.278443409999998,51.50056682999998,0.0</coordinates>
                </LineString>
                <LineString id="39730">
                    <coordinates>13.28495358,51.500743019999994,0.0 13.284610939999999,51.500765560000005,0.0</coordinates>
                </LineString>
                <LineString id="39732">
                    <coordinates>13.290044669999999,51.50267104,0.0 13.290126149999999,51.502676359999995,0.0 13.29068626,51.50271290999999,0.0 13.291251699999998,51.502750869999986,0.0 13.291811589999998,51.502792369999995,0.0 13.29237517,51.502831379999996,0.0 13.292929340000002,51.50287395000001,0.0 13.293485299999999,51.50291758,0.0 13.294044,51.50296096,0.0 13.29422695,51.502975029999995,0.0</coordinates>
                </LineString>
                <LineString id="39734">
                    <coordinates>13.28909275,51.504521440000005,0.0 13.28875216,51.5044509,0.0</coordinates>
                </LineString>
                <LineString id="39736">
                    <coordinates>13.278639339999998,51.495240439999996,0.0 13.27861538,51.49518809,0.0 13.2783848,51.49486500999999,0.0 13.27806135,51.49442893,0.0 13.277789399999998,51.49406491,0.0 13.27748901,51.49364311,0.0 13.27722058,51.49328260000001,0.0 13.277076099999999,51.493090159999994,0.0 13.276939989999999,51.49275427999999,0.0 13.27685365,51.492528459999996,0.0 13.27678433,51.4923431,0.0 13.27674631,51.49223477,0.0</coordinates>
                </LineString>
                <LineString id="39738">
                    <coordinates>13.27674631,51.49223477,0.0 13.276740970000002,51.49221975,0.0</coordinates>
                </LineString>
                <LineString id="39740">
                    <coordinates>13.276740970000002,51.49221975,0.0 13.276725749999999,51.49217652000001,0.0</coordinates>
                </LineString>
                <LineString id="39742">
                    <coordinates>13.28875216,51.5044509,0.0 13.28871117,51.504384099999996,0.0 13.288454590000002,51.50396794,0.0 13.288166919999998,51.503517519999995,0.0 13.28791327,51.50312208,0.0</coordinates>
                </LineString>
                <LineString id="39744">
                    <coordinates>13.28791327,51.50312208,0.0 13.28764286,51.50286466000001,0.0 13.28755884,51.50282106,0.0</coordinates>
                </LineString>
                <LineString id="39746">
                    <coordinates>13.287463540000001,51.50274091,0.0 13.28755884,51.50282106,0.0</coordinates>
                </LineString>
                <LineString id="39748">
                    <coordinates>13.287069079999998,51.50246284999999,0.0 13.287093919999998,51.50247683999999,0.0 13.28716716,51.50253485999999,0.0 13.287274279999998,51.50262289999999,0.0 13.287463540000001,51.50274091,0.0</coordinates>
                </LineString>
                <LineString id="39750">
                    <coordinates>13.28706047,51.502457250000006,0.0 13.287069079999998,51.50246284999999,0.0</coordinates>
                </LineString>
                <LineString id="39752">
                    <coordinates>13.286610269999999,51.50217448000001,0.0 13.28667517,51.50220629,0.0 13.286928789999997,51.50237056,0.0 13.28706047,51.502457250000006,0.0</coordinates>
                </LineString>
                <LineString id="39754">
                    <coordinates>13.286261759999999,51.50199187,0.0 13.286519150000002,51.50213237999999,0.0 13.286610269999999,51.50217448000001,0.0</coordinates>
                </LineString>
                <LineString id="39756">
                    <coordinates>13.286219869999998,51.50197229999999,0.0 13.286261759999999,51.50199187,0.0</coordinates>
                </LineString>
                <LineString id="39758">
                    <coordinates>13.285657639999998,51.50175183,0.0 13.285711409999996,51.501781189999996,0.0 13.285728249999998,51.5017909,0.0 13.28575853,51.50181108999999,0.0 13.28580106,51.5018328,0.0 13.28585511,51.50185367,0.0 13.28588952,51.50186443,0.0 13.28593962,51.50187679,0.0 13.285986759999998,51.50188637,0.0 13.28605906,51.501896990000006,0.0 13.286219869999998,51.50197229999999,0.0</coordinates>
                </LineString>
                <LineString id="39760">
                    <coordinates>13.228027379999999,51.497917449999996,0.0 13.22801291,51.49804554999999,0.0 13.22800753,51.498084639999995,0.0 13.227991410000001,51.498203079999996,0.0</coordinates>
                </LineString>
                <LineString id="39762">
                    <coordinates>13.22678549,51.49897976999999,0.0 13.226595979999999,51.49907365999999,0.0</coordinates>
                </LineString>
                <LineString id="39764">
                    <coordinates>13.2279849,51.49822982,0.0 13.227899999999998,51.49825533999999,0.0 13.22778553,51.49839495999999,0.0 13.22752407,51.49858246,0.0 13.227456259999999,51.498614889999985,0.0</coordinates>
                </LineString>
                <LineString id="39766">
                    <coordinates>13.226993840000002,51.49887683,0.0 13.22678549,51.49897976999999,0.0</coordinates>
                </LineString>
                <LineString id="39768">
                    <coordinates>13.22630543,51.49913162,0.0 13.22628825,51.49913207,0.0 13.22626383,51.499184660000004,0.0</coordinates>
                </LineString>
                <LineString id="39770">
                    <coordinates>13.22626383,51.499184660000004,0.0 13.22611226,51.49915929,0.0 13.226117540000002,51.499150459999996,0.0 13.22610055,51.49914852999999,0.0</coordinates>
                </LineString>
                <LineString id="39772">
                    <coordinates>13.22610055,51.49914852999999,0.0 13.225934049999998,51.49912107,0.0</coordinates>
                </LineString>
                <LineString id="39774">
                    <coordinates>13.226595979999999,51.49907365999999,0.0 13.226335850000002,51.49913143999998,0.0 13.22630543,51.49913162,0.0</coordinates>
                </LineString>
                <LineString id="39776">
                    <coordinates>13.227261929999997,51.498696210000006,0.0 13.22718692,51.49873213,0.0 13.22705374,51.498847,0.0 13.226993840000002,51.49887683,0.0</coordinates>
                </LineString>
                <LineString id="39778">
                    <coordinates>13.227456259999999,51.498614889999985,0.0 13.22735485,51.49866223,0.0 13.227261929999997,51.498696210000006,0.0</coordinates>
                </LineString>
                <LineString id="39780">
                    <coordinates>13.227991410000001,51.498203079999996,0.0 13.2279849,51.49822982,0.0</coordinates>
                </LineString>
                <LineString id="39782">
                    <coordinates>13.2279813,51.49830532,0.0 13.227994120000002,51.498312209999995,0.0</coordinates>
                </LineString>
                <LineString id="39784">
                    <coordinates>13.227994120000002,51.498312209999995,0.0 13.22834241,51.49834062,0.0</coordinates>
                </LineString>
                <LineString id="39786">
                    <coordinates>13.22834241,51.49834062,0.0 13.228413649999998,51.49821813999999,0.0</coordinates>
                </LineString>
                <LineString id="39788">
                    <coordinates>13.22843059,51.498193840000006,0.0 13.22847622,51.4981169,0.0</coordinates>
                </LineString>
                <LineString id="39790">
                    <coordinates>13.228413649999998,51.49821813999999,0.0 13.22843059,51.498193840000006,0.0</coordinates>
                </LineString>
                <LineString id="39792">
                    <coordinates>13.228564,51.49798924999999,0.0 13.228571209999998,51.49797875999999,0.0 13.22859015,51.49794520000001,0.0</coordinates>
                </LineString>
                <LineString id="39794">
                    <coordinates>13.228713489999997,51.49767223999999,0.0 13.228822330000002,51.49769011000001,0.0 13.22912495,51.49775338,0.0 13.22940679,51.49780370999999,0.0 13.2294817,51.49782059000001,0.0</coordinates>
                </LineString>
                <LineString id="39796">
                    <coordinates>13.22859015,51.49794520000001,0.0 13.228670210000002,51.49770075,0.0 13.228679429999998,51.497666119999984,0.0 13.228713489999997,51.49767223999999,0.0</coordinates>
                </LineString>
                <LineString id="39798">
                    <coordinates>13.2279849,51.49822982,0.0 13.2279813,51.49830532,0.0</coordinates>
                </LineString>
                <LineString id="39800">
                    <coordinates>13.2279813,51.49830532,0.0 13.227979409999998,51.49852228999999,0.0 13.227976829999996,51.49867731,0.0 13.2279919,51.49882632,0.0 13.228000640000001,51.49883207,0.0 13.227979499999998,51.49889494999999,0.0 13.22796541,51.49890385999999,0.0</coordinates>
                </LineString>
                <LineString id="39802">
                    <coordinates>13.22834241,51.49834062,0.0 13.22831472,51.49842246,0.0 13.2282966,51.498461330000005,0.0 13.22826312,51.498530559999985,0.0</coordinates>
                </LineString>
                <LineString id="39804">
                    <coordinates>13.22826312,51.498530559999985,0.0 13.22821782,51.498668809999984,0.0</coordinates>
                </LineString>
                <LineString id="39806">
                    <coordinates>13.22821782,51.498668809999984,0.0 13.22815348,51.49883816999999,0.0</coordinates>
                </LineString>
                <LineString id="39808">
                    <coordinates>13.228120669999997,51.49891065999999,0.0 13.228115439999998,51.498922629999996,0.0 13.228082089999997,51.49899367,0.0</coordinates>
                </LineString>
                <LineString id="39810">
                    <coordinates>13.22796541,51.49890385999999,0.0 13.227936459999999,51.498972379999984,0.0</coordinates>
                </LineString>
                <LineString id="39812">
                    <coordinates>13.227936459999999,51.498972379999984,0.0 13.227849109999996,51.499144389999984,0.0</coordinates>
                </LineString>
                <LineString id="39814">
                    <coordinates>13.227849109999996,51.499144389999984,0.0 13.2277731,51.49928212,0.0</coordinates>
                </LineString>
                <LineString id="39816">
                    <coordinates>13.228082089999997,51.49899367,0.0 13.22803267,51.49906479999999,0.0 13.22799294,51.49913616999999,0.0 13.227941110000002,51.49922593,0.0 13.227860929999999,51.499367889999995,0.0</coordinates>
                </LineString>
                <LineString id="39818">
                    <coordinates>13.22784524,51.49939459,0.0 13.227857199999999,51.49939144999998,0.0 13.227960439999999,51.499414189999996,0.0</coordinates>
                </LineString>
                <LineString id="39820">
                    <coordinates>13.2277731,51.49928212,0.0 13.22775768,51.499315589999995,0.0</coordinates>
                </LineString>
                <LineString id="39822">
                    <coordinates>13.22775768,51.499315589999995,0.0 13.227753799999999,51.49932331000001,0.0</coordinates>
                </LineString>
                <LineString id="39824">
                    <coordinates>13.22784524,51.49939459,0.0 13.227709840000001,51.499643519999985,0.0</coordinates>
                </LineString>
                <LineString id="39826">
                    <coordinates>13.227860929999999,51.499367889999995,0.0 13.22784524,51.49939459,0.0</coordinates>
                </LineString>
                <LineString id="39828">
                    <coordinates>13.227713909999999,51.49939925,0.0 13.22758971,51.49963905,0.0</coordinates>
                </LineString>
                <LineString id="39830">
                    <coordinates>13.227753799999999,51.49932331000001,0.0 13.227713909999999,51.49939925,0.0</coordinates>
                </LineString>
                <LineString id="39832">
                    <coordinates>13.227709840000001,51.499643519999985,0.0 13.227689209999998,51.49967856000001,0.0</coordinates>
                </LineString>
                <LineString id="39834">
                    <coordinates>13.22758971,51.49963905,0.0 13.22756419,51.49968714,0.0</coordinates>
                </LineString>
                <LineString id="39836">
                    <coordinates>13.227689209999998,51.49967856000001,0.0 13.227648919999998,51.49974836999999,0.0 13.227608529999998,51.4998164,0.0 13.2275123,51.50000119999999,0.0 13.22749323,51.500047349999996,0.0 13.22747594,51.50008016999998,0.0 13.22746099,51.50012153,0.0</coordinates>
                </LineString>
                <LineString id="39838">
                    <coordinates>13.22746948,51.49987236,0.0 13.227390169999998,51.50004115,0.0</coordinates>
                </LineString>
                <LineString id="39840">
                    <coordinates>13.22756419,51.49968714,0.0 13.22750043,51.49981019,0.0 13.22746948,51.49987236,0.0</coordinates>
                </LineString>
                <LineString id="39842">
                    <coordinates>13.22733937,51.50026937,0.0 13.2273425,51.50029081000001,0.0</coordinates>
                </LineString>
                <LineString id="39844">
                    <coordinates>13.22746099,51.50012153,0.0 13.22743857,51.50019366,0.0 13.22744524,51.500265709999994,0.0</coordinates>
                </LineString>
                <LineString id="39846">
                    <coordinates>13.22751101,51.50054347,0.0 13.22753634,51.50073407000001,0.0</coordinates>
                </LineString>
                <LineString id="39848">
                    <coordinates>13.227509749999998,51.50053505,0.0 13.22751101,51.50054347,0.0</coordinates>
                </LineString>
                <LineString id="39850">
                    <coordinates>13.2273425,51.50029081000001,0.0 13.227352549999999,51.50034317,0.0 13.227368259999999,51.50042581000001,0.0</coordinates>
                </LineString>
                <LineString id="39852">
                    <coordinates>13.227368259999999,51.50042581000001,0.0 13.22737908,51.50051493,0.0</coordinates>
                </LineString>
                <LineString id="39854">
                    <coordinates>13.22737908,51.50051493,0.0 13.227392789999998,51.50060635999999,0.0 13.227414469999998,51.50073135,0.0</coordinates>
                </LineString>
                <LineString id="39856">
                    <coordinates>13.227414469999998,51.50073135,0.0 13.22743916,51.50085038,0.0 13.227469709999998,51.50097086,0.0 13.22750449,51.50109844999999,0.0 13.227508989999999,51.501114949999995,0.0</coordinates>
                </LineString>
                <LineString id="39858">
                    <coordinates>13.22755638,51.50129384999999,0.0 13.22756379,51.50132979,0.0</coordinates>
                </LineString>
                <LineString id="39860">
                    <coordinates>13.227508989999999,51.501114949999995,0.0 13.22753798,51.501227160000006,0.0 13.22755638,51.50129384999999,0.0</coordinates>
                </LineString>
                <LineString id="39862">
                    <coordinates>13.22756379,51.50132979,0.0 13.2275738,51.50138288,0.0 13.227584129999999,51.501428069999996,0.0 13.227593680000002,51.50149091000001,0.0</coordinates>
                </LineString>
                <LineString id="39864">
                    <coordinates>13.227593680000002,51.50149091000001,0.0 13.22759424,51.50150245,0.0 13.227595,51.501523590000005,0.0 13.22759357,51.50156428,0.0 13.22759323,51.50159588999999,0.0</coordinates>
                </LineString>
                <LineString id="39866">
                    <coordinates>13.22759323,51.50159588999999,0.0 13.227594739999999,51.50163246999999,0.0 13.227595130000001,51.50165124000001,0.0 13.227593439999998,51.501701049999994,0.0 13.227593129999997,51.50175604999998,0.0</coordinates>
                </LineString>
                <LineString id="39868">
                    <coordinates>13.227593129999997,51.50175604999998,0.0 13.22759144,51.50181220999999,0.0 13.227589629999999,51.50189227999999,0.0 13.22758727,51.50194568999999,0.0</coordinates>
                </LineString>
                <LineString id="39870">
                    <coordinates>13.2275825,51.502034849999994,0.0 13.227585019999998,51.50205601999998,0.0 13.22758588,51.50209954000001,0.0</coordinates>
                </LineString>
                <LineString id="39872">
                    <coordinates>13.22758727,51.50194568999999,0.0 13.2275825,51.502034849999994,0.0</coordinates>
                </LineString>
                <LineString id="39874">
                    <coordinates>13.227586459999998,51.5021245,0.0 13.22758847,51.50224039999999,0.0 13.227590909999998,51.50232490999999,0.0</coordinates>
                </LineString>
                <LineString id="39876">
                    <coordinates>13.22758588,51.50209954000001,0.0 13.227586459999998,51.5021245,0.0</coordinates>
                </LineString>
                <LineString id="39878">
                    <coordinates>13.227590909999998,51.50232490999999,0.0 13.22759218,51.50235003,0.0</coordinates>
                </LineString>
                <LineString id="39880">
                    <coordinates>13.227608129999998,51.50244546999999,0.0 13.22761646,51.50249311000001,0.0 13.2276528,51.502621379999994,0.0 13.227669439999998,51.50268245,0.0 13.22768343,51.50273778,0.0 13.227710849999998,51.50283818,0.0 13.22772904,51.502902330000005,0.0</coordinates>
                </LineString>
                <LineString id="39882">
                    <coordinates>13.22759218,51.50235003,0.0 13.227608129999998,51.50244546999999,0.0</coordinates>
                </LineString>
                <LineString id="39884">
                    <coordinates>13.22772904,51.502902330000005,0.0 13.22768879,51.50290745,0.0 13.227497549999999,51.50290222999999,0.0 13.227307080000001,51.50289679,0.0 13.22729881,51.50291809,0.0 13.227194249999998,51.50301545999999,0.0 13.227250099999997,51.50308474999999,0.0 13.227059110000003,51.50306639000001,0.0 13.2269803,51.503058769999996,0.0 13.2269684,51.503096379999995,0.0</coordinates>
                </LineString>
                <LineString id="39886">
                    <coordinates>13.22772904,51.502902330000005,0.0 13.227767010000003,51.50303591,0.0 13.227819529999998,51.503201430000004,0.0 13.227864629999997,51.50332751,0.0</coordinates>
                </LineString>
                <LineString id="39888">
                    <coordinates>13.227886169999996,51.50358056999999,0.0 13.227885529999998,51.50358590999999,0.0</coordinates>
                </LineString>
                <LineString id="39890">
                    <coordinates>13.227864629999997,51.50332751,0.0 13.227873920000002,51.50336064999999,0.0 13.227881169999998,51.50340898999999,0.0</coordinates>
                </LineString>
                <LineString id="39892">
                    <coordinates>13.227881169999998,51.50340898999999,0.0 13.22788365,51.50344383999999,0.0 13.22788425,51.50348751,0.0 13.227886169999996,51.50358056999999,0.0</coordinates>
                </LineString>
                <LineString id="39894">
                    <coordinates>13.227885529999998,51.50358590999999,0.0 13.227878999999998,51.50367719,0.0</coordinates>
                </LineString>
                <LineString id="39896">
                    <coordinates>13.227865879999998,51.50376535999999,0.0 13.2278618,51.503790370000004,0.0</coordinates>
                </LineString>
                <LineString id="39898">
                    <coordinates>13.227878999999998,51.50367719,0.0 13.227865879999998,51.50376535999999,0.0</coordinates>
                </LineString>
                <LineString id="39900">
                    <coordinates>13.2278618,51.503790370000004,0.0 13.227846009999999,51.503898529999994,0.0</coordinates>
                </LineString>
                <LineString id="39902">
                    <coordinates>13.227816309999998,51.50406706999999,0.0 13.227804,51.504055419999986,0.0 13.227575849999996,51.504024409999985,0.0</coordinates>
                </LineString>
                <LineString id="39904">
                    <coordinates>13.227575849999996,51.504024409999985,0.0 13.227359430000002,51.50399514000001,0.0 13.2272211,51.50397120999999,0.0 13.227109139999998,51.503954149999984,0.0</coordinates>
                </LineString>
                <LineString id="39906">
                    <coordinates>13.227846009999999,51.503898529999994,0.0 13.227816309999998,51.50406706999999,0.0</coordinates>
                </LineString>
                <LineString id="39908">
                    <coordinates>13.227816309999998,51.50406706999999,0.0 13.227786169999998,51.5042071,0.0</coordinates>
                </LineString>
                <LineString id="39910">
                    <coordinates>13.227786169999998,51.5042071,0.0 13.227765319999998,51.504301649999995,0.0</coordinates>
                </LineString>
                <LineString id="39912">
                    <coordinates>13.227765319999998,51.504301649999995,0.0 13.227735290000002,51.50444915,0.0</coordinates>
                </LineString>
                <LineString id="39914">
                    <coordinates>13.22767402,51.50476126,0.0 13.22766989,51.504787099999994,0.0</coordinates>
                </LineString>
                <LineString id="39916">
                    <coordinates>13.227735290000002,51.50444915,0.0 13.227715079999998,51.50454991999999,0.0 13.22771074,51.50457353,0.0 13.22767402,51.50476126,0.0</coordinates>
                </LineString>
                <LineString id="39918">
                    <coordinates>13.22766989,51.504787099999994,0.0 13.22764604,51.50491008,0.0 13.227631759999998,51.50498079,0.0</coordinates>
                </LineString>
                <LineString id="39920">
                    <coordinates>13.227631759999998,51.50498079,0.0 13.227628029999998,51.504999399999996,0.0 13.22760721,51.50507783,0.0 13.22758662,51.505155329999994,0.0 13.227523739999999,51.50539938999999,0.0</coordinates>
                </LineString>
                <LineString id="39922">
                    <coordinates>13.227523739999999,51.50539938999999,0.0 13.22751286,51.505454709999995,0.0 13.22750283,51.50547931,0.0 13.227492940000001,51.50550144999999,0.0 13.22748461,51.50551889,0.0 13.227479669999997,51.505529949999996,0.0 13.227465389999999,51.505553060000004,0.0 13.227458309999998,51.505566249999994,0.0 13.2274321,51.50560151999999,0.0 13.227404020000002,51.50563972999999,0.0 13.227378769999998,51.505674289999995,0.0 13.227332209999998,51.50573937,0.0</coordinates>
                </LineString>
                <LineString id="39924">
                    <coordinates>13.227332209999998,51.50573937,0.0 13.227278189999998,51.505807399999995,0.0 13.22720895,51.50590194,0.0 13.227202009999997,51.50591180999999,0.0 13.2271419,51.505929900000005,0.0 13.227099249999997,51.505985979999984,0.0 13.22701647,51.50609498,0.0 13.226978029999998,51.50614539,0.0 13.226911050000002,51.50623173,0.0 13.22690697,51.50627436999999,0.0 13.226818699999999,51.50639554,0.0 13.226764569999998,51.50646897999999,0.0 13.22668937,51.50658486999999,0.0</coordinates>
                </LineString>
                <LineString id="39926">
                    <coordinates>13.227736599999998,51.501948049999996,0.0 13.22773398,51.502004129999996,0.0</coordinates>
                </LineString>
                <LineString id="39928">
                    <coordinates>13.22773398,51.502004129999996,0.0 13.2277306,51.50211265,0.0</coordinates>
                </LineString>
                <LineString id="39930">
                    <coordinates>13.228354339999997,51.50577921,0.0 13.228403829999998,51.50582661999999,0.0</coordinates>
                </LineString>
                <LineString id="39932">
                    <coordinates>13.22845251,51.5058818,0.0 13.228452779999998,51.505882079999985,0.0</coordinates>
                </LineString>
                <LineString id="39934">
                    <coordinates>13.22753634,51.50073407000001,0.0 13.227552949999998,51.5008014,0.0 13.227564529999999,51.500843599999996,0.0</coordinates>
                </LineString>
                <LineString id="39936">
                    <coordinates>13.227564529999999,51.500843599999996,0.0 13.22757267,51.50087588,0.0</coordinates>
                </LineString>
                <LineString id="39938">
                    <coordinates>13.22760929,51.50100764999999,0.0 13.227627540000002,51.50107471,0.0</coordinates>
                </LineString>
                <LineString id="39940">
                    <coordinates>13.22762975,51.50108324000001,0.0 13.22763199,51.50109644,0.0</coordinates>
                </LineString>
                <LineString id="39942">
                    <coordinates>13.22757267,51.50087588,0.0 13.227590899999997,51.50093867,0.0 13.22760929,51.50100764999999,0.0</coordinates>
                </LineString>
                <LineString id="39944">
                    <coordinates>13.227627540000002,51.50107471,0.0 13.22762975,51.50108324000001,0.0</coordinates>
                </LineString>
                <LineString id="39946">
                    <coordinates>13.22763199,51.50109644,0.0 13.227661670000002,51.50121097,0.0 13.227682459999999,51.50127677,0.0</coordinates>
                </LineString>
                <LineString id="39948">
                    <coordinates>13.227682459999999,51.50127677,0.0 13.227699369999998,51.501327489999994,0.0 13.227728820000001,51.501421099999995,0.0 13.227736189999996,51.50145916,0.0 13.22774116,51.501488429999995,0.0 13.22774389,51.50152492000001,0.0</coordinates>
                </LineString>
                <LineString id="39950">
                    <coordinates>13.22774389,51.50152492000001,0.0 13.227744509999999,51.50155400999999,0.0</coordinates>
                </LineString>
                <LineString id="39952">
                    <coordinates>13.227744509999999,51.50155400999999,0.0 13.227745589999998,51.50158008999999,0.0 13.227741799999999,51.50165571,0.0</coordinates>
                </LineString>
                <LineString id="39954">
                    <coordinates>13.227738589999998,51.50174862000001,0.0 13.22773895,51.50184114000001,0.0 13.227736599999998,51.501948049999996,0.0</coordinates>
                </LineString>
                <LineString id="39956">
                    <coordinates>13.2277306,51.50211265,0.0 13.227729669999999,51.50213593999999,0.0 13.227723300000001,51.502242390000006,0.0 13.227726959999998,51.50231968999999,0.0</coordinates>
                </LineString>
                <LineString id="39958">
                    <coordinates>13.22775088,51.502471450000016,0.0 13.22775282,51.50248121,0.0 13.227772510000001,51.50254249000001,0.0 13.22778162,51.50257519,0.0</coordinates>
                </LineString>
                <LineString id="39960">
                    <coordinates>13.22778162,51.50257519,0.0 13.22778751,51.50259562,0.0</coordinates>
                </LineString>
                <LineString id="39962">
                    <coordinates>13.22778751,51.50259562,0.0 13.227813339999999,51.50267873999999,0.0 13.227818,51.50269619,0.0</coordinates>
                </LineString>
                <LineString id="39964">
                    <coordinates>13.227818,51.50269619,0.0 13.22784342,51.50279135,0.0</coordinates>
                </LineString>
                <LineString id="39966">
                    <coordinates>13.22784342,51.50279135,0.0 13.22787194,51.5028966,0.0 13.22787994,51.50292379999999,0.0 13.227916429999999,51.503012,0.0</coordinates>
                </LineString>
                <LineString id="39968">
                    <coordinates>13.227916429999999,51.503012,0.0 13.227938579999998,51.503067009999995,0.0 13.22795184,51.50310918,0.0 13.227973639999998,51.50316881999999,0.0 13.227984999999997,51.50322318,0.0 13.227990640000002,51.50329259000001,0.0 13.22799706,51.5033607,0.0 13.228009159999997,51.50346775,0.0 13.228010639999999,51.503491090000004,0.0</coordinates>
                </LineString>
                <LineString id="39970">
                    <coordinates>13.22802143,51.50357333,0.0 13.22802745,51.50359969,0.0</coordinates>
                </LineString>
                <LineString id="39972">
                    <coordinates>13.228010639999999,51.503491090000004,0.0 13.228013759999998,51.50354204999999,0.0 13.22802143,51.50357333,0.0</coordinates>
                </LineString>
                <LineString id="39974">
                    <coordinates>13.22802745,51.50359969,0.0 13.228033179999999,51.503625899999996,0.0 13.228025959999998,51.5036981,0.0 13.228010909999998,51.50379146999999,0.0 13.227996429999997,51.503870809999995,0.0</coordinates>
                </LineString>
                <LineString id="39976">
                    <coordinates>13.227993189999998,51.50389220999998,0.0 13.22797204,51.50398762,0.0 13.227968979999998,51.50400667999999,0.0 13.22796541,51.504026919999994,0.0</coordinates>
                </LineString>
                <LineString id="39978">
                    <coordinates>13.22796541,51.504026919999994,0.0 13.227959829999998,51.50406602999998,0.0</coordinates>
                </LineString>
                <LineString id="39980">
                    <coordinates>13.227959829999998,51.50406602999998,0.0 13.22794653,51.50412790000001,0.0 13.22793468,51.50417766999999,0.0 13.227910959999999,51.504298049999996,0.0 13.227891209999997,51.50439582,0.0</coordinates>
                </LineString>
                <LineString id="39982">
                    <coordinates>13.227891209999997,51.50439582,0.0 13.22788124,51.50444342,0.0 13.22786647,51.504511400000005,0.0</coordinates>
                </LineString>
                <LineString id="39984">
                    <coordinates>13.22786647,51.504511400000005,0.0 13.22785181,51.50459405,0.0</coordinates>
                </LineString>
                <LineString id="39986">
                    <coordinates>13.22785181,51.50459405,0.0 13.22782668,51.50472045,0.0 13.22781523,51.50478165999999,0.0</coordinates>
                </LineString>
                <LineString id="39988">
                    <coordinates>13.22781523,51.50478165999999,0.0 13.227806619999997,51.50483052,0.0</coordinates>
                </LineString>
                <LineString id="39990">
                    <coordinates>13.227731879999999,51.50524434999999,0.0 13.227710579999998,51.50530974,0.0</coordinates>
                </LineString>
                <LineString id="39992">
                    <coordinates>13.227710579999998,51.50530974,0.0 13.22771173,51.50532224,0.0 13.227723589999997,51.505336999999976,0.0 13.22775052,51.50536058,0.0 13.227808669999998,51.50539795,0.0 13.227832890000002,51.50541284,0.0 13.22788615,51.50544586999999,0.0 13.22794468,51.505481069999995,0.0 13.228007990000002,51.50551953,0.0 13.228092969999999,51.50557374000001,0.0 13.228159089999998,51.5056202,0.0 13.22819179,51.505644159999996,0.0 13.228209719999999,51.50565576999998,0.0 13.228252700000002,51.50568666,0.0 13.228281440000002,51.50571133,0.0</coordinates>
                </LineString>
                <LineString id="39994">
                    <coordinates>13.22859341,51.50605472,0.0 13.228593400000001,51.506054899999995,0.0</coordinates>
                </LineString>
                <LineString id="39996">
                    <coordinates>13.228452779999998,51.505882079999985,0.0 13.22848407,51.50591754,0.0 13.22850341,51.50594003,0.0 13.22851546,51.50595196000001,0.0 13.22853118,51.50596433,0.0 13.22854865,51.505975559999996,0.0 13.228563949999998,51.50598172,0.0 13.228580160000002,51.50598636,0.0 13.228622010000002,51.505993280000006,0.0</coordinates>
                </LineString>
                <LineString id="39998">
                    <coordinates>13.228593400000001,51.506054899999995,0.0 13.22859199,51.50605821999999,0.0 13.228621919999998,51.50606421,0.0</coordinates>
                </LineString>
                <LineString id="40000">
                    <coordinates>13.228621919999998,51.50606421,0.0 13.228761769999998,51.50608935,0.0 13.22892537,51.506116529999986,0.0 13.229060689999999,51.506137489999986,0.0</coordinates>
                </LineString>
                <LineString id="40002">
                    <coordinates>13.229060689999999,51.506137489999986,0.0 13.229163039999998,51.506153409999996,0.0</coordinates>
                </LineString>
                <LineString id="40004">
                    <coordinates>13.22917413,51.50615538000001,0.0 13.22935905,51.50618218000001,0.0</coordinates>
                </LineString>
                <LineString id="40006">
                    <coordinates>13.229163039999998,51.506153409999996,0.0 13.22917413,51.50615538000001,0.0</coordinates>
                </LineString>
                <LineString id="40008">
                    <coordinates>13.22935905,51.50618218000001,0.0 13.229465859999996,51.506199729999985,0.0</coordinates>
                </LineString>
                <LineString id="40010">
                    <coordinates>13.229465859999996,51.506199729999985,0.0 13.229497519999997,51.506204759999996,0.0</coordinates>
                </LineString>
                <LineString id="40012">
                    <coordinates>13.229497519999997,51.506204759999996,0.0 13.22965955,51.50623451999999,0.0</coordinates>
                </LineString>
                <LineString id="40014">
                    <coordinates>13.22965955,51.50623451999999,0.0 13.229782999999998,51.506259469999996,0.0</coordinates>
                </LineString>
                <LineString id="40016">
                    <coordinates>13.229782999999998,51.506259469999996,0.0 13.2297962,51.506262140000004,0.0</coordinates>
                </LineString>
                <LineString id="40018">
                    <coordinates>13.228281440000002,51.50571133,0.0 13.22831011,51.50573681,0.0 13.228354339999997,51.50577921,0.0</coordinates>
                </LineString>
                <LineString id="40020">
                    <coordinates>13.22764105,51.50548569000001,0.0 13.227640390000001,51.50548722,0.0</coordinates>
                </LineString>
                <LineString id="40022">
                    <coordinates>13.227496129999999,51.50570252999999,0.0 13.22748522,51.50571499000001,0.0</coordinates>
                </LineString>
                <LineString id="40024">
                    <coordinates>13.227577369999997,51.50560514999999,0.0 13.227496129999999,51.50570252999999,0.0</coordinates>
                </LineString>
                <LineString id="40026">
                    <coordinates>13.227640390000001,51.50548722,0.0 13.22763061,51.50550984,0.0 13.22762093,51.505522799999994,0.0 13.22758681,51.50558847,0.0 13.227577369999997,51.50560514999999,0.0</coordinates>
                </LineString>
                <LineString id="40028">
                    <coordinates>13.227334219999998,51.505919479999996,0.0 13.227295989999998,51.50596888,0.0</coordinates>
                </LineString>
                <LineString id="40030">
                    <coordinates>13.22748522,51.50571499000001,0.0 13.227426409999998,51.50578879999999,0.0 13.227383319999998,51.505837109999995,0.0 13.227384519999998,51.505848159999985,0.0 13.227334219999998,51.505919479999996,0.0</coordinates>
                </LineString>
                <LineString id="40032">
                    <coordinates>13.227295989999998,51.50596888,0.0 13.227291840000001,51.50597434,0.0 13.2272184,51.50606625999999,0.0 13.22706249,51.50626566999999,0.0</coordinates>
                </LineString>
                <LineString id="40034">
                    <coordinates>13.22706249,51.50626566999999,0.0 13.22701475,51.50632406999999,0.0 13.22701173,51.50633355,0.0 13.226919540000003,51.50644829000001,0.0 13.22686791,51.50651357,0.0 13.2267999,51.50659734999999,0.0</coordinates>
                </LineString>
                <LineString id="40036">
                    <coordinates>13.2267999,51.50659734999999,0.0 13.2267941,51.50660785,0.0</coordinates>
                </LineString>
                <LineString id="40038">
                    <coordinates>13.2267941,51.50660785,0.0 13.226782789999998,51.50662221999998,0.0</coordinates>
                </LineString>
                <LineString id="40040">
                    <coordinates>13.226782789999998,51.50662221999998,0.0 13.22670497,51.506753730000014,0.0 13.226662020000001,51.506827820000005,0.0</coordinates>
                </LineString>
                <LineString id="40042">
                    <coordinates>13.226662020000001,51.506827820000005,0.0 13.226560139999998,51.506998079999995,0.0 13.226411180000001,51.507236060000004,0.0 13.2263919,51.50726791,0.0</coordinates>
                </LineString>
                <LineString id="40044">
                    <coordinates>13.2262533,51.50750435999999,0.0 13.22624662,51.50751536,0.0</coordinates>
                </LineString>
                <LineString id="40046">
                    <coordinates>13.226188309999998,51.50764059,0.0 13.226239549999999,51.50765945,0.0 13.22648736,51.507759830000005,0.0 13.226569080000003,51.50778885,0.0 13.2266191,51.50780236,0.0 13.22668494,51.50782068999999,0.0 13.22675257,51.50783733999999,0.0 13.226799449999998,51.50784998,0.0 13.22679331,51.507867749999996,0.0 13.226830389999998,51.507890319999994,0.0 13.22682191,51.50791201999999,0.0 13.22686587,51.50791927,0.0</coordinates>
                </LineString>
                <LineString id="40048">
                    <coordinates>13.2275825,51.502034849999994,0.0 13.22757756,51.50202948,0.0 13.22735612,51.5020089,0.0 13.227154980000002,51.501987889999995,0.0</coordinates>
                </LineString>
                <LineString id="40050">
                    <coordinates>13.22679242,51.50193996,0.0 13.2267765,51.50206247999999,0.0</coordinates>
                </LineString>
                <LineString id="40052">
                    <coordinates>13.227154980000002,51.501987889999995,0.0 13.226984649999999,51.501967199999996,0.0</coordinates>
                </LineString>
                <LineString id="40054">
                    <coordinates>13.226984649999999,51.501967199999996,0.0 13.226904809999999,51.50195871999999,0.0 13.22679242,51.50193996,0.0</coordinates>
                </LineString>
                <LineString id="40056">
                    <coordinates>13.22679242,51.50193996,0.0 13.226666649999999,51.50192091000001,0.0 13.226478089999999,51.50189199999999,0.0 13.226210129999997,51.501851540000004,0.0 13.22592154,51.50180688,0.0 13.22575126,51.50178020999999,0.0 13.225703550000002,51.5018908,0.0 13.22566787,51.501884369999985,0.0</coordinates>
                </LineString>
                <LineString id="40058">
                    <coordinates>13.2277306,51.50211265,0.0 13.22774007,51.50209709,0.0</coordinates>
                </LineString>
                <LineString id="40060">
                    <coordinates>13.22774007,51.50209709,0.0 13.22786606,51.502095530000005,0.0</coordinates>
                </LineString>
                <LineString id="40062">
                    <coordinates>13.22821217,51.50209877000001,0.0 13.228214099999999,51.502172489999985,0.0 13.228212029999998,51.502248200000004,0.0 13.22821152,51.50230899000002,0.0</coordinates>
                </LineString>
                <LineString id="40064">
                    <coordinates>13.22786606,51.502095530000005,0.0 13.227964979999996,51.50209494999999,0.0 13.22821217,51.50209877000001,0.0</coordinates>
                </LineString>
                <LineString id="40066">
                    <coordinates>13.22821217,51.50209877000001,0.0 13.228318139999999,51.50210172999999,0.0 13.22848303,51.50210617999999,0.0 13.228606010000002,51.50211061,0.0 13.22872523,51.50211558,0.0 13.22877419,51.50211917,0.0 13.22888893,51.50213440999999,0.0 13.229064059999999,51.50215945,0.0</coordinates>
                </LineString>
                <LineString id="40068">
                    <coordinates>13.229064059999999,51.50215945,0.0 13.22908167,51.502116750000006,0.0</coordinates>
                </LineString>
                <LineString id="40070">
                    <coordinates>13.22910045,51.50207217,0.0 13.22910289,51.5020673,0.0</coordinates>
                </LineString>
                <LineString id="40072">
                    <coordinates>13.22908167,51.502116750000006,0.0 13.22910045,51.50207217,0.0</coordinates>
                </LineString>
                <LineString id="40074">
                    <coordinates>13.229064059999999,51.50215945,0.0 13.229201119999999,51.50218287,0.0 13.229392379999998,51.502215449999994,0.0</coordinates>
                </LineString>
                <LineString id="40076">
                    <coordinates>13.229392379999998,51.502215449999994,0.0 13.22947991,51.502229269999994,0.0 13.229554160000001,51.50224132000001,0.0 13.229633489999998,51.50225578999999,0.0</coordinates>
                </LineString>
                <LineString id="40078">
                    <coordinates>13.229633489999998,51.50225578999999,0.0 13.229585529999996,51.50220607,0.0</coordinates>
                </LineString>
                <LineString id="40080">
                    <coordinates>13.229585529999996,51.50220607,0.0 13.22956035,51.502201969999994,0.0</coordinates>
                </LineString>
                <LineString id="40082">
                    <coordinates>13.229633489999998,51.50225578999999,0.0 13.22969039,51.50226517000001,0.0</coordinates>
                </LineString>
                <LineString id="40084">
                    <coordinates>13.22969039,51.50226517000001,0.0 13.22978882,51.502283309999996,0.0 13.230054689999996,51.50232595,0.0 13.230289489999999,51.502357579999995,0.0</coordinates>
                </LineString>
                <LineString id="40086">
                    <coordinates>13.230374300000001,51.502370330000005,0.0 13.2303877,51.50237325999999,0.0</coordinates>
                </LineString>
                <LineString id="40088">
                    <coordinates>13.230289489999999,51.502357579999995,0.0 13.230374300000001,51.502370330000005,0.0</coordinates>
                </LineString>
                <LineString id="40090">
                    <coordinates>13.2303877,51.50237325999999,0.0 13.230574900000002,51.50240266000001,0.0</coordinates>
                </LineString>
                <LineString id="40092">
                    <coordinates>13.230574900000002,51.50240266000001,0.0 13.23072582,51.50242658999999,0.0 13.23091116,51.502457019999994,0.0 13.23108858,51.502485930000006,0.0 13.231321469999997,51.50252409000001,0.0</coordinates>
                </LineString>
                <LineString id="40094">
                    <coordinates>13.2313503,51.502529069999994,0.0 13.231561259999998,51.5025647,0.0 13.231775160000002,51.50259959,0.0</coordinates>
                </LineString>
                <LineString id="40096">
                    <coordinates>13.231321469999997,51.50252409000001,0.0 13.2313503,51.502529069999994,0.0</coordinates>
                </LineString>
                <LineString id="40098">
                    <coordinates>13.231775160000002,51.50259959,0.0 13.231835279999999,51.50255529999998,0.0</coordinates>
                </LineString>
                <LineString id="40100">
                    <coordinates>13.231835279999999,51.50255529999998,0.0 13.23189448,51.502512759999995,0.0 13.23189823,51.50250945,0.0 13.231937189999998,51.50243167,0.0 13.231996799999997,51.5023101,0.0 13.23204793,51.50221073000001,0.0 13.232089519999997,51.50213075999999,0.0 13.232143929999998,51.502041909999996,0.0</coordinates>
                </LineString>
                <LineString id="40102">
                    <coordinates>13.232143929999998,51.502041909999996,0.0 13.23218613,51.501972280000004,0.0</coordinates>
                </LineString>
                <LineString id="40104">
                    <coordinates>13.23228177,51.50179317,0.0 13.232159559999998,51.50179900999999,0.0 13.232062819999996,51.50178440999999,0.0</coordinates>
                </LineString>
                <LineString id="40106">
                    <coordinates>13.232062819999996,51.50178440999999,0.0 13.231961199999999,51.50176806999999,0.0 13.23178013,51.501739070000006,0.0 13.231569619999998,51.501706909999996,0.0 13.23152123,51.50171051,0.0 13.23142334,51.50169421999999,0.0 13.231238359999999,51.50166463,0.0 13.231175040000002,51.50165477,0.0</coordinates>
                </LineString>
                <LineString id="40108">
                    <coordinates>13.231175040000002,51.50165477,0.0 13.231047420000001,51.50163542000001,0.0 13.23083854,51.50160468999999,0.0 13.2306506,51.501576220000004,0.0 13.23049604,51.50155184999999,0.0 13.230422470000002,51.50154109,0.0 13.23039918,51.50153760999999,0.0 13.23038299,51.50158212,0.0</coordinates>
                </LineString>
                <LineString id="40110">
                    <coordinates>13.232189830000001,51.50196525,0.0 13.232213989999998,51.50192026,0.0 13.232238150000002,51.50187498,0.0 13.23228177,51.50179317,0.0</coordinates>
                </LineString>
                <LineString id="40112">
                    <coordinates>13.23228177,51.50179317,0.0 13.23230531,51.501749669999995,0.0 13.232345050000001,51.50167406,0.0 13.232375709999998,51.50161159999999,0.0 13.232405349999999,51.50155521,0.0</coordinates>
                </LineString>
                <LineString id="40114">
                    <coordinates>13.23248221,51.50139895,0.0 13.232505669999998,51.50134884,0.0 13.232545159999999,51.501266449999996,0.0 13.23257888,51.501200439999984,0.0</coordinates>
                </LineString>
                <LineString id="40116">
                    <coordinates>13.22743799,51.497155830000004,0.0 13.22749553,51.49716775,0.0 13.227629270000001,51.497196519999996,0.0 13.22770869,51.497213399999985,0.0 13.227818349999998,51.49723345,0.0</coordinates>
                </LineString>
                <LineString id="40118">
                    <coordinates>13.22904304,51.489433299999995,0.0 13.22915918,51.48942633,0.0</coordinates>
                </LineString>
                <LineString id="40120">
                    <coordinates>13.228236239999998,51.48814896999998,0.0 13.228093599999998,51.48816042999999,0.0 13.22792496,51.48813707,0.0 13.227616279999996,51.48809567,0.0</coordinates>
                </LineString>
                <LineString id="40122">
                    <coordinates>13.22759866,51.48808915999999,0.0 13.22747466,51.48804303,0.0</coordinates>
                </LineString>
                <LineString id="40124">
                    <coordinates>13.22747466,51.48804303,0.0 13.22739029,51.48801016,0.0</coordinates>
                </LineString>
                <LineString id="40126">
                    <coordinates>13.22739029,51.48801016,0.0 13.227326400000003,51.487985450000004,0.0</coordinates>
                </LineString>
                <LineString id="40128">
                    <coordinates>13.2284428,51.48810445,0.0 13.22836043,51.48813531,0.0 13.228331809999998,51.488140499999986,0.0 13.22830564,51.48814427,0.0 13.228236239999998,51.48814896999998,0.0</coordinates>
                </LineString>
                <LineString id="40130">
                    <coordinates>13.22915918,51.48942633,0.0 13.22919013,51.48957799,0.0 13.22919797,51.48965179999999,0.0</coordinates>
                </LineString>
                <LineString id="40132">
                    <coordinates>13.22919797,51.48965179999999,0.0 13.22921436,51.48979131000001,0.0 13.229225240000002,51.48989425999999,0.0 13.22923124,51.489918839999994,0.0 13.229240579999999,51.489949259999996,0.0 13.22929772,51.490088779999994,0.0 13.22930794,51.49016686000001,0.0</coordinates>
                </LineString>
                <LineString id="40134">
                    <coordinates>13.22930794,51.49016686000001,0.0 13.22943218,51.4901706,0.0</coordinates>
                </LineString>
                <LineString id="40136">
                    <coordinates>13.22930794,51.49016686000001,0.0 13.229317619999998,51.4902403,0.0 13.229325889999998,51.490320389999994,0.0 13.22932597,51.49034964999999,0.0 13.229323719999998,51.49037839,0.0 13.22931708,51.490418029999994,0.0 13.229314029999998,51.49043262,0.0 13.22931971,51.490500170000004,0.0 13.229322579999998,51.49056819999999,0.0</coordinates>
                </LineString>
                <LineString id="40138">
                    <coordinates>13.229322579999998,51.49056819999999,0.0 13.2293219,51.49067237,0.0 13.229320509999999,51.490757309999985,0.0 13.22932202,51.49079132000001,0.0 13.22931853,51.49090397999999,0.0 13.229311649999998,51.491012579999996,0.0 13.229302190000002,51.49113837,0.0 13.229289489999998,51.4912704,0.0 13.22927359,51.491389149999996,0.0</coordinates>
                </LineString>
                <LineString id="40140">
                    <coordinates>13.22927359,51.491389149999996,0.0 13.22924773,51.49156390000001,0.0</coordinates>
                </LineString>
                <LineString id="40142">
                    <coordinates>13.229241239999999,51.491598459999985,0.0 13.229211489999999,51.49177073999999,0.0</coordinates>
                </LineString>
                <LineString id="40144">
                    <coordinates>13.22924773,51.49156390000001,0.0 13.229241239999999,51.491598459999985,0.0</coordinates>
                </LineString>
                <LineString id="40146">
                    <coordinates>13.229211489999999,51.49177073999999,0.0 13.229201490000001,51.49182375,0.0</coordinates>
                </LineString>
                <LineString id="40148">
                    <coordinates>13.229201490000001,51.49182375,0.0 13.22917279,51.49195061999999,0.0 13.229147589999998,51.49206943,0.0 13.229127640000002,51.49216408000001,0.0</coordinates>
                </LineString>
                <LineString id="40150">
                    <coordinates>13.22904159,51.49264733999999,0.0 13.22903858,51.49266039,0.0 13.229032379999998,51.49268153,0.0 13.22901968,51.49271774000001,0.0 13.229003569999996,51.49275557,0.0</coordinates>
                </LineString>
                <LineString id="40152">
                    <coordinates>13.229003569999996,51.49275557,0.0 13.22898265,51.49280148,0.0 13.228895010000002,51.492964689999994,0.0 13.22882931,51.493082579999985,0.0</coordinates>
                </LineString>
                <LineString id="40154">
                    <coordinates>13.228684999999999,51.49334843999999,0.0 13.228669649999999,51.49346462,0.0</coordinates>
                </LineString>
                <LineString id="40156">
                    <coordinates>13.228669649999999,51.49346462,0.0 13.22866829,51.493515599999995,0.0 13.22865745,51.49379675,0.0 13.228648840000002,51.494067810000004,0.0 13.22863487,51.49433663999999,0.0 13.228629109999998,51.49448367,0.0</coordinates>
                </LineString>
                <LineString id="40158">
                    <coordinates>13.228612729999998,51.49485301,0.0 13.22885454,51.49488369,0.0 13.228980209999998,51.494899890000006,0.0</coordinates>
                </LineString>
                <LineString id="40160">
                    <coordinates>13.228629109999998,51.49448367,0.0 13.228624460000002,51.49458876,0.0 13.228614189999998,51.49482522999999,0.0 13.228612729999998,51.49485301,0.0</coordinates>
                </LineString>
                <LineString id="40162">
                    <coordinates>13.228612729999998,51.49485301,0.0 13.228609,51.49494252,0.0 13.22860523,51.4950116,0.0 13.228602849999998,51.49505884999999,0.0 13.22859406,51.49516284999999,0.0 13.228583519999999,51.49527326,0.0 13.22856638,51.49543758,0.0</coordinates>
                </LineString>
                <LineString id="40164">
                    <coordinates>13.22856638,51.49543758,0.0 13.228558,51.49550898,0.0 13.228548060000001,51.49558429999999,0.0</coordinates>
                </LineString>
                <LineString id="40166">
                    <coordinates>13.228548060000001,51.49558429999999,0.0 13.228525210000003,51.49572924999999,0.0 13.22851864,51.49576944,0.0</coordinates>
                </LineString>
                <LineString id="40168">
                    <coordinates>13.22855991,51.49606945,0.0 13.228949369999997,51.49612522,0.0</coordinates>
                </LineString>
                <LineString id="40170">
                    <coordinates>13.228463170000001,51.49604922000001,0.0 13.22847538,51.49605732999999,0.0 13.22855991,51.49606945,0.0</coordinates>
                </LineString>
                <LineString id="40172">
                    <coordinates>13.228463170000001,51.49604922000001,0.0 13.228432639999998,51.496168409999996,0.0 13.228413929999999,51.496238599999984,0.0 13.228390059999999,51.49632540999999,0.0 13.22834893,51.49645872,0.0 13.228324839999999,51.496530459999995,0.0 13.228303030000001,51.496599409999995,0.0 13.22826095,51.49672343,0.0</coordinates>
                </LineString>
                <LineString id="40174">
                    <coordinates>13.228235159999999,51.49680274,0.0 13.22822209,51.49684273,0.0 13.228179389999998,51.49695986,0.0 13.228168399999998,51.49699473,0.0</coordinates>
                </LineString>
                <LineString id="40176">
                    <coordinates>13.228168399999998,51.49699473,0.0 13.22812944,51.49711335999999,0.0 13.228107869999999,51.497207679999995,0.0 13.22813506,51.49725783,0.0 13.228152230000001,51.49729159,0.0 13.228141089999998,51.497335979999995,0.0 13.228257239999998,51.49739621999999,0.0</coordinates>
                </LineString>
                <LineString id="40178">
                    <coordinates>13.22832435,51.49743242,0.0 13.228257239999998,51.49739621999999,0.0</coordinates>
                </LineString>
                <LineString id="40180">
                    <coordinates>13.228380899999998,51.497455589999994,0.0 13.228371270000004,51.497452630000005,0.0</coordinates>
                </LineString>
                <LineString id="40182">
                    <coordinates>13.228380899999998,51.497455589999994,0.0 13.228534009999999,51.49748921999999,0.0 13.22862983,51.49750739000001,0.0</coordinates>
                </LineString>
                <LineString id="40184">
                    <coordinates>13.228860620000003,51.497551359999996,0.0 13.228906100000001,51.49757203000001,0.0</coordinates>
                </LineString>
                <LineString id="40186">
                    <coordinates>13.22862983,51.49750739000001,0.0 13.22877363,51.49752777,0.0</coordinates>
                </LineString>
                <LineString id="40188">
                    <coordinates>13.22877363,51.49752777,0.0 13.228839279999999,51.49754078,0.0 13.228860620000003,51.497551359999996,0.0</coordinates>
                </LineString>
                <LineString id="40190">
                    <coordinates>13.228906100000001,51.49757203000001,0.0 13.22896212,51.49759713,0.0 13.22898563,51.49760431,0.0</coordinates>
                </LineString>
                <LineString id="40192">
                    <coordinates>13.22898563,51.49760431,0.0 13.229084430000002,51.49763397,0.0</coordinates>
                </LineString>
                <LineString id="40194">
                    <coordinates>13.229084430000002,51.49763397,0.0 13.22918332,51.497664359999995,0.0 13.22926093,51.49768813,0.0</coordinates>
                </LineString>
                <LineString id="40196">
                    <coordinates>13.230319290000002,51.49782760000001,0.0 13.230328569999998,51.49777859999999,0.0 13.230318969999999,51.49770909999998,0.0 13.23029681,51.49756607,0.0 13.230288759999999,51.49751097,0.0 13.230286469999998,51.49747531,0.0 13.23028362,51.49743786999999,0.0 13.23028216,51.49740478999998,0.0 13.23031037,51.49731912,0.0 13.23035384,51.49732551999999,0.0</coordinates>
                </LineString>
                <LineString id="40198">
                    <coordinates>13.22926093,51.49768813,0.0 13.229467209999997,51.49773677,0.0 13.229673899999998,51.497783639999994,0.0 13.22984086,51.49782080000001,0.0</coordinates>
                </LineString>
                <LineString id="40200">
                    <coordinates>13.22984086,51.49782080000001,0.0 13.2299349,51.49783183,0.0 13.23030856,51.49787507,0.0 13.230319290000002,51.49782760000001,0.0</coordinates>
                </LineString>
                <LineString id="40202">
                    <coordinates>13.230319290000002,51.49782760000001,0.0 13.23060287,51.497854860000004,0.0</coordinates>
                </LineString>
                <LineString id="40204">
                    <coordinates>13.2310374,51.497913659999995,0.0 13.23107851,51.497917359999995,0.0 13.231127899999999,51.49792580999999,0.0 13.23118924,51.497930939999996,0.0 13.231313689999999,51.497942650000006,0.0</coordinates>
                </LineString>
                <LineString id="40206">
                    <coordinates>13.23060287,51.497854860000004,0.0 13.23076804,51.49787031999999,0.0</coordinates>
                </LineString>
                <LineString id="40208">
                    <coordinates>13.23076804,51.49787031999999,0.0 13.230846529999999,51.49789103999999,0.0 13.230905699999996,51.497901909999996,0.0 13.2310374,51.497913659999995,0.0</coordinates>
                </LineString>
                <LineString id="40210">
                    <coordinates>13.23160954,51.49799028999998,0.0 13.23165299,51.49800794,0.0 13.231695969999999,51.49802376999999,0.0</coordinates>
                </LineString>
                <LineString id="40212">
                    <coordinates>13.23154596,51.49796624,0.0 13.23155928,51.497976900000005,0.0 13.23160954,51.49799028999998,0.0</coordinates>
                </LineString>
                <LineString id="40214">
                    <coordinates>13.231695969999999,51.49802376999999,0.0 13.23176762,51.49804695,0.0 13.231870290000002,51.49804320999999,0.0 13.23187912,51.498049949999995,0.0</coordinates>
                </LineString>
                <LineString id="40216">
                    <coordinates>13.23187912,51.498049949999995,0.0 13.23197071,51.498123299999996,0.0 13.23206072,51.49819634,0.0 13.23207768,51.49821047,0.0 13.23208825,51.49822616999998,0.0</coordinates>
                </LineString>
                <LineString id="40218">
                    <coordinates>13.23208825,51.49822616999998,0.0 13.23210672,51.498253059999996,0.0 13.23223451,51.49828160999999,0.0 13.23230958,51.49829423,0.0</coordinates>
                </LineString>
                <LineString id="40220">
                    <coordinates>13.23230958,51.49829423,0.0 13.232404980000002,51.49831023000001,0.0</coordinates>
                </LineString>
                <LineString id="40222">
                    <coordinates>13.232404980000002,51.49831023000001,0.0 13.23272999,51.498369159999996,0.0</coordinates>
                </LineString>
                <LineString id="40224">
                    <coordinates>13.23358585,51.49853937,0.0 13.233711829999999,51.498563319999995,0.0 13.233730009999999,51.49856174999999,0.0 13.233781189999997,51.49857072999999,0.0 13.233790849999998,51.49857762,0.0 13.23406284,51.49862432,0.0</coordinates>
                </LineString>
                <LineString id="40226">
                    <coordinates>13.23272999,51.498369159999996,0.0 13.232976039999999,51.49841405,0.0</coordinates>
                </LineString>
                <LineString id="40228">
                    <coordinates>13.23406284,51.49862432,0.0 13.234016650000001,51.49870421000001,0.0</coordinates>
                </LineString>
                <LineString id="40230">
                    <coordinates>13.22815133,51.48756584,0.0 13.22808667,51.48745414999999,0.0</coordinates>
                </LineString>
                <LineString id="40232">
                    <coordinates>13.22808667,51.48745414999999,0.0 13.22802753,51.48735675999999,0.0 13.22800307,51.48731427,0.0</coordinates>
                </LineString>
                <LineString id="40234">
                    <coordinates>13.22800307,51.48731427,0.0 13.22797622,51.48727094,0.0 13.227913119999998,51.487147500000006,0.0 13.227882979999999,51.487086139999995,0.0 13.22779895,51.486941810000005,0.0</coordinates>
                </LineString>
                <LineString id="40236">
                    <coordinates>13.22795077,51.48687482,0.0 13.227957949999997,51.48686653999999,0.0 13.22797997,51.486853849999996,0.0 13.2279982,51.48684703999999,0.0 13.228022389999998,51.48683887,0.0 13.228042489999998,51.48683263,0.0 13.228068969999999,51.48682501999999,0.0 13.22810812,51.4868136,0.0 13.22822523,51.48678174,0.0 13.22836095,51.48674666,0.0 13.22839339,51.48673856,0.0 13.228407979999998,51.486733599999994,0.0 13.22841619,51.48672973,0.0 13.228428239999998,51.48672285,0.0 13.2284338,51.486716169999994,0.0 13.228438240000001,51.48670831,0.0 13.22846043,51.48665171999999,0.0 13.22846393,51.48663736999998,0.0 13.228532449999998,51.48655107,0.0 13.2285428,51.48653931,0.0</coordinates>
                </LineString>
                <LineString id="40238">
                    <coordinates>13.2285428,51.48653931,0.0 13.22859245,51.48647428999999,0.0</coordinates>
                </LineString>
                <LineString id="40240">
                    <coordinates>13.22859245,51.48647428999999,0.0 13.228667880000001,51.48638209999999,0.0 13.22880913,51.486215650000005,0.0 13.228862289999997,51.48615647999999,0.0 13.228916319999998,51.48609757999999,0.0 13.229007859999998,51.486002979999995,0.0 13.22912851,51.48586645999999,0.0 13.229234680000001,51.48574461,0.0 13.229321119999998,51.48564260999999,0.0 13.229414590000001,51.485490679999984,0.0</coordinates>
                </LineString>
                <LineString id="40242">
                    <coordinates>13.22945793,51.48543916,0.0 13.229112129999999,51.48539988000001,0.0 13.22895168,51.48537305000001,0.0 13.22872273,51.48533409,0.0 13.22853799,51.48530353,0.0 13.228398610000001,51.48528032,0.0 13.22838352,51.48531385999999,0.0</coordinates>
                </LineString>
                <LineString id="40244">
                    <coordinates>13.229414590000001,51.485490679999984,0.0 13.22945793,51.48543916,0.0</coordinates>
                </LineString>
                <LineString id="40246">
                    <coordinates>13.225874599999997,51.48489983,0.0 13.225848920000002,51.48490185,0.0</coordinates>
                </LineString>
                <LineString id="40248">
                    <coordinates>13.225830430000002,51.48490368000001,0.0 13.225713210000002,51.48491507,0.0</coordinates>
                </LineString>
                <LineString id="40250">
                    <coordinates>13.225713210000002,51.48491507,0.0 13.225534140000002,51.484934569999986,0.0 13.225522609999999,51.484919469999994,0.0 13.225512459999997,51.484910049999996,0.0 13.225497509999999,51.48489805999999,0.0 13.225469349999997,51.48488146999999,0.0 13.225457430000002,51.484877170000004,0.0 13.22539072,51.48485694000001,0.0 13.22529315,51.484823500000005,0.0 13.225142699999997,51.48478938,0.0 13.225113629999997,51.48478205999999,0.0 13.225055999999999,51.48477337999999,0.0 13.22497601,51.48475882000001,0.0 13.22493695,51.484753530000006,0.0 13.22487262,51.48474746,0.0 13.22486905,51.48475471,0.0</coordinates>
                </LineString>
                <LineString id="40252">
                    <coordinates>13.224843589999997,51.48071253999999,0.0 13.224904919999998,51.48071638,0.0 13.22519492,51.480728049999996,0.0 13.225485680000002,51.48074581000001,0.0 13.2255963,51.48074909999998,0.0 13.225767539999998,51.48074987999999,0.0 13.226064329999998,51.48076201,0.0 13.22635316,51.480775499999986,0.0 13.22673487,51.480797169999995,0.0 13.22679022,51.48079985999999,0.0 13.226921030000002,51.480793500000004,0.0 13.226959530000002,51.48079283999999,0.0 13.227156099999998,51.48079536,0.0 13.22733894,51.480802360000006,0.0</coordinates>
                </LineString>
                <LineString id="40254">
                    <coordinates>13.227996429999997,51.503870809999995,0.0 13.227993189999998,51.50389220999998,0.0</coordinates>
                </LineString>
                <LineString id="40256">
                    <coordinates>13.228288569999997,51.50389425,0.0 13.228289589999996,51.50398350999998,0.0</coordinates>
                </LineString>
                <LineString id="40258">
                    <coordinates>13.227993189999998,51.50389220999998,0.0 13.22812987,51.503900189999996,0.0 13.228288569999997,51.50389425,0.0</coordinates>
                </LineString>
                <LineString id="40260">
                    <coordinates>13.228288569999997,51.50389425,0.0 13.228539729999998,51.50389756,0.0</coordinates>
                </LineString>
                <LineString id="40262">
                    <coordinates>13.228539729999998,51.50389756,0.0 13.228544679999999,51.503824429999995,0.0 13.22853942,51.50370933999999,0.0</coordinates>
                </LineString>
                <LineString id="40264">
                    <coordinates>13.228539729999998,51.50389756,0.0 13.22881867,51.50390085,0.0 13.228848719999998,51.503901729999995,0.0</coordinates>
                </LineString>
                <LineString id="40266">
                    <coordinates>13.2273455,51.50015203,0.0 13.227337810000002,51.50018,0.0 13.22733399,51.500225629999996,0.0 13.227336359999999,51.50024457999999,0.0</coordinates>
                </LineString>
                <LineString id="40268">
                    <coordinates>13.227336359999999,51.50024457999999,0.0 13.22733064,51.500241409999994,0.0 13.22731505,51.50024052,0.0 13.22721143,51.50023673999999,0.0</coordinates>
                </LineString>
                <LineString id="40270">
                    <coordinates>13.22826095,51.49672343,0.0 13.228235159999999,51.49680274,0.0</coordinates>
                </LineString>
                <LineString id="40272">
                    <coordinates>13.22766293,51.49885289000001,0.0 13.22749761,51.49882328999999,0.0</coordinates>
                </LineString>
                <LineString id="40274">
                    <coordinates>13.22796541,51.49890385999999,0.0 13.22766293,51.49885289000001,0.0</coordinates>
                </LineString>
                <LineString id="40276">
                    <coordinates>13.2273455,51.50015203,0.0 13.22708317,51.50012174,0.0</coordinates>
                </LineString>
                <LineString id="40278">
                    <coordinates>13.22882931,51.493082579999985,0.0 13.22878694,51.49315866,0.0 13.228742170000002,51.49323949000001,0.0 13.228728559999999,51.49326142,0.0</coordinates>
                </LineString>
                <LineString id="40280">
                    <coordinates>13.231313689999999,51.497942650000006,0.0 13.231444359999998,51.49795392,0.0 13.23153831,51.497962879999996,0.0 13.23154596,51.49796624,0.0</coordinates>
                </LineString>
                <LineString id="40282">
                    <coordinates>13.22815348,51.49883816999999,0.0 13.228120669999997,51.49891065999999,0.0</coordinates>
                </LineString>
                <LineString id="40284">
                    <coordinates>13.22803487,51.49765341999999,0.0 13.228038740000002,51.497784790000004,0.0 13.22803389,51.49785812,0.0 13.228027379999999,51.497917449999996,0.0</coordinates>
                </LineString>
                <LineString id="40286">
                    <coordinates>13.22770399,51.50532627,0.0 13.22764105,51.50548569000001,0.0</coordinates>
                </LineString>
                <LineString id="40288">
                    <coordinates>13.227710579999998,51.50530974,0.0 13.22770399,51.50532627,0.0</coordinates>
                </LineString>
                <LineString id="40290">
                    <coordinates>13.228622010000002,51.505993280000006,0.0 13.22862046,51.50599651,0.0</coordinates>
                </LineString>
                <LineString id="40292">
                    <coordinates>13.22862046,51.50599651,0.0 13.22859341,51.50605472,0.0</coordinates>
                </LineString>
                <LineString id="40294">
                    <coordinates>13.228423529999999,51.505848999999984,0.0 13.22845251,51.5058818,0.0</coordinates>
                </LineString>
                <LineString id="40296">
                    <coordinates>13.228403829999998,51.50582661999999,0.0 13.22840396,51.5058268,0.0</coordinates>
                </LineString>
                <LineString id="40298">
                    <coordinates>13.229073119999999,51.492485529999996,0.0 13.22906339,51.492546180000005,0.0 13.22904502,51.49263265,0.0 13.22904159,51.49264733999999,0.0</coordinates>
                </LineString>
                <LineString id="40300">
                    <coordinates>13.229127640000002,51.49216408000001,0.0 13.229104259999998,51.492299319999994,0.0 13.22907677,51.492464309999995,0.0 13.229073119999999,51.492485529999996,0.0</coordinates>
                </LineString>
                <LineString id="40302">
                    <coordinates>13.232405349999999,51.50155521,0.0 13.232434129999998,51.501496980000006,0.0 13.23246651,51.501432179999995,0.0 13.23248221,51.50139895,0.0</coordinates>
                </LineString>
                <LineString id="40304">
                    <coordinates>13.225848920000002,51.48490185,0.0 13.225830430000002,51.48490368000001,0.0</coordinates>
                </LineString>
                <LineString id="40306">
                    <coordinates>13.232976039999999,51.49841405,0.0 13.23325706,51.49847116,0.0 13.23328024,51.498476319999995,0.0</coordinates>
                </LineString>
                <LineString id="40308">
                    <coordinates>13.283862569999998,51.43733492,0.0 13.28179609,51.43894552,0.0 13.280680879999998,51.43980314,0.0</coordinates>
                </LineString>
                <LineString id="40310">
                    <coordinates>13.2782715,51.44166636999998,0.0 13.278501629999996,51.44152434,0.0 13.278582059999998,51.441457469999996,0.0 13.27879337,51.44128668,0.0 13.278979289999999,51.441137100000006,0.0 13.279337999999997,51.44085362,0.0 13.279672029999999,51.440591839999996,0.0 13.280028220000002,51.44031232,0.0 13.280361069999998,51.44005324999999,0.0 13.280680879999998,51.43980314,0.0</coordinates>
                </LineString>
                <LineString id="40312">
                    <coordinates>13.27522257,51.44357174,0.0 13.275358570000002,51.44348332,0.0 13.275595350000001,51.443334899999996,0.0 13.2760334,51.44306195,0.0 13.27630703,51.44289161999998,0.0 13.27669414,51.44265005,0.0 13.27703679,51.44243903,0.0 13.277133769999999,51.44238115999999,0.0 13.277767760000001,51.44198171,0.0 13.278180780000001,51.44172513,0.0 13.2782715,51.44166636999998,0.0</coordinates>
                </LineString>
                <LineString id="40314">
                    <coordinates>13.22630595,51.507415359999996,0.0 13.22628031,51.50746046,0.0 13.2262533,51.50750435999999,0.0</coordinates>
                </LineString>
                <LineString id="40316">
                    <coordinates>13.22624662,51.50751536,0.0 13.226188309999998,51.50764059,0.0</coordinates>
                </LineString>
                <LineString id="40318">
                    <coordinates>13.227750599999997,51.502471179999986,0.0 13.22775088,51.502471450000016,0.0</coordinates>
                </LineString>
                <LineString id="40320">
                    <coordinates>13.227726959999998,51.50231968999999,0.0 13.227728439999998,51.50238331,0.0 13.22774227,51.50242983,0.0 13.227750599999997,51.502471179999986,0.0</coordinates>
                </LineString>
                <LineString id="40322">
                    <coordinates>13.228728559999999,51.49326142,0.0 13.228713540000001,51.49328623000001,0.0 13.228685240000004,51.49334637,0.0 13.228684999999999,51.49334843999999,0.0</coordinates>
                </LineString>
                <LineString id="40324">
                    <coordinates>13.227616279999996,51.48809567,0.0 13.22759866,51.48808915999999,0.0</coordinates>
                </LineString>
                <LineString id="40326">
                    <coordinates>13.22840396,51.5058268,0.0 13.228423529999999,51.505848999999984,0.0</coordinates>
                </LineString>
                <LineString id="40328">
                    <coordinates>13.226916790000002,51.485955800000006,0.0 13.227548260000003,51.48562686,0.0</coordinates>
                </LineString>
                <LineString id="40330">
                    <coordinates>13.225934049999998,51.49912107,0.0 13.225817579999998,51.499101890000006,0.0 13.2256832,51.49908525999999,0.0 13.225379649999999,51.499047159999996,0.0</coordinates>
                </LineString>
                <LineString id="40332">
                    <coordinates>13.225379649999999,51.499047159999996,0.0 13.22537066,51.49904603,0.0</coordinates>
                </LineString>
                <LineString id="40334">
                    <coordinates>13.23328024,51.498476319999995,0.0 13.23336832,51.49849600999999,0.0 13.2335778,51.49853778,0.0 13.23358585,51.49853937,0.0</coordinates>
                </LineString>
                <LineString id="40336">
                    <coordinates>13.22847622,51.4981169,0.0 13.228564,51.49798924999999,0.0</coordinates>
                </LineString>
                <LineString id="40338">
                    <coordinates>13.227806619999997,51.50483052,0.0 13.22779127,51.50491531,0.0 13.22777017,51.50500408,0.0 13.22775136,51.50508915999999,0.0 13.227729119999998,51.505186529999996,0.0</coordinates>
                </LineString>
                <LineString id="40340">
                    <coordinates>13.22467081,51.4783047,0.0 13.22466912,51.47836739000001,0.0</coordinates>
                </LineString>
                <LineString id="40342">
                    <coordinates>13.22466912,51.47836739000001,0.0 13.224666859999996,51.47855171999999,0.0 13.22467469,51.4785664,0.0 13.224698859999998,51.47857353999998,0.0 13.22475288,51.4785925,0.0 13.224800379999998,51.478622189999996,0.0 13.22483532,51.47865863999999,0.0 13.224854709999999,51.47868886999999,0.0 13.224864769999996,51.47873422999999,0.0 13.22486879,51.47878270999999,0.0 13.22486626,51.4790553,0.0</coordinates>
                </LineString>
                <LineString id="40344">
                    <coordinates>13.22486626,51.4790553,0.0 13.22484289,51.47954651,0.0 13.224818279999997,51.47977199,0.0 13.22480629,51.48000326,0.0 13.22481823,51.480495170000005,0.0 13.22482379,51.48058006000001,0.0 13.224843589999997,51.48071253999999,0.0</coordinates>
                </LineString>
                <LineString id="40346">
                    <coordinates>13.22544994,51.48353809,0.0 13.22540738,51.483412909999984,0.0 13.225342300000001,51.48324292000001,0.0 13.225271490000003,51.48305857,0.0 13.22519434,51.48287565999999,0.0 13.225191799999997,51.48286703999999,0.0 13.225175640000002,51.48280028,0.0 13.225146799999997,51.482726490000005,0.0 13.22510777,51.482624030000004,0.0 13.225064719999999,51.48251085,0.0 13.225029100000002,51.482420529999985,0.0 13.2249962,51.48233077,0.0 13.22498164,51.482278449999995,0.0 13.224968269999998,51.48221837,0.0 13.224961609999998,51.48217726,0.0 13.22495346,51.48207448,0.0 13.224959959999998,51.48197982,0.0 13.22496337,51.48190463,0.0 13.22493856,51.481812119999994,0.0 13.224922339999999,51.48173805999999,0.0 13.22490252,51.48163691,0.0 13.22488434,51.481531069999996,0.0 13.224885,51.48145021999999,0.0 13.224893849999999,51.481288029999995,0.0 13.224900160000002,51.48109139,0.0 13.224892959999998,51.481033579999995,0.0 13.224878909999997,51.48097468999998,0.0 13.224856579999999,51.48089027999999,0.0 13.22484792,51.48083677999999,0.0 13.22484624,51.480761539999996,0.0 13.224843589999997,51.48071253999999,0.0</coordinates>
                </LineString>
                <LineString id="40348">
                    <coordinates>13.22575987,51.48455454999999,0.0 13.225710959999999,51.48443257,0.0 13.22569713,51.484391179999996,0.0 13.225709149999998,51.484362559999994,0.0 13.22572564,51.484333910000004,0.0 13.225748760000002,51.48430127000001,0.0 13.22575679,51.4842643,0.0 13.2257611,51.48420798,0.0 13.22575428,51.48415711,0.0 13.225734099999999,51.48411292000001,0.0 13.22570606,51.48404526999999,0.0 13.225609450000002,51.483879220000006,0.0 13.22553576,51.48374638,0.0 13.225501559999998,51.483667709999985,0.0 13.22544994,51.48353809,0.0</coordinates>
                </LineString>
                <LineString id="40350">
                    <coordinates>13.22575987,51.48455454999999,0.0 13.22577908,51.48461385,0.0 13.225874599999997,51.48489983,0.0</coordinates>
                </LineString>
                <LineString id="40352">
                    <coordinates>13.225874599999997,51.48489983,0.0 13.225899490000002,51.48496990000001,0.0 13.225968079999998,51.48509612999999,0.0 13.22602541,51.4851612,0.0 13.22623426,51.48536441,0.0 13.226361679999998,51.48551818000001,0.0 13.226452589999997,51.485623539999985,0.0 13.22650167,51.48567584999999,0.0 13.22657152,51.48575157,0.0 13.226649019999998,51.48580217,0.0 13.22671637,51.48583489000001,0.0 13.226905369999999,51.48596124000001,0.0</coordinates>
                </LineString>
                <LineString id="40354">
                    <coordinates>13.226905369999999,51.48596124000001,0.0 13.226926980000002,51.485993830000005,0.0 13.22706849,51.48611829,0.0 13.22716221,51.48618533,0.0 13.227254069999999,51.48623146,0.0 13.227310439999998,51.48627156999999,0.0 13.227406729999998,51.48626859999999,0.0 13.227376989999998,51.48633033,0.0 13.227465449999999,51.486380170000004,0.0 13.22756675,51.48644311000001,0.0 13.227660209999998,51.486504239999995,0.0 13.227693579999999,51.48653189,0.0 13.227719589999998,51.48655576,0.0 13.227734560000002,51.486573570000004,0.0 13.22778703,51.486651810000005,0.0 13.22784973,51.48673105,0.0 13.22795077,51.48687482,0.0</coordinates>
                </LineString>
                <LineString id="40356">
                    <coordinates>13.22827564,51.487545489999995,0.0 13.22815133,51.48756584,0.0</coordinates>
                </LineString>
                <LineString id="40358">
                    <coordinates>13.22815133,51.48756584,0.0 13.228154500000002,51.487571349999996,0.0</coordinates>
                </LineString>
                <LineString id="40360">
                    <coordinates>13.228154500000002,51.487571349999996,0.0 13.22818614,51.48763193999999,0.0 13.22823112,51.48771717999999,0.0 13.228277129999999,51.48780253,0.0 13.228324749999999,51.48788522,0.0 13.2283712,51.48797327,0.0</coordinates>
                </LineString>
                <LineString id="40362">
                    <coordinates>13.2283712,51.48797327,0.0 13.2284428,51.48810445,0.0</coordinates>
                </LineString>
                <LineString id="40364">
                    <coordinates>13.2284428,51.48810445,0.0 13.228529820000002,51.48825802000001,0.0</coordinates>
                </LineString>
                <LineString id="40366">
                    <coordinates>13.228529820000002,51.48825802000001,0.0 13.22867067,51.48850436000001,0.0</coordinates>
                </LineString>
                <LineString id="40368">
                    <coordinates>13.22867067,51.48850436000001,0.0 13.22877747,51.48871275,0.0</coordinates>
                </LineString>
                <LineString id="40370">
                    <coordinates>13.22877747,51.48871275,0.0 13.228828560000002,51.48881093999999,0.0 13.228879569999998,51.488914789999995,0.0 13.228902650000002,51.48896714999999,0.0</coordinates>
                </LineString>
                <LineString id="40372">
                    <coordinates>13.228902650000002,51.48896714999999,0.0 13.22898565,51.489201380000004,0.0</coordinates>
                </LineString>
                <LineString id="40374">
                    <coordinates>13.22898565,51.489201380000004,0.0 13.229004349999999,51.48926349999999,0.0 13.22904304,51.489433299999995,0.0</coordinates>
                </LineString>
                <LineString id="40376">
                    <coordinates>13.22904304,51.489433299999995,0.0 13.229057799999998,51.48954327999999,0.0 13.229082889999999,51.48974742,0.0 13.22909307,51.48981925999999,0.0</coordinates>
                </LineString>
                <LineString id="40378">
                    <coordinates>13.22909307,51.48981925999999,0.0 13.22910281,51.48992193,0.0 13.22908124,51.49005225999999,0.0 13.22909271,51.49014066999999,0.0 13.22910134,51.49022282999999,0.0 13.229114589999998,51.490285469999996,0.0</coordinates>
                </LineString>
                <LineString id="40380">
                    <coordinates>13.229114589999998,51.490285469999996,0.0 13.229135199999998,51.49038590999999,0.0</coordinates>
                </LineString>
                <LineString id="40382">
                    <coordinates>13.229135199999998,51.49038590999999,0.0 13.22913778,51.49039909,0.0</coordinates>
                </LineString>
                <LineString id="40384">
                    <coordinates>13.22913778,51.49039909,0.0 13.229174229999998,51.49050078999999,0.0 13.229184269999998,51.49063103,0.0 13.22918325,51.49069404,0.0</coordinates>
                </LineString>
                <LineString id="40386">
                    <coordinates>13.22918325,51.49069404,0.0 13.229188519999997,51.49082598999999,0.0</coordinates>
                </LineString>
                <LineString id="40388">
                    <coordinates>13.229188519999997,51.49082598999999,0.0 13.229191959999998,51.49089486,0.0 13.229193550000002,51.49099335999999,0.0 13.229148189999998,51.491042549999996,0.0</coordinates>
                </LineString>
                <LineString id="40390">
                    <coordinates>13.229148189999998,51.491042549999996,0.0 13.22913915,51.491112429999994,0.0</coordinates>
                </LineString>
                <LineString id="40392">
                    <coordinates>13.22913915,51.491112429999994,0.0 13.229134,51.49118316,0.0 13.2291206,51.4913309,0.0</coordinates>
                </LineString>
                <LineString id="40394">
                    <coordinates>13.2291206,51.4913309,0.0 13.229088690000001,51.49159331999999,0.0</coordinates>
                </LineString>
                <LineString id="40396">
                    <coordinates>13.229088690000001,51.49159331999999,0.0 13.229087039999998,51.49160463,0.0</coordinates>
                </LineString>
                <LineString id="40398">
                    <coordinates>13.229087039999998,51.49160463,0.0 13.22904494,51.49184547000001,0.0</coordinates>
                </LineString>
                <LineString id="40400">
                    <coordinates>13.22904494,51.49184547000001,0.0 13.2290076,51.49201547,0.0</coordinates>
                </LineString>
                <LineString id="40402">
                    <coordinates>13.2290076,51.49201547,0.0 13.228950289999998,51.49231039999999,0.0 13.22893265,51.49244210999999,0.0</coordinates>
                </LineString>
                <LineString id="40404">
                    <coordinates>13.22893265,51.49244210999999,0.0 13.228928389999998,51.49248347,0.0</coordinates>
                </LineString>
                <LineString id="40406">
                    <coordinates>13.228928389999998,51.49248347,0.0 13.228918249999998,51.49261826999999,0.0 13.22891237,51.49265729,0.0 13.228902299999998,51.49269883,0.0 13.228889990000003,51.49273341999999,0.0 13.22887263,51.49276936999999,0.0 13.228792290000001,51.49291502,0.0 13.228715599999997,51.49305173,0.0</coordinates>
                </LineString>
                <LineString id="40408">
                    <coordinates>13.22852716,51.49410689,0.0 13.228519859999999,51.49427753,0.0 13.228514819999997,51.494396039999984,0.0</coordinates>
                </LineString>
                <LineString id="40410">
                    <coordinates>13.228514819999997,51.494396039999984,0.0 13.228499699999999,51.49469566,0.0 13.228484199999999,51.494899229999994,0.0</coordinates>
                </LineString>
                <LineString id="40412">
                    <coordinates>13.228480509999999,51.49497053999999,0.0 13.228476149999999,51.49517114999998,0.0 13.22846854,51.49524952,0.0 13.22845382,51.49538667999999,0.0 13.228448440000001,51.49542686,0.0</coordinates>
                </LineString>
                <LineString id="40414">
                    <coordinates>13.228448440000001,51.49542686,0.0 13.22840739,51.49572357000001,0.0 13.22839431,51.49580156,0.0</coordinates>
                </LineString>
                <LineString id="40416">
                    <coordinates>13.22839431,51.49580156,0.0 13.22838661,51.495837439999995,0.0 13.228352490000002,51.49598145,0.0</coordinates>
                </LineString>
                <LineString id="40418">
                    <coordinates>13.228352490000002,51.49598145,0.0 13.228347459999998,51.496006470000005,0.0</coordinates>
                </LineString>
                <LineString id="40420">
                    <coordinates>13.228305469999999,51.496196819999994,0.0 13.22827984,51.49630432,0.0</coordinates>
                </LineString>
                <LineString id="40422">
                    <coordinates>13.22827984,51.49630432,0.0 13.22824748,51.49643483999999,0.0 13.22818125,51.49663148,0.0</coordinates>
                </LineString>
                <LineString id="40424">
                    <coordinates>13.22818125,51.49663148,0.0 13.2280748,51.496917280000005,0.0 13.228013629999998,51.497109009999996,0.0 13.22799741,51.49715065,0.0</coordinates>
                </LineString>
                <LineString id="40426">
                    <coordinates>13.22799741,51.49715065,0.0 13.227994469999999,51.49715926999999,0.0</coordinates>
                </LineString>
                <LineString id="40428">
                    <coordinates>13.227994469999999,51.49715926999999,0.0 13.228043409999996,51.497308059999995,0.0 13.228062749999996,51.49739289999998,0.0 13.22807207,51.49744311999999,0.0</coordinates>
                </LineString>
                <LineString id="40430">
                    <coordinates>13.22807207,51.49744311999999,0.0 13.22807326,51.49745686000001,0.0 13.22807293,51.49747062,0.0</coordinates>
                </LineString>
                <LineString id="40432">
                    <coordinates>13.22807293,51.49747062,0.0 13.228069779999998,51.49748858,0.0 13.228041029999996,51.49762376999999,0.0</coordinates>
                </LineString>
                <LineString id="40434">
                    <coordinates>13.228041029999996,51.49762376999999,0.0 13.228037239999999,51.497641769999994,0.0</coordinates>
                </LineString>
                <LineString id="40436">
                    <coordinates>13.228037239999999,51.497641769999994,0.0 13.22803487,51.49765341999999,0.0</coordinates>
                </LineString>
                <LineString id="40438">
                    <coordinates>13.22668937,51.50658486999999,0.0 13.22664921,51.506645289999994,0.0 13.22661185,51.506698039999996,0.0</coordinates>
                </LineString>
                <LineString id="40440">
                    <coordinates>13.227729119999998,51.505186529999996,0.0 13.22772875,51.50518789,0.0 13.227725139999999,51.50520236999999,0.0 13.227731879999999,51.50524434999999,0.0</coordinates>
                </LineString>
                <LineString id="40442">
                    <coordinates>13.2263919,51.50726791,0.0 13.22630595,51.507415359999996,0.0</coordinates>
                </LineString>
                <LineString id="40444">
                    <coordinates>13.23218613,51.501972280000004,0.0 13.232189830000001,51.50196525,0.0</coordinates>
                </LineString>
                <LineString id="40446">
                    <coordinates>13.228371270000004,51.497452630000005,0.0 13.2283526,51.497446909999994,0.0 13.22833059,51.49743669999999,0.0 13.22832435,51.49743242,0.0</coordinates>
                </LineString>
                <LineString id="40448">
                    <coordinates>13.227390169999998,51.50004115,0.0 13.227360099999999,51.50010124999999,0.0 13.22735234,51.50012743999999,0.0 13.2273455,51.50015203,0.0</coordinates>
                </LineString>
                <LineString id="40450">
                    <coordinates>13.226905369999999,51.48596124000001,0.0 13.226916790000002,51.485955800000006,0.0</coordinates>
                </LineString>
                <LineString id="40452">
                    <coordinates>13.269730149999997,51.474410609999985,0.0 13.26967396,51.47442292000001,0.0 13.26967361,51.47438622,0.0 13.269429979999998,51.474388469999994,0.0 13.26937215,51.47439845000001,0.0</coordinates>
                </LineString>
                <LineString id="40454">
                    <coordinates>13.26990709,51.47441443,0.0 13.269730149999997,51.474410609999985,0.0</coordinates>
                </LineString>
                <LineString id="40456">
                    <coordinates>13.26937215,51.47439845000001,0.0 13.269275409999999,51.47441738,0.0</coordinates>
                </LineString>
                <LineString id="40458">
                    <coordinates>13.26922062,51.47430045999999,0.0 13.269275409999999,51.47441738,0.0</coordinates>
                </LineString>
                <LineString id="40460">
                    <coordinates>13.26914949,51.47415173000001,0.0 13.26922062,51.47430045999999,0.0</coordinates>
                </LineString>
                <LineString id="40462">
                    <coordinates>13.26896237,51.473763989999995,0.0 13.268968060000002,51.47378387,0.0 13.2689788,51.47380750000001,0.0 13.26904342,51.47393509,0.0 13.26914949,51.47415173000001,0.0</coordinates>
                </LineString>
                <LineString id="40464">
                    <coordinates>13.26894273,51.47366782000001,0.0 13.26896237,51.473763989999995,0.0</coordinates>
                </LineString>
                <LineString id="40466">
                    <coordinates>13.26761545,51.473806489999994,0.0 13.267623609999998,51.473808379999994,0.0 13.26776204,51.47382086999999,0.0 13.26800605,51.4738381,0.0 13.26817309,51.4738417,0.0 13.268540389999998,51.47385386,0.0 13.26859663,51.473851459999985,0.0</coordinates>
                </LineString>
                <LineString id="40468">
                    <coordinates>13.268618679999998,51.47385169,0.0 13.26859663,51.473851459999985,0.0</coordinates>
                </LineString>
                <LineString id="40470">
                    <coordinates>13.268924779999999,51.47377478999999,0.0 13.26896237,51.473763989999995,0.0</coordinates>
                </LineString>
                <LineString id="40472">
                    <coordinates>13.268618679999998,51.47385169,0.0 13.268723039999998,51.47384481000001,0.0 13.268868729999998,51.47381398999999,0.0 13.2689122,51.473782959999994,0.0</coordinates>
                </LineString>
                <LineString id="40474">
                    <coordinates>13.2689122,51.473782959999994,0.0 13.268924779999999,51.47377478999999,0.0</coordinates>
                </LineString>
                <LineString id="40476">
                    <coordinates>13.268862659999998,51.47350220999999,0.0 13.26887543,51.473526939999985,0.0 13.2688998,51.47356736999999,0.0 13.268918089999998,51.47360054,0.0 13.2689314,51.47363419,0.0 13.26894273,51.47366782000001,0.0</coordinates>
                </LineString>
                <LineString id="40478">
                    <coordinates>13.268773829999999,51.473261099999995,0.0 13.268822949999999,51.47332637,0.0 13.268830289999999,51.47333942,0.0 13.268835529999999,51.47335596999999,0.0 13.268851279999998,51.47345209,0.0 13.26885617,51.47347764,0.0 13.268862659999998,51.47350220999999,0.0</coordinates>
                </LineString>
                <LineString id="40480">
                    <coordinates>13.268582809999998,51.47297034999998,0.0 13.26863883,51.47307482,0.0 13.268663909999999,51.47311448999999,0.0 13.268773829999999,51.473261099999995,0.0</coordinates>
                </LineString>
                <LineString id="40482">
                    <coordinates>13.268104789999999,51.473380909999996,0.0 13.26808955,51.473332279999994,0.0 13.268237859999997,51.473316559999994,0.0 13.26836209,51.473303659999985,0.0 13.268773829999999,51.473261099999995,0.0</coordinates>
                </LineString>
                <LineString id="40484">
                    <coordinates>13.267892629999999,51.47310918,0.0 13.267881320000003,51.473063980000006,0.0 13.267958770000002,51.47304448999999,0.0 13.26802232,51.47302973000001,0.0 13.268324559999998,51.47295715999999,0.0 13.268326660000001,51.472964680000004,0.0 13.268369309999999,51.47295386999999,0.0 13.26853189,51.472934679999995,0.0 13.26854786,51.47293749,0.0 13.26856059,51.47294406,0.0 13.268571609999997,51.47295511999999,0.0 13.268582809999998,51.47297034999998,0.0</coordinates>
                </LineString>
                <LineString id="40486">
                    <coordinates>13.26854927,51.47246822999999,0.0 13.26855687,51.472595199999994,0.0 13.268552379999997,51.47270211,0.0 13.26853313,51.47282819,0.0 13.268529580000001,51.47285636,0.0 13.268532009999996,51.47287392999999,0.0 13.26853593,51.47288871,0.0 13.26855022,51.47291266,0.0 13.268582809999998,51.47297034999998,0.0</coordinates>
                </LineString>
                <LineString id="40488">
                    <coordinates>13.26855645,51.47240674,0.0 13.26855064,51.47244231,0.0 13.26854927,51.47246822999999,0.0</coordinates>
                </LineString>
                <LineString id="40490">
                    <coordinates>13.268628299999998,51.47214073,0.0 13.26860414,51.472227939999996,0.0 13.26855645,51.47240674,0.0</coordinates>
                </LineString>
                <LineString id="40492">
                    <coordinates>13.268664079999999,51.471996409999996,0.0 13.268628299999998,51.47214073,0.0</coordinates>
                </LineString>
                <LineString id="40494">
                    <coordinates>13.268695279999998,51.47185188,0.0 13.26867422,51.47195045,0.0</coordinates>
                </LineString>
                <LineString id="40496">
                    <coordinates>13.26867422,51.47195045,0.0 13.268664079999999,51.471996409999996,0.0</coordinates>
                </LineString>
                <LineString id="40498">
                    <coordinates>13.26871789,51.47172408,0.0 13.268695279999998,51.47185188,0.0</coordinates>
                </LineString>
                <LineString id="40500">
                    <coordinates>13.268702509999999,51.47150636999999,0.0 13.268715010000001,51.47159662,0.0 13.26871789,51.47172408,0.0</coordinates>
                </LineString>
                <LineString id="40502">
                    <coordinates>13.268681349999998,51.47138079999999,0.0 13.268702509999999,51.47150636999999,0.0</coordinates>
                </LineString>
                <LineString id="40504">
                    <coordinates>13.269773429999999,51.47545477999999,0.0 13.269821,51.47555858,0.0 13.26991365,51.47576158,0.0 13.269959119999998,51.47585571999999,0.0 13.26998492,51.47590790999999,0.0 13.27001557,51.475959079999996,0.0 13.270049300000002,51.47601191,0.0 13.270087339999998,51.47605759999998,0.0 13.2701153,51.47608793,0.0</coordinates>
                </LineString>
                <LineString id="40506">
                    <coordinates>13.27205543,51.476725570000006,0.0 13.272070809999999,51.47668813999999,0.0 13.27208254,51.476688579999994,0.0 13.272091579999998,51.47665273999999,0.0 13.27208628,51.47664782999999,0.0</coordinates>
                </LineString>
                <LineString id="40508">
                    <coordinates>13.27208628,51.47664782999999,0.0 13.27205854,51.476644889999996,0.0</coordinates>
                </LineString>
                <LineString id="40510">
                    <coordinates>13.27205854,51.476644889999996,0.0 13.27200343,51.476640599999996,0.0</coordinates>
                </LineString>
                <LineString id="40512">
                    <coordinates>13.270997860000001,51.47651618,0.0 13.27087527,51.47658027999999,0.0 13.270864220000002,51.47658285,0.0</coordinates>
                </LineString>
                <LineString id="40514">
                    <coordinates>13.269611320000001,51.47509394000001,0.0 13.26964252,51.47516599,0.0 13.269696370000002,51.47528558999999,0.0 13.269760129999998,51.475425609999995,0.0 13.269773429999999,51.47545477999999,0.0</coordinates>
                </LineString>
                <LineString id="40516">
                    <coordinates>13.269513550000001,51.47489569999999,0.0 13.269611320000001,51.47509394000001,0.0</coordinates>
                </LineString>
                <LineString id="40518">
                    <coordinates>13.26945542,51.47478027999999,0.0 13.269513550000001,51.47489569999999,0.0</coordinates>
                </LineString>
                <LineString id="40520">
                    <coordinates>13.269275409999999,51.47441738,0.0 13.26933799,51.474544689999995,0.0 13.26940441,51.47467715999999,0.0 13.26945542,51.47478027999999,0.0</coordinates>
                </LineString>
            </MultiGeometry>
        </Placemark>
        <Placemark id="40527">
            <name>MultiPoint</name>
            <styleUrl>#41826</styleUrl>
            <MultiGeometry id="40526">
                <Point id="40528">
                    <coordinates>13.27635672975307,51.49087910139666,0.0</coordinates>
                </Point>
                <Point id="40530">
                    <coordinates>13.2863666182839,51.502002722363805,0.0</coordinates>
                </Point>
                <Point id="40532">
                    <coordinates>13.283284131878153,51.50064895620797,0.0</coordinates>
                </Point>
                <Point id="40534">
                    <coordinates>13.284178970222127,51.50096711449052,0.0</coordinates>
                </Point>
                <Point id="40536">
                    <coordinates>13.29747712063314,51.50317898472762,0.0</coordinates>
                </Point>
                <Point id="40538">
                    <coordinates>13.27725164283619,51.499501890993685,0.0</coordinates>
                </Point>
                <Point id="40540">
                    <coordinates>13.280045398591206,51.50162214866972,0.0</coordinates>
                </Point>
                <Point id="40542">
                    <coordinates>13.284254683661642,51.50208002119828,0.0</coordinates>
                </Point>
                <Point id="40544">
                    <coordinates>13.284869635348173,51.50018605838895,0.0</coordinates>
                </Point>
                <Point id="40546">
                    <coordinates>13.280724038232902,51.503389400173106,0.0</coordinates>
                </Point>
                <Point id="40548">
                    <coordinates>13.2892547578647,51.50467610353629,0.0</coordinates>
                </Point>
                <Point id="40550">
                    <coordinates>13.288788334950999,51.50431219893551,0.0</coordinates>
                </Point>
                <Point id="40552">
                    <coordinates>13.2875963509322,51.5045510771842,0.0</coordinates>
                </Point>
                <Point id="40554">
                    <coordinates>13.287851254189798,51.50436394647719,0.0</coordinates>
                </Point>
                <Point id="40556">
                    <coordinates>13.288099876892598,51.50423867630009,0.0</coordinates>
                </Point>
                <Point id="40558">
                    <coordinates>13.2880486161805,51.50396305382249,0.0</coordinates>
                </Point>
                <Point id="40560">
                    <coordinates>13.288494925708699,51.503813698187095,0.0</coordinates>
                </Point>
                <Point id="40562">
                    <coordinates>13.288381835436601,51.50356173068481,0.0</coordinates>
                </Point>
                <Point id="40564">
                    <coordinates>13.287816498265197,51.503648634407,0.0</coordinates>
                </Point>
                <Point id="40566">
                    <coordinates>13.2845852434738,51.50263074493251,0.0</coordinates>
                </Point>
                <Point id="40568">
                    <coordinates>13.284973184166402,51.50251396336039,0.0</coordinates>
                </Point>
                <Point id="40570">
                    <coordinates>13.2850247977628,51.5026195749284,0.0</coordinates>
                </Point>
                <Point id="40572">
                    <coordinates>13.284348284051402,51.5025431768914,0.0</coordinates>
                </Point>
                <Point id="40574">
                    <coordinates>13.283592037,51.50269480150079,0.0</coordinates>
                </Point>
                <Point id="40576">
                    <coordinates>13.283883682151302,51.50258929281261,0.0</coordinates>
                </Point>
                <Point id="40578">
                    <coordinates>13.2871446200166,51.50274944665609,0.0</coordinates>
                </Point>
                <Point id="40580">
                    <coordinates>13.285377216585,51.50257027536641,0.0</coordinates>
                </Point>
                <Point id="40582">
                    <coordinates>13.2853794789974,51.5020230745998,0.0</coordinates>
                </Point>
                <Point id="40584">
                    <coordinates>13.2867143200683,51.502201549712886,0.0</coordinates>
                </Point>
                <Point id="40586">
                    <coordinates>13.2867780785912,51.502075460008605,0.0</coordinates>
                </Point>
                <Point id="40588">
                    <coordinates>13.285014665226498,51.50183051778129,0.0</coordinates>
                </Point>
                <Point id="40590">
                    <coordinates>13.285809117741298,51.501664653027696,0.0</coordinates>
                </Point>
                <Point id="40592">
                    <coordinates>13.285824009792602,51.50172080554721,0.0</coordinates>
                </Point>
                <Point id="40594">
                    <coordinates>13.285827677743498,51.5014836534629,0.0</coordinates>
                </Point>
                <Point id="40596">
                    <coordinates>13.2856350752805,51.501355011230594,0.0</coordinates>
                </Point>
                <Point id="40598">
                    <coordinates>13.2858011384942,51.501264705981,0.0</coordinates>
                </Point>
                <Point id="40600">
                    <coordinates>13.2839456387106,51.502063080248995,0.0</coordinates>
                </Point>
                <Point id="40602">
                    <coordinates>13.2831184733177,51.5011696599427,0.0</coordinates>
                </Point>
                <Point id="40604">
                    <coordinates>13.287665076554998,51.503331194921095,0.0</coordinates>
                </Point>
                <Point id="40606">
                    <coordinates>13.287629852847997,51.5030192225134,0.0</coordinates>
                </Point>
                <Point id="40608">
                    <coordinates>13.2877701978445,51.5028528433711,0.0</coordinates>
                </Point>
                <Point id="40610">
                    <coordinates>13.287308366866498,51.50244099857369,0.0</coordinates>
                </Point>
                <Point id="40612">
                    <coordinates>13.2841483887585,51.5010853895176,0.0</coordinates>
                </Point>
                <Point id="40614">
                    <coordinates>13.284119919919,51.5007232314927,0.0</coordinates>
                </Point>
                <Point id="40616">
                    <coordinates>13.2831233598365,51.50067459753829,0.0</coordinates>
                </Point>
                <Point id="40618">
                    <coordinates>13.284604474986,51.5009452052932,0.0</coordinates>
                </Point>
                <Point id="40620">
                    <coordinates>13.284895158222602,51.500587463815,0.0</coordinates>
                </Point>
                <Point id="40622">
                    <coordinates>13.2833355011956,51.50046005909889,0.0</coordinates>
                </Point>
                <Point id="40624">
                    <coordinates>13.282139367257699,51.5027940612381,0.0</coordinates>
                </Point>
                <Point id="40626">
                    <coordinates>13.282503416429998,51.50223069218049,0.0</coordinates>
                </Point>
                <Point id="40628">
                    <coordinates>13.2824697478576,51.5018333058699,0.0</coordinates>
                </Point>
                <Point id="40630">
                    <coordinates>13.2816545652572,51.5015069779732,0.0</coordinates>
                </Point>
                <Point id="40632">
                    <coordinates>13.282416958567199,51.50162039240109,0.0</coordinates>
                </Point>
                <Point id="40634">
                    <coordinates>13.281713586764,51.501222236061395,0.0</coordinates>
                </Point>
                <Point id="40636">
                    <coordinates>13.2809750015261,51.5020738157893,0.0</coordinates>
                </Point>
                <Point id="40638">
                    <coordinates>13.2813741207069,51.5023296607941,0.0</coordinates>
                </Point>
                <Point id="40640">
                    <coordinates>13.2811754881151,51.50180587713489,0.0</coordinates>
                </Point>
                <Point id="40642">
                    <coordinates>13.281727643893996,51.50003095446411,0.0</coordinates>
                </Point>
                <Point id="40644">
                    <coordinates>13.281833292036499,51.50083247413979,0.0</coordinates>
                </Point>
                <Point id="40646">
                    <coordinates>13.2818720759203,51.5003492263511,0.0</coordinates>
                </Point>
                <Point id="40648">
                    <coordinates>13.28251271348,51.50016668525419,0.0</coordinates>
                </Point>
                <Point id="40650">
                    <coordinates>13.282497702576602,51.5000194434122,0.0</coordinates>
                </Point>
                <Point id="40652">
                    <coordinates>13.2771373495491,51.50025952725989,0.0</coordinates>
                </Point>
                <Point id="40654">
                    <coordinates>13.279220229943899,51.5008274471716,0.0</coordinates>
                </Point>
                <Point id="40656">
                    <coordinates>13.297469822309598,51.503285790036685,0.0</coordinates>
                </Point>
                <Point id="40658">
                    <coordinates>13.2811544733377,51.502242193162786,0.0</coordinates>
                </Point>
                <Point id="40660">
                    <coordinates>13.286623966303098,51.50234495814879,0.0</coordinates>
                </Point>
                <Point id="40662">
                    <coordinates>13.2322604220909,51.501531601197,0.0</coordinates>
                </Point>
                <Point id="40664">
                    <coordinates>13.2272545351171,51.505715800688684,0.0</coordinates>
                </Point>
                <Point id="40666">
                    <coordinates>13.227825459765002,51.5033944073683,0.0</coordinates>
                </Point>
                <Point id="40668">
                    <coordinates>13.2272076251671,51.500274545518884,0.0</coordinates>
                </Point>
                <Point id="40670">
                    <coordinates>13.228477876647903,51.498193582616,0.0</coordinates>
                </Point>
                <Point id="40672">
                    <coordinates>13.2274930483597,51.49711094914921,0.0</coordinates>
                </Point>
                <Point id="40674">
                    <coordinates>13.2289665240272,51.494930786171,0.0</coordinates>
                </Point>
                <Point id="40676">
                    <coordinates>13.2290959653902,51.4908287309506,0.0</coordinates>
                </Point>
                <Point id="40678">
                    <coordinates>13.225607239289024,51.499253800956616,0.0</coordinates>
                </Point>
                <Point id="40680">
                    <coordinates>13.226711737483162,51.49872808310513,0.0</coordinates>
                </Point>
                <Point id="40682">
                    <coordinates>13.229635196882127,51.49792072485662,0.0</coordinates>
                </Point>
                <Point id="40684">
                    <coordinates>13.228050478236064,51.49917459614203,0.0</coordinates>
                </Point>
                <Point id="40686">
                    <coordinates>13.22772929748217,51.49975302050078,0.0</coordinates>
                </Point>
                <Point id="40688">
                    <coordinates>13.227255168654413,51.50085880624512,0.0</coordinates>
                </Point>
                <Point id="40690">
                    <coordinates>13.227583850479283,51.50471575488712,0.0</coordinates>
                </Point>
                <Point id="40692">
                    <coordinates>13.227824770011699,51.501405066776364,0.0</coordinates>
                </Point>
                <Point id="40694">
                    <coordinates>13.227922646879845,51.504793494498216,0.0</coordinates>
                </Point>
                <Point id="40696">
                    <coordinates>13.231933045113085,51.501868464848265,0.0</coordinates>
                </Point>
                <Point id="40698">
                    <coordinates>13.23120134157763,51.50175095273209,0.0</coordinates>
                </Point>
                <Point id="40700">
                    <coordinates>13.230207694243182,51.501606911053415,0.0</coordinates>
                </Point>
                <Point id="40702">
                    <coordinates>13.227893265471948,51.4970119358943,0.0</coordinates>
                </Point>
                <Point id="40704">
                    <coordinates>13.227568655751671,51.497086637925484,0.0</coordinates>
                </Point>
                <Point id="40706">
                    <coordinates>13.228566293248079,51.49292087196513,0.0</coordinates>
                </Point>
                <Point id="40708">
                    <coordinates>13.22897478255554,51.491574523723585,0.0</coordinates>
                </Point>
                <Point id="40710">
                    <coordinates>13.228876832362365,51.49098424276555,0.0</coordinates>
                </Point>
                <Point id="40712">
                    <coordinates>13.227344400134458,51.48813347160535,0.0</coordinates>
                </Point>
                <Point id="40714">
                    <coordinates>13.229431432547473,51.489659606408374,0.0</coordinates>
                </Point>
                <Point id="40716">
                    <coordinates>13.22888047033959,51.49522181898263,0.0</coordinates>
                </Point>
                <Point id="40718">
                    <coordinates>13.228329715958717,51.496744251690046,0.0</coordinates>
                </Point>
                <Point id="40720">
                    <coordinates>13.228267150840384,51.49731333801137,0.0</coordinates>
                </Point>
                <Point id="40722">
                    <coordinates>13.229291693467914,51.497636223999784,0.0</coordinates>
                </Point>
                <Point id="40724">
                    <coordinates>13.23521188701374,51.498987748946305,0.0</coordinates>
                </Point>
                <Point id="40726">
                    <coordinates>13.224663068533788,51.48485629004947,0.0</coordinates>
                </Point>
                <Point id="40728">
                    <coordinates>13.225831085243087,51.48455321462536,0.0</coordinates>
                </Point>
                <Point id="40730">
                    <coordinates>13.223752295192089,51.47828517069021,0.0</coordinates>
                </Point>
                <Point id="40732">
                    <coordinates>13.22818307285093,51.49485112722786,0.0</coordinates>
                </Point>
                <Point id="40734">
                    <coordinates>13.227891011375792,51.49792073958192,0.0</coordinates>
                </Point>
                <Point id="40736">
                    <coordinates>13.28346725979662,51.4371834738952,0.0</coordinates>
                </Point>
                <Point id="40738">
                    <coordinates>13.226885353923699,51.50792271061169,0.0</coordinates>
                </Point>
                <Point id="40740">
                    <coordinates>13.2267106774925,51.5075174175235,0.0</coordinates>
                </Point>
                <Point id="40742">
                    <coordinates>13.2267824492589,51.507258927868904,0.0</coordinates>
                </Point>
                <Point id="40744">
                    <coordinates>13.226871026622502,51.5068634673942,0.0</coordinates>
                </Point>
                <Point id="40746">
                    <coordinates>13.226576236107102,51.506684012232,0.0</coordinates>
                </Point>
                <Point id="40748">
                    <coordinates>13.226419756920897,51.506838758552796,0.0</coordinates>
                </Point>
                <Point id="40750">
                    <coordinates>13.2322988666545,51.501400924395604,0.0</coordinates>
                </Point>
                <Point id="40752">
                    <coordinates>13.232457415525102,51.5011440053287,0.0</coordinates>
                </Point>
                <Point id="40754">
                    <coordinates>13.2325933571879,51.500826601173394,0.0</coordinates>
                </Point>
                <Point id="40756">
                    <coordinates>13.2344628176973,51.498874936735604,0.0</coordinates>
                </Point>
                <Point id="40758">
                    <coordinates>13.2339578387139,51.4987909743588,0.0</coordinates>
                </Point>
                <Point id="40760">
                    <coordinates>13.2335181425075,51.4982992547096,0.0</coordinates>
                </Point>
                <Point id="40762">
                    <coordinates>13.23272822058,51.4985338242261,0.0</coordinates>
                </Point>
                <Point id="40764">
                    <coordinates>13.2330538008567,51.498251586566894,0.0</coordinates>
                </Point>
                <Point id="40766">
                    <coordinates>13.232429903832001,51.498254854886994,0.0</coordinates>
                </Point>
                <Point id="40768">
                    <coordinates>13.232736429304298,51.498304103551085,0.0</coordinates>
                </Point>
                <Point id="40770">
                    <coordinates>13.2266458090147,51.506577564602004,0.0</coordinates>
                </Point>
                <Point id="40772">
                    <coordinates>13.226815104650598,51.50663611875499,0.0</coordinates>
                </Point>
                <Point id="40774">
                    <coordinates>13.227131494781,51.50630008547669,0.0</coordinates>
                </Point>
                <Point id="40776">
                    <coordinates>13.227411028864799,51.50600706415659,0.0</coordinates>
                </Point>
                <Point id="40778">
                    <coordinates>13.228177625772,51.505979498599,0.0</coordinates>
                </Point>
                <Point id="40780">
                    <coordinates>13.2281647315282,51.505775692392085,0.0</coordinates>
                </Point>
                <Point id="40782">
                    <coordinates>13.2275388716643,51.50571434728739,0.0</coordinates>
                </Point>
                <Point id="40784">
                    <coordinates>13.228597822484803,51.50613147134109,0.0</coordinates>
                </Point>
                <Point id="40786">
                    <coordinates>13.229135749455498,51.5062586844021,0.0</coordinates>
                </Point>
                <Point id="40788">
                    <coordinates>13.2289989029744,51.50598180833429,0.0</coordinates>
                </Point>
                <Point id="40790">
                    <coordinates>13.2276642981363,51.50549116705119,0.0</coordinates>
                </Point>
                <Point id="40792">
                    <coordinates>13.227450161825,51.50539016883759,0.0</coordinates>
                </Point>
                <Point id="40794">
                    <coordinates>13.227539466017596,51.504986474359185,0.0</coordinates>
                </Point>
                <Point id="40796">
                    <coordinates>13.230147072468302,51.5064036015501,0.0</coordinates>
                </Point>
                <Point id="40798">
                    <coordinates>13.229762389289599,51.5063428305054,0.0</coordinates>
                </Point>
                <Point id="40800">
                    <coordinates>13.2294726806496,51.5062729370889,0.0</coordinates>
                </Point>
                <Point id="40802">
                    <coordinates>13.231291527021401,51.502631461809294,0.0</coordinates>
                </Point>
                <Point id="40804">
                    <coordinates>13.2270653412424,51.5040410866914,0.0</coordinates>
                </Point>
                <Point id="40806">
                    <coordinates>13.227576964672199,51.504070606258196,0.0</coordinates>
                </Point>
                <Point id="40808">
                    <coordinates>13.2268526818827,51.503935762093704,0.0</coordinates>
                </Point>
                <Point id="40810">
                    <coordinates>13.2278618340742,51.50486319335699,0.0</coordinates>
                </Point>
                <Point id="40812">
                    <coordinates>13.229199207245,51.504004774901794,0.0</coordinates>
                </Point>
                <Point id="40814">
                    <coordinates>13.228867325918799,51.5038657611229,0.0</coordinates>
                </Point>
                <Point id="40816">
                    <coordinates>13.2279302902977,51.50440319352989,0.0</coordinates>
                </Point>
                <Point id="40818">
                    <coordinates>13.2277526366951,51.50420930313899,0.0</coordinates>
                </Point>
                <Point id="40820">
                    <coordinates>13.2276034286346,51.50431252071299,0.0</coordinates>
                </Point>
                <Point id="40822">
                    <coordinates>13.2282638876378,51.50400944371529,0.0</coordinates>
                </Point>
                <Point id="40824">
                    <coordinates>13.228458458238498,51.503994439228094,0.0</coordinates>
                </Point>
                <Point id="40826">
                    <coordinates>13.227696958132798,51.5037501614979,0.0</coordinates>
                </Point>
                <Point id="40828">
                    <coordinates>13.227779885511099,51.503555856349,0.0</coordinates>
                </Point>
                <Point id="40830">
                    <coordinates>13.227788487977001,51.503668650295104,0.0</coordinates>
                </Point>
                <Point id="40832">
                    <coordinates>13.2281205920975,51.50356360658309,0.0</coordinates>
                </Point>
                <Point id="40834">
                    <coordinates>13.2286498978836,51.50370055152149,0.0</coordinates>
                </Point>
                <Point id="40836">
                    <coordinates>13.228608091073697,51.50352700214701,0.0</coordinates>
                </Point>
                <Point id="40838">
                    <coordinates>13.228085615536699,51.50302665451729,0.0</coordinates>
                </Point>
                <Point id="40840">
                    <coordinates>13.228010654520398,51.5027108556608,0.0</coordinates>
                </Point>
                <Point id="40842">
                    <coordinates>13.2269642724111,51.5031146889135,0.0</coordinates>
                </Point>
                <Point id="40844">
                    <coordinates>13.227531531991197,51.502439817669,0.0</coordinates>
                </Point>
                <Point id="40846">
                    <coordinates>13.226713941357696,51.502123959727896,0.0</coordinates>
                </Point>
                <Point id="40848">
                    <coordinates>13.2268389832229,51.502158011584704,0.0</coordinates>
                </Point>
                <Point id="40850">
                    <coordinates>13.227540166364,51.50213005984719,0.0</coordinates>
                </Point>
                <Point id="40852">
                    <coordinates>13.227138701359099,51.502026592036295,0.0</coordinates>
                </Point>
                <Point id="40854">
                    <coordinates>13.2275049934801,51.5019447952184,0.0</coordinates>
                </Point>
                <Point id="40856">
                    <coordinates>13.227541047669998,51.501590811721286,0.0</coordinates>
                </Point>
                <Point id="40858">
                    <coordinates>13.2275296070621,51.501752087265096,0.0</coordinates>
                </Point>
                <Point id="40860">
                    <coordinates>13.2256401959696,51.50188086718559,0.0</coordinates>
                </Point>
                <Point id="40862">
                    <coordinates>13.228216057600298,51.50232707209558,0.0</coordinates>
                </Point>
                <Point id="40864">
                    <coordinates>13.2281761896101,51.5023226037845,0.0</coordinates>
                </Point>
                <Point id="40866">
                    <coordinates>13.227767483647298,51.5023272342644,0.0</coordinates>
                </Point>
                <Point id="40868">
                    <coordinates>13.2293805503228,51.50233234040889,0.0</coordinates>
                </Point>
                <Point id="40870">
                    <coordinates>13.229648691511398,51.5023678499365,0.0</coordinates>
                </Point>
                <Point id="40872">
                    <coordinates>13.229020227875,51.50226027254799,0.0</coordinates>
                </Point>
                <Point id="40874">
                    <coordinates>13.229111848582399,51.5020542394082,0.0</coordinates>
                </Point>
                <Point id="40876">
                    <coordinates>13.229084990211499,51.5020498409236,0.0</coordinates>
                </Point>
                <Point id="40878">
                    <coordinates>13.2296540018937,51.5021483236776,0.0</coordinates>
                </Point>
                <Point id="40880">
                    <coordinates>13.2295547677855,51.50214485000811,0.0</coordinates>
                </Point>
                <Point id="40882">
                    <coordinates>13.227767505377999,51.5017547899842,0.0</coordinates>
                </Point>
                <Point id="40884">
                    <coordinates>13.2277965569561,51.50152813365149,0.0</coordinates>
                </Point>
                <Point id="40886">
                    <coordinates>13.227502150636498,51.5012991330751,0.0</coordinates>
                </Point>
                <Point id="40888">
                    <coordinates>13.227837662498299,51.50103872916419,0.0</coordinates>
                </Point>
                <Point id="40890">
                    <coordinates>13.227651594965,51.500995901247,0.0</coordinates>
                </Point>
                <Point id="40892">
                    <coordinates>13.2276826632304,51.50074442631998,0.0</coordinates>
                </Point>
                <Point id="40894">
                    <coordinates>13.2274590544521,51.50148943846409,0.0</coordinates>
                </Point>
                <Point id="40896">
                    <coordinates>13.2274650629306,51.5011200119517,0.0</coordinates>
                </Point>
                <Point id="40898">
                    <coordinates>13.2273853110785,51.5007261469213,0.0</coordinates>
                </Point>
                <Point id="40900">
                    <coordinates>13.227305523759098,51.500512608980394,0.0</coordinates>
                </Point>
                <Point id="40902">
                    <coordinates>13.227353495088499,51.50043127399349,0.0</coordinates>
                </Point>
                <Point id="40904">
                    <coordinates>13.230155406691198,51.5024644079844,0.0</coordinates>
                </Point>
                <Point id="40906">
                    <coordinates>13.231367773398302,51.5024424231991,0.0</coordinates>
                </Point>
                <Point id="40908">
                    <coordinates>13.230539636729299,51.50247351065799,0.0</coordinates>
                </Point>
                <Point id="40910">
                    <coordinates>13.2304634596588,51.50225097596479,0.0</coordinates>
                </Point>
                <Point id="40912">
                    <coordinates>13.2311529945904,51.5017138000685,0.0</coordinates>
                </Point>
                <Point id="40914">
                    <coordinates>13.230084963509599,51.50222675564179,0.0</coordinates>
                </Point>
                <Point id="40916">
                    <coordinates>13.2319295187516,51.501866697164,0.0</coordinates>
                </Point>
                <Point id="40918">
                    <coordinates>13.230376206455798,51.50160373932269,0.0</coordinates>
                </Point>
                <Point id="40920">
                    <coordinates>13.232119281802802,51.49846816032531,0.0</coordinates>
                </Point>
                <Point id="40922">
                    <coordinates>13.232180923534598,51.49818926657849,0.0</coordinates>
                </Point>
                <Point id="40924">
                    <coordinates>13.2267339934796,51.5002130017205,0.0</coordinates>
                </Point>
                <Point id="40926">
                    <coordinates>13.227469926416,51.5001289012501,0.0</coordinates>
                </Point>
                <Point id="40928">
                    <coordinates>13.227396739233003,51.499863987123604,0.0</coordinates>
                </Point>
                <Point id="40930">
                    <coordinates>13.226997450857299,51.5001283992661,0.0</coordinates>
                </Point>
                <Point id="40932">
                    <coordinates>13.2270749571694,51.5001152932582,0.0</coordinates>
                </Point>
                <Point id="40934">
                    <coordinates>13.227743609660001,51.49968880520189,0.0</coordinates>
                </Point>
                <Point id="40936">
                    <coordinates>13.227512538281301,51.4996677711392,0.0</coordinates>
                </Point>
                <Point id="40938">
                    <coordinates>13.2276970827613,51.4993998569053,0.0</coordinates>
                </Point>
                <Point id="40940">
                    <coordinates>13.227726238989698,51.49927944956949,0.0</coordinates>
                </Point>
                <Point id="40942">
                    <coordinates>13.226339324819797,51.499298485542,0.0</coordinates>
                </Point>
                <Point id="40944">
                    <coordinates>13.226064796613201,51.4992265648391,0.0</coordinates>
                </Point>
                <Point id="40946">
                    <coordinates>13.2279450134126,51.4994289912352,0.0</coordinates>
                </Point>
                <Point id="40948">
                    <coordinates>13.2279700600364,51.4993733388382,0.0</coordinates>
                </Point>
                <Point id="40950">
                    <coordinates>13.227836401134002,51.49913607605681,0.0</coordinates>
                </Point>
                <Point id="40952">
                    <coordinates>13.2280978557325,51.498986684705194,0.0</coordinates>
                </Point>
                <Point id="40954">
                    <coordinates>13.2279180471103,51.498973351436696,0.0</coordinates>
                </Point>
                <Point id="40956">
                    <coordinates>13.2281736230096,51.4988565322482,0.0</coordinates>
                </Point>
                <Point id="40958">
                    <coordinates>13.2281850740665,51.49891879529089,0.0</coordinates>
                </Point>
                <Point id="40960">
                    <coordinates>13.2282521014022,51.498679085091595,0.0</coordinates>
                </Point>
                <Point id="40962">
                    <coordinates>13.2276499710665,51.4988918800021,0.0</coordinates>
                </Point>
                <Point id="40964">
                    <coordinates>13.228663372762497,51.4980272823687,0.0</coordinates>
                </Point>
                <Point id="40966">
                    <coordinates>13.228311016662198,51.498534491871595,0.0</coordinates>
                </Point>
                <Point id="40968">
                    <coordinates>13.2284282944174,51.4983579358705,0.0</coordinates>
                </Point>
                <Point id="40970">
                    <coordinates>13.2279141595554,51.49817887928979,0.0</coordinates>
                </Point>
                <Point id="40972">
                    <coordinates>13.2269556182754,51.49909059494429,0.0</coordinates>
                </Point>
                <Point id="40974">
                    <coordinates>13.2272755624501,51.4988737014015,0.0</coordinates>
                </Point>
                <Point id="40976">
                    <coordinates>13.2275004531903,51.49884295915689,0.0</coordinates>
                </Point>
                <Point id="40978">
                    <coordinates>13.2268110755379,51.49879109777531,0.0</coordinates>
                </Point>
                <Point id="40980">
                    <coordinates>13.227410673038198,51.49858317078489,0.0</coordinates>
                </Point>
                <Point id="40982">
                    <coordinates>13.2253526082133,51.4990831533009,0.0</coordinates>
                </Point>
                <Point id="40984">
                    <coordinates>13.2287740955058,51.4979231625899,0.0</coordinates>
                </Point>
                <Point id="40986">
                    <coordinates>13.229426648832499,51.49791391944599,0.0</coordinates>
                </Point>
                <Point id="40988">
                    <coordinates>13.2290975899421,51.49760381786379,0.0</coordinates>
                </Point>
                <Point id="40990">
                    <coordinates>13.2287858798686,51.4974938001445,0.0</coordinates>
                </Point>
                <Point id="40992">
                    <coordinates>13.2288757194699,51.4975132708027,0.0</coordinates>
                </Point>
                <Point id="40994">
                    <coordinates>13.228035681793399,51.497473832319294,0.0</coordinates>
                </Point>
                <Point id="40996">
                    <coordinates>13.228642971471698,51.497475450853585,0.0</coordinates>
                </Point>
                <Point id="40998">
                    <coordinates>13.228404682064799,51.4974228891832,0.0</coordinates>
                </Point>
                <Point id="41000">
                    <coordinates>13.227845597374198,51.49719421928949,0.0</coordinates>
                </Point>
                <Point id="41002">
                    <coordinates>13.2276174942987,51.49744259810758,0.0</coordinates>
                </Point>
                <Point id="41004">
                    <coordinates>13.2273995036087,51.4974475571036,0.0</coordinates>
                </Point>
                <Point id="41006">
                    <coordinates>13.2272339320299,51.497041801617804,0.0</coordinates>
                </Point>
                <Point id="41008">
                    <coordinates>13.227043102917898,51.497339972043896,0.0</coordinates>
                </Point>
                <Point id="41010">
                    <coordinates>13.2320453121812,51.497912257221586,0.0</coordinates>
                </Point>
                <Point id="41012">
                    <coordinates>13.2317552732533,51.49789284868179,0.0</coordinates>
                </Point>
                <Point id="41014">
                    <coordinates>13.231533296924297,51.49792555496439,0.0</coordinates>
                </Point>
                <Point id="41016">
                    <coordinates>13.231318544235199,51.4979209826479,0.0</coordinates>
                </Point>
                <Point id="41018">
                    <coordinates>13.231083143534597,51.4978696307134,0.0</coordinates>
                </Point>
                <Point id="41020">
                    <coordinates>13.230731134387,51.49780096726081,0.0</coordinates>
                </Point>
                <Point id="41022">
                    <coordinates>13.2298931952954,51.49771003995081,0.0</coordinates>
                </Point>
                <Point id="41024">
                    <coordinates>13.2303780422138,51.497329106999,0.0</coordinates>
                </Point>
                <Point id="41026">
                    <coordinates>13.227232052691399,51.49670858307739,0.0</coordinates>
                </Point>
                <Point id="41028">
                    <coordinates>13.2282515995542,51.497006639509095,0.0</coordinates>
                </Point>
                <Point id="41030">
                    <coordinates>13.228097339288102,51.4966236257042,0.0</coordinates>
                </Point>
                <Point id="41032">
                    <coordinates>13.228914190866098,51.4962204610101,0.0</coordinates>
                </Point>
                <Point id="41034">
                    <coordinates>13.228573748625402,51.4959715502404,0.0</coordinates>
                </Point>
                <Point id="41036">
                    <coordinates>13.228290581159897,51.49600601921179,0.0</coordinates>
                </Point>
                <Point id="41038">
                    <coordinates>13.228169992128198,51.49618741665519,0.0</coordinates>
                </Point>
                <Point id="41040">
                    <coordinates>13.2286732405175,51.4957845691275,0.0</coordinates>
                </Point>
                <Point id="41042">
                    <coordinates>13.228317012233099,51.49579698110549,0.0</coordinates>
                </Point>
                <Point id="41044">
                    <coordinates>13.2286204080499,51.4954186089373,0.0</coordinates>
                </Point>
                <Point id="41046">
                    <coordinates>13.2283046662053,51.4954199223692,0.0</coordinates>
                </Point>
                <Point id="41048">
                    <coordinates>13.2288519706336,51.4956205895596,0.0</coordinates>
                </Point>
                <Point id="41050">
                    <coordinates>13.2291068171466,51.49485976039419,0.0</coordinates>
                </Point>
                <Point id="41052">
                    <coordinates>13.2284271159073,51.49496928394289,0.0</coordinates>
                </Point>
                <Point id="41054">
                    <coordinates>13.2287882159786,51.49449760670078,0.0</coordinates>
                </Point>
                <Point id="41056">
                    <coordinates>13.2284121086683,51.494398189825,0.0</coordinates>
                </Point>
                <Point id="41058">
                    <coordinates>13.2283844189152,51.4940884998621,0.0</coordinates>
                </Point>
                <Point id="41060">
                    <coordinates>13.228808959183699,51.4934787316608,0.0</coordinates>
                </Point>
                <Point id="41062">
                    <coordinates>13.228816314175402,51.4932773381859,0.0</coordinates>
                </Point>
                <Point id="41064">
                    <coordinates>13.228924958272998,51.493102245461195,0.0</coordinates>
                </Point>
                <Point id="41066">
                    <coordinates>13.2291213865691,51.49277698893071,0.0</coordinates>
                </Point>
                <Point id="41068">
                    <coordinates>13.229168702028298,51.492627434228794,0.0</coordinates>
                </Point>
                <Point id="41070">
                    <coordinates>13.2292105937891,51.49245301662849,0.0</coordinates>
                </Point>
                <Point id="41072">
                    <coordinates>13.228811327210801,51.4924394451514,0.0</coordinates>
                </Point>
                <Point id="41074">
                    <coordinates>13.2289076034072,51.49200556119659,0.0</coordinates>
                </Point>
                <Point id="41076">
                    <coordinates>13.2293391468114,51.49216548834471,0.0</coordinates>
                </Point>
                <Point id="41078">
                    <coordinates>13.229400703057301,51.4918207833989,0.0</coordinates>
                </Point>
                <Point id="41080">
                    <coordinates>13.2293767811282,51.4915899792211,0.0</coordinates>
                </Point>
                <Point id="41082">
                    <coordinates>13.229350046469499,51.49139509299619,0.0</coordinates>
                </Point>
                <Point id="41084">
                    <coordinates>13.228727057436098,51.4917642285948,0.0</coordinates>
                </Point>
                <Point id="41086">
                    <coordinates>13.229011878565801,51.4913506197746,0.0</coordinates>
                </Point>
                <Point id="41088">
                    <coordinates>13.229061912969401,51.4911069410009,0.0</coordinates>
                </Point>
                <Point id="41090">
                    <coordinates>13.2290881764971,51.49069636701281,0.0</coordinates>
                </Point>
                <Point id="41092">
                    <coordinates>13.2294144960775,51.4905664989392,0.0</coordinates>
                </Point>
                <Point id="41094">
                    <coordinates>13.2294921080845,51.4901959852671,0.0</coordinates>
                </Point>
                <Point id="41096">
                    <coordinates>13.229497622752,51.4901558743541,0.0</coordinates>
                </Point>
                <Point id="41098">
                    <coordinates>13.228953344581898,51.490318640991596,0.0</coordinates>
                </Point>
                <Point id="41100">
                    <coordinates>13.2288258992165,51.48982689775049,0.0</coordinates>
                </Point>
                <Point id="41102">
                    <coordinates>13.228929995912598,51.48944028433429,0.0</coordinates>
                </Point>
                <Point id="41104">
                    <coordinates>13.228540893332099,51.48916827833139,0.0</coordinates>
                </Point>
                <Point id="41106">
                    <coordinates>13.229284754223,51.48934830493749,0.0</coordinates>
                </Point>
                <Point id="41108">
                    <coordinates>13.228260637464798,51.48889575264299,0.0</coordinates>
                </Point>
                <Point id="41110">
                    <coordinates>13.2283329867369,51.488575824332194,0.0</coordinates>
                </Point>
                <Point id="41112">
                    <coordinates>13.227144638264301,51.48770579847551,0.0</coordinates>
                </Point>
                <Point id="41114">
                    <coordinates>13.227941846007399,51.48732371765409,0.0</coordinates>
                </Point>
                <Point id="41116">
                    <coordinates>13.228250523255502,51.488206381142604,0.0</coordinates>
                </Point>
                <Point id="41118">
                    <coordinates>13.2281674953384,51.48800888327919,0.0</coordinates>
                </Point>
                <Point id="41120">
                    <coordinates>13.2285071689538,51.48761117013189,0.0</coordinates>
                </Point>
                <Point id="41122">
                    <coordinates>13.2276996764901,51.486956460868186,0.0</coordinates>
                </Point>
                <Point id="41124">
                    <coordinates>13.229180367301996,51.485532353625196,0.0</coordinates>
                </Point>
                <Point id="41126">
                    <coordinates>13.228379003554101,51.485326791041004,0.0</coordinates>
                </Point>
                <Point id="41128">
                    <coordinates>13.224863552251602,51.484771215129506,0.0</coordinates>
                </Point>
                <Point id="41130">
                    <coordinates>13.226137750604499,51.48494651949479,0.0</coordinates>
                </Point>
                <Point id="41132">
                    <coordinates>13.227396207370601,51.4808044368256,0.0</coordinates>
                </Point>
                <Point id="41134">
                    <coordinates>13.2247903495191,51.47829201134459,0.0</coordinates>
                </Point>
                <Point id="41136">
                    <coordinates>13.228542715761602,51.50578140637809,0.0</coordinates>
                </Point>
                <Point id="41138">
                    <coordinates>13.22768192451985,51.485710018771655,0.0</coordinates>
                </Point>
                <Point id="41140">
                    <coordinates>13.225505497558231,51.49893357202172,0.0</coordinates>
                </Point>
                <Point id="41142">
                    <coordinates>13.22780340035105,51.50210762367525,0.0</coordinates>
                </Point>
                <Point id="41144">
                    <coordinates>13.227935655848198,51.50507747927829,0.0</coordinates>
                </Point>
                <Point id="41146">
                    <coordinates>13.227645033037199,51.500525611576705,0.0</coordinates>
                </Point>
                <Point id="41148">
                    <coordinates>13.335108681168965,51.490022864257554,0.0</coordinates>
                </Point>
                <Point id="41150">
                    <coordinates>13.33616235679108,51.490190783760326,0.0</coordinates>
                </Point>
                <Point id="41152">
                    <coordinates>13.333700460508837,51.49355705073059,0.0</coordinates>
                </Point>
                <Point id="41154">
                    <coordinates>13.334000884497298,51.49307805726927,0.0</coordinates>
                </Point>
                <Point id="41156">
                    <coordinates>13.333721204116861,51.49195472154144,0.0</coordinates>
                </Point>
                <Point id="41158">
                    <coordinates>13.3347585049012,51.490584681225215,0.0</coordinates>
                </Point>
                <Point id="41160">
                    <coordinates>13.335299048080465,51.48717259113356,0.0</coordinates>
                </Point>
                <Point id="41162">
                    <coordinates>13.33475149621906,51.48702191460739,0.0</coordinates>
                </Point>
                <Point id="41164">
                    <coordinates>13.336765505098178,51.488045020415356,0.0</coordinates>
                </Point>
                <Point id="41166">
                    <coordinates>13.337838794681398,51.4906639820701,0.0</coordinates>
                </Point>
                <Point id="41168">
                    <coordinates>13.3385549697534,51.490382508607084,0.0</coordinates>
                </Point>
                <Point id="41170">
                    <coordinates>13.338522607712898,51.49011570857639,0.0</coordinates>
                </Point>
                <Point id="41172">
                    <coordinates>13.3382925248638,51.49022665124878,0.0</coordinates>
                </Point>
                <Point id="41174">
                    <coordinates>13.337842656497399,51.490306836932,0.0</coordinates>
                </Point>
                <Point id="41176">
                    <coordinates>13.3355053346624,51.49110201245751,0.0</coordinates>
                </Point>
                <Point id="41178">
                    <coordinates>13.335763489874502,51.4907152213169,0.0</coordinates>
                </Point>
                <Point id="41180">
                    <coordinates>13.335977415283699,51.490419289366386,0.0</coordinates>
                </Point>
                <Point id="41182">
                    <coordinates>13.335472446803898,51.4905237557018,0.0</coordinates>
                </Point>
                <Point id="41184">
                    <coordinates>13.336043284075801,51.4903306818897,0.0</coordinates>
                </Point>
                <Point id="41186">
                    <coordinates>13.336265892564997,51.490172594538095,0.0</coordinates>
                </Point>
                <Point id="41188">
                    <coordinates>13.339477928763499,51.490618568134686,0.0</coordinates>
                </Point>
                <Point id="41190">
                    <coordinates>13.3393928086532,51.49038600503291,0.0</coordinates>
                </Point>
                <Point id="41192">
                    <coordinates>13.3391949327566,51.49063196010609,0.0</coordinates>
                </Point>
                <Point id="41194">
                    <coordinates>13.339015980655198,51.4905212381767,0.0</coordinates>
                </Point>
                <Point id="41196">
                    <coordinates>13.339191161873002,51.49038470791799,0.0</coordinates>
                </Point>
                <Point id="41198">
                    <coordinates>13.3387869816962,51.4902477109622,0.0</coordinates>
                </Point>
                <Point id="41200">
                    <coordinates>13.3394497975977,51.4901402376988,0.0</coordinates>
                </Point>
                <Point id="41202">
                    <coordinates>13.3395926325942,51.48994654641579,0.0</coordinates>
                </Point>
                <Point id="41204">
                    <coordinates>13.3353657627791,51.4896693173534,0.0</coordinates>
                </Point>
                <Point id="41206">
                    <coordinates>13.3354569944704,51.489561228158,0.0</coordinates>
                </Point>
                <Point id="41208">
                    <coordinates>13.336462730338999,51.48997719941319,0.0</coordinates>
                </Point>
                <Point id="41210">
                    <coordinates>13.336408949735798,51.4898424085504,0.0</coordinates>
                </Point>
                <Point id="41212">
                    <coordinates>13.3363457419821,51.4896585010348,0.0</coordinates>
                </Point>
                <Point id="41214">
                    <coordinates>13.3355453432282,51.48940952486829,0.0</coordinates>
                </Point>
                <Point id="41216">
                    <coordinates>13.3365761243092,51.489139402321,0.0</coordinates>
                </Point>
                <Point id="41218">
                    <coordinates>13.336556076017702,51.4891318682051,0.0</coordinates>
                </Point>
                <Point id="41220">
                    <coordinates>13.336336030389896,51.488969127442296,0.0</coordinates>
                </Point>
                <Point id="41222">
                    <coordinates>13.335737806616601,51.4890484558251,0.0</coordinates>
                </Point>
                <Point id="41224">
                    <coordinates>13.3355867768352,51.4888749807603,0.0</coordinates>
                </Point>
                <Point id="41226">
                    <coordinates>13.3366697190785,51.4896960063442,0.0</coordinates>
                </Point>
                <Point id="41228">
                    <coordinates>13.3377989670306,51.490061639353385,0.0</coordinates>
                </Point>
                <Point id="41230">
                    <coordinates>13.338231987406699,51.4899760569032,0.0</coordinates>
                </Point>
                <Point id="41232">
                    <coordinates>13.337991789381098,51.48983825795229,0.0</coordinates>
                </Point>
                <Point id="41234">
                    <coordinates>13.337649698985,51.4897174983613,0.0</coordinates>
                </Point>
                <Point id="41236">
                    <coordinates>13.3366856488858,51.4894635865833,0.0</coordinates>
                </Point>
                <Point id="41238">
                    <coordinates>13.336857048505399,51.489307964237085,0.0</coordinates>
                </Point>
                <Point id="41240">
                    <coordinates>13.3372804513816,51.4895280775533,0.0</coordinates>
                </Point>
                <Point id="41242">
                    <coordinates>13.336533833562703,51.4884385129569,0.0</coordinates>
                </Point>
                <Point id="41244">
                    <coordinates>13.337038661199898,51.4880643916623,0.0</coordinates>
                </Point>
                <Point id="41246">
                    <coordinates>13.3373767482704,51.487900500154495,0.0</coordinates>
                </Point>
                <Point id="41248">
                    <coordinates>13.337426465014,51.4876569843353,0.0</coordinates>
                </Point>
                <Point id="41250">
                    <coordinates>13.3368807018893,51.487927748676704,0.0</coordinates>
                </Point>
                <Point id="41252">
                    <coordinates>13.3360581396217,51.488799254818396,0.0</coordinates>
                </Point>
                <Point id="41254">
                    <coordinates>13.336504620720198,51.488322527361284,0.0</coordinates>
                </Point>
                <Point id="41256">
                    <coordinates>13.336105743372897,51.4876494411831,0.0</coordinates>
                </Point>
                <Point id="41258">
                    <coordinates>13.3352911616485,51.488184206225796,0.0</coordinates>
                </Point>
                <Point id="41260">
                    <coordinates>13.3353635915421,51.487437697769806,0.0</coordinates>
                </Point>
                <Point id="41262">
                    <coordinates>13.334915784132296,51.4874461713741,0.0</coordinates>
                </Point>
                <Point id="41264">
                    <coordinates>13.3358152030182,51.4873225132059,0.0</coordinates>
                </Point>
                <Point id="41266">
                    <coordinates>13.3372046241257,51.4875774716579,0.0</coordinates>
                </Point>
                <Point id="41268">
                    <coordinates>13.3377904841074,51.4876250384053,0.0</coordinates>
                </Point>
                <Point id="41270">
                    <coordinates>13.337488641301897,51.4873754740437,0.0</coordinates>
                </Point>
                <Point id="41272">
                    <coordinates>13.3375509179741,51.48728290328959,0.0</coordinates>
                </Point>
                <Point id="41274">
                    <coordinates>13.291695152044898,51.46752558682908,0.0</coordinates>
                </Point>
                <Point id="41276">
                    <coordinates>13.292149656042698,51.467290271223895,0.0</coordinates>
                </Point>
                <Point id="41278">
                    <coordinates>13.291091372532,51.46742613560669,0.0</coordinates>
                </Point>
                <Point id="41280">
                    <coordinates>13.291512936310697,51.4671761367255,0.0</coordinates>
                </Point>
                <Point id="41282">
                    <coordinates>13.291028490154,51.467166274549896,0.0</coordinates>
                </Point>
                <Point id="41284">
                    <coordinates>13.290024201893898,51.4672565341393,0.0</coordinates>
                </Point>
                <Point id="41286">
                    <coordinates>13.289825103778398,51.46724582309289,0.0</coordinates>
                </Point>
                <Point id="41288">
                    <coordinates>13.264353335705199,51.4753726847847,0.0</coordinates>
                </Point>
                <Point id="41290">
                    <coordinates>13.264535526892201,51.4750591041281,0.0</coordinates>
                </Point>
                <Point id="41292">
                    <coordinates>13.263978534877799,51.47514364508349,0.0</coordinates>
                </Point>
                <Point id="41294">
                    <coordinates>13.2628353670456,51.475332846828,0.0</coordinates>
                </Point>
                <Point id="41296">
                    <coordinates>13.2694285172097,51.475469571868395,0.0</coordinates>
                </Point>
                <Point id="41298">
                    <coordinates>13.2694813814706,51.47510767549309,0.0</coordinates>
                </Point>
                <Point id="41300">
                    <coordinates>13.2696258783557,51.474741490510596,0.0</coordinates>
                </Point>
                <Point id="41302">
                    <coordinates>13.2699170840672,51.4744115554946,0.0</coordinates>
                </Point>
                <Point id="41304">
                    <coordinates>13.269852232934198,51.473944064305485,0.0</coordinates>
                </Point>
                <Point id="41306">
                    <coordinates>13.2689306832613,51.474168930348085,0.0</coordinates>
                </Point>
                <Point id="41308">
                    <coordinates>13.269040085571199,51.47431127837108,0.0</coordinates>
                </Point>
                <Point id="41310">
                    <coordinates>13.268094076896798,51.473379619556894,0.0</coordinates>
                </Point>
                <Point id="41312">
                    <coordinates>13.2678952794152,51.473121584712686,0.0</coordinates>
                </Point>
                <Point id="41314">
                    <coordinates>13.269433040753798,51.473449007062584,0.0</coordinates>
                </Point>
                <Point id="41316">
                    <coordinates>13.268899415033598,51.47327173311529,0.0</coordinates>
                </Point>
                <Point id="41318">
                    <coordinates>13.2694978610209,51.4731313281224,0.0</coordinates>
                </Point>
                <Point id="41320">
                    <coordinates>13.2693778041531,51.4729347212054,0.0</coordinates>
                </Point>
                <Point id="41322">
                    <coordinates>13.2694039010476,51.47272698502209,0.0</coordinates>
                </Point>
                <Point id="41324">
                    <coordinates>13.2687123749048,51.472471245957884,0.0</coordinates>
                </Point>
                <Point id="41326">
                    <coordinates>13.2692425370345,51.472441441417104,0.0</coordinates>
                </Point>
                <Point id="41328">
                    <coordinates>13.269148116335101,51.4721230654954,0.0</coordinates>
                </Point>
                <Point id="41330">
                    <coordinates>13.2691495091304,51.47205523449579,0.0</coordinates>
                </Point>
                <Point id="41332">
                    <coordinates>13.268615717046098,51.471942856972994,0.0</coordinates>
                </Point>
                <Point id="41334">
                    <coordinates>13.2685271678754,51.47184994195919,0.0</coordinates>
                </Point>
                <Point id="41336">
                    <coordinates>13.268595746590998,51.471734887433506,0.0</coordinates>
                </Point>
                <Point id="41338">
                    <coordinates>13.269289957428498,51.471597096960295,0.0</coordinates>
                </Point>
                <Point id="41340">
                    <coordinates>13.2689922628531,51.471552931485,0.0</coordinates>
                </Point>
                <Point id="41342">
                    <coordinates>13.2689089625289,51.4714208103255,0.0</coordinates>
                </Point>
                <Point id="41344">
                    <coordinates>13.268506831904999,51.4714597245856,0.0</coordinates>
                </Point>
                <Point id="41346">
                    <coordinates>13.2683232335715,51.471052482880104,0.0</coordinates>
                </Point>
                <Point id="41348">
                    <coordinates>13.2684497732522,51.4705837383607,0.0</coordinates>
                </Point>
                <Point id="41350">
                    <coordinates>13.2995312301097,51.470397663184905,0.0</coordinates>
                </Point>
                <Point id="41352">
                    <coordinates>13.300136904911097,51.470514274095095,0.0</coordinates>
                </Point>
                <Point id="41354">
                    <coordinates>13.3002046826876,51.47054834254231,0.0</coordinates>
                </Point>
                <Point id="41356">
                    <coordinates>13.299070190169502,51.470144927481506,0.0</coordinates>
                </Point>
                <Point id="41358">
                    <coordinates>13.2984737303527,51.4699332461928,0.0</coordinates>
                </Point>
                <Point id="41360">
                    <coordinates>13.2968842040012,51.470113133410294,0.0</coordinates>
                </Point>
                <Point id="41362">
                    <coordinates>13.2968600665816,51.469967355808905,0.0</coordinates>
                </Point>
                <Point id="41364">
                    <coordinates>13.2975625783696,51.46983558584001,0.0</coordinates>
                </Point>
                <Point id="41366">
                    <coordinates>13.2968837600604,51.46991766970658,0.0</coordinates>
                </Point>
                <Point id="41368">
                    <coordinates>13.2969895467949,51.469654939991905,0.0</coordinates>
                </Point>
                <Point id="41370">
                    <coordinates>13.297226564301502,51.4692816693138,0.0</coordinates>
                </Point>
                <Point id="41372">
                    <coordinates>13.297071753803499,51.469309317870504,0.0</coordinates>
                </Point>
                <Point id="41374">
                    <coordinates>13.2967403088286,51.46913139659131,0.0</coordinates>
                </Point>
                <Point id="41376">
                    <coordinates>13.298134523467597,51.46959092050119,0.0</coordinates>
                </Point>
                <Point id="41378">
                    <coordinates>13.2979290135205,51.46956383624708,0.0</coordinates>
                </Point>
                <Point id="41380">
                    <coordinates>13.2978860020245,51.46915599989259,0.0</coordinates>
                </Point>
                <Point id="41382">
                    <coordinates>13.2980226027377,51.468958126732296,0.0</coordinates>
                </Point>
                <Point id="41384">
                    <coordinates>13.2971329098298,51.4690730081883,0.0</coordinates>
                </Point>
                <Point id="41386">
                    <coordinates>13.297538012141702,51.46874624213811,0.0</coordinates>
                </Point>
                <Point id="41388">
                    <coordinates>13.297714958067502,51.468561600390494,0.0</coordinates>
                </Point>
                <Point id="41390">
                    <coordinates>13.2976101414861,51.46817590460609,0.0</coordinates>
                </Point>
                <Point id="41392">
                    <coordinates>13.297876941376902,51.468060635347406,0.0</coordinates>
                </Point>
                <Point id="41394">
                    <coordinates>13.2979387322358,51.4679523915288,0.0</coordinates>
                </Point>
                <Point id="41396">
                    <coordinates>13.298102799072797,51.4675853329257,0.0</coordinates>
                </Point>
                <Point id="41398">
                    <coordinates>13.298169972566097,51.4674591043277,0.0</coordinates>
                </Point>
                <Point id="41400">
                    <coordinates>13.2982012893853,51.4673021064976,0.0</coordinates>
                </Point>
                <Point id="41402">
                    <coordinates>13.293037449305299,51.4699207749261,0.0</coordinates>
                </Point>
                <Point id="41404">
                    <coordinates>13.293265365207898,51.469636453738794,0.0</coordinates>
                </Point>
                <Point id="41406">
                    <coordinates>13.293365746471398,51.46961247345661,0.0</coordinates>
                </Point>
                <Point id="41408">
                    <coordinates>13.2950996784371,51.4694846919534,0.0</coordinates>
                </Point>
                <Point id="41410">
                    <coordinates>13.294887814726803,51.4694788464866,0.0</coordinates>
                </Point>
                <Point id="41412">
                    <coordinates>13.2947189119023,51.469409551385795,0.0</coordinates>
                </Point>
                <Point id="41414">
                    <coordinates>13.256899176280896,51.4596733414398,0.0</coordinates>
                </Point>
                <Point id="41416">
                    <coordinates>13.294691713164765,51.46854209182571,0.0</coordinates>
                </Point>
                <Point id="41418">
                    <coordinates>13.268930643749187,51.4723546159615,0.0</coordinates>
                </Point>
                <Point id="41420">
                    <coordinates>13.269159842422928,51.4718783934032,0.0</coordinates>
                </Point>
                <Point id="41422">
                    <coordinates>13.267745243594131,51.47662660535879,0.0</coordinates>
                </Point>
                <Point id="41424">
                    <coordinates>13.268883504399236,51.47708895404617,0.0</coordinates>
                </Point>
                <Point id="41426">
                    <coordinates>13.268509960299212,51.473710566077294,0.0</coordinates>
                </Point>
                <Point id="41428">
                    <coordinates>13.268907592194527,51.47395698948799,0.0</coordinates>
                </Point>
                <Point id="41430">
                    <coordinates>13.268281171874579,51.47357495072682,0.0</coordinates>
                </Point>
                <Point id="41432">
                    <coordinates>13.268478109980926,51.47213718695053,0.0</coordinates>
                </Point>
                <Point id="41434">
                    <coordinates>13.289031313531405,51.46793987339679,0.0</coordinates>
                </Point>
                <Point id="41436">
                    <coordinates>13.29245988500825,51.46778719730282,0.0</coordinates>
                </Point>
                <Point id="41438">
                    <coordinates>13.293647969786976,51.4683194576735,0.0</coordinates>
                </Point>
                <Point id="41440">
                    <coordinates>13.29682057557568,51.46942668883166,0.0</coordinates>
                </Point>
                <Point id="41442">
                    <coordinates>13.297124550573006,51.470054348844606,0.0</coordinates>
                </Point>
                <Point id="41444">
                    <coordinates>13.297854198141561,51.470153524232686,0.0</coordinates>
                </Point>
                <Point id="41446">
                    <coordinates>13.30055577405601,51.47008128869363,0.0</coordinates>
                </Point>
                <Point id="41448">
                    <coordinates>13.296592560030597,51.46945305382537,0.0</coordinates>
                </Point>
                <Point id="41450">
                    <coordinates>13.295418428745641,51.46432261339779,0.0</coordinates>
                </Point>
                <Point id="41452">
                    <coordinates>13.255648884889252,51.46046688653633,0.0</coordinates>
                </Point>
                <Point id="41454">
                    <coordinates>13.25883098587806,51.45705811167941,0.0</coordinates>
                </Point>
                <Point id="41456">
                    <coordinates>13.334987708632882,51.48874969317273,0.0</coordinates>
                </Point>
                <Point id="41458">
                    <coordinates>13.334316111286642,51.48881055124358,0.0</coordinates>
                </Point>
                <Point id="41460">
                    <coordinates>13.334765228013438,51.48838003489637,0.0</coordinates>
                </Point>
                <Point id="41462">
                    <coordinates>13.33492843764322,51.488580934730194,0.0</coordinates>
                </Point>
                <Point id="41464">
                    <coordinates>13.335041998020637,51.48795589909416,0.0</coordinates>
                </Point>
                <Point id="41466">
                    <coordinates>13.336781697267018,51.48821537394018,0.0</coordinates>
                </Point>
                <Point id="41468">
                    <coordinates>13.338868627085704,51.4865184824186,0.0</coordinates>
                </Point>
                <Point id="41470">
                    <coordinates>13.334347798970356,51.49263333181473,0.0</coordinates>
                </Point>
                <Point id="41472">
                    <coordinates>13.33466306573026,51.49170390997391,0.0</coordinates>
                </Point>
                <Point id="41474">
                    <coordinates>13.33570837051065,51.49087341688867,0.0</coordinates>
                </Point>
                <Point id="41476">
                    <coordinates>13.334052082109,51.49384055772009,0.0</coordinates>
                </Point>
                <Point id="41478">
                    <coordinates>13.3341097424949,51.4929189456031,0.0</coordinates>
                </Point>
                <Point id="41480">
                    <coordinates>13.334241727824198,51.492822364548296,0.0</coordinates>
                </Point>
                <Point id="41482">
                    <coordinates>13.334338168839002,51.492592575820304,0.0</coordinates>
                </Point>
                <Point id="41484">
                    <coordinates>13.3345630291983,51.4923178657965,0.0</coordinates>
                </Point>
                <Point id="41486">
                    <coordinates>13.3347371255828,51.49212703808289,0.0</coordinates>
                </Point>
                <Point id="41488">
                    <coordinates>13.334883819141002,51.4919465251226,0.0</coordinates>
                </Point>
                <Point id="41490">
                    <coordinates>13.3349358876975,51.49187213576939,0.0</coordinates>
                </Point>
                <Point id="41492">
                    <coordinates>13.334409704281901,51.49178511238039,0.0</coordinates>
                </Point>
                <Point id="41494">
                    <coordinates>13.3326501253264,51.493802549261794,0.0</coordinates>
                </Point>
                <Point id="41496">
                    <coordinates>13.332304039652799,51.49369644941499,0.0</coordinates>
                </Point>
                <Point id="41498">
                    <coordinates>13.3320519044186,51.493737333882706,0.0</coordinates>
                </Point>
                <Point id="41500">
                    <coordinates>13.3330628168649,51.494017590543095,0.0</coordinates>
                </Point>
                <Point id="41502">
                    <coordinates>13.333598192381402,51.4937564482745,0.0</coordinates>
                </Point>
                <Point id="41504">
                    <coordinates>13.333059927772998,51.4936931819347,0.0</coordinates>
                </Point>
                <Point id="41506">
                    <coordinates>13.3330519279672,51.4935961889787,0.0</coordinates>
                </Point>
                <Point id="41508">
                    <coordinates>13.3329370713304,51.4933434315699,0.0</coordinates>
                </Point>
                <Point id="41510">
                    <coordinates>13.333242003546,51.4932726418741,0.0</coordinates>
                </Point>
                <Point id="41512">
                    <coordinates>13.333558080686498,51.4931396825962,0.0</coordinates>
                </Point>
                <Point id="41514">
                    <coordinates>13.332815942490196,51.49324672002489,0.0</coordinates>
                </Point>
                <Point id="41516">
                    <coordinates>13.332894276213798,51.49320191400069,0.0</coordinates>
                </Point>
                <Point id="41518">
                    <coordinates>13.333122027269898,51.4929206771655,0.0</coordinates>
                </Point>
                <Point id="41520">
                    <coordinates>13.333228461032299,51.492734268918895,0.0</coordinates>
                </Point>
                <Point id="41522">
                    <coordinates>13.3332678965119,51.492617693011894,0.0</coordinates>
                </Point>
                <Point id="41524">
                    <coordinates>13.333412439515202,51.4923856426614,0.0</coordinates>
                </Point>
                <Point id="41526">
                    <coordinates>13.3338814804309,51.4927098646889,0.0</coordinates>
                </Point>
                <Point id="41528">
                    <coordinates>13.333824224257699,51.49185376954728,0.0</coordinates>
                </Point>
                <Point id="41530">
                    <coordinates>13.333516287389601,51.4922481710983,0.0</coordinates>
                </Point>
                <Point id="41532">
                    <coordinates>13.333644211247902,51.4921029677233,0.0</coordinates>
                </Point>
                <Point id="41534">
                    <coordinates>13.333943668508597,51.491626636242394,0.0</coordinates>
                </Point>
                <Point id="41536">
                    <coordinates>13.3340196363553,51.4915374851742,0.0</coordinates>
                </Point>
                <Point id="41538">
                    <coordinates>13.3342780934216,51.4912199466692,0.0</coordinates>
                </Point>
                <Point id="41540">
                    <coordinates>13.3345006584068,51.4908830065258,0.0</coordinates>
                </Point>
                <Point id="41542">
                    <coordinates>13.3345888810175,51.4907787234278,0.0</coordinates>
                </Point>
                <Point id="41544">
                    <coordinates>13.334670537146001,51.4906318347493,0.0</coordinates>
                </Point>
                <Point id="41546">
                    <coordinates>13.334877325391101,51.4903521926668,0.0</coordinates>
                </Point>
                <Point id="41548">
                    <coordinates>13.3349385624038,51.49029452351999,0.0</coordinates>
                </Point>
                <Point id="41550">
                    <coordinates>13.3350481444338,51.490100149139394,0.0</coordinates>
                </Point>
                <Point id="41552">
                    <coordinates>13.334928377797898,51.4888823314692,0.0</coordinates>
                </Point>
                <Point id="41554">
                    <coordinates>13.3340368283184,51.4886299529386,0.0</coordinates>
                </Point>
                <Point id="41556">
                    <coordinates>13.334570047637898,51.48861346782309,0.0</coordinates>
                </Point>
                <Point id="41558">
                    <coordinates>13.3349735051087,51.48839921057701,0.0</coordinates>
                </Point>
                <Point id="41560">
                    <coordinates>13.3345743534307,51.4882087707073,0.0</coordinates>
                </Point>
                <Point id="41562">
                    <coordinates>13.334139082003302,51.4879384350524,0.0</coordinates>
                </Point>
                <Point id="41564">
                    <coordinates>13.335126903984,51.48770734970589,0.0</coordinates>
                </Point>
                <Point id="41566">
                    <coordinates>13.335420008667098,51.49131748690089,0.0</coordinates>
                </Point>
                <Point id="41568">
                    <coordinates>13.335154910750099,51.49160429205931,0.0</coordinates>
                </Point>
                <Point id="41570">
                    <coordinates>13.337846545511699,51.49094965787459,0.0</coordinates>
                </Point>
                <Point id="41572">
                    <coordinates>13.337846391849299,51.49080519541089,0.0</coordinates>
                </Point>
                <Point id="41574">
                    <coordinates>13.2702534859922,51.477134829334794,0.0</coordinates>
                </Point>
                <Point id="41576">
                    <coordinates>13.272017337482701,51.47675303448659,0.0</coordinates>
                </Point>
                <Point id="41578">
                    <coordinates>13.272043446009098,51.4767554504165,0.0</coordinates>
                </Point>
                <Point id="41580">
                    <coordinates>13.272117678178999,51.476611028249394,0.0</coordinates>
                </Point>
                <Point id="41582">
                    <coordinates>13.272006915301,51.476599255613095,0.0</coordinates>
                </Point>
                <Point id="41584">
                    <coordinates>13.268343095878897,51.4771247277966,0.0</coordinates>
                </Point>
                <Point id="41586">
                    <coordinates>13.2688086918659,51.4767983811114,0.0</coordinates>
                </Point>
                <Point id="41588">
                    <coordinates>13.2686823349209,51.47656386105359,0.0</coordinates>
                </Point>
                <Point id="41590">
                    <coordinates>13.269404914486302,51.47661040360919,0.0</coordinates>
                </Point>
                <Point id="41592">
                    <coordinates>13.269130214783198,51.4764726294907,0.0</coordinates>
                </Point>
                <Point id="41594">
                    <coordinates>13.269683597466498,51.476579761684796,0.0</coordinates>
                </Point>
                <Point id="41596">
                    <coordinates>13.2677810399148,51.4766252695429,0.0</coordinates>
                </Point>
                <Point id="41598">
                    <coordinates>13.2635408025322,51.47551378516311,0.0</coordinates>
                </Point>
                <Point id="41600">
                    <coordinates>13.263256261997,51.4757203985408,0.0</coordinates>
                </Point>
                <Point id="41602">
                    <coordinates>13.2918718221917,51.4695530427119,0.0</coordinates>
                </Point>
                <Point id="41604">
                    <coordinates>13.291588264937,51.4695377834242,0.0</coordinates>
                </Point>
                <Point id="41606">
                    <coordinates>13.291437613135402,51.46747722118081,0.0</coordinates>
                </Point>
                <Point id="41608">
                    <coordinates>13.291970029143299,51.467617300842996,0.0</coordinates>
                </Point>
                <Point id="41610">
                    <coordinates>13.298143696787198,51.46627435748938,0.0</coordinates>
                </Point>
                <Point id="41612">
                    <coordinates>13.298212649413403,51.4661074106496,0.0</coordinates>
                </Point>
                <Point id="41614">
                    <coordinates>13.2982794789923,51.4659309066138,0.0</coordinates>
                </Point>
                <Point id="41616">
                    <coordinates>13.2987477399208,51.4658416404211,0.0</coordinates>
                </Point>
                <Point id="41618">
                    <coordinates>13.298947814877298,51.465380367312285,0.0</coordinates>
                </Point>
                <Point id="41620">
                    <coordinates>13.297766770291298,51.464671804110296,0.0</coordinates>
                </Point>
                <Point id="41622">
                    <coordinates>13.297914779527503,51.464698612408995,0.0</coordinates>
                </Point>
                <Point id="41624">
                    <coordinates>13.297586866949798,51.464614077934,0.0</coordinates>
                </Point>
                <Point id="41626">
                    <coordinates>13.298517377164698,51.464610262364594,0.0</coordinates>
                </Point>
                <Point id="41628">
                    <coordinates>13.2981420340884,51.4647435427759,0.0</coordinates>
                </Point>
                <Point id="41630">
                    <coordinates>13.298319872462198,51.46478058161869,0.0</coordinates>
                </Point>
                <Point id="41632">
                    <coordinates>13.2976593451308,51.46445861813749,0.0</coordinates>
                </Point>
                <Point id="41634">
                    <coordinates>13.2880748878332,51.4670028599758,0.0</coordinates>
                </Point>
                <Point id="41636">
                    <coordinates>13.2885134520003,51.4670663378581,0.0</coordinates>
                </Point>
                <Point id="41638">
                    <coordinates>13.256757371987101,51.459829940410096,0.0</coordinates>
                </Point>
                <Point id="41640">
                    <coordinates>13.3364017788727,51.4886917186279,0.0</coordinates>
                </Point>
                <Point id="41642">
                    <coordinates>13.3368139802702,51.488464855832284,0.0</coordinates>
                </Point>
                <Point id="41644">
                    <coordinates>13.3387575273578,51.49047341002941,0.0</coordinates>
                </Point>
                <Point id="41646">
                    <coordinates>13.2974549010404,51.468296114306995,0.0</coordinates>
                </Point>
                <Point id="41648">
                    <coordinates>13.261635500704152,51.45531850821265,0.0</coordinates>
                </Point>
                <Point id="41650">
                    <coordinates>13.257011218235318,51.45916671336805,0.0</coordinates>
                </Point>
                <Point id="41652">
                    <coordinates>13.269609630261398,51.476319167924096,0.0</coordinates>
                </Point>
                <Point id="41654">
                    <coordinates>13.294673394396701,51.4691368624218,0.0</coordinates>
                </Point>
                <Point id="41656">
                    <coordinates>13.294444756089797,51.469225100607396,0.0</coordinates>
                </Point>
                <Point id="41658">
                    <coordinates>13.294796980199,51.468821642711895,0.0</coordinates>
                </Point>
                <Point id="41660">
                    <coordinates>13.295303996270896,51.46894990088248,0.0</coordinates>
                </Point>
                <Point id="41662">
                    <coordinates>13.2951458907432,51.46870325429731,0.0</coordinates>
                </Point>
                <Point id="41664">
                    <coordinates>13.294413223484,51.46865217439429,0.0</coordinates>
                </Point>
                <Point id="41666">
                    <coordinates>13.294617782965203,51.4684611160198,0.0</coordinates>
                </Point>
                <Point id="41668">
                    <coordinates>13.295677110008702,51.4694575479522,0.0</coordinates>
                </Point>
                <Point id="41670">
                    <coordinates>13.296089009266996,51.469402882225694,0.0</coordinates>
                </Point>
                <Point id="41672">
                    <coordinates>13.296277040802,51.46936319708829,0.0</coordinates>
                </Point>
                <Point id="41674">
                    <coordinates>13.296333049584899,51.46906489175159,0.0</coordinates>
                </Point>
                <Point id="41676">
                    <coordinates>13.2954560617748,51.468792650238505,0.0</coordinates>
                </Point>
                <Point id="41678">
                    <coordinates>13.2961027961252,51.4689962736451,0.0</coordinates>
                </Point>
                <Point id="41680">
                    <coordinates>13.2958519969815,51.468907235434,0.0</coordinates>
                </Point>
                <Point id="41682">
                    <coordinates>13.294053064650502,51.468203443190795,0.0</coordinates>
                </Point>
                <Point id="41684">
                    <coordinates>13.2939803415799,51.4673906664457,0.0</coordinates>
                </Point>
                <Point id="41686">
                    <coordinates>13.292306572163099,51.46951016850209,0.0</coordinates>
                </Point>
                <Point id="41688">
                    <coordinates>13.2926334053921,51.4689990885529,0.0</coordinates>
                </Point>
                <Point id="41690">
                    <coordinates>13.292547137788999,51.467585455852,0.0</coordinates>
                </Point>
                <Point id="41692">
                    <coordinates>13.292168118553699,51.4676999795831,0.0</coordinates>
                </Point>
                <Point id="41694">
                    <coordinates>13.297381840506299,51.464600800103895,0.0</coordinates>
                </Point>
                <Point id="41696">
                    <coordinates>13.2970894567616,51.464403453551995,0.0</coordinates>
                </Point>
                <Point id="41698">
                    <coordinates>13.2974274558909,51.464407758091696,0.0</coordinates>
                </Point>
                <Point id="41700">
                    <coordinates>13.295672756136698,51.46427001405399,0.0</coordinates>
                </Point>
                <Point id="41702">
                    <coordinates>13.2954163447405,51.46424851555418,0.0</coordinates>
                </Point>
                <Point id="41704">
                    <coordinates>13.296118915417898,51.464471329667006,0.0</coordinates>
                </Point>
                <Point id="41706">
                    <coordinates>13.296068121127302,51.464264825332705,0.0</coordinates>
                </Point>
                <Point id="41708">
                    <coordinates>13.2983019633226,51.46714814868369,0.0</coordinates>
                </Point>
                <Point id="41710">
                    <coordinates>13.2984042762813,51.466783088767095,0.0</coordinates>
                </Point>
                <Point id="41712">
                    <coordinates>13.2984324887436,51.46660200504579,0.0</coordinates>
                </Point>
                <Point id="41714">
                    <coordinates>13.2984784279803,51.4664806741098,0.0</coordinates>
                </Point>
                <Point id="41716">
                    <coordinates>13.2579123023403,51.4615477899722,0.0</coordinates>
                </Point>
                <Point id="41718">
                    <coordinates>13.2573808422898,51.4612201388511,0.0</coordinates>
                </Point>
                <Point id="41720">
                    <coordinates>13.256939885624199,51.46088421914379,0.0</coordinates>
                </Point>
                <Point id="41722">
                    <coordinates>13.2571277093544,51.46060502860709,0.0</coordinates>
                </Point>
                <Point id="41724">
                    <coordinates>13.256463823200699,51.4607943304868,0.0</coordinates>
                </Point>
                <Point id="41726">
                    <coordinates>13.256341059182002,51.4605065011946,0.0</coordinates>
                </Point>
                <Point id="41728">
                    <coordinates>13.2565792948728,51.46049959648239,0.0</coordinates>
                </Point>
                <Point id="41730">
                    <coordinates>13.2566115363843,51.460295792046885,0.0</coordinates>
                </Point>
                <Point id="41732">
                    <coordinates>13.256703804551998,51.460134237405704,0.0</coordinates>
                </Point>
                <Point id="41734">
                    <coordinates>13.258597115527499,51.460691523409686,0.0</coordinates>
                </Point>
                <Point id="41736">
                    <coordinates>13.2586273437893,51.4601209237197,0.0</coordinates>
                </Point>
                <Point id="41738">
                    <coordinates>13.2573941183229,51.46025792508349,0.0</coordinates>
                </Point>
                <Point id="41740">
                    <coordinates>13.2575110024129,51.460026942068296,0.0</coordinates>
                </Point>
                <Point id="41742">
                    <coordinates>13.2579387853919,51.45961905215071,0.0</coordinates>
                </Point>
                <Point id="41744">
                    <coordinates>13.2581204451402,51.4594455904129,0.0</coordinates>
                </Point>
                <Point id="41746">
                    <coordinates>13.2584027711388,51.458770920569606,0.0</coordinates>
                </Point>
                <Point id="41748">
                    <coordinates>13.258301538727299,51.459052483385605,0.0</coordinates>
                </Point>
                <Point id="41750">
                    <coordinates>13.2568901243527,51.45948667202509,0.0</coordinates>
                </Point>
                <Point id="41752">
                    <coordinates>13.257196582587799,51.45881432852689,0.0</coordinates>
                </Point>
                <Point id="41754">
                    <coordinates>13.2618973618782,51.46111920268,0.0</coordinates>
                </Point>
                <Point id="41756">
                    <coordinates>13.2589996805832,51.45704849582339,0.0</coordinates>
                </Point>
                <Point id="41758">
                    <coordinates>13.262664275780198,51.455110626706684,0.0</coordinates>
                </Point>
                <Point id="41760">
                    <coordinates>13.262259817824699,51.4551080565543,0.0</coordinates>
                </Point>
                <Point id="41762">
                    <coordinates>13.262820857294503,51.4549756161787,0.0</coordinates>
                </Point>
                <Point id="41764">
                    <coordinates>13.2624829275357,51.454879710428,0.0</coordinates>
                </Point>
                <Point id="41766">
                    <coordinates>13.259876045186997,51.45653190936661,0.0</coordinates>
                </Point>
                <Point id="41768">
                    <coordinates>13.2594712441051,51.456791282718406,0.0</coordinates>
                </Point>
                <Point id="41770">
                    <coordinates>13.259405567306802,51.45649877629459,0.0</coordinates>
                </Point>
                <Point id="41772">
                    <coordinates>13.260271537216397,51.45637081334789,0.0</coordinates>
                </Point>
                <Point id="41774">
                    <coordinates>13.2599013420756,51.456170572763696,0.0</coordinates>
                </Point>
                <Point id="41776">
                    <coordinates>13.260160863189,51.4560884301241,0.0</coordinates>
                </Point>
                <Point id="41778">
                    <coordinates>13.260735866372999,51.4558385947472,0.0</coordinates>
                </Point>
                <Point id="41780">
                    <coordinates>13.261064549171302,51.455671536541,0.0</coordinates>
                </Point>
                <Point id="41782">
                    <coordinates>13.261574391255198,51.45578595238369,0.0</coordinates>
                </Point>
                <Point id="41784">
                    <coordinates>13.261419695722301,51.455556857023296,0.0</coordinates>
                </Point>
                <Point id="41786">
                    <coordinates>13.257564298559497,51.4584093151209,0.0</coordinates>
                </Point>
                <Point id="41788">
                    <coordinates>13.2579496465474,51.45796496730979,0.0</coordinates>
                </Point>
                <Point id="41790">
                    <coordinates>13.294319995763098,51.469539316764596,0.0</coordinates>
                </Point>
                <Point id="41792">
                    <coordinates>13.298020996247098,51.46664438754589,0.0</coordinates>
                </Point>
                <Point id="41794">
                    <coordinates>13.29808655421,51.466450095163296,0.0</coordinates>
                </Point>
                <Point id="41796">
                    <coordinates>13.297914297887802,51.4670034914173,0.0</coordinates>
                </Point>
                <Point id="41798">
                    <coordinates>13.298378748947998,51.46878697015849,0.0</coordinates>
                </Point>
                <Point id="41800">
                    <coordinates>13.3341329061171,51.491325681990304,0.0</coordinates>
                </Point>
                <Point id="41802">
                    <coordinates>13.3373353622857,51.48753090017929,0.0</coordinates>
                </Point>
                <Point id="41804">
                    <coordinates>13.293951957211384,51.46848825515658,0.0</coordinates>
                </Point>
                <Point id="41806">
                    <coordinates>13.2979388110978,51.4668193747001,0.0</coordinates>
                </Point>
                <Point id="41808">
                    <coordinates>13.297725183344298,51.46750409733999,0.0</coordinates>
                </Point>
                <Point id="41810">
                    <coordinates>13.297768206319198,51.467385414145305,0.0</coordinates>
                </Point>
                <Point id="41812">
                    <coordinates>13.297867047850698,51.46716672393139,0.0</coordinates>
                </Point>
                <Point id="41814">
                    <coordinates>13.2985707153339,51.465148400694,0.0</coordinates>
                </Point>
                <Point id="41816">
                    <coordinates>13.2984595389666,51.465557443634594,0.0</coordinates>
                </Point>
                <Point id="41818">
                    <coordinates>13.297002399287802,51.46459504405129,0.0</coordinates>
                </Point>
                <Point id="41820">
                    <coordinates>13.298494340749603,51.4654074769561,0.0</coordinates>
                </Point>
                <Point id="41822">
                    <coordinates>13.333177956970298,51.494233921158695,0.0</coordinates>
                </Point>
                <Point id="41824">
                    <coordinates>13.2986338102644,51.466129280011884,0.0</coordinates>
                </Point>
            </MultiGeometry>
        </Placemark>
    </Document>
</kml>
