<?xml version="1.0" encoding="UTF-8"?>
<kml xmlns="http://www.opengis.net/kml/2.2" xmlns:gx="http://www.google.com/kml/ext/2.2">
    <Document id="56179">
        <Style id="57406">
            <IconStyle id="57407">
                <color>ff0000ff</color>
                <colorMode>normal</colorMode>
                <scale>1</scale>
                <heading>0</heading>
                <Icon id="57408">
                    <href>http://maps.google.com/mapfiles/kml/pushpin/ylw-pushpin.png</href>
                </Icon>
            </IconStyle>
            <LineStyle id="57409">
                <color>ff0000ff</color>
                <colorMode>normal</colorMode>
                <width>5</width>
            </LineStyle>
        </Style>
        <Style id="58262">
            <IconStyle id="58264">
                <colorMode>normal</colorMode>
                <scale>1</scale>
                <heading>0</heading>
                <Icon id="58265">
                    <href>http://maps.google.com/mapfiles/kml/shapes/placemark_circle.png</href>
                </Icon>
            </IconStyle>
            <LabelStyle id="58263">
                <colorMode>normal</colorMode>
                <scale>0.0</scale>
            </LabelStyle>
        </Style>
        <open>1</open>
        <Placemark id="56181">
            <name>MultiLine</name>
            <styleUrl>#57406</styleUrl>
            <MultiGeometry id="56180">
                <LineString id="56182">
                    <coordinates>13.31848851,51.63130264,0.0 13.318431399999998,51.63136541,0.0</coordinates>
                </LineString>
                <LineString id="56184">
                    <coordinates>13.299137159999999,51.64068673999999,0.0 13.299075719999998,51.6406649,0.0</coordinates>
                </LineString>
                <LineString id="56186">
                    <coordinates>13.31934162,51.62800411,0.0 13.31896421,51.62777242,0.0</coordinates>
                </LineString>
                <LineString id="56188">
                    <coordinates>13.233409369999997,51.63168957,0.0 13.23338532,51.63160408000001,0.0</coordinates>
                </LineString>
                <LineString id="56190">
                    <coordinates>13.20500155,51.618592500000005,0.0 13.2051193,51.61841282999998,0.0</coordinates>
                </LineString>
                <LineString id="56192">
                    <coordinates>13.230268200000001,51.62511526,0.0 13.23010799,51.62487922999999,0.0</coordinates>
                </LineString>
                <LineString id="56194">
                    <coordinates>13.2051193,51.61841282999998,0.0 13.205347849999999,51.618072789999985,0.0</coordinates>
                </LineString>
                <LineString id="56196">
                    <coordinates>13.20162219,51.62538114999999,0.0 13.2011631,51.625239279999995,0.0 13.20102832,51.62519944,0.0 13.20079915,51.62522701999999,0.0</coordinates>
                </LineString>
                <LineString id="56198">
                    <coordinates>13.316569539999998,51.63014394999998,0.0 13.31669178,51.63016295,0.0</coordinates>
                </LineString>
                <LineString id="56200">
                    <coordinates>13.3224897,51.63453983,0.0 13.32226448,51.63500453999999,0.0</coordinates>
                </LineString>
                <LineString id="56202">
                    <coordinates>13.205347849999999,51.618072789999985,0.0 13.205518330000002,51.61770392,0.0</coordinates>
                </LineString>
                <LineString id="56204">
                    <coordinates>13.319119709999999,51.63060891,0.0 13.319064079999999,51.63066726000001,0.0 13.31905712,51.6306762,0.0</coordinates>
                </LineString>
                <LineString id="56206">
                    <coordinates>13.316929,51.62929605,0.0 13.316927819999998,51.629298459999994,0.0 13.316886419999998,51.62933614999999,0.0 13.31683806,51.629393439999994,0.0 13.316783699999998,51.62945205999999,0.0 13.316727720000001,51.62950631,0.0</coordinates>
                </LineString>
                <LineString id="56208">
                    <coordinates>13.31712253,51.62911772999999,0.0 13.31705481,51.62917051,0.0 13.317008689999998,51.6292213,0.0 13.316933709999999,51.62928706,0.0</coordinates>
                </LineString>
                <LineString id="56210">
                    <coordinates>13.317183770000002,51.629061830000005,0.0 13.31717637,51.629066129999984,0.0</coordinates>
                </LineString>
                <LineString id="56212">
                    <coordinates>13.317648929999999,51.6293628,0.0 13.317640019999999,51.62936874,0.0</coordinates>
                </LineString>
                <LineString id="56214">
                    <coordinates>13.317640019999999,51.62936874,0.0 13.31762902,51.629376119999996,0.0</coordinates>
                </LineString>
                <LineString id="56216">
                    <coordinates>13.3179571,51.62902742000001,0.0 13.31795692,51.62902815000001,0.0 13.317933679999998,51.629087119999994,0.0 13.31790016,51.62916336999999,0.0 13.317885709999999,51.62920516999999,0.0 13.31786223,51.62922753,0.0 13.31784549,51.62923814,0.0 13.317738,51.62930474000001,0.0 13.317648929999999,51.6293628,0.0</coordinates>
                </LineString>
                <LineString id="56218">
                    <coordinates>13.31717637,51.629066129999984,0.0 13.317154509999998,51.62909253,0.0 13.317147520000002,51.629098099999986,0.0</coordinates>
                </LineString>
                <LineString id="56220">
                    <coordinates>13.317147520000002,51.629098099999986,0.0 13.31712253,51.62911772999999,0.0</coordinates>
                </LineString>
                <LineString id="56222">
                    <coordinates>13.315515750000001,51.63117171,0.0 13.315514390000002,51.631173610000005,0.0 13.31548772,51.63124148,0.0 13.31544481,51.63136586,0.0 13.31543782,51.63139809,0.0</coordinates>
                </LineString>
                <LineString id="56224">
                    <coordinates>13.31566756,51.63092355999999,0.0 13.31566723,51.63092539000001,0.0 13.315637720000002,51.63098009000001,0.0</coordinates>
                </LineString>
                <LineString id="56226">
                    <coordinates>13.315512790000001,51.63328356,0.0 13.31553815,51.63334549,0.0</coordinates>
                </LineString>
                <LineString id="56228">
                    <coordinates>13.31553815,51.63334549,0.0 13.315544949999998,51.63338027999999,0.0 13.31554647,51.63339925999999,0.0</coordinates>
                </LineString>
                <LineString id="56230">
                    <coordinates>13.31548956,51.633236929999995,0.0 13.315507379999998,51.63327034,0.0 13.315512790000001,51.63328356,0.0</coordinates>
                </LineString>
                <LineString id="56232">
                    <coordinates>13.315545129999999,51.63343523999999,0.0 13.31554647,51.63339925999999,0.0</coordinates>
                </LineString>
                <LineString id="56234">
                    <coordinates>13.30240626,51.63965238,0.0 13.302332249999997,51.6396742,0.0</coordinates>
                </LineString>
                <LineString id="56236">
                    <coordinates>13.302332249999997,51.6396742,0.0 13.302418049999998,51.63973449,0.0</coordinates>
                </LineString>
                <LineString id="56238">
                    <coordinates>13.30246167,51.63976554999999,0.0 13.30249232,51.63975096,0.0</coordinates>
                </LineString>
                <LineString id="56240">
                    <coordinates>13.316933709999999,51.62928706,0.0 13.316929,51.62929605,0.0</coordinates>
                </LineString>
                <LineString id="56242">
                    <coordinates>13.317541369999999,51.62871693999998,0.0 13.31749634,51.628764499999996,0.0 13.31748037,51.62877373,0.0 13.317380269999997,51.628883519999995,0.0 13.31727204,51.62899801,0.0 13.31724828,51.62902293999999,0.0</coordinates>
                </LineString>
                <LineString id="56244">
                    <coordinates>13.31759504,51.628667699999994,0.0 13.31758809,51.62867451000001,0.0 13.317541369999999,51.62871693999998,0.0</coordinates>
                </LineString>
                <LineString id="56246">
                    <coordinates>13.31796601,51.62898594000001,0.0 13.317965799999998,51.628987300000006,0.0 13.3179571,51.62902742000001,0.0</coordinates>
                </LineString>
                <LineString id="56248">
                    <coordinates>13.31796643,51.62898284999999,0.0 13.31796601,51.62898594000001,0.0</coordinates>
                </LineString>
                <LineString id="56250">
                    <coordinates>13.3179571,51.62902742000001,0.0 13.318014049999997,51.629038089999995,0.0 13.318066039999998,51.62905082,0.0 13.318111620000002,51.62906653,0.0 13.318153099999998,51.62908096999999,0.0</coordinates>
                </LineString>
                <LineString id="56252">
                    <coordinates>13.31777259,51.628755240000004,0.0 13.31787516,51.62879868000001,0.0 13.317966159999997,51.62882875,0.0 13.317972439999997,51.628828779999985,0.0 13.31798527,51.6289102,0.0 13.31796692,51.62897823,0.0 13.31796643,51.62898284999999,0.0</coordinates>
                </LineString>
                <LineString id="56254">
                    <coordinates>13.31796643,51.62898284999999,0.0 13.31801075,51.62895515999999,0.0 13.31806963,51.628925089999996,0.0</coordinates>
                </LineString>
                <LineString id="56256">
                    <coordinates>13.31806963,51.628925089999996,0.0 13.318145959999997,51.628883899999984,0.0 13.31816337,51.62888358,0.0</coordinates>
                </LineString>
                <LineString id="56258">
                    <coordinates>13.31816337,51.62888358,0.0 13.318323620000001,51.62888712,0.0 13.318380110000001,51.628913459999985,0.0 13.31843843,51.62893918,0.0 13.318456010000002,51.62892499,0.0</coordinates>
                </LineString>
                <LineString id="56260">
                    <coordinates>13.318456010000002,51.62892499,0.0 13.31847224,51.62891245,0.0</coordinates>
                </LineString>
                <LineString id="56262">
                    <coordinates>13.31777259,51.628755240000004,0.0 13.317722479999999,51.62869419,0.0 13.31770718,51.62867713,0.0 13.317683779999998,51.62866532999999,0.0 13.31767344,51.62866009,0.0 13.3176274,51.62866055,0.0 13.31759504,51.628667699999994,0.0</coordinates>
                </LineString>
                <LineString id="56264">
                    <coordinates>13.31942626,51.63028397,0.0 13.31938308,51.63033864999999,0.0</coordinates>
                </LineString>
                <LineString id="56266">
                    <coordinates>13.31927142,51.63023143,0.0 13.31942626,51.63028397,0.0</coordinates>
                </LineString>
                <LineString id="56268">
                    <coordinates>13.31938308,51.63033864999999,0.0 13.319361089999997,51.63036434,0.0</coordinates>
                </LineString>
                <LineString id="56270">
                    <coordinates>13.319356470000002,51.63036949,0.0 13.31935587,51.630370199999994,0.0 13.31932753,51.63040062999999,0.0</coordinates>
                </LineString>
                <LineString id="56272">
                    <coordinates>13.319361089999997,51.63036434,0.0 13.319356470000002,51.63036949,0.0</coordinates>
                </LineString>
                <LineString id="56274">
                    <coordinates>13.31928086,51.63044988,0.0 13.31932753,51.63040062999999,0.0</coordinates>
                </LineString>
                <LineString id="56276">
                    <coordinates>13.31928086,51.63044988,0.0 13.3192,51.63052978000001,0.0 13.319175500000002,51.630555789999995,0.0 13.319119709999999,51.63060891,0.0</coordinates>
                </LineString>
                <LineString id="56278">
                    <coordinates>13.31905712,51.6306762,0.0 13.318999399999997,51.63074116,0.0</coordinates>
                </LineString>
                <LineString id="56280">
                    <coordinates>13.31896507,51.63078472000001,0.0 13.31892508,51.63082511,0.0</coordinates>
                </LineString>
                <LineString id="56282">
                    <coordinates>13.31892508,51.63082511,0.0 13.318873830000001,51.63087772,0.0</coordinates>
                </LineString>
                <LineString id="56284">
                    <coordinates>13.318796889999998,51.63096127999999,0.0 13.318793540000001,51.63096498,0.0</coordinates>
                </LineString>
                <LineString id="56286">
                    <coordinates>13.318873830000001,51.63087772,0.0 13.318849960000001,51.63090245,0.0</coordinates>
                </LineString>
                <LineString id="56288">
                    <coordinates>13.318849960000001,51.63090245,0.0 13.31884618,51.63090642,0.0</coordinates>
                </LineString>
                <LineString id="56290">
                    <coordinates>13.318999399999997,51.63074116,0.0 13.318971440000002,51.63077726,0.0 13.31896507,51.63078472000001,0.0</coordinates>
                </LineString>
                <LineString id="56292">
                    <coordinates>13.318793540000001,51.63096498,0.0 13.318739020000002,51.631023490000004,0.0</coordinates>
                </LineString>
                <LineString id="56294">
                    <coordinates>13.31884618,51.63090642,0.0 13.318796889999998,51.63096127999999,0.0</coordinates>
                </LineString>
                <LineString id="56296">
                    <coordinates>13.31863125,51.631147299999995,0.0 13.31862564,51.63115390000001,0.0</coordinates>
                </LineString>
                <LineString id="56298">
                    <coordinates>13.31862564,51.63115390000001,0.0 13.31857273,51.63120893,0.0 13.31856196,51.63122161,0.0</coordinates>
                </LineString>
                <LineString id="56300">
                    <coordinates>13.31856196,51.63122161,0.0 13.31853604,51.63125072,0.0</coordinates>
                </LineString>
                <LineString id="56302">
                    <coordinates>13.31853604,51.63125072,0.0 13.31848851,51.63130264,0.0</coordinates>
                </LineString>
                <LineString id="56304">
                    <coordinates>13.318431399999998,51.63136541,0.0 13.318380599999998,51.631412739999995,0.0</coordinates>
                </LineString>
                <LineString id="56306">
                    <coordinates>13.318380599999998,51.631412739999995,0.0 13.318338490000002,51.63145436,0.0</coordinates>
                </LineString>
                <LineString id="56308">
                    <coordinates>13.31831418,51.631481140000005,0.0 13.318278329999998,51.63153203,0.0 13.31824691,51.63156921000001,0.0 13.31823241,51.63158347,0.0</coordinates>
                </LineString>
                <LineString id="56310">
                    <coordinates>13.318338490000002,51.63145436,0.0 13.31832338,51.63146901,0.0 13.31831418,51.631481140000005,0.0</coordinates>
                </LineString>
                <LineString id="56312">
                    <coordinates>13.31823241,51.63158347,0.0 13.31819523,51.631616779999995,0.0</coordinates>
                </LineString>
                <LineString id="56314">
                    <coordinates>13.31814562,51.63165989,0.0 13.318133949999998,51.63167394999999,0.0 13.31812865,51.63168346,0.0</coordinates>
                </LineString>
                <LineString id="56316">
                    <coordinates>13.31819523,51.631616779999995,0.0 13.31814562,51.63165989,0.0</coordinates>
                </LineString>
                <LineString id="56318">
                    <coordinates>13.31812865,51.63168346,0.0 13.31810602,51.63172266,0.0</coordinates>
                </LineString>
                <LineString id="56320">
                    <coordinates>13.31792647,51.631740429999994,0.0 13.317938939999998,51.63174522999999,0.0</coordinates>
                </LineString>
                <LineString id="56322">
                    <coordinates>13.31810602,51.63172266,0.0 13.318091159999998,51.631738500000004,0.0 13.31805355,51.63178531999999,0.0</coordinates>
                </LineString>
                <LineString id="56324">
                    <coordinates>13.316727720000001,51.62950631,0.0 13.316669469999997,51.629563950000005,0.0 13.31666562,51.629571009999985,0.0</coordinates>
                </LineString>
                <LineString id="56326">
                    <coordinates>13.316511959999998,51.629746469999986,0.0 13.316481719999999,51.62978281,0.0 13.316476209999998,51.62978998,0.0 13.316429409999998,51.62984501,0.0 13.316410389999998,51.629863369999995,0.0</coordinates>
                </LineString>
                <LineString id="56328">
                    <coordinates>13.316410389999998,51.629863369999995,0.0 13.316406639999999,51.62986696000001,0.0 13.316405190000001,51.62987597,0.0</coordinates>
                </LineString>
                <LineString id="56330">
                    <coordinates>13.31666562,51.629571009999985,0.0 13.31661638,51.62962653,0.0 13.31653355,51.62972059999999,0.0 13.316511959999998,51.629746469999986,0.0</coordinates>
                </LineString>
                <LineString id="56332">
                    <coordinates>13.316405190000001,51.62987597,0.0 13.31640493,51.62987727,0.0 13.316372769999997,51.629926559999994,0.0 13.316250369999999,51.63009511,0.0</coordinates>
                </LineString>
                <LineString id="56334">
                    <coordinates>13.316250369999999,51.63009511,0.0 13.316248799999999,51.630097320000004,0.0 13.31616085,51.63022522999999,0.0 13.316114469999999,51.63028266,0.0 13.316060289999998,51.63035290999999,0.0 13.31602437,51.630398289999995,0.0</coordinates>
                </LineString>
                <LineString id="56336">
                    <coordinates>13.31580588,51.630656040000005,0.0 13.315776149999998,51.630713289999996,0.0 13.31575972,51.630745360000006,0.0</coordinates>
                </LineString>
                <LineString id="56338">
                    <coordinates>13.315819479999998,51.63062436999999,0.0 13.315818209999998,51.630632240000004,0.0 13.31580588,51.630656040000005,0.0</coordinates>
                </LineString>
                <LineString id="56340">
                    <coordinates>13.31602437,51.630398289999995,0.0 13.31602377,51.630399000000004,0.0 13.315972579999999,51.63046009999999,0.0 13.31592098,51.63051829999999,0.0 13.31583049,51.63062393,0.0 13.315819479999998,51.63062436999999,0.0</coordinates>
                </LineString>
                <LineString id="56342">
                    <coordinates>13.31575972,51.630745360000006,0.0 13.3157575,51.630749569999985,0.0 13.31572676,51.63081283999999,0.0 13.315669209999998,51.6309142,0.0 13.31566756,51.63092355999999,0.0</coordinates>
                </LineString>
                <LineString id="56344">
                    <coordinates>13.315637720000002,51.63098009000001,0.0 13.31562734,51.63100522,0.0 13.31558744,51.63106548999999,0.0</coordinates>
                </LineString>
                <LineString id="56346">
                    <coordinates>13.31558744,51.63106548999999,0.0 13.315587,51.63106616999999,0.0 13.31555255,51.63112146999998,0.0 13.315515750000001,51.63117171,0.0</coordinates>
                </LineString>
                <LineString id="56348">
                    <coordinates>13.31543782,51.63139809,0.0 13.315380649999998,51.63153208999999,0.0</coordinates>
                </LineString>
                <LineString id="56350">
                    <coordinates>13.315291319999998,51.63180609999999,0.0 13.315287380000001,51.63181549,0.0</coordinates>
                </LineString>
                <LineString id="56352">
                    <coordinates>13.315380649999998,51.63153208999999,0.0 13.31537814,51.63153778000001,0.0 13.31535737,51.63161911,0.0 13.31534879,51.63164759000001,0.0 13.31533202,51.63168597999999,0.0 13.315291319999998,51.63180609999999,0.0</coordinates>
                </LineString>
                <LineString id="56354">
                    <coordinates>13.315287380000001,51.63181549,0.0 13.315286750000002,51.631817100000006,0.0 13.31526821,51.63186519,0.0 13.315239599999998,51.63194183,0.0 13.315237350000002,51.63194879,0.0</coordinates>
                </LineString>
                <LineString id="56356">
                    <coordinates>13.315237350000002,51.63194879,0.0 13.315219979999998,51.632001179999996,0.0 13.315221489999999,51.63202760999999,0.0</coordinates>
                </LineString>
                <LineString id="56358">
                    <coordinates>13.315284019999998,51.63260686999999,0.0 13.31528386,51.632607309999976,0.0 13.3152844,51.632616819999996,0.0 13.31529574,51.63272084,0.0 13.31530383,51.63279554999999,0.0 13.31532789,51.63286856999999,0.0 13.31533741,51.63290336000001,0.0 13.315363759999997,51.63295855,0.0</coordinates>
                </LineString>
                <LineString id="56360">
                    <coordinates>13.315221489999999,51.63202760999999,0.0 13.31522216,51.632038900000005,0.0 13.31524684,51.63206391,0.0 13.31528007,51.63207913,0.0 13.315297769999999,51.632082019999984,0.0 13.315381099999996,51.63209594999999,0.0 13.315404149999999,51.632117849999986,0.0 13.315415959999997,51.63214314999999,0.0 13.315402269999998,51.632258590000006,0.0 13.31535078,51.63239402,0.0 13.31531447,51.63247314,0.0 13.31529958,51.63251357000001,0.0 13.315294649999998,51.63256208999999,0.0 13.315284019999998,51.63260686999999,0.0</coordinates>
                </LineString>
                <LineString id="56362">
                    <coordinates>13.315363759999997,51.63295855,0.0 13.315391229999998,51.633020609999996,0.0 13.315418130000001,51.63305901,0.0 13.31544176,51.63312886999999,0.0 13.31546045,51.633177499999995,0.0 13.31548956,51.633236929999995,0.0</coordinates>
                </LineString>
                <LineString id="56364">
                    <coordinates>13.314544769999998,51.62735494999999,0.0 13.314471179999996,51.627362559999995,0.0</coordinates>
                </LineString>
                <LineString id="56366">
                    <coordinates>13.314300449999998,51.6272071,0.0 13.314286,51.62720379999999,0.0 13.31427259,51.62719254999999,0.0</coordinates>
                </LineString>
                <LineString id="56368">
                    <coordinates>13.317556629999999,51.62471471,0.0 13.31769148,51.62474781999999,0.0</coordinates>
                </LineString>
                <LineString id="56370">
                    <coordinates>13.30249232,51.63975096,0.0 13.302527339999997,51.639740419999995,0.0 13.302553859999998,51.63973135,0.0</coordinates>
                </LineString>
                <LineString id="56372">
                    <coordinates>13.302553859999998,51.63973135,0.0 13.302605689999998,51.63973027,0.0 13.30262618,51.639730719999996,0.0 13.30268857,51.63974255000001,0.0 13.302705239999998,51.63974798,0.0 13.302722349999998,51.63975297,0.0</coordinates>
                </LineString>
                <LineString id="56374">
                    <coordinates>13.302722349999998,51.63975297,0.0 13.302744160000001,51.6397649,0.0</coordinates>
                </LineString>
                <LineString id="56376">
                    <coordinates>13.302812549999999,51.63981076,0.0 13.30281425,51.63981203,0.0</coordinates>
                </LineString>
                <LineString id="56378">
                    <coordinates>13.302744160000001,51.6397649,0.0 13.30276502,51.63977485,0.0 13.302791489999999,51.639794349999995,0.0 13.302812549999999,51.63981076,0.0</coordinates>
                </LineString>
                <LineString id="56380">
                    <coordinates>13.302418049999998,51.63973449,0.0 13.30242764,51.63974332,0.0 13.30246167,51.63976554999999,0.0</coordinates>
                </LineString>
                <LineString id="56382">
                    <coordinates>13.300153749999998,51.64071677,0.0 13.29985656,51.64082785999999,0.0 13.29978934,51.64084152999999,0.0</coordinates>
                </LineString>
                <LineString id="56384">
                    <coordinates>13.29976906,51.64084202000001,0.0 13.29965725,51.64084923,0.0</coordinates>
                </LineString>
                <LineString id="56386">
                    <coordinates>13.29978934,51.64084152999999,0.0 13.29976906,51.64084202000001,0.0</coordinates>
                </LineString>
                <LineString id="56388">
                    <coordinates>13.29919291,51.64070475999999,0.0 13.299148719999998,51.64069168,0.0 13.299137159999999,51.64068673999999,0.0</coordinates>
                </LineString>
                <LineString id="56390">
                    <coordinates>13.298864729999998,51.640599609999995,0.0 13.29871087,51.64055916999999,0.0 13.29866737,51.64054851000001,0.0 13.29863187,51.64053453999999,0.0</coordinates>
                </LineString>
                <LineString id="56392">
                    <coordinates>13.298882959999998,51.640604769999996,0.0 13.298882100000002,51.6406045,0.0 13.298867030000002,51.64060025999999,0.0</coordinates>
                </LineString>
                <LineString id="56394">
                    <coordinates>13.299075719999998,51.6406649,0.0 13.299040009999999,51.640653949999994,0.0 13.298882959999998,51.640604769999996,0.0</coordinates>
                </LineString>
                <LineString id="56396">
                    <coordinates>13.298867030000002,51.64060025999999,0.0 13.298864729999998,51.640599609999995,0.0</coordinates>
                </LineString>
                <LineString id="56398">
                    <coordinates>13.31866159,51.631111000000004,0.0 13.318739020000002,51.631023490000004,0.0</coordinates>
                </LineString>
                <LineString id="56400">
                    <coordinates>13.317938939999998,51.63174522999999,0.0 13.318030360000002,51.63177799,0.0 13.31805355,51.63178531999999,0.0</coordinates>
                </LineString>
                <LineString id="56402">
                    <coordinates>13.31863125,51.631147299999995,0.0 13.31866159,51.631111000000004,0.0</coordinates>
                </LineString>
                <LineString id="56404">
                    <coordinates>13.31759504,51.628667699999994,0.0 13.317683359999998,51.62859374999999,0.0 13.3176997,51.62857883,0.0</coordinates>
                </LineString>
                <LineString id="56406">
                    <coordinates>13.317233479999999,51.62903132,0.0 13.317183770000002,51.629061830000005,0.0</coordinates>
                </LineString>
                <LineString id="56408">
                    <coordinates>13.31724828,51.62902293999999,0.0 13.317233479999999,51.62903132,0.0</coordinates>
                </LineString>
                <LineString id="56410">
                    <coordinates>13.302851910000001,51.63952469000001,0.0 13.30284978,51.63951249000001,0.0 13.30261717,51.63958049999999,0.0</coordinates>
                </LineString>
                <LineString id="56412">
                    <coordinates>13.317301050000001,51.62960015000001,0.0 13.31745058,51.62949684000001,0.0 13.31747119,51.62948730000001,0.0 13.31762902,51.629376119999996,0.0</coordinates>
                </LineString>
                <LineString id="56414">
                    <coordinates>13.31762902,51.629376119999996,0.0 13.317641789999998,51.62938654,0.0 13.317813350000002,51.629438449999995,0.0 13.317963959999998,51.62947849999999,0.0</coordinates>
                </LineString>
                <LineString id="56416">
                    <coordinates>13.319082639999998,51.62838620999999,0.0 13.31911626,51.62832372999999,0.0</coordinates>
                </LineString>
                <LineString id="56418">
                    <coordinates>13.32024178,51.62948497,0.0 13.32024466,51.62948583,0.0</coordinates>
                </LineString>
                <LineString id="56420">
                    <coordinates>13.31852208,51.62893735,0.0 13.318602959999998,51.62897933999999,0.0 13.318635959999998,51.628996959999995,0.0</coordinates>
                </LineString>
                <LineString id="56422">
                    <coordinates>13.31847224,51.62891245,0.0 13.31852208,51.62893735,0.0</coordinates>
                </LineString>
                <LineString id="56424">
                    <coordinates>13.31847224,51.62891245,0.0 13.31850659,51.62889404,0.0</coordinates>
                </LineString>
                <LineString id="56426">
                    <coordinates>13.318153099999998,51.62908096999999,0.0 13.318154670000002,51.62919148999998,0.0 13.31815557,51.62925704999999,0.0</coordinates>
                </LineString>
                <LineString id="56428">
                    <coordinates>13.31850659,51.62889404,0.0 13.31871708,51.62878658000001,0.0 13.31874047,51.62877394000001,0.0 13.318753089999998,51.62876807,0.0 13.318812550000002,51.628721340000006,0.0 13.318863379999998,51.62867067999999,0.0 13.31891381,51.628612219999994,0.0 13.31899062,51.628519069999996,0.0 13.319082639999998,51.62838620999999,0.0</coordinates>
                </LineString>
                <LineString id="56430">
                    <coordinates>13.31934162,51.62800411,0.0 13.319687900000002,51.62775268,0.0</coordinates>
                </LineString>
                <LineString id="56432">
                    <coordinates>13.31911626,51.62832372999999,0.0 13.3191481,51.628278869999995,0.0 13.319240480000001,51.62814931,0.0 13.31934162,51.62800411,0.0</coordinates>
                </LineString>
                <LineString id="56434">
                    <coordinates>13.318635959999998,51.628996959999995,0.0 13.318862889999998,51.62911611,0.0 13.31928171,51.62922746,0.0</coordinates>
                </LineString>
                <LineString id="56436">
                    <coordinates>13.319433459999999,51.630073519999996,0.0 13.31927142,51.63023143,0.0</coordinates>
                </LineString>
                <LineString id="56438">
                    <coordinates>13.31928171,51.62922746,0.0 13.31976965,51.629358030000006,0.0 13.32000164,51.62941408,0.0</coordinates>
                </LineString>
                <LineString id="56440">
                    <coordinates>13.32000164,51.62941408,0.0 13.32024178,51.62948497,0.0</coordinates>
                </LineString>
                <LineString id="56442">
                    <coordinates>13.32024466,51.62948583,0.0 13.32049789,51.62957752999999,0.0</coordinates>
                </LineString>
                <LineString id="56444">
                    <coordinates>13.32049789,51.62957752999999,0.0 13.32053443,51.629593480000004,0.0 13.320622149999998,51.629624679999985,0.0 13.320717169999998,51.62965989999999,0.0 13.320943510000001,51.62973877999999,0.0</coordinates>
                </LineString>
                <LineString id="56446">
                    <coordinates>13.31792647,51.631740429999994,0.0 13.317912890000002,51.6317521,0.0</coordinates>
                </LineString>
                <LineString id="56448">
                    <coordinates>13.317435280000002,51.63337615,0.0 13.31747696,51.633432420000005,0.0 13.3175369,51.633501149999994,0.0</coordinates>
                </LineString>
                <LineString id="56450">
                    <coordinates>13.317634859999998,51.63207407999999,0.0 13.317525300000002,51.63219943,0.0 13.31746418,51.63226422999998,0.0 13.3173031,51.632429740000006,0.0 13.31720294,51.63252855999999,0.0 13.31706398,51.632653439999984,0.0</coordinates>
                </LineString>
                <LineString id="56452">
                    <coordinates>13.31706398,51.632653439999984,0.0 13.31714938,51.63282427000001,0.0 13.31716961,51.632915370000006,0.0 13.31720283,51.63309865,0.0</coordinates>
                </LineString>
                <LineString id="56454">
                    <coordinates>13.318012529999999,51.63342805999999,0.0 13.317896859999998,51.63339379999999,0.0 13.317435280000002,51.63337615,0.0</coordinates>
                </LineString>
                <LineString id="56456">
                    <coordinates>13.31720283,51.63309865,0.0 13.317310929999998,51.633225999999986,0.0 13.31742284,51.63335969,0.0 13.317435280000002,51.63337615,0.0</coordinates>
                </LineString>
                <LineString id="56458">
                    <coordinates>13.31845332,51.63355812999999,0.0 13.31801541,51.6334289,0.0</coordinates>
                </LineString>
                <LineString id="56460">
                    <coordinates>13.31876152,51.63363842999998,0.0 13.31845332,51.63355812999999,0.0</coordinates>
                </LineString>
                <LineString id="56462">
                    <coordinates>13.32207142,51.63443865,0.0 13.3224897,51.63453983,0.0</coordinates>
                </LineString>
                <LineString id="56464">
                    <coordinates>13.31801541,51.6334289,0.0 13.318012529999999,51.63342805999999,0.0</coordinates>
                </LineString>
                <LineString id="56466">
                    <coordinates>13.318962279999997,51.63448294999999,0.0 13.31896413,51.63448414,0.0 13.31958813,51.63489340999999,0.0 13.32001785,51.63517428,0.0 13.32022141,51.63531342999999,0.0</coordinates>
                </LineString>
                <LineString id="56468">
                    <coordinates>13.3175369,51.633501149999994,0.0 13.317714669999999,51.63366111999999,0.0 13.317987,51.633840649999996,0.0 13.318173970000002,51.63395975,0.0 13.31859645,51.63424316,0.0 13.318962279999997,51.63448294999999,0.0</coordinates>
                </LineString>
                <LineString id="56470">
                    <coordinates>13.316934799999999,51.629760709999985,0.0 13.317301050000001,51.62960015000001,0.0</coordinates>
                </LineString>
                <LineString id="56472">
                    <coordinates>13.316934799999999,51.629760709999985,0.0 13.31673139,51.62993923999999,0.0 13.31666541,51.63000593,0.0</coordinates>
                </LineString>
                <LineString id="56474">
                    <coordinates>13.316569539999998,51.63014394999998,0.0 13.3165678,51.63014648999999,0.0 13.31650515,51.63027665,0.0</coordinates>
                </LineString>
                <LineString id="56476">
                    <coordinates>13.31666541,51.63000593,0.0 13.316569539999998,51.63014394999998,0.0</coordinates>
                </LineString>
                <LineString id="56478">
                    <coordinates>13.31669178,51.63016295,0.0 13.31669945,51.630164129999976,0.0 13.3172587,51.63024448000001,0.0</coordinates>
                </LineString>
                <LineString id="56480">
                    <coordinates>13.316331219999999,51.63064863000001,0.0 13.31633153,51.630648009999994,0.0 13.31635465,51.63060974,0.0 13.316440139999997,51.63043510999999,0.0 13.316441480000002,51.63040988,0.0 13.31650515,51.63027665,0.0</coordinates>
                </LineString>
                <LineString id="56482">
                    <coordinates>13.31614453,51.63096613999999,0.0 13.316278180000001,51.63074434999999,0.0 13.316331219999999,51.63064863000001,0.0</coordinates>
                </LineString>
                <LineString id="56484">
                    <coordinates>13.31614453,51.63096613999999,0.0 13.316019420000002,51.63116082,0.0 13.31590973,51.63132127,0.0</coordinates>
                </LineString>
                <LineString id="56486">
                    <coordinates>13.32356589,51.63766376999999,0.0 13.32577676,51.6391196,0.0 13.326755029999998,51.63976783,0.0 13.327012749999998,51.63971936,0.0 13.32724114,51.63969474999999,0.0</coordinates>
                </LineString>
                <LineString id="56488">
                    <coordinates>13.32022141,51.63531342999999,0.0 13.32137425,51.63607156,0.0 13.32283813,51.63703764000001,0.0 13.323680440000002,51.63756617,0.0 13.32356589,51.63766376999999,0.0</coordinates>
                </LineString>
                <LineString id="56490">
                    <coordinates>13.31577819,51.63186163999998,0.0 13.315731759999998,51.631943760000006,0.0</coordinates>
                </LineString>
                <LineString id="56492">
                    <coordinates>13.31590973,51.63132127,0.0 13.315787399999998,51.63150106,0.0 13.315712329999998,51.63162213,0.0</coordinates>
                </LineString>
                <LineString id="56494">
                    <coordinates>13.315731759999998,51.631943760000006,0.0 13.315555659999998,51.63226868,0.0 13.315976309999998,51.63231855999999,0.0</coordinates>
                </LineString>
                <LineString id="56496">
                    <coordinates>13.31578923,51.63339463,0.0 13.31553815,51.63334549,0.0</coordinates>
                </LineString>
                <LineString id="56498">
                    <coordinates>13.314471179999996,51.627362559999995,0.0 13.314506889999999,51.62744604999999,0.0</coordinates>
                </LineString>
                <LineString id="56500">
                    <coordinates>13.314330369999999,51.6272792,0.0 13.31431363,51.62726923999999,0.0 13.314300449999998,51.6272071,0.0</coordinates>
                </LineString>
                <LineString id="56502">
                    <coordinates>13.3197218,51.62524882999999,0.0 13.32006653,51.625334269999996,0.0</coordinates>
                </LineString>
                <LineString id="56504">
                    <coordinates>13.31954955,51.62520703999999,0.0 13.3197218,51.62524882999999,0.0</coordinates>
                </LineString>
                <LineString id="56506">
                    <coordinates>13.31904825,51.62508227000001,0.0 13.31954955,51.62520703999999,0.0</coordinates>
                </LineString>
                <LineString id="56508">
                    <coordinates>13.318576819999999,51.62496692999999,0.0 13.318907419999999,51.62504828,0.0 13.31904825,51.62508227000001,0.0</coordinates>
                </LineString>
                <LineString id="56510">
                    <coordinates>13.3183626,51.62492007,0.0 13.318530209999999,51.62496008,0.0 13.318555639999998,51.62496005999999,0.0 13.318576819999999,51.62496692999999,0.0</coordinates>
                </LineString>
                <LineString id="56512">
                    <coordinates>13.31769148,51.62474781999999,0.0 13.31819508,51.624878470000006,0.0 13.3183626,51.62492007,0.0</coordinates>
                </LineString>
                <LineString id="56514">
                    <coordinates>13.3183626,51.62492007,0.0 13.31836537,51.62499821,0.0</coordinates>
                </LineString>
                <LineString id="56516">
                    <coordinates>13.320644230000003,51.625472040000005,0.0 13.321144810000002,51.625584520000004,0.0 13.32155664,51.62567829,0.0 13.321772570000002,51.625733100000005,0.0</coordinates>
                </LineString>
                <LineString id="56518">
                    <coordinates>13.320193299999998,51.62536682999999,0.0 13.320644230000003,51.625472040000005,0.0</coordinates>
                </LineString>
                <LineString id="56520">
                    <coordinates>13.32006653,51.625334269999996,0.0 13.320193299999998,51.62536682999999,0.0</coordinates>
                </LineString>
                <LineString id="56522">
                    <coordinates>13.321772570000002,51.625733100000005,0.0 13.322151050000002,51.6258312,0.0 13.32221315,51.62584426,0.0 13.322322669999998,51.62586172,0.0 13.32241674,51.62587831,0.0 13.32247059,51.62588577,0.0 13.322493379999997,51.62588854,0.0 13.322544460000001,51.62587765,0.0</coordinates>
                </LineString>
                <LineString id="56524">
                    <coordinates>13.322544460000001,51.62587765,0.0 13.322431760000002,51.62600786000001,0.0 13.322223920000003,51.62620055,0.0 13.322061879999998,51.62635633,0.0 13.32186449,51.62655500999999,0.0 13.321641199999997,51.62678167999999,0.0 13.32157566,51.62686716999999,0.0 13.321521939999998,51.626954049999995,0.0 13.321474419999998,51.627040349999994,0.0 13.3214449,51.62713234,0.0 13.321438130000002,51.627178140000005,0.0 13.32144019,51.6273847,0.0 13.321439239999998,51.62755677,0.0 13.321433379999998,51.62765628,0.0</coordinates>
                </LineString>
                <LineString id="56526">
                    <coordinates>13.30281425,51.63981203,0.0 13.30284868,51.63985258000001,0.0 13.302907869999999,51.63992758,0.0 13.30297093,51.64001592999998,0.0 13.302983640000003,51.64003402000001,0.0 13.302998439999998,51.64007512,0.0 13.303004739999997,51.640113889999995,0.0 13.30300835,51.64015092999999,0.0 13.302997329999998,51.640231629999995,0.0 13.302979639999998,51.64033752999999,0.0 13.30297121,51.64038353,0.0 13.30296804,51.640454940000005,0.0 13.302964929999998,51.640491219999994,0.0 13.30296605,51.640593159999995,0.0 13.30297675,51.64062996999999,0.0 13.303015130000002,51.64073085999999,0.0 13.303092569999999,51.64088639999999,0.0 13.303178870000002,51.64103339999999,0.0 13.30326369,51.64118119,0.0</coordinates>
                </LineString>
                <LineString id="56528">
                    <coordinates>13.30165349,51.64005017000001,0.0 13.30165179,51.64005075,0.0 13.30145358,51.64013757000001,0.0</coordinates>
                </LineString>
                <LineString id="56530">
                    <coordinates>13.30212818,51.63989717999999,0.0 13.30202565,51.63993059999999,0.0 13.301797929999998,51.64000359,0.0 13.30165349,51.64005017000001,0.0</coordinates>
                </LineString>
                <LineString id="56532">
                    <coordinates>13.30165349,51.64005017000001,0.0 13.301562169999999,51.63997324999999,0.0</coordinates>
                </LineString>
                <LineString id="56534">
                    <coordinates>13.30131577,51.640199190000004,0.0 13.30110684,51.64028819,0.0</coordinates>
                </LineString>
                <LineString id="56536">
                    <coordinates>13.30145358,51.64013757000001,0.0 13.30131577,51.640199190000004,0.0</coordinates>
                </LineString>
                <LineString id="56538">
                    <coordinates>13.300977449999998,51.64034435999999,0.0 13.30079079,51.64042605,0.0</coordinates>
                </LineString>
                <LineString id="56540">
                    <coordinates>13.30110684,51.64028819,0.0 13.300977449999998,51.64034435999999,0.0</coordinates>
                </LineString>
                <LineString id="56542">
                    <coordinates>13.303740349999998,51.64157210999999,0.0 13.30365515,51.64156178999999,0.0 13.30356855,51.64154009999999,0.0 13.3035359,51.64152045,0.0 13.3034982,51.64149670999999,0.0 13.30345651,51.64146809,0.0 13.30341483,51.64142184,0.0 13.30335212,51.64133058,0.0 13.303302610000001,51.64124144,0.0 13.30326369,51.64118119,0.0</coordinates>
                </LineString>
                <LineString id="56544">
                    <coordinates>13.30436064,51.64145092999999,0.0 13.30434597,51.64145017999999,0.0 13.304343449999998,51.64146818999999,0.0 13.304320659999998,51.64157237,0.0 13.30396452,51.64157713000001,0.0 13.303740349999998,51.64157210999999,0.0</coordinates>
                </LineString>
                <LineString id="56546">
                    <coordinates>13.303740349999998,51.64157210999999,0.0 13.30381609,51.64149666,0.0</coordinates>
                </LineString>
                <LineString id="56548">
                    <coordinates>13.30054162,51.64054088000001,0.0 13.300153749999998,51.64071677,0.0</coordinates>
                </LineString>
                <LineString id="56550">
                    <coordinates>13.300153749999998,51.64071677,0.0 13.30029753,51.64050630999999,0.0</coordinates>
                </LineString>
                <LineString id="56552">
                    <coordinates>13.30079079,51.64042605,0.0 13.30054162,51.64054088000001,0.0</coordinates>
                </LineString>
                <LineString id="56554">
                    <coordinates>13.300153749999998,51.64071677,0.0 13.300162210000002,51.64075596,0.0 13.300204989999997,51.64087934999999,0.0 13.30022111,51.64092229999999,0.0 13.300232669999998,51.640929929999984,0.0 13.300241679999997,51.64097662,0.0 13.300282689999998,51.6410178,0.0</coordinates>
                </LineString>
                <LineString id="56556">
                    <coordinates>13.29817938,51.64042664000001,0.0 13.297945009999998,51.64038737999999,0.0 13.297795119999998,51.640360959999995,0.0</coordinates>
                </LineString>
                <LineString id="56558">
                    <coordinates>13.29863187,51.64053453999999,0.0 13.298472079999996,51.64049294,0.0 13.29817938,51.64042664000001,0.0</coordinates>
                </LineString>
                <LineString id="56560">
                    <coordinates>13.295689269999999,51.64188436,0.0 13.29545508,51.64211723,0.0</coordinates>
                </LineString>
                <LineString id="56562">
                    <coordinates>13.296113070000002,51.64149671,0.0 13.295987139999998,51.641593809999996,0.0 13.295690649999997,51.64188307,0.0</coordinates>
                </LineString>
                <LineString id="56564">
                    <coordinates>13.29620728,51.64206906,0.0 13.29677322,51.64227276999999,0.0</coordinates>
                </LineString>
                <LineString id="56566">
                    <coordinates>13.295690649999997,51.64188307,0.0 13.295689269999999,51.64188436,0.0</coordinates>
                </LineString>
                <LineString id="56568">
                    <coordinates>13.297795119999998,51.640360959999995,0.0 13.297573160000002,51.640328430000004,0.0 13.297446299999999,51.640311419999996,0.0 13.297422169999999,51.640308839999996,0.0</coordinates>
                </LineString>
                <LineString id="56570">
                    <coordinates>13.29616848,51.64030527999999,0.0 13.29633419,51.64030382999999,0.0</coordinates>
                </LineString>
                <LineString id="56572">
                    <coordinates>13.289608199999998,51.639028030000006,0.0 13.28959863,51.63901717,0.0 13.289356300000001,51.63892132000001,0.0 13.28899613,51.63877690999999,0.0 13.28885297,51.638704189999984,0.0 13.28873188,51.638638679999985,0.0 13.28857158,51.63852573,0.0 13.288482050000002,51.638450679999984,0.0 13.28840857,51.63838048,0.0 13.288357569999999,51.63831361999999,0.0 13.288157069999999,51.638060859999996,0.0 13.28791989,51.637735619999994,0.0 13.28768571,51.63741615,0.0 13.287464420000001,51.63711394999999,0.0</coordinates>
                </LineString>
                <LineString id="56574">
                    <coordinates>13.287464420000001,51.63711394999999,0.0 13.287310049999999,51.63715463,0.0</coordinates>
                </LineString>
                <LineString id="56576">
                    <coordinates>13.289823530000001,51.63925345,0.0 13.289608199999998,51.639028030000006,0.0</coordinates>
                </LineString>
                <LineString id="56578">
                    <coordinates>13.294727620000002,51.642819159999995,0.0 13.294450679999999,51.64308398,0.0 13.29436949,51.64316287,0.0</coordinates>
                </LineString>
                <LineString id="56580">
                    <coordinates>13.29436949,51.64316287,0.0 13.29378123,51.64364058999998,0.0 13.29347768,51.64388623000001,0.0 13.293191340000002,51.644023510000004,0.0</coordinates>
                </LineString>
                <LineString id="56582">
                    <coordinates>13.291426430000001,51.64512953,0.0 13.29032681,51.645767619999994,0.0 13.289902679999999,51.64600118999999,0.0 13.28977338,51.64610234,0.0</coordinates>
                </LineString>
                <LineString id="56584">
                    <coordinates>13.29154464,51.64503775,0.0 13.29154034,51.64504032,0.0 13.291486829999998,51.645094349999994,0.0 13.291426430000001,51.64512953,0.0</coordinates>
                </LineString>
                <LineString id="56586">
                    <coordinates>13.29219888,51.64464726999999,0.0 13.29154464,51.64503775,0.0</coordinates>
                </LineString>
                <LineString id="56588">
                    <coordinates>13.315712329999998,51.63162213,0.0 13.31560259,51.63182697,0.0 13.31577819,51.63186163999998,0.0</coordinates>
                </LineString>
                <LineString id="56590">
                    <coordinates>13.302728259999997,51.63974659999999,0.0 13.30277459,51.63977147,0.0 13.302812549999999,51.63981076,0.0</coordinates>
                </LineString>
                <LineString id="56592">
                    <coordinates>13.296798699999998,51.64078276,0.0 13.2967303,51.64091445999999,0.0</coordinates>
                </LineString>
                <LineString id="56594">
                    <coordinates>13.293191340000002,51.644023510000004,0.0 13.292456210000001,51.64448959999999,0.0 13.292388359999999,51.64453419,0.0</coordinates>
                </LineString>
                <LineString id="56596">
                    <coordinates>13.292388359999999,51.64453419,0.0 13.29219888,51.64464726999999,0.0</coordinates>
                </LineString>
                <LineString id="56598">
                    <coordinates>13.2967303,51.64091445999999,0.0 13.29666981,51.64097761,0.0</coordinates>
                </LineString>
                <LineString id="56600">
                    <coordinates>13.297422169999999,51.640308839999996,0.0 13.29740352,51.64031236,0.0 13.29734195,51.64030303,0.0 13.297327570000002,51.64030627000001,0.0 13.297116839999997,51.64034587999999,0.0 13.29696466,51.64058960999999,0.0 13.296798699999998,51.64078276,0.0</coordinates>
                </LineString>
                <LineString id="56602">
                    <coordinates>13.29656336,51.641100689999995,0.0 13.29655485,51.64111075,0.0</coordinates>
                </LineString>
                <LineString id="56604">
                    <coordinates>13.29655485,51.64111075,0.0 13.29629326,51.641370159999994,0.0</coordinates>
                </LineString>
                <LineString id="56606">
                    <coordinates>13.29629326,51.641370159999994,0.0 13.29618229,51.64144837999999,0.0</coordinates>
                </LineString>
                <LineString id="56608">
                    <coordinates>13.29618229,51.64144837999999,0.0 13.296113070000002,51.64149671,0.0</coordinates>
                </LineString>
                <LineString id="56610">
                    <coordinates>13.29666981,51.64097761,0.0 13.29656336,51.641100689999995,0.0</coordinates>
                </LineString>
                <LineString id="56612">
                    <coordinates>13.30392448,51.63916910999999,0.0 13.303687530000001,51.63924197000001,0.0 13.303314129999999,51.63936532,0.0 13.302851910000001,51.63952469000001,0.0</coordinates>
                </LineString>
                <LineString id="56614">
                    <coordinates>13.289823530000001,51.63925345,0.0 13.290083169999999,51.63934904999999,0.0 13.29032222,51.639443570000005,0.0</coordinates>
                </LineString>
                <LineString id="56616">
                    <coordinates>13.29032222,51.639443570000005,0.0 13.290719599999997,51.63960071999999,0.0 13.29087368,51.63966369,0.0</coordinates>
                </LineString>
                <LineString id="56618">
                    <coordinates>13.29147338,51.63991186999999,0.0 13.291683570000002,51.63999792,0.0 13.29187906,51.64006211000001,0.0 13.292084709999997,51.6401217,0.0</coordinates>
                </LineString>
                <LineString id="56620">
                    <coordinates>13.29541419,51.642157080000004,0.0 13.295289250000002,51.64227903,0.0 13.295188850000002,51.64237709,0.0 13.29480541,51.64274461,0.0 13.294727620000002,51.642819159999995,0.0</coordinates>
                </LineString>
                <LineString id="56622">
                    <coordinates>13.30986168,51.63732427999999,0.0 13.31010389,51.63716363000001,0.0 13.310561449999998,51.63686181,0.0 13.311055899999998,51.63651818999999,0.0 13.312007729999998,51.635883169999985,0.0 13.312451809999999,51.63557142999999,0.0 13.312938130000001,51.63523708000001,0.0 13.313397679999998,51.63491518,0.0 13.313826910000001,51.63461739,0.0 13.31407445,51.634446690000004,0.0</coordinates>
                </LineString>
                <LineString id="56624">
                    <coordinates>13.314285069999997,51.634313309999996,0.0 13.31407445,51.634446690000004,0.0</coordinates>
                </LineString>
                <LineString id="56626">
                    <coordinates>13.30392448,51.63916910999999,0.0 13.303925499999998,51.63916903,0.0 13.30393497,51.63916789000001,0.0 13.3043776,51.63911508999999,0.0 13.30499984,51.63912786,0.0 13.30542046,51.63917395,0.0 13.306052779999998,51.6392818,0.0</coordinates>
                </LineString>
                <LineString id="56628">
                    <coordinates>13.306052779999998,51.6392818,0.0 13.30657853,51.63933521999999,0.0</coordinates>
                </LineString>
                <LineString id="56630">
                    <coordinates>13.30975695,51.637397279999995,0.0 13.30986168,51.63732427999999,0.0</coordinates>
                </LineString>
                <LineString id="56632">
                    <coordinates>13.31554354,51.63347688,0.0 13.315552139999998,51.633490139999985,0.0 13.315579899999998,51.63349218,0.0 13.31560883,51.63352421,0.0 13.315606379999998,51.633539419999984,0.0 13.31558425,51.63358038999999,0.0 13.315497089999997,51.63364021999999,0.0 13.315441399999997,51.63367863,0.0 13.315386149999998,51.63368817,0.0 13.315356050000002,51.633683960000006,0.0</coordinates>
                </LineString>
                <LineString id="56634">
                    <coordinates>13.31491682,51.63390080999999,0.0 13.31505541,51.63382018000001,0.0 13.31524788,51.63374234,0.0 13.315349609999998,51.63368267999999,0.0 13.315356050000002,51.633683960000006,0.0</coordinates>
                </LineString>
                <LineString id="56636">
                    <coordinates>13.30657853,51.63933521999999,0.0 13.3069859,51.639425179999996,0.0 13.30727106,51.63945912999999,0.0 13.307494519999999,51.63947354,0.0 13.307663759999999,51.639402159999996,0.0 13.307817200000002,51.63925299,0.0 13.307979740000002,51.63910363000001,0.0 13.30813936,51.63895475000002,0.0 13.308193969999998,51.638905050000005,0.0 13.308199230000001,51.63888197000001,0.0 13.30829966,51.638788559999995,0.0 13.30837174,51.63872119,0.0 13.30841837,51.638718729999994,0.0 13.30856284,51.63856119999999,0.0 13.308562189999998,51.63854854999999,0.0 13.30876291,51.63834638999999,0.0 13.308939559999997,51.63816725,0.0 13.30909192,51.63801321999999,0.0 13.3092894,51.63778867,0.0</coordinates>
                </LineString>
                <LineString id="56638">
                    <coordinates>13.30943845,51.63761902,0.0 13.30975695,51.637397279999995,0.0</coordinates>
                </LineString>
                <LineString id="56640">
                    <coordinates>13.291132849999999,51.63981995999999,0.0 13.29147338,51.63991186999999,0.0</coordinates>
                </LineString>
                <LineString id="56642">
                    <coordinates>13.29087368,51.63966369,0.0 13.291132849999999,51.63981995999999,0.0</coordinates>
                </LineString>
                <LineString id="56644">
                    <coordinates>13.31554354,51.63347688,0.0 13.315545129999999,51.63343523999999,0.0</coordinates>
                </LineString>
                <LineString id="56646">
                    <coordinates>13.32024466,51.62948583,0.0 13.320303309999998,51.629908589999985,0.0 13.320011179999998,51.629949589999995,0.0</coordinates>
                </LineString>
                <LineString id="56648">
                    <coordinates>13.31442097,51.627332779999996,0.0 13.314330369999999,51.6272792,0.0</coordinates>
                </LineString>
                <LineString id="56650">
                    <coordinates>13.29545508,51.64211723,0.0 13.29541419,51.642157080000004,0.0</coordinates>
                </LineString>
                <LineString id="56652">
                    <coordinates>13.32000164,51.62941408,0.0 13.32002303,51.629427869999994,0.0 13.320037019999997,51.62943427,0.0 13.32004307,51.629446269999995,0.0 13.320033249999998,51.629458759999984,0.0 13.31974124,51.629768,0.0 13.319674299999999,51.629834380000005,0.0</coordinates>
                </LineString>
                <LineString id="56654">
                    <coordinates>13.319674299999999,51.629834380000005,0.0 13.31944016,51.63006691999998,0.0 13.319433459999999,51.630073519999996,0.0</coordinates>
                </LineString>
                <LineString id="56656">
                    <coordinates>13.295690649999997,51.64188307,0.0 13.29620728,51.64206906,0.0</coordinates>
                </LineString>
                <LineString id="56658">
                    <coordinates>13.29677322,51.64227276999999,0.0 13.297000249999998,51.642151169999984,0.0</coordinates>
                </LineString>
                <LineString id="56660">
                    <coordinates>13.32160319,51.63432537999999,0.0 13.32207142,51.63443865,0.0</coordinates>
                </LineString>
                <LineString id="56662">
                    <coordinates>13.31876152,51.63363842999998,0.0 13.31946027,51.633806959999994,0.0 13.32160319,51.63432537999999,0.0</coordinates>
                </LineString>
                <LineString id="56664">
                    <coordinates>13.317912890000002,51.6317521,0.0 13.317634859999998,51.63207407999999,0.0</coordinates>
                </LineString>
                <LineString id="56666">
                    <coordinates>13.302483810000002,51.63962758,0.0 13.30245562,51.639637549999996,0.0 13.302450740000001,51.63963931,0.0 13.30242806,51.639646019999994,0.0</coordinates>
                </LineString>
                <LineString id="56668">
                    <coordinates>13.314658160000002,51.627343249999996,0.0 13.314544769999998,51.62735494999999,0.0</coordinates>
                </LineString>
                <LineString id="56670">
                    <coordinates>13.30242806,51.639646019999994,0.0 13.30240626,51.63965238,0.0</coordinates>
                </LineString>
                <LineString id="56672">
                    <coordinates>13.30252285,51.6396118,0.0 13.302483810000002,51.63962758,0.0</coordinates>
                </LineString>
                <LineString id="56674">
                    <coordinates>13.30256787,51.63959508999999,0.0 13.30252285,51.6396118,0.0</coordinates>
                </LineString>
                <LineString id="56676">
                    <coordinates>13.30261717,51.63958049999999,0.0 13.30256787,51.63959508999999,0.0</coordinates>
                </LineString>
                <LineString id="56678">
                    <coordinates>13.314471179999996,51.627362559999995,0.0 13.31442097,51.627332779999996,0.0</coordinates>
                </LineString>
                <LineString id="56680">
                    <coordinates>13.302332249999997,51.6396742,0.0 13.30224876,51.6397011,0.0</coordinates>
                </LineString>
                <LineString id="56682">
                    <coordinates>13.30224876,51.6397011,0.0 13.3021494,51.63972972,0.0</coordinates>
                </LineString>
                <LineString id="56684">
                    <coordinates>13.3021494,51.63972972,0.0 13.30208542,51.63975455999999,0.0</coordinates>
                </LineString>
                <LineString id="56686">
                    <coordinates>13.30208542,51.63975455999999,0.0 13.30199013,51.63979138999999,0.0</coordinates>
                </LineString>
                <LineString id="56688">
                    <coordinates>13.30199013,51.63979138999999,0.0 13.301987199999996,51.63979459999999,0.0 13.30198751,51.63979755999999,0.0 13.30198838,51.639800969999996,0.0</coordinates>
                </LineString>
                <LineString id="56690">
                    <coordinates>13.30198838,51.639800969999996,0.0 13.301989649999998,51.639802139999986,0.0 13.302053040000002,51.63986162999999,0.0</coordinates>
                </LineString>
                <LineString id="56692">
                    <coordinates>13.302053040000002,51.63986162999999,0.0 13.30208595,51.63988626,0.0 13.30210197,51.63989205,0.0 13.30212818,51.63989717999999,0.0</coordinates>
                </LineString>
                <LineString id="56694">
                    <coordinates>13.29863187,51.64053453999999,0.0 13.298550269999998,51.64051688,0.0 13.29838326,51.64048563,0.0</coordinates>
                </LineString>
                <LineString id="56696">
                    <coordinates>13.29978934,51.64084152999999,0.0 13.29971538,51.64084789,0.0 13.29958731,51.64083690999998,0.0 13.299506999999997,51.64082118999998,0.0 13.29943736,51.64079551999998,0.0 13.299327419999997,51.64075155,0.0 13.299251669999999,51.64072095999999,0.0 13.29918025,51.64069366999999,0.0 13.299103359999998,51.64066814999999,0.0 13.299024360000002,51.640646899999986,0.0 13.29891281,51.64061009,0.0 13.298754229999998,51.640565219999985,0.0 13.29867904,51.64054465,0.0 13.29863187,51.64053453999999,0.0</coordinates>
                </LineString>
                <LineString id="56698">
                    <coordinates>13.292084709999997,51.6401217,0.0 13.29220529,51.64014921999999,0.0 13.292430139999999,51.64017685,0.0 13.294055220000002,51.640359280000006,0.0 13.29444149,51.640398059999995,0.0 13.2945947,51.640408269999995,0.0 13.29475399,51.640413779999996,0.0 13.294977020000001,51.640409659999996,0.0 13.295064089999999,51.64040056,0.0 13.29616848,51.64030527999999,0.0</coordinates>
                </LineString>
                <LineString id="56700">
                    <coordinates>13.29838326,51.64048563,0.0 13.298186910000002,51.640436720000004,0.0 13.298020599999997,51.640402479999985,0.0 13.2979359,51.64038623999999,0.0 13.29776279,51.64035878,0.0 13.297497439999999,51.64032512,0.0 13.297329259999998,51.640311489999995,0.0 13.297198309999999,51.64030574000001,0.0 13.29705723,51.64030213000001,0.0 13.29697243,51.64030032,0.0 13.296620629999996,51.64030155999998,0.0 13.296490719999998,51.64030255,0.0</coordinates>
                </LineString>
                <LineString id="56702">
                    <coordinates>13.296490719999998,51.64030255,0.0 13.29633419,51.64030382999999,0.0</coordinates>
                </LineString>
                <LineString id="56704">
                    <coordinates>13.3092894,51.63778867,0.0 13.30943845,51.63761902,0.0</coordinates>
                </LineString>
                <LineString id="56706">
                    <coordinates>13.314285069999997,51.634313309999996,0.0 13.31467995,51.63403585,0.0 13.31491682,51.63390080999999,0.0</coordinates>
                </LineString>
                <LineString id="56708">
                    <coordinates>13.317414359999999,51.62479769,0.0 13.31743223,51.62479845,0.0 13.31747664,51.62476542000001,0.0 13.317556629999999,51.62471471,0.0</coordinates>
                </LineString>
                <LineString id="56710">
                    <coordinates>13.31728271,51.62488419999998,0.0 13.317414359999999,51.62479769,0.0</coordinates>
                </LineString>
                <LineString id="56712">
                    <coordinates>13.31728271,51.62488419999998,0.0 13.317146849999999,51.62497605999999,0.0 13.317123310000001,51.624990679999996,0.0 13.317067359999998,51.62500672,0.0 13.31697565,51.62507195999999,0.0 13.316950779999999,51.62511650999999,0.0 13.316752429999998,51.62526538999999,0.0</coordinates>
                </LineString>
                <LineString id="56714">
                    <coordinates>13.316752429999998,51.62526538999999,0.0 13.31636108,51.62555772999999,0.0 13.316021880000001,51.62579332,0.0 13.315905799999998,51.625872300000005,0.0 13.31540167,51.62619604,0.0 13.315086859999997,51.626405119999994,0.0 13.314937,51.62650719,0.0 13.314817049999998,51.62662036999998,0.0 13.314740710000002,51.6267318,0.0 13.314707989999999,51.626855850000005,0.0 13.314666689999997,51.627089739999995,0.0 13.314645549999998,51.62725743999999,0.0 13.314649190000003,51.62731080999999,0.0 13.314658160000002,51.627343249999996,0.0</coordinates>
                </LineString>
                <LineString id="56716">
                    <coordinates>13.314658160000002,51.627343249999996,0.0 13.31465908,51.627346399999986,0.0 13.31482559,51.62766948,0.0 13.315089149999997,51.62807951999999,0.0 13.3152228,51.62825235999999,0.0 13.315314449999999,51.628348089999996,0.0 13.31535571,51.62837814999999,0.0 13.31544149,51.62845136,0.0 13.31566005,51.62859041,0.0 13.31581738,51.62866383,0.0 13.31602024,51.6287373,0.0 13.31625942,51.62879897999999,0.0 13.316270349999998,51.62879967999999,0.0 13.3162816,51.6288207,0.0 13.316411749999999,51.62885092,0.0 13.31648732,51.62887082999999,0.0 13.31660689,51.62889636,0.0 13.31709499,51.629005109999994,0.0 13.31714661,51.629033789999994,0.0 13.31717637,51.629066129999984,0.0</coordinates>
                </LineString>
                <LineString id="56718">
                    <coordinates>13.204977199999998,51.622062989999996,0.0 13.20516802,51.62179168,0.0 13.205220849999998,51.62172423999999,0.0 13.205297319999998,51.62159650000001,0.0 13.205501179999999,51.62128665999999,0.0 13.20570362,51.62098762,0.0</coordinates>
                </LineString>
                <LineString id="56720">
                    <coordinates>13.20053618,51.62383982999999,0.0 13.20042545,51.62381546999999,0.0 13.200144499999999,51.62373931999999,0.0 13.19983055,51.623646120000004,0.0</coordinates>
                </LineString>
                <LineString id="56722">
                    <coordinates>13.201024639999996,51.62319738,0.0 13.201184640000001,51.62288289,0.0 13.20122651,51.62279944999999,0.0</coordinates>
                </LineString>
                <LineString id="56724">
                    <coordinates>13.24317885,51.636152639999985,0.0 13.24356382,51.63627884,0.0 13.24382815,51.636364189999995,0.0</coordinates>
                </LineString>
                <LineString id="56726">
                    <coordinates>13.26510271,51.64220090999999,0.0 13.26537874,51.64200568,0.0</coordinates>
                </LineString>
                <LineString id="56728">
                    <coordinates>13.230853819999998,51.62186897,0.0 13.23096151,51.62165404,0.0 13.231010930000002,51.62149487,0.0 13.231049779999998,51.62144102,0.0</coordinates>
                </LineString>
                <LineString id="56730">
                    <coordinates>13.20185621,51.62546122,0.0 13.20182627,51.625373149999994,0.0 13.20188538,51.62531585999999,0.0</coordinates>
                </LineString>
                <LineString id="56732">
                    <coordinates>13.20185008,51.62680444,0.0 13.20177643,51.62681911999999,0.0</coordinates>
                </LineString>
                <LineString id="56734">
                    <coordinates>13.20177643,51.62681911999999,0.0 13.201893760000003,51.62702243999999,0.0 13.20198843,51.62718681,0.0 13.201887409999998,51.6273021,0.0 13.20191285,51.62731202999999,0.0 13.20190272,51.62731861,0.0</coordinates>
                </LineString>
                <LineString id="56736">
                    <coordinates>13.167803829999999,51.605163069999996,0.0 13.16782545,51.60513965999999,0.0 13.167736509999996,51.60510494999999,0.0</coordinates>
                </LineString>
                <LineString id="56738">
                    <coordinates>13.167736509999996,51.60510494999999,0.0 13.1679238,51.60490314999999,0.0 13.168086919999999,51.60472759999999,0.0 13.16833454,51.60445582999999,0.0 13.168441240000002,51.60433279,0.0 13.16862142,51.604119419999996,0.0 13.168835060000001,51.603884780000016,0.0 13.169081700000001,51.60360630000001,0.0 13.16913145,51.603550049999996,0.0 13.169326740000002,51.60334318,0.0 13.16940959,51.60324820999999,0.0 13.1694856,51.60317850999999,0.0 13.169597919999998,51.6030845,0.0 13.169843060000002,51.60287918,0.0 13.16995878,51.60279051999999,0.0 13.17014732,51.60263994,0.0 13.17039374,51.60243053000001,0.0 13.17050696,51.60233491999999,0.0</coordinates>
                </LineString>
                <LineString id="56740">
                    <coordinates>13.17167278,51.60135723,0.0 13.17162457,51.60133316,0.0</coordinates>
                </LineString>
                <LineString id="56742">
                    <coordinates>13.20188538,51.62531585999999,0.0 13.201851779999998,51.62530258999999,0.0</coordinates>
                </LineString>
                <LineString id="56744">
                    <coordinates>13.201645149999997,51.62540207999999,0.0 13.201650009999998,51.62539022,0.0</coordinates>
                </LineString>
                <LineString id="56746">
                    <coordinates>13.201650009999998,51.62539022,0.0 13.201693440000001,51.625390859999996,0.0</coordinates>
                </LineString>
                <LineString id="56748">
                    <coordinates>13.201650009999998,51.62539022,0.0 13.20162219,51.62538114999999,0.0</coordinates>
                </LineString>
                <LineString id="56750">
                    <coordinates>13.201645149999997,51.62540207999999,0.0 13.20142373,51.62533014000001,0.0</coordinates>
                </LineString>
                <LineString id="56752">
                    <coordinates>13.20142373,51.62533014000001,0.0 13.20126139,51.62544911,0.0 13.201169829999996,51.62551719999998,0.0</coordinates>
                </LineString>
                <LineString id="56754">
                    <coordinates>13.201169829999996,51.62551719999998,0.0 13.20098362,51.625654219999994,0.0 13.200853470000002,51.62573763,0.0 13.200753170000002,51.6257893,0.0 13.200642790000002,51.62584745999998,0.0 13.20045667,51.62594261,0.0 13.200412880000002,51.625965029999996,0.0</coordinates>
                </LineString>
                <LineString id="56756">
                    <coordinates>13.200412880000002,51.625965029999996,0.0 13.200063049999999,51.62614029,0.0 13.199897989999998,51.62622272000001,0.0 13.199497059999999,51.626449599999994,0.0 13.19891965,51.6267656,0.0 13.198599489999996,51.62693654999999,0.0 13.197862279999999,51.62733914,0.0 13.197756670000002,51.62739483999999,0.0 13.19708771,51.627758519999986,0.0 13.196829619999997,51.62792041,0.0 13.196029669999998,51.62841833999999,0.0 13.195776149999999,51.628573859999996,0.0 13.19512738,51.628994729999995,0.0 13.195021639999998,51.62906222999999,0.0</coordinates>
                </LineString>
                <LineString id="56758">
                    <coordinates>13.201851779999998,51.62530258999999,0.0 13.20197407,51.62519612999999,0.0 13.202099319999997,51.625086979999985,0.0</coordinates>
                </LineString>
                <LineString id="56760">
                    <coordinates>13.202099319999997,51.625086979999985,0.0 13.20226814,51.6249364,0.0 13.202852739999999,51.624435769999984,0.0 13.20290819,51.62438697999999,0.0</coordinates>
                </LineString>
                <LineString id="56762">
                    <coordinates>13.20290819,51.62438697999999,0.0 13.203377129999998,51.62396380999999,0.0 13.203387610000002,51.623953,0.0</coordinates>
                </LineString>
                <LineString id="56764">
                    <coordinates>13.203387610000002,51.623953,0.0 13.20352424,51.623830379999994,0.0</coordinates>
                </LineString>
                <LineString id="56766">
                    <coordinates>13.20352424,51.623830379999994,0.0 13.203566829999998,51.62379651,0.0 13.2035879,51.62378908,0.0 13.203683899999998,51.623702319999985,0.0</coordinates>
                </LineString>
                <LineString id="56768">
                    <coordinates>13.203683899999998,51.623702319999985,0.0 13.20403318,51.62339654999999,0.0 13.20410071,51.62333733999999,0.0</coordinates>
                </LineString>
                <LineString id="56770">
                    <coordinates>13.20410071,51.62333733999999,0.0 13.20424826,51.62317172,0.0 13.204280110000001,51.62308808,0.0 13.204398530000002,51.62289981,0.0 13.204446960000002,51.62282295999999,0.0</coordinates>
                </LineString>
                <LineString id="56772">
                    <coordinates>13.204446960000002,51.62282295999999,0.0 13.20459684,51.62259097999999,0.0</coordinates>
                </LineString>
                <LineString id="56774">
                    <coordinates>13.20459684,51.62259097999999,0.0 13.2047174,51.622420770000005,0.0 13.204907809999998,51.62216746,0.0 13.20492244,51.622137450000004,0.0</coordinates>
                </LineString>
                <LineString id="56776">
                    <coordinates>13.20492244,51.622137450000004,0.0 13.20496033,51.62208264,0.0</coordinates>
                </LineString>
                <LineString id="56778">
                    <coordinates>13.20496033,51.62208264,0.0 13.204977199999998,51.622062989999996,0.0</coordinates>
                </LineString>
                <LineString id="56780">
                    <coordinates>13.20570362,51.62098762,0.0 13.20589833,51.62070014,0.0</coordinates>
                </LineString>
                <LineString id="56782">
                    <coordinates>13.20589833,51.62070014,0.0 13.205908150000003,51.62068514,0.0</coordinates>
                </LineString>
                <LineString id="56784">
                    <coordinates>13.205908150000003,51.62068514,0.0 13.206257179999998,51.62016351999999,0.0 13.2063072,51.62008923,0.0</coordinates>
                </LineString>
                <LineString id="56786">
                    <coordinates>13.2063072,51.62008923,0.0 13.206357899999999,51.62002080999999,0.0</coordinates>
                </LineString>
                <LineString id="56788">
                    <coordinates>13.206357899999999,51.62002080999999,0.0 13.206542209999999,51.61976735999999,0.0</coordinates>
                </LineString>
                <LineString id="56790">
                    <coordinates>13.206542209999999,51.61976735999999,0.0 13.206784049999996,51.61943606999999,0.0 13.2068105,51.619252249999995,0.0 13.20683266,51.618895519999995,0.0 13.2068213,51.61867889999999,0.0 13.206804689999998,51.61835238,0.0</coordinates>
                </LineString>
                <LineString id="56792">
                    <coordinates>13.206804689999998,51.61835238,0.0 13.206915209999998,51.61835994,0.0</coordinates>
                </LineString>
                <LineString id="56794">
                    <coordinates>13.21487363,51.61699852000001,0.0 13.214863229999999,51.61697275000001,0.0</coordinates>
                </LineString>
                <LineString id="56796">
                    <coordinates>13.21073182,51.6176333,0.0 13.21085952,51.617614689999996,0.0 13.211136259999998,51.61756950999998,0.0 13.211469070000001,51.6175152,0.0 13.211818409999998,51.617461580000004,0.0 13.212125250000001,51.61741273,0.0 13.21240931,51.61737027000001,0.0 13.21272728,51.61732267,0.0 13.213017280000003,51.617279260000004,0.0 13.213317439999999,51.61723531999999,0.0 13.21361133,51.617192290000006,0.0 13.21390276,51.617148070000006,0.0 13.21418048,51.61710603,0.0 13.21447454,51.617059389999994,0.0 13.21476882,51.61701562,0.0 13.21487363,51.61699852000001,0.0</coordinates>
                </LineString>
                <LineString id="56798">
                    <coordinates>13.214863229999999,51.61697275000001,0.0 13.21482958,51.616887979999994,0.0</coordinates>
                </LineString>
                <LineString id="56800">
                    <coordinates>13.20459684,51.62259097999999,0.0 13.20455922,51.62257663,0.0 13.204231260000002,51.62248456,0.0 13.20420367,51.62246987,0.0 13.20392758,51.622388640000004,0.0 13.203881299999999,51.62238363,0.0 13.203739399999998,51.622346789999995,0.0 13.203658519999996,51.622462709999986,0.0 13.20356332,51.62243803,0.0</coordinates>
                </LineString>
                <LineString id="56802">
                    <coordinates>13.23656017,51.638321899999994,0.0 13.23655717,51.63819044000001,0.0 13.236543029999998,51.63816675999999,0.0</coordinates>
                </LineString>
                <LineString id="56804">
                    <coordinates>13.23644606,51.637254940000005,0.0 13.236704470000001,51.637214949999986,0.0</coordinates>
                </LineString>
                <LineString id="56806">
                    <coordinates>13.23645846,51.63735415,0.0 13.236447969999999,51.63726996999999,0.0 13.23644606,51.637254940000005,0.0</coordinates>
                </LineString>
                <LineString id="56808">
                    <coordinates>13.240334239999997,51.635910479999986,0.0 13.240349309999997,51.63589901999999,0.0 13.24036274,51.63588813,0.0 13.240427470000002,51.63584979,0.0 13.240511849999999,51.63579994999999,0.0 13.24059011,51.63575468999999,0.0 13.240628999999998,51.63573021,0.0 13.24066948,51.63571080999999,0.0 13.240778809999998,51.635655379999996,0.0</coordinates>
                </LineString>
                <LineString id="56810">
                    <coordinates>13.241117109999998,51.63556873,0.0 13.241125289999998,51.63556753999999,0.0</coordinates>
                </LineString>
                <LineString id="56812">
                    <coordinates>13.240778809999998,51.635655379999996,0.0 13.24080289,51.63564221,0.0 13.240947979999996,51.63559385999999,0.0 13.241117109999998,51.63556873,0.0</coordinates>
                </LineString>
                <LineString id="56814">
                    <coordinates>13.236704470000001,51.637214949999986,0.0 13.236713839999998,51.63721755999999,0.0</coordinates>
                </LineString>
                <LineString id="56816">
                    <coordinates>13.236713839999998,51.63721755999999,0.0 13.236716099999999,51.63722157,0.0</coordinates>
                </LineString>
                <LineString id="56818">
                    <coordinates>13.235707739999999,51.63541166,0.0 13.23570511,51.63540780999999,0.0</coordinates>
                </LineString>
                <LineString id="56820">
                    <coordinates>13.241125289999998,51.63556753999999,0.0 13.241044829999998,51.63546034,0.0</coordinates>
                </LineString>
                <LineString id="56822">
                    <coordinates>13.241044829999998,51.63546034,0.0 13.241137739999997,51.63538562,0.0 13.24120591,51.63533028,0.0</coordinates>
                </LineString>
                <LineString id="56824">
                    <coordinates>13.24120591,51.63533028,0.0 13.2413266,51.63537681,0.0</coordinates>
                </LineString>
                <LineString id="56826">
                    <coordinates>13.2413266,51.63537681,0.0 13.24134267,51.63535700999999,0.0</coordinates>
                </LineString>
                <LineString id="56828">
                    <coordinates>13.24134267,51.63535700999999,0.0 13.241382660000001,51.63530951,0.0</coordinates>
                </LineString>
                <LineString id="56830">
                    <coordinates>13.241455159999997,51.635225559999995,0.0 13.24149187,51.635182470000004,0.0</coordinates>
                </LineString>
                <LineString id="56832">
                    <coordinates>13.24149187,51.635182470000004,0.0 13.241497369999998,51.635174889999995,0.0</coordinates>
                </LineString>
                <LineString id="56834">
                    <coordinates>13.241497369999998,51.635174889999995,0.0 13.2415648,51.63509557999999,0.0</coordinates>
                </LineString>
                <LineString id="56836">
                    <coordinates>13.241647439999998,51.63499770999999,0.0 13.241655949999998,51.63498882,0.0</coordinates>
                </LineString>
                <LineString id="56838">
                    <coordinates>13.241655949999998,51.63498882,0.0 13.24171537,51.63492094000001,0.0</coordinates>
                </LineString>
                <LineString id="56840">
                    <coordinates>13.241647439999998,51.63499770999999,0.0 13.241557239999999,51.63497115,0.0</coordinates>
                </LineString>
                <LineString id="56842">
                    <coordinates>13.2415648,51.63509557999999,0.0 13.241596650000002,51.63505728,0.0 13.241647439999998,51.63499770999999,0.0</coordinates>
                </LineString>
                <LineString id="56844">
                    <coordinates>13.241557239999999,51.63497115,0.0 13.241540870000001,51.63496575,0.0 13.24156606,51.634938909999995,0.0 13.241435429999997,51.634880299999985,0.0</coordinates>
                </LineString>
                <LineString id="56846">
                    <coordinates>13.24171537,51.63492094000001,0.0 13.241752859999998,51.63488074999999,0.0 13.2418461,51.63477822999999,0.0</coordinates>
                </LineString>
                <LineString id="56848">
                    <coordinates>13.2418461,51.63477822999999,0.0 13.241853269999998,51.63476893,0.0 13.24191953,51.6347127,0.0 13.24184569,51.63468358,0.0</coordinates>
                </LineString>
                <LineString id="56850">
                    <coordinates>13.24120591,51.63533028,0.0 13.24122954,51.63531102,0.0 13.24117346,51.63510233,0.0 13.24117004,51.63509642,0.0 13.241091010000002,51.63502594,0.0 13.241011639999998,51.63498516,0.0</coordinates>
                </LineString>
                <LineString id="56852">
                    <coordinates>13.241011639999998,51.63498516,0.0 13.240922299999998,51.63494218,0.0 13.240846830000002,51.63491463,0.0 13.24068316,51.63486854999999,0.0 13.24060998,51.634850590000006,0.0 13.2405951,51.63484937,0.0 13.240356359999998,51.63478885,0.0 13.24018532,51.63474741,0.0</coordinates>
                </LineString>
                <LineString id="56854">
                    <coordinates>13.24018532,51.63474741,0.0 13.240159979999998,51.63473975000001,0.0 13.24000614,51.6346661,0.0</coordinates>
                </LineString>
                <LineString id="56856">
                    <coordinates>13.24000614,51.6346661,0.0 13.23986244,51.63458673,0.0</coordinates>
                </LineString>
                <LineString id="56858">
                    <coordinates>13.23986244,51.63458673,0.0 13.239767669999999,51.63453749,0.0 13.239542049999999,51.63442244,0.0 13.23935801,51.63432458999999,0.0 13.239192079999999,51.63421283,0.0</coordinates>
                </LineString>
                <LineString id="56860">
                    <coordinates>13.239177939999998,51.63420189,0.0 13.23904193,51.63414511999999,0.0 13.238970180000003,51.63421462000001,0.0 13.238911859999998,51.63427369,0.0 13.238839650000001,51.6343511,0.0 13.238772939999999,51.63443,0.0 13.238709819999999,51.63451613,0.0 13.238700839999998,51.634532349999986,0.0</coordinates>
                </LineString>
                <LineString id="56862">
                    <coordinates>13.238700839999998,51.634532349999986,0.0 13.238693119999997,51.63453806999999,0.0 13.238669799999997,51.63462485999999,0.0 13.238682330000001,51.6347267,0.0 13.23870108,51.6347995,0.0 13.238707869999999,51.6348324,0.0</coordinates>
                </LineString>
                <LineString id="56864">
                    <coordinates>13.238707869999999,51.6348324,0.0 13.238657599999998,51.634832169999996,0.0</coordinates>
                </LineString>
                <LineString id="56866">
                    <coordinates>13.238657599999998,51.634832169999996,0.0 13.23865751,51.634897339999995,0.0 13.2384429,51.634901109999994,0.0</coordinates>
                </LineString>
                <LineString id="56868">
                    <coordinates>13.239177939999998,51.63420189,0.0 13.239270699999999,51.63413435999999,0.0</coordinates>
                </LineString>
                <LineString id="56870">
                    <coordinates>13.239192079999999,51.63421283,0.0 13.239177939999998,51.63420189,0.0</coordinates>
                </LineString>
                <LineString id="56872">
                    <coordinates>13.239270699999999,51.63413435999999,0.0 13.23925584,51.63404461,0.0 13.239239,51.63394406999999,0.0 13.23926925,51.63391815999999,0.0</coordinates>
                </LineString>
                <LineString id="56874">
                    <coordinates>13.24047858,51.63296295999999,0.0 13.240685059999999,51.63279205,0.0 13.2407412,51.63274522,0.0</coordinates>
                </LineString>
                <LineString id="56876">
                    <coordinates>13.23926925,51.63391815999999,0.0 13.239587439999998,51.63366024,0.0 13.239739379999998,51.63354319999999,0.0 13.2399403,51.63338508999999,0.0 13.24018495,51.63319205,0.0 13.24038474,51.63303797,0.0 13.240472619999998,51.63296789,0.0 13.24047858,51.63296295999999,0.0</coordinates>
                </LineString>
                <LineString id="56878">
                    <coordinates>13.2407412,51.63274522,0.0 13.24081766,51.63268394,0.0 13.240852639999998,51.63265518,0.0 13.24091295,51.6326091,0.0</coordinates>
                </LineString>
                <LineString id="56880">
                    <coordinates>13.24091295,51.6326091,0.0 13.241018959999996,51.63252180999999,0.0 13.24108665,51.63247165999999,0.0 13.241195769999997,51.63238268999999,0.0 13.241329339999998,51.632277499999994,0.0</coordinates>
                </LineString>
                <LineString id="56882">
                    <coordinates>13.24596026,51.63710388999999,0.0 13.24597644,51.637108729999994,0.0</coordinates>
                </LineString>
                <LineString id="56884">
                    <coordinates>13.25724465,51.64037185999999,0.0 13.257233909999998,51.64038733999999,0.0</coordinates>
                </LineString>
                <LineString id="56886">
                    <coordinates>13.266024949999998,51.64159306999999,0.0 13.266075460000001,51.6415669,0.0 13.26629212,51.641458769999986,0.0 13.266389439999998,51.64140872,0.0</coordinates>
                </LineString>
                <LineString id="56888">
                    <coordinates>13.26595468,51.64147971999999,0.0 13.26601051,51.64144315,0.0 13.266275160000001,51.64129499000001,0.0 13.26638227,51.641296479999994,0.0 13.26641465,51.64124225,0.0 13.266442579999998,51.64119160999999,0.0 13.26647526,51.64113002,0.0 13.26652723,51.64095843999999,0.0 13.26678588,51.64097481,0.0 13.266895030000002,51.640946480000004,0.0</coordinates>
                </LineString>
                <LineString id="56890">
                    <coordinates>13.26734868,51.642882959999994,0.0 13.267370489999998,51.64291244,0.0 13.267346549999997,51.64297085999999,0.0 13.267283739999998,51.643016519999996,0.0 13.267007569999997,51.64318896999998,0.0 13.26695006,51.643225089999994,0.0 13.26696987,51.64323566,0.0</coordinates>
                </LineString>
                <LineString id="56892">
                    <coordinates>13.23644606,51.637254940000005,0.0 13.236443069999998,51.63724356,0.0</coordinates>
                </LineString>
                <LineString id="56894">
                    <coordinates>13.236443069999998,51.63724356,0.0 13.23643579,51.637202169999995,0.0</coordinates>
                </LineString>
                <LineString id="56896">
                    <coordinates>13.236460390000001,51.637391879999996,0.0 13.236460340000002,51.637387489999995,0.0 13.23645846,51.63735415,0.0</coordinates>
                </LineString>
                <LineString id="56898">
                    <coordinates>13.23651371,51.637696940000005,0.0 13.236481789999997,51.63756724999999,0.0 13.236465010000002,51.63750286999999,0.0</coordinates>
                </LineString>
                <LineString id="56900">
                    <coordinates>13.23652154,51.63777034999999,0.0 13.23651371,51.637696940000005,0.0</coordinates>
                </LineString>
                <LineString id="56902">
                    <coordinates>13.236543029999998,51.63816675999999,0.0 13.23653834,51.63801898,0.0 13.236534480000001,51.63792264999999,0.0 13.236531519999998,51.637849259999996,0.0 13.23652154,51.63777034999999,0.0</coordinates>
                </LineString>
                <LineString id="56904">
                    <coordinates>13.236543029999998,51.63816675999999,0.0 13.236725719999999,51.63816689999999,0.0</coordinates>
                </LineString>
                <LineString id="56906">
                    <coordinates>13.236550660000002,51.63848124999999,0.0 13.236571589999999,51.63836483,0.0 13.23656017,51.638321899999994,0.0</coordinates>
                </LineString>
                <LineString id="56908">
                    <coordinates>13.23642455,51.63851953999999,0.0 13.236550660000002,51.63848124999999,0.0</coordinates>
                </LineString>
                <LineString id="56910">
                    <coordinates>13.236543089999998,51.63879351999999,0.0 13.23655094,51.63861917999999,0.0 13.236550660000002,51.63848124999999,0.0</coordinates>
                </LineString>
                <LineString id="56912">
                    <coordinates>13.23642455,51.63851953999999,0.0 13.236233230000002,51.63852854000001,0.0</coordinates>
                </LineString>
                <LineString id="56914">
                    <coordinates>13.23653534,51.63894705,0.0 13.236543089999998,51.63879351999999,0.0</coordinates>
                </LineString>
                <LineString id="56916">
                    <coordinates>13.23651297,51.63915279,0.0 13.23653214,51.6390042,0.0 13.23653534,51.63894705,0.0</coordinates>
                </LineString>
                <LineString id="56918">
                    <coordinates>13.23630945,51.640030349999996,0.0 13.236328380000002,51.63991433999999,0.0 13.236361849999998,51.63972066,0.0 13.236384409999998,51.63962829999998,0.0 13.23640703,51.63931301,0.0 13.23651297,51.63915279,0.0</coordinates>
                </LineString>
                <LineString id="56920">
                    <coordinates>13.23653534,51.63894705,0.0 13.23671339,51.63896389,0.0</coordinates>
                </LineString>
                <LineString id="56922">
                    <coordinates>13.237921750000002,51.639346020000005,0.0 13.238060929999998,51.63942136,0.0 13.238112870000002,51.63945626,0.0 13.23816489,51.639486089999984,0.0</coordinates>
                </LineString>
                <LineString id="56924">
                    <coordinates>13.23776483,51.63925654999999,0.0 13.237824440000002,51.63929421,0.0 13.237921750000002,51.639346020000005,0.0</coordinates>
                </LineString>
                <LineString id="56926">
                    <coordinates>13.23816489,51.639486089999984,0.0 13.23837749,51.63959759,0.0</coordinates>
                </LineString>
                <LineString id="56928">
                    <coordinates>13.238578269999998,51.639639429999995,0.0 13.238813359999998,51.63976515999999,0.0</coordinates>
                </LineString>
                <LineString id="56930">
                    <coordinates>13.236704470000001,51.637214949999986,0.0 13.23670928,51.63721035999999,0.0 13.23670186,51.6371967,0.0</coordinates>
                </LineString>
                <LineString id="56932">
                    <coordinates>13.23670186,51.6371967,0.0 13.23667865,51.63715249,0.0</coordinates>
                </LineString>
                <LineString id="56934">
                    <coordinates>13.23667865,51.63715249,0.0 13.236657580000001,51.637116089999985,0.0</coordinates>
                </LineString>
                <LineString id="56936">
                    <coordinates>13.23643579,51.637202169999995,0.0 13.236410319999997,51.637071070000005,0.0 13.236406069999997,51.63704974999999,0.0</coordinates>
                </LineString>
                <LineString id="56938">
                    <coordinates>13.236406069999997,51.63704974999999,0.0 13.236373849999998,51.63694370999999,0.0 13.23632343,51.63677417,0.0</coordinates>
                </LineString>
                <LineString id="56940">
                    <coordinates>13.23632343,51.63677417,0.0 13.2363071,51.636727210000004,0.0 13.236299969999997,51.636704300000005,0.0 13.23625922,51.63662819999999,0.0 13.236238519999999,51.63657713999999,0.0</coordinates>
                </LineString>
                <LineString id="56942">
                    <coordinates>13.236238519999999,51.63657713999999,0.0 13.236162600000002,51.63640689,0.0 13.236136820000002,51.63629383,0.0 13.23613286,51.63624321,0.0</coordinates>
                </LineString>
                <LineString id="56944">
                    <coordinates>13.23613286,51.63624321,0.0 13.23611475,51.63617863,0.0 13.23606541,51.636069,0.0</coordinates>
                </LineString>
                <LineString id="56946">
                    <coordinates>13.23606541,51.636069,0.0 13.235993569999998,51.63592624,0.0 13.235946859999999,51.63585003,0.0</coordinates>
                </LineString>
                <LineString id="56948">
                    <coordinates>13.235946859999999,51.63585003,0.0 13.23587602,51.63568603,0.0</coordinates>
                </LineString>
                <LineString id="56950">
                    <coordinates>13.23587602,51.63568603,0.0 13.23583796,51.63560805,0.0</coordinates>
                </LineString>
                <LineString id="56952">
                    <coordinates>13.235707739999999,51.63541166,0.0 13.23581184,51.635382629999995,0.0</coordinates>
                </LineString>
                <LineString id="56954">
                    <coordinates>13.23583796,51.63560805,0.0 13.235707739999999,51.63541166,0.0</coordinates>
                </LineString>
                <LineString id="56956">
                    <coordinates>13.23581184,51.635382629999995,0.0 13.235837419999998,51.63537384999999,0.0</coordinates>
                </LineString>
                <LineString id="56958">
                    <coordinates>13.235837419999998,51.63537384999999,0.0 13.235821199999998,51.635341719999985,0.0 13.235822229999998,51.63533076,0.0 13.23583509,51.63532137,0.0 13.23590294,51.63530255999999,0.0 13.236139039999998,51.63525316,0.0 13.23665461,51.63516624999999,0.0 13.23706485,51.63516940000001,0.0 13.237359559999998,51.63518678999999,0.0</coordinates>
                </LineString>
                <LineString id="56960">
                    <coordinates>13.237359559999998,51.63518678999999,0.0 13.23741936,51.63518992000001,0.0 13.23766411,51.63520120999999,0.0</coordinates>
                </LineString>
                <LineString id="56962">
                    <coordinates>13.23766411,51.63520120999999,0.0 13.23786331,51.63520775,0.0 13.23787328,51.63521353000001,0.0 13.237979,51.63521401,0.0 13.23805248,51.63521210999999,0.0 13.23809319,51.63521096000001,0.0 13.23827169,51.63521618999999,0.0</coordinates>
                </LineString>
                <LineString id="56964">
                    <coordinates>13.23570511,51.63540780999999,0.0 13.23564031,51.63529373,0.0 13.23553009,51.63515344,0.0</coordinates>
                </LineString>
                <LineString id="56966">
                    <coordinates>13.235529199999998,51.63515077999998,0.0 13.23564269,51.63511639000001,0.0</coordinates>
                </LineString>
                <LineString id="56968">
                    <coordinates>13.23553009,51.63515344,0.0 13.235529199999998,51.63515077999998,0.0</coordinates>
                </LineString>
                <LineString id="56970">
                    <coordinates>13.235529199999998,51.63515077999998,0.0 13.23552838,51.63514979,0.0</coordinates>
                </LineString>
                <LineString id="56972">
                    <coordinates>13.23553009,51.63515344,0.0 13.23543355,51.63518148,0.0</coordinates>
                </LineString>
                <LineString id="56974">
                    <coordinates>13.23552838,51.63514979,0.0 13.235491579999998,51.635102799999984,0.0 13.23538367,51.63496067,0.0 13.235372660000001,51.63494407999999,0.0</coordinates>
                </LineString>
                <LineString id="56976">
                    <coordinates>13.23515491,51.63465906999999,0.0 13.23514462,51.634646499999995,0.0</coordinates>
                </LineString>
                <LineString id="56978">
                    <coordinates>13.235372660000001,51.63494407999999,0.0 13.235298149999998,51.63483939999999,0.0 13.23524662,51.63477896999999,0.0 13.235211149999998,51.63473182999999,0.0 13.23515491,51.63465906999999,0.0</coordinates>
                </LineString>
                <LineString id="56980">
                    <coordinates>13.23514462,51.634646499999995,0.0 13.235057029999997,51.63453569,0.0 13.23498041,51.634434999999996,0.0</coordinates>
                </LineString>
                <LineString id="56982">
                    <coordinates>13.23498041,51.634434999999996,0.0 13.234933939999998,51.63436777999999,0.0</coordinates>
                </LineString>
                <LineString id="56984">
                    <coordinates>13.234933939999998,51.63436777999999,0.0 13.23489569,51.63430990999999,0.0</coordinates>
                </LineString>
                <LineString id="56986">
                    <coordinates>13.234721929999997,51.634094839999996,0.0 13.23467085,51.63409739,0.0 13.23440402,51.63410486,0.0 13.23390061,51.63412729,0.0 13.233598709999999,51.63413965000001,0.0 13.23334055,51.634149320000006,0.0 13.233140019999999,51.63415757999999,0.0 13.232998369999999,51.6341662,0.0 13.232855259999997,51.6341789,0.0 13.232736959999999,51.6341938,0.0 13.23271838,51.63426424,0.0 13.232671900000001,51.634280989999986,0.0</coordinates>
                </LineString>
                <LineString id="56988">
                    <coordinates>13.23489569,51.63430990999999,0.0 13.234854669999999,51.63425486999999,0.0 13.234721929999997,51.634094839999996,0.0</coordinates>
                </LineString>
                <LineString id="56990">
                    <coordinates>13.234721929999997,51.634094839999996,0.0 13.23456299,51.63391946,0.0</coordinates>
                </LineString>
                <LineString id="56992">
                    <coordinates>13.234493019999999,51.63383485,0.0 13.234460999999998,51.63379457,0.0</coordinates>
                </LineString>
                <LineString id="56994">
                    <coordinates>13.234460999999998,51.63379457,0.0 13.234373110000002,51.63368655000001,0.0 13.23432052,51.633608970000004,0.0</coordinates>
                </LineString>
                <LineString id="56996">
                    <coordinates>13.23432052,51.633608970000004,0.0 13.234291869999998,51.63354512,0.0 13.23417769,51.63337216,0.0</coordinates>
                </LineString>
                <LineString id="56998">
                    <coordinates>13.23417769,51.63337216,0.0 13.234129689999998,51.63328159999999,0.0</coordinates>
                </LineString>
                <LineString id="57000">
                    <coordinates>13.234129689999998,51.63328159999999,0.0 13.23408249,51.633204510000006,0.0 13.23407116,51.63318409,0.0</coordinates>
                </LineString>
                <LineString id="57002">
                    <coordinates>13.23407116,51.63318409,0.0 13.234206399999998,51.633156119999995,0.0</coordinates>
                </LineString>
                <LineString id="57004">
                    <coordinates>13.23407116,51.63318409,0.0 13.23402406,51.63309896999999,0.0 13.233997709999999,51.63305404,0.0</coordinates>
                </LineString>
                <LineString id="57006">
                    <coordinates>13.233997709999999,51.63305404,0.0 13.233895079999998,51.632850369999986,0.0 13.23386252,51.63278408000001,0.0</coordinates>
                </LineString>
                <LineString id="57008">
                    <coordinates>13.23372028,51.6324689,0.0 13.233866239999998,51.63244727000001,0.0</coordinates>
                </LineString>
                <LineString id="57010">
                    <coordinates>13.23386252,51.63278408000001,0.0 13.23382009,51.63270707000001,0.0 13.233766940000002,51.6325935,0.0 13.23372028,51.6324689,0.0</coordinates>
                </LineString>
                <LineString id="57012">
                    <coordinates>13.233688099999998,51.632387619999996,0.0 13.233685600000001,51.6323823,0.0</coordinates>
                </LineString>
                <LineString id="57014">
                    <coordinates>13.23372028,51.6324689,0.0 13.233688099999998,51.632387619999996,0.0</coordinates>
                </LineString>
                <LineString id="57016">
                    <coordinates>13.23368241,51.63237487999999,0.0 13.233621309999998,51.632232339999995,0.0</coordinates>
                </LineString>
                <LineString id="57018">
                    <coordinates>13.23351265,51.63204914999999,0.0 13.233488739999999,51.631969850000004,0.0 13.23345169,51.631838989999984,0.0 13.233409369999997,51.63168957,0.0</coordinates>
                </LineString>
                <LineString id="57020">
                    <coordinates>13.23338532,51.63160408000001,0.0 13.23351667,51.63158757,0.0</coordinates>
                </LineString>
                <LineString id="57022">
                    <coordinates>13.23351667,51.63158757,0.0 13.23355031,51.63157139,0.0</coordinates>
                </LineString>
                <LineString id="57024">
                    <coordinates>13.232071759999997,51.618714109999985,0.0 13.232100169999999,51.618709869999996,0.0 13.232328010000002,51.618801770000005,0.0 13.232770819999997,51.618986359999994,0.0 13.23282709,51.61901237,0.0 13.233177709999998,51.61913341000001,0.0 13.233244069999998,51.619155809999995,0.0 13.23350901,51.619273789999994,0.0 13.23367985,51.619348089999995,0.0 13.23409144,51.61953194,0.0 13.23453499,51.61972917,0.0</coordinates>
                </LineString>
                <LineString id="57026">
                    <coordinates>13.23453499,51.61972917,0.0 13.234669899999998,51.61978887,0.0</coordinates>
                </LineString>
                <LineString id="57028">
                    <coordinates>13.2370813,51.63742258999999,0.0 13.237359029999999,51.63735931,0.0 13.23749546,51.637328589999996,0.0</coordinates>
                </LineString>
                <LineString id="57030">
                    <coordinates>13.23749546,51.637328589999996,0.0 13.23747905,51.63729871999999,0.0</coordinates>
                </LineString>
                <LineString id="57032">
                    <coordinates>13.23747905,51.63729871999999,0.0 13.23744461,51.63723365,0.0</coordinates>
                </LineString>
                <LineString id="57034">
                    <coordinates>13.23744461,51.63723365,0.0 13.2374292,51.637204559999994,0.0</coordinates>
                </LineString>
                <LineString id="57036">
                    <coordinates>13.2374292,51.637204559999994,0.0 13.237464649999996,51.63719771,0.0 13.23754247,51.637178809999995,0.0</coordinates>
                </LineString>
                <LineString id="57038">
                    <coordinates>13.238102389999998,51.637007229999995,0.0 13.238268299999996,51.63693412999999,0.0 13.23839986,51.636875319999994,0.0 13.23858048,51.63679559999999,0.0 13.238479490000001,51.63671203,0.0 13.238471749999997,51.63671390999999,0.0</coordinates>
                </LineString>
                <LineString id="57040">
                    <coordinates>13.23754247,51.637178809999995,0.0 13.23772543,51.63712957999999,0.0 13.23793934,51.63706602,0.0 13.237986839999998,51.63705807,0.0 13.238102389999998,51.637007229999995,0.0</coordinates>
                </LineString>
                <LineString id="57042">
                    <coordinates>13.23753141,51.63731952,0.0 13.23770344,51.63727183,0.0 13.237725199999998,51.63726337000001,0.0 13.23787454,51.63720769999999,0.0</coordinates>
                </LineString>
                <LineString id="57044">
                    <coordinates>13.23753141,51.63731952,0.0 13.237549129999998,51.63734592,0.0</coordinates>
                </LineString>
                <LineString id="57046">
                    <coordinates>13.23749546,51.637328589999996,0.0 13.23753141,51.63731952,0.0</coordinates>
                </LineString>
                <LineString id="57048">
                    <coordinates>13.237549129999998,51.63734592,0.0 13.237661249999999,51.63751098999999,0.0 13.23767829,51.63753656000001,0.0</coordinates>
                </LineString>
                <LineString id="57050">
                    <coordinates>13.23767829,51.63753656000001,0.0 13.237748609999999,51.637662959999986,0.0 13.23780548,51.63776912,0.0 13.237851999999998,51.637890569999996,0.0</coordinates>
                </LineString>
                <LineString id="57052">
                    <coordinates>13.237851999999998,51.637890569999996,0.0 13.237858890000002,51.63790526,0.0</coordinates>
                </LineString>
                <LineString id="57054">
                    <coordinates>13.23799399,51.637161890000016,0.0 13.23817434,51.63709151,0.0</coordinates>
                </LineString>
                <LineString id="57056">
                    <coordinates>13.23880627,51.63682531,0.0 13.238924269999998,51.636759119999994,0.0 13.23901738,51.63670479999999,0.0</coordinates>
                </LineString>
                <LineString id="57058">
                    <coordinates>13.238620490000002,51.63691178,0.0 13.23875442,51.63685498000001,0.0 13.23880627,51.63682531,0.0</coordinates>
                </LineString>
                <LineString id="57060">
                    <coordinates>13.23901738,51.63670479999999,0.0 13.239139420000003,51.63663344,0.0</coordinates>
                </LineString>
                <LineString id="57062">
                    <coordinates>13.239139420000003,51.63663344,0.0 13.23934375,51.63651510999998,0.0 13.23944772,51.63645434,0.0</coordinates>
                </LineString>
                <LineString id="57064">
                    <coordinates>13.23944772,51.63645434,0.0 13.23950919,51.63641611999999,0.0 13.239722249999996,51.63628073,0.0 13.239767659999998,51.636251189999996,0.0</coordinates>
                </LineString>
                <LineString id="57066">
                    <coordinates>13.239767659999998,51.636251189999996,0.0 13.23986481,51.63619163,0.0</coordinates>
                </LineString>
                <LineString id="57068">
                    <coordinates>13.23986481,51.63619163,0.0 13.239940060000002,51.63614612,0.0 13.240090069999999,51.63605841,0.0</coordinates>
                </LineString>
                <LineString id="57070">
                    <coordinates>13.24000957,51.6360065,0.0 13.240090069999999,51.63605841,0.0</coordinates>
                </LineString>
                <LineString id="57072">
                    <coordinates>13.24000957,51.6360065,0.0 13.23997938,51.635985319999996,0.0</coordinates>
                </LineString>
                <LineString id="57074">
                    <coordinates>13.240090069999999,51.63605841,0.0 13.2401196,51.636040779999995,0.0</coordinates>
                </LineString>
                <LineString id="57076">
                    <coordinates>13.2401196,51.636040779999995,0.0 13.240334239999997,51.635910479999986,0.0</coordinates>
                </LineString>
                <LineString id="57078">
                    <coordinates>13.241271279999998,51.63558388999999,0.0 13.241247309999999,51.63557774999999,0.0 13.24120536,51.63556693999999,0.0 13.241187840000002,51.635565570000004,0.0 13.241125289999998,51.63556753999999,0.0</coordinates>
                </LineString>
                <LineString id="57080">
                    <coordinates>13.257233909999998,51.64038733999999,0.0 13.25717887,51.64037964,0.0 13.25720593,51.64028093999999,0.0 13.257239129999999,51.64019459,0.0 13.25730225,51.6400169,0.0 13.25735765,51.639859349999995,0.0 13.25717924,51.63983986000001,0.0</coordinates>
                </LineString>
                <LineString id="57082">
                    <coordinates>13.26114037,51.64156817,0.0 13.261144109999998,51.641563399999995,0.0</coordinates>
                </LineString>
                <LineString id="57084">
                    <coordinates>13.261387689999998,51.64166494,0.0 13.261335370000001,51.64172781999999,0.0</coordinates>
                </LineString>
                <LineString id="57086">
                    <coordinates>13.261443559999998,51.641766849999996,0.0 13.261335370000001,51.64172781999999,0.0</coordinates>
                </LineString>
                <LineString id="57088">
                    <coordinates>13.26149179,51.641784439999995,0.0 13.26145186,51.641769829999994,0.0 13.261443559999998,51.641766849999996,0.0</coordinates>
                </LineString>
                <LineString id="57090">
                    <coordinates>13.267118709999998,51.64257796,0.0 13.267282709999998,51.64279387999999,0.0</coordinates>
                </LineString>
                <LineString id="57092">
                    <coordinates>13.23787454,51.63720769999999,0.0 13.23799399,51.637161890000016,0.0</coordinates>
                </LineString>
                <LineString id="57094">
                    <coordinates>13.23462975,51.63380097999998,0.0 13.2345054,51.63383179,0.0</coordinates>
                </LineString>
                <LineString id="57096">
                    <coordinates>13.2345054,51.63383179,0.0 13.234493019999999,51.63383485,0.0</coordinates>
                </LineString>
                <LineString id="57098">
                    <coordinates>13.23456299,51.63391946,0.0 13.234493019999999,51.63383485,0.0</coordinates>
                </LineString>
                <LineString id="57100">
                    <coordinates>13.23485753,51.63374461,0.0 13.234867569999999,51.63375705,0.0</coordinates>
                </LineString>
                <LineString id="57102">
                    <coordinates>13.233621309999998,51.632232339999995,0.0 13.233595599999997,51.6321868,0.0 13.233565730000002,51.63215324999999,0.0 13.23353297,51.632116149999995,0.0 13.23351265,51.63204914999999,0.0</coordinates>
                </LineString>
                <LineString id="57104">
                    <coordinates>13.235512179999999,51.638577149999996,0.0 13.235336019999998,51.638600069999995,0.0</coordinates>
                </LineString>
                <LineString id="57106">
                    <coordinates>13.236233230000002,51.63852854000001,0.0 13.23609829,51.638530669999994,0.0 13.23579843,51.63854944999999,0.0 13.2355187,51.638576269999994,0.0 13.235512179999999,51.638577149999996,0.0</coordinates>
                </LineString>
                <LineString id="57108">
                    <coordinates>13.171539919999999,51.60149473999999,0.0 13.1716995,51.60137065,0.0 13.17167278,51.60135723,0.0</coordinates>
                </LineString>
                <LineString id="57110">
                    <coordinates>13.267282709999998,51.64279387999999,0.0 13.267283749999999,51.642795279999994,0.0 13.26734868,51.642882959999994,0.0</coordinates>
                </LineString>
                <LineString id="57112">
                    <coordinates>13.234644960000002,51.63379723,0.0 13.23485753,51.63374461,0.0</coordinates>
                </LineString>
                <LineString id="57114">
                    <coordinates>13.234637429999998,51.63379910999999,0.0 13.234644960000002,51.63379723,0.0</coordinates>
                </LineString>
                <LineString id="57116">
                    <coordinates>13.23462975,51.63380097999998,0.0 13.234637429999998,51.63379910999999,0.0</coordinates>
                </LineString>
                <LineString id="57118">
                    <coordinates>13.23338532,51.63160408000001,0.0 13.233291710000001,51.63144326999999,0.0 13.233213589999998,51.63119702,0.0 13.23316232,51.63101162,0.0 13.23305681,51.63066736,0.0 13.23297898,51.63034307,0.0 13.23287605,51.63005932,0.0 13.23279967,51.629828980000006,0.0 13.232635799999999,51.62955413999998,0.0 13.232371290000001,51.62928324,0.0 13.232112509999999,51.62886593999999,0.0 13.23197074,51.62863748,0.0 13.23185769,51.62845419,0.0 13.23165483,51.62811363,0.0 13.231605330000002,51.628038370000006,0.0 13.2313509,51.627619849999995,0.0 13.231092139999998,51.627201279999994,0.0 13.230789800000002,51.62672253000001,0.0 13.230752490000002,51.62667185,0.0 13.2309623,51.626305159999994,0.0 13.230946790000003,51.626232019999996,0.0 13.23089152,51.626095049999996,0.0 13.23076138,51.62589923,0.0 13.23041322,51.625355539999994,0.0 13.230268200000001,51.62511526,0.0</coordinates>
                </LineString>
                <LineString id="57120">
                    <coordinates>13.241382660000001,51.63530951,0.0 13.241438279999999,51.635245319999996,0.0 13.241455159999997,51.635225559999995,0.0</coordinates>
                </LineString>
                <LineString id="57122">
                    <coordinates>13.23817434,51.63709151,0.0 13.238304509999999,51.63704869,0.0 13.238605,51.63691838,0.0 13.238620490000002,51.63691178,0.0</coordinates>
                </LineString>
                <LineString id="57124">
                    <coordinates>13.236727490000002,51.63724221,0.0 13.23673253,51.6372513,0.0 13.23677363,51.637326330000015,0.0 13.23682264,51.637484459999996,0.0 13.236891399999998,51.63746811,0.0 13.237000649999997,51.637443649999994,0.0 13.2370813,51.63742258999999,0.0</coordinates>
                </LineString>
                <LineString id="57126">
                    <coordinates>13.238846349999998,51.63767061999999,0.0 13.23832889,51.63762597,0.0 13.237769209999998,51.63775955,0.0 13.237602960000002,51.63778776,0.0 13.237483969999998,51.637812879999984,0.0 13.237459009999998,51.63779931999999,0.0 13.23732941,51.63775802999999,0.0 13.23718355,51.63764275999999,0.0 13.23716339,51.63759438,0.0 13.237109909999997,51.63751141,0.0 13.2370813,51.63742258999999,0.0</coordinates>
                </LineString>
                <LineString id="57128">
                    <coordinates>13.20079915,51.62522701999999,0.0 13.20085678,51.6254448,0.0 13.200891490000002,51.62556472,0.0</coordinates>
                </LineString>
                <LineString id="57130">
                    <coordinates>13.200891490000002,51.62556472,0.0 13.200701679999998,51.62571395,0.0</coordinates>
                </LineString>
                <LineString id="57132">
                    <coordinates>13.200701679999998,51.62571395,0.0 13.2003598,51.62589381000001,0.0</coordinates>
                </LineString>
                <LineString id="57134">
                    <coordinates>13.2003598,51.62589381000001,0.0 13.200042679999996,51.62606016,0.0</coordinates>
                </LineString>
                <LineString id="57136">
                    <coordinates>13.200042679999996,51.62606016,0.0 13.199896059999999,51.62613384,0.0</coordinates>
                </LineString>
                <LineString id="57138">
                    <coordinates>13.199896059999999,51.62613384,0.0 13.199579999999997,51.62630163,0.0 13.199459699999998,51.62636436999999,0.0</coordinates>
                </LineString>
                <LineString id="57140">
                    <coordinates>13.20079915,51.62522701999999,0.0 13.200700639999997,51.62495039999999,0.0 13.200661739999997,51.62484209999999,0.0</coordinates>
                </LineString>
                <LineString id="57142">
                    <coordinates>13.200661739999997,51.62484209999999,0.0 13.200527979999999,51.62447908,0.0 13.20051421,51.62433322999999,0.0</coordinates>
                </LineString>
                <LineString id="57144">
                    <coordinates>13.20051421,51.62433322999999,0.0 13.20050029,51.624197370000005,0.0</coordinates>
                </LineString>
                <LineString id="57146">
                    <coordinates>13.20050029,51.624197370000005,0.0 13.20048059,51.624009150000006,0.0</coordinates>
                </LineString>
                <LineString id="57148">
                    <coordinates>13.20048059,51.624009150000006,0.0 13.20047855,51.62397255999999,0.0 13.200518449999999,51.62384921999998,0.0 13.20053618,51.62383982999999,0.0</coordinates>
                </LineString>
                <LineString id="57150">
                    <coordinates>13.20053618,51.62383982999999,0.0 13.200561899999999,51.623831319999994,0.0 13.200863260000002,51.62361721,0.0</coordinates>
                </LineString>
                <LineString id="57152">
                    <coordinates>13.19991113,51.62393003999999,0.0 13.19965283,51.62415327,0.0</coordinates>
                </LineString>
                <LineString id="57154">
                    <coordinates>13.19965283,51.62415327,0.0 13.199267340000002,51.624277170000006,0.0 13.199071799999999,51.624079509999994,0.0</coordinates>
                </LineString>
                <LineString id="57156">
                    <coordinates>13.19983055,51.623646120000004,0.0 13.19940663,51.62344984,0.0</coordinates>
                </LineString>
                <LineString id="57158">
                    <coordinates>13.19945922,51.623262489999995,0.0 13.199356609999999,51.62310296999999,0.0</coordinates>
                </LineString>
                <LineString id="57160">
                    <coordinates>13.19940663,51.62344984,0.0 13.1989122,51.62325501,0.0 13.198669289999996,51.62316561,0.0</coordinates>
                </LineString>
                <LineString id="57162">
                    <coordinates>13.19940663,51.62344984,0.0 13.19882063,51.623456829999995,0.0</coordinates>
                </LineString>
                <LineString id="57164">
                    <coordinates>13.199356609999999,51.62310296999999,0.0 13.19924699,51.62293421999999,0.0</coordinates>
                </LineString>
                <LineString id="57166">
                    <coordinates>13.19882063,51.623456829999995,0.0 13.198383299999998,51.623483629999996,0.0</coordinates>
                </LineString>
                <LineString id="57168">
                    <coordinates>13.19924699,51.62293421999999,0.0 13.199103139999998,51.62264864999999,0.0</coordinates>
                </LineString>
                <LineString id="57170">
                    <coordinates>13.199103139999998,51.62264864999999,0.0 13.199070379999998,51.62255936999999,0.0 13.19901181,51.622342709999984,0.0 13.198987779999998,51.62216366999998,0.0</coordinates>
                </LineString>
                <LineString id="57172">
                    <coordinates>13.198383299999998,51.623483629999996,0.0 13.197854620000001,51.62357783999999,0.0</coordinates>
                </LineString>
                <LineString id="57174">
                    <coordinates>13.197854620000001,51.62357783999999,0.0 13.19756914,51.62362986,0.0</coordinates>
                </LineString>
                <LineString id="57176">
                    <coordinates>13.197083229999999,51.62372729999999,0.0 13.19684548,51.623774960000006,0.0 13.196597049999998,51.62382552999998,0.0</coordinates>
                </LineString>
                <LineString id="57178">
                    <coordinates>13.200863260000002,51.62361721,0.0 13.20099323,51.62327607000001,0.0 13.201024639999996,51.62319738,0.0</coordinates>
                </LineString>
                <LineString id="57180">
                    <coordinates>13.200863260000002,51.62361721,0.0 13.20132004,51.62350278,0.0</coordinates>
                </LineString>
                <LineString id="57182">
                    <coordinates>13.20132004,51.62350278,0.0 13.2013759,51.623438619999995,0.0</coordinates>
                </LineString>
                <LineString id="57184">
                    <coordinates>13.2013759,51.623438619999995,0.0 13.2015369,51.62326689999999,0.0 13.2016403,51.62315927999999,0.0</coordinates>
                </LineString>
                <LineString id="57186">
                    <coordinates>13.20122651,51.62279944999999,0.0 13.201325119999998,51.62267271,0.0 13.20141282,51.6225582,0.0 13.201546319999999,51.622373319999994,0.0</coordinates>
                </LineString>
                <LineString id="57188">
                    <coordinates>13.201546319999999,51.622373319999994,0.0 13.201843250000001,51.62211608,0.0 13.201877190000001,51.622086030000006,0.0</coordinates>
                </LineString>
                <LineString id="57190">
                    <coordinates>13.201877190000001,51.622086030000006,0.0 13.20162917,51.62198693,0.0 13.201597800000002,51.622003209999995,0.0</coordinates>
                </LineString>
                <LineString id="57192">
                    <coordinates>13.201877190000001,51.622086030000006,0.0 13.20213691,51.62167472,0.0</coordinates>
                </LineString>
                <LineString id="57194">
                    <coordinates>13.20213691,51.62167472,0.0 13.202225859999999,51.621560169999995,0.0 13.202386960000002,51.6213924,0.0</coordinates>
                </LineString>
                <LineString id="57196">
                    <coordinates>13.202386960000002,51.6213924,0.0 13.202952250000001,51.621270589999995,0.0</coordinates>
                </LineString>
                <LineString id="57198">
                    <coordinates>13.202386960000002,51.6213924,0.0 13.20311128,51.62154246999999,0.0 13.20324444,51.62155971999999,0.0 13.203528399999998,51.621624249999996,0.0</coordinates>
                </LineString>
                <LineString id="57200">
                    <coordinates>13.202386960000002,51.6213924,0.0 13.2029188,51.62107929,0.0 13.20321999,51.62088888,0.0</coordinates>
                </LineString>
                <LineString id="57202">
                    <coordinates>13.20321999,51.62088888,0.0 13.203454979999998,51.62065457999999,0.0 13.20353083,51.62057987,0.0</coordinates>
                </LineString>
                <LineString id="57204">
                    <coordinates>13.20353083,51.62057987,0.0 13.203734739999998,51.62067135,0.0</coordinates>
                </LineString>
                <LineString id="57206">
                    <coordinates>13.20353083,51.62057987,0.0 13.203744779999997,51.620370539999996,0.0</coordinates>
                </LineString>
                <LineString id="57208">
                    <coordinates>13.203744779999997,51.620370539999996,0.0 13.20389519,51.62022652,0.0</coordinates>
                </LineString>
                <LineString id="57210">
                    <coordinates>13.20389519,51.62022652,0.0 13.204099350000002,51.62002573000001,0.0 13.204122629999999,51.61998337,0.0 13.204184630000002,51.619914310000006,0.0</coordinates>
                </LineString>
                <LineString id="57212">
                    <coordinates>13.204184630000002,51.619914310000006,0.0 13.20412618,51.6198268,0.0</coordinates>
                </LineString>
                <LineString id="57214">
                    <coordinates>13.20412618,51.6198268,0.0 13.204360299999998,51.619568789999995,0.0</coordinates>
                </LineString>
                <LineString id="57216">
                    <coordinates>13.204360299999998,51.619568789999995,0.0 13.2045764,51.61928524,0.0 13.204611139999999,51.61919004999999,0.0</coordinates>
                </LineString>
                <LineString id="57218">
                    <coordinates>13.204611139999999,51.61919004999999,0.0 13.20486054,51.61880495,0.0</coordinates>
                </LineString>
                <LineString id="57220">
                    <coordinates>13.20486054,51.61880495,0.0 13.20500155,51.618592500000005,0.0</coordinates>
                </LineString>
                <LineString id="57222">
                    <coordinates>13.205347849999999,51.618072789999985,0.0 13.206222019999998,51.61847820999999,0.0</coordinates>
                </LineString>
                <LineString id="57224">
                    <coordinates>13.205518330000002,51.61770392,0.0 13.20562516,51.61747060999999,0.0</coordinates>
                </LineString>
                <LineString id="57226">
                    <coordinates>13.20562516,51.61747060999999,0.0 13.20571326,51.61722308999999,0.0 13.20578095,51.61702498,0.0 13.205776719999998,51.61694324,0.0 13.2055451,51.61676625,0.0</coordinates>
                </LineString>
                <LineString id="57228">
                    <coordinates>13.2055451,51.61676625,0.0 13.2055815,51.61644401000001,0.0 13.20567075,51.61613250999999,0.0 13.20564056,51.615962059999994,0.0</coordinates>
                </LineString>
                <LineString id="57230">
                    <coordinates>13.2016403,51.62315927999999,0.0 13.20226342,51.6233252,0.0 13.20272653,51.6234538,0.0 13.20289108,51.62356588,0.0</coordinates>
                </LineString>
                <LineString id="57232">
                    <coordinates>13.2016403,51.62315927999999,0.0 13.201982889999998,51.62278464,0.0 13.202169529999999,51.622568099999995,0.0</coordinates>
                </LineString>
                <LineString id="57234">
                    <coordinates>13.202169529999999,51.622568099999995,0.0 13.20242741,51.62233235,0.0</coordinates>
                </LineString>
                <LineString id="57236">
                    <coordinates>13.20242741,51.62233235,0.0 13.202552819999996,51.622175699999985,0.0 13.202656999999999,51.622023659999996,0.0</coordinates>
                </LineString>
                <LineString id="57238">
                    <coordinates>13.242348809999998,51.63588862,0.0 13.24249229,51.63593813999999,0.0</coordinates>
                </LineString>
                <LineString id="57240">
                    <coordinates>13.24249229,51.63593813999999,0.0 13.24298841,51.63609348000001,0.0 13.24317885,51.636152639999985,0.0</coordinates>
                </LineString>
                <LineString id="57242">
                    <coordinates>13.24382815,51.636364189999995,0.0 13.244227429999997,51.63650008999999,0.0 13.244270219999999,51.636514919999996,0.0 13.24472405,51.63666464,0.0</coordinates>
                </LineString>
                <LineString id="57244">
                    <coordinates>13.26278267,51.65015300999999,0.0 13.26274849,51.650357619999994,0.0 13.262657709999997,51.65084199999999,0.0 13.262602449999997,51.65113941999999,0.0</coordinates>
                </LineString>
                <LineString id="57246">
                    <coordinates>13.264168459999999,51.642887019999996,0.0 13.26482482,51.64238644,0.0</coordinates>
                </LineString>
                <LineString id="57248">
                    <coordinates>13.26482482,51.64238644,0.0 13.26489909,51.642341249999994,0.0 13.26492568,51.64232491,0.0 13.265052519999998,51.642236869999984,0.0 13.26510271,51.64220090999999,0.0</coordinates>
                </LineString>
                <LineString id="57250">
                    <coordinates>13.26537874,51.64200568,0.0 13.265684459999997,51.64178982999999,0.0 13.26577495,51.6417266,0.0</coordinates>
                </LineString>
                <LineString id="57252">
                    <coordinates>13.26577495,51.6417266,0.0 13.26591213,51.64165243,0.0 13.266024949999998,51.64159306999999,0.0</coordinates>
                </LineString>
                <LineString id="57254">
                    <coordinates>13.266024949999998,51.64159306999999,0.0 13.26595468,51.64147971999999,0.0</coordinates>
                </LineString>
                <LineString id="57256">
                    <coordinates>13.266024949999998,51.64159306999999,0.0 13.26633485,51.64190336,0.0 13.26647687,51.64204883,0.0 13.26661744,51.642194,0.0 13.266748589999999,51.64232981,0.0 13.26687558,51.64246532,0.0 13.266965979999997,51.642571659999994,0.0 13.267118709999998,51.64257796,0.0</coordinates>
                </LineString>
                <LineString id="57258">
                    <coordinates>13.235336019999998,51.638600069999995,0.0 13.234991910000002,51.63864295,0.0 13.234659799999996,51.63869630000001,0.0 13.23438137,51.63873971000001,0.0 13.23404302,51.638793269999994,0.0 13.23381112,51.6388303,0.0</coordinates>
                </LineString>
                <LineString id="57260">
                    <coordinates>13.23671339,51.63896389,0.0 13.236734909999997,51.638954639999994,0.0 13.23679983,51.63893714,0.0 13.23704674,51.638870029999985,0.0 13.237231919999997,51.63896781999998,0.0 13.23736288,51.63903924,0.0</coordinates>
                </LineString>
                <LineString id="57262">
                    <coordinates>13.23736288,51.63903924,0.0 13.23776483,51.63925654999999,0.0</coordinates>
                </LineString>
                <LineString id="57264">
                    <coordinates>13.231224879999997,51.62119843,0.0 13.23144679,51.62113085,0.0</coordinates>
                </LineString>
                <LineString id="57266">
                    <coordinates>13.23180764,51.620179859999986,0.0 13.231812799999998,51.62016315,0.0 13.23196006,51.619684369999995,0.0 13.23207266,51.61931571,0.0 13.232202900000003,51.61887777999999,0.0 13.232071759999997,51.618714109999985,0.0</coordinates>
                </LineString>
                <LineString id="57268">
                    <coordinates>13.23144679,51.62113085,0.0 13.231595119999998,51.62083352,0.0 13.231637930000002,51.62071476999999,0.0 13.23174351,51.62038950000001,0.0 13.23180764,51.620179859999986,0.0</coordinates>
                </LineString>
                <LineString id="57270">
                    <coordinates>13.22996031,51.62363784,0.0 13.230014300000002,51.623422139999995,0.0 13.23008158,51.62317521,0.0 13.23013316,51.62298473,0.0 13.23027034,51.62278536,0.0 13.230439219999997,51.62251685,0.0 13.230596649999999,51.622272779999996,0.0 13.23074898,51.622042189999995,0.0 13.23084396,51.62188867999999,0.0 13.230853819999998,51.62186897,0.0</coordinates>
                </LineString>
                <LineString id="57272">
                    <coordinates>13.229939899999998,51.624632829999996,0.0 13.229946549999998,51.62464398,0.0 13.22977136,51.62438469999999,0.0</coordinates>
                </LineString>
                <LineString id="57274">
                    <coordinates>13.25724465,51.64037185999999,0.0 13.24597644,51.637108729999994,0.0</coordinates>
                </LineString>
                <LineString id="57276">
                    <coordinates>13.261144109999998,51.641563399999995,0.0 13.25724465,51.64037185999999,0.0</coordinates>
                </LineString>
                <LineString id="57278">
                    <coordinates>13.24162845,51.63563559999999,0.0 13.241818030000001,51.63570363,0.0</coordinates>
                </LineString>
                <LineString id="57280">
                    <coordinates>13.241818030000001,51.63570363,0.0 13.242031139999998,51.63577755999999,0.0 13.242323469999999,51.635879419999995,0.0</coordinates>
                </LineString>
                <LineString id="57282">
                    <coordinates>13.242323469999999,51.635879419999995,0.0 13.242348809999998,51.63588862,0.0</coordinates>
                </LineString>
                <LineString id="57284">
                    <coordinates>13.26237292,51.64209744,0.0 13.263084029999998,51.64239915999999,0.0</coordinates>
                </LineString>
                <LineString id="57286">
                    <coordinates>13.26149179,51.641784439999995,0.0 13.261817519999997,51.64188631999998,0.0</coordinates>
                </LineString>
                <LineString id="57288">
                    <coordinates>13.261817519999997,51.64188631999998,0.0 13.26237292,51.64209744,0.0</coordinates>
                </LineString>
                <LineString id="57290">
                    <coordinates>13.26353191,51.64260409,0.0 13.263084029999998,51.64239915999999,0.0</coordinates>
                </LineString>
                <LineString id="57292">
                    <coordinates>13.264168459999999,51.642887019999996,0.0 13.26353191,51.64260409,0.0</coordinates>
                </LineString>
                <LineString id="57294">
                    <coordinates>13.262602449999997,51.65113941999999,0.0 13.26256267,51.65135486999999,0.0 13.262474239999998,51.65185775999999,0.0 13.26243886,51.652048269999995,0.0 13.26242858,51.652080430000005,0.0</coordinates>
                </LineString>
                <LineString id="57296">
                    <coordinates>13.19756914,51.62362986,0.0 13.197083229999999,51.62372729999999,0.0</coordinates>
                </LineString>
                <LineString id="57298">
                    <coordinates>13.198987779999998,51.62216366999998,0.0 13.199168090000002,51.62196279999999,0.0 13.199210080000002,51.62191652,0.0</coordinates>
                </LineString>
                <LineString id="57300">
                    <coordinates>13.198669289999996,51.62316561,0.0 13.198088400000001,51.622957740000004,0.0 13.19760912,51.62278532999999,0.0</coordinates>
                </LineString>
                <LineString id="57302">
                    <coordinates>13.197021169999998,51.622649020000004,0.0 13.19760912,51.62278532999999,0.0</coordinates>
                </LineString>
                <LineString id="57304">
                    <coordinates>13.262916599999999,51.64942121,0.0 13.262829680000001,51.649872450000004,0.0 13.26278267,51.65015300999999,0.0</coordinates>
                </LineString>
                <LineString id="57306">
                    <coordinates>13.2631728,51.64809753999999,0.0 13.263154659999998,51.64819648999999,0.0 13.263122220000001,51.64835969,0.0 13.26309231,51.64852342,0.0 13.263014199999997,51.64892471999999,0.0 13.2629922,51.64903662,0.0</coordinates>
                </LineString>
                <LineString id="57308">
                    <coordinates>13.23010799,51.62487922999999,0.0 13.229939899999998,51.624632829999996,0.0</coordinates>
                </LineString>
                <LineString id="57310">
                    <coordinates>13.171648170000001,51.60132166,0.0 13.17162457,51.60133316,0.0</coordinates>
                </LineString>
                <LineString id="57312">
                    <coordinates>13.22977136,51.62438469999999,0.0 13.22982645,51.62415855,0.0 13.22988493,51.62393394,0.0 13.2299515,51.62367287,0.0 13.22996031,51.62363784,0.0</coordinates>
                </LineString>
                <LineString id="57314">
                    <coordinates>13.23837749,51.63959759,0.0 13.238426469999999,51.63955846999999,0.0 13.238578269999998,51.639639429999995,0.0</coordinates>
                </LineString>
                <LineString id="57316">
                    <coordinates>13.26510271,51.64220090999999,0.0 13.26501907,51.64212222,0.0</coordinates>
                </LineString>
                <LineString id="57318">
                    <coordinates>13.21073182,51.6176333,0.0 13.210713099999998,51.61762430999999,0.0 13.210702210000001,51.61762420000001,0.0 13.210691289999998,51.61761772,0.0 13.20998264,51.6177592,0.0 13.20996262,51.61775773,0.0 13.209958599999998,51.61775535999999,0.0</coordinates>
                </LineString>
                <LineString id="57320">
                    <coordinates>13.206915209999998,51.61835994,0.0 13.20692104,51.61832500999999,0.0 13.206930329999997,51.61822710999999,0.0 13.20703253,51.61819743,0.0 13.20727292,51.618187170000006,0.0 13.207515459999998,51.618157919999994,0.0 13.207693670000001,51.61812545,0.0 13.20799449,51.618072389999995,0.0 13.208266349999999,51.61802655000001,0.0 13.208525849999997,51.61798291,0.0 13.20885607,51.61793282000001,0.0 13.20913279,51.617887810000006,0.0 13.209441740000003,51.617835400000004,0.0 13.209749049999997,51.61778691999999,0.0 13.209958599999998,51.61775535999999,0.0</coordinates>
                </LineString>
                <LineString id="57322">
                    <coordinates>13.202656999999999,51.622023659999996,0.0 13.203298089999999,51.62207994999999,0.0</coordinates>
                </LineString>
                <LineString id="57324">
                    <coordinates>13.19983055,51.623646120000004,0.0 13.19989409,51.62384277,0.0 13.199899340000002,51.6238852,0.0 13.19991113,51.62393003999999,0.0</coordinates>
                </LineString>
                <LineString id="57326">
                    <coordinates>13.2629922,51.64903662,0.0 13.26292013,51.64940296,0.0 13.262916599999999,51.64942121,0.0</coordinates>
                </LineString>
                <LineString id="57328">
                    <coordinates>13.2384429,51.634901109999994,0.0 13.23816873,51.63490579,0.0 13.238143939999999,51.634903839999986,0.0 13.23793323,51.634889490000006,0.0 13.23775444,51.63487606999999,0.0 13.237685809999999,51.63487652,0.0 13.237685219999998,51.634891159999995,0.0</coordinates>
                </LineString>
                <LineString id="57330">
                    <coordinates>13.263704360000002,51.645219069999996,0.0 13.263691269999999,51.645333179999994,0.0 13.26366774,51.645518790000004,0.0 13.26365838,51.64559963999999,0.0 13.26361393,51.64584308,0.0 13.263581019999998,51.64601155,0.0 13.26355097,51.64617938999999,0.0 13.26351688,51.64635098,0.0 13.263483209999999,51.64652732999999,0.0 13.263451099999997,51.64668675,0.0 13.263417749999999,51.64685880999999,0.0 13.263384670000002,51.64701925,0.0 13.26334856,51.64719345,0.0 13.26331455,51.647362869999995,0.0 13.26328084,51.64753871,0.0 13.26324751,51.64771352999999,0.0 13.263214099999999,51.647874449999996,0.0 13.263184599999999,51.64803281,0.0 13.2631728,51.64809753999999,0.0</coordinates>
                </LineString>
                <LineString id="57332">
                    <coordinates>13.17153459,51.60149881,0.0 13.171539919999999,51.60149473999999,0.0</coordinates>
                </LineString>
                <LineString id="57334">
                    <coordinates>13.17050696,51.60233491999999,0.0 13.17077028,51.60209983,0.0 13.17094632,51.601947609999996,0.0 13.171086,51.60184071,0.0 13.171184870000001,51.60176705999999,0.0 13.171280970000002,51.60169814,0.0 13.17147991,51.60154132999999,0.0 13.17153459,51.60149881,0.0</coordinates>
                </LineString>
                <LineString id="57336">
                    <coordinates>13.20170082,51.62540121,0.0 13.201708480000002,51.625412090000005,0.0 13.20185621,51.62546122,0.0</coordinates>
                </LineString>
                <LineString id="57338">
                    <coordinates>13.201693440000001,51.625390859999996,0.0 13.20170082,51.62540121,0.0</coordinates>
                </LineString>
                <LineString id="57340">
                    <coordinates>13.26139561,51.64166476,0.0 13.261373479999998,51.641657419999994,0.0</coordinates>
                </LineString>
                <LineString id="57342">
                    <coordinates>13.261387689999998,51.64166494,0.0 13.261393759999999,51.64166676,0.0 13.26139561,51.64166476,0.0</coordinates>
                </LineString>
                <LineString id="57344">
                    <coordinates>13.236716099999999,51.63722157,0.0 13.236727490000002,51.63724221,0.0</coordinates>
                </LineString>
                <LineString id="57346">
                    <coordinates>13.24161884,51.635632089999994,0.0 13.241432629999998,51.63556498999999,0.0 13.241339750000002,51.635592859999996,0.0 13.241289600000002,51.63557938000001,0.0 13.241271279999998,51.63558388999999,0.0</coordinates>
                </LineString>
                <LineString id="57348">
                    <coordinates>13.24162845,51.63563559999999,0.0 13.24161884,51.635632089999994,0.0</coordinates>
                </LineString>
                <LineString id="57350">
                    <coordinates>13.24472405,51.63666464,0.0 13.24473433,51.63666816,0.0</coordinates>
                </LineString>
                <LineString id="57352">
                    <coordinates>13.24473433,51.63666816,0.0 13.24475796,51.63666614,0.0 13.24487841,51.63670046,0.0 13.245192869999999,51.636821299999994,0.0 13.24545438,51.63690223,0.0 13.245561839999997,51.636939489999996,0.0 13.245676699999999,51.63699710999999,0.0 13.245956159999999,51.63708062999999,0.0 13.24596026,51.63710388999999,0.0</coordinates>
                </LineString>
                <LineString id="57354">
                    <coordinates>13.26132907,51.64164255,0.0 13.261228780000001,51.64160995,0.0 13.261130539999998,51.64158102999999,0.0 13.26114037,51.64156817,0.0</coordinates>
                </LineString>
                <LineString id="57356">
                    <coordinates>13.261373479999998,51.641657419999994,0.0 13.261361649999998,51.64165316999999,0.0 13.26132907,51.64164255,0.0</coordinates>
                </LineString>
                <LineString id="57358">
                    <coordinates>13.171637519999999,51.60110809,0.0 13.170885779999999,51.600508129999994,0.0</coordinates>
                </LineString>
                <LineString id="57360">
                    <coordinates>13.171648170000001,51.60132166,0.0 13.17177896,51.60122104999999,0.0 13.171637519999999,51.60110809,0.0</coordinates>
                </LineString>
                <LineString id="57362">
                    <coordinates>13.19940663,51.62344984,0.0 13.19945922,51.623262489999995,0.0</coordinates>
                </LineString>
                <LineString id="57364">
                    <coordinates>13.263778859999999,51.64458056999999,0.0 13.263773429999999,51.64462951999999,0.0 13.263752449999997,51.64479836999999,0.0 13.263731209999998,51.64498154000001,0.0 13.263710919999998,51.64516248,0.0 13.263704360000002,51.645219069999996,0.0</coordinates>
                </LineString>
                <LineString id="57366">
                    <coordinates>13.264168459999999,51.642887019999996,0.0 13.26416291,51.642902029999995,0.0 13.26407816,51.64308461999999,0.0 13.26400487,51.643242439999995,0.0 13.26392764,51.64340548,0.0 13.263912890000002,51.64344669,0.0 13.26387699,51.64375894,0.0 13.263856809999998,51.64393677999999,0.0 13.263835250000001,51.64410703,0.0 13.26381394,51.644272959999995,0.0 13.263793469999996,51.644448329999996,0.0 13.263778859999999,51.64458056999999,0.0</coordinates>
                </LineString>
                <LineString id="57368">
                    <coordinates>13.236465010000002,51.63750286999999,0.0 13.236462609999998,51.63749305,0.0 13.236460390000001,51.637391879999996,0.0</coordinates>
                </LineString>
                <LineString id="57370">
                    <coordinates>13.231049779999998,51.62144102,0.0 13.231224879999997,51.62119843,0.0</coordinates>
                </LineString>
                <LineString id="57372">
                    <coordinates>13.237858890000002,51.63790526,0.0 13.237982549999998,51.63788570999999,0.0 13.2380108,51.63788189,0.0</coordinates>
                </LineString>
                <LineString id="57374">
                    <coordinates>13.234669899999998,51.61978887,0.0 13.234709620000002,51.61980657,0.0 13.234678000000002,51.620045929999996,0.0 13.234656659999999,51.620219129999995,0.0 13.23463073,51.62041072,0.0 13.234609459999998,51.6205858,0.0 13.234594099999999,51.62071095999999,0.0</coordinates>
                </LineString>
                <LineString id="57376">
                    <coordinates>13.233685600000001,51.6323823,0.0 13.23368241,51.63237487999999,0.0</coordinates>
                </LineString>
                <LineString id="57378">
                    <coordinates>13.204601080000002,51.635954700000006,0.0 13.2049745,51.635791319999996,0.0 13.20553885,51.63553736999999,0.0 13.205993490000001,51.63534023,0.0 13.206491079999997,51.63512027999999,0.0 13.20688875,51.63495126,0.0 13.2071706,51.63481576,0.0 13.207491560000001,51.63468232000001,0.0 13.20808042,51.63441073,0.0 13.2086622,51.63414238,0.0 13.20876178,51.63402572,0.0 13.208714800000001,51.63398256,0.0 13.208513369999999,51.63392966999999,0.0 13.208308149999999,51.63383478999999,0.0 13.208094519999998,51.633676279999996,0.0 13.20790202,51.63358648,0.0</coordinates>
                </LineString>
                <LineString id="57380">
                    <coordinates>13.20185008,51.62680444,0.0 13.201764200000001,51.62665071000001,0.0 13.201703519999997,51.626516,0.0 13.201693449999999,51.626449799999996,0.0 13.20172078,51.62633833,0.0 13.201782279999998,51.62626975999999,0.0</coordinates>
                </LineString>
                <LineString id="57382">
                    <coordinates>13.201782279999998,51.62626975999999,0.0 13.201898909999999,51.626183639999994,0.0 13.202086029999998,51.62606963999999,0.0 13.20231024,51.62597046,0.0 13.202344359999998,51.625952369999986,0.0</coordinates>
                </LineString>
                <LineString id="57384">
                    <coordinates>13.202344359999998,51.625952369999986,0.0 13.20243614,51.62590378000001,0.0 13.20249514,51.62585769999999,0.0 13.2025257,51.62580082,0.0 13.202552489999999,51.62576942,0.0 13.20252877,51.62567747,0.0 13.202312429999997,51.625546979999996,0.0 13.202266999999997,51.625532879999994,0.0</coordinates>
                </LineString>
                <LineString id="57386">
                    <coordinates>13.202266999999997,51.625532879999994,0.0 13.202212569999999,51.62555342,0.0 13.20215275,51.62555886,0.0 13.20205093,51.6255314,0.0 13.20185621,51.62546122,0.0</coordinates>
                </LineString>
                <LineString id="57388">
                    <coordinates>13.149696489999997,51.62375632,0.0 13.149802269999999,51.623708839999985,0.0</coordinates>
                </LineString>
                <LineString id="57390">
                    <coordinates>13.157626629999998,51.61656071,0.0 13.15762853,51.61655612999999,0.0</coordinates>
                </LineString>
                <LineString id="57392">
                    <coordinates>13.162792519999998,51.609491049999995,0.0 13.162795849999998,51.609486860000004,0.0</coordinates>
                </LineString>
                <LineString id="57394">
                    <coordinates>13.16771449,51.60526024999999,0.0 13.16773146,51.60524183,0.0 13.167803829999999,51.605163069999996,0.0</coordinates>
                </LineString>
                <LineString id="57396">
                    <coordinates>13.149802269999999,51.623708839999985,0.0 13.149851330000002,51.62369424999999,0.0 13.14991493,51.62369686000001,0.0 13.150077020000001,51.6235343,0.0 13.15021523,51.62339202,0.0 13.15053266,51.623075619999995,0.0 13.15076004,51.6228491,0.0 13.150985889999998,51.62261780999999,0.0 13.151361949999998,51.622252919999994,0.0 13.151654879999999,51.621956,0.0 13.151847739999997,51.621760749999986,0.0 13.152068959999998,51.6215433,0.0 13.15235803,51.62130394999999,0.0 13.1525416,51.621145639999995,0.0 13.152758729999999,51.620965569999996,0.0 13.15320875,51.62058697,0.0 13.153458879999997,51.6203793,0.0 13.1536907,51.62019720999999,0.0 13.15395354,51.61999095,0.0 13.154232399999998,51.619773249999994,0.0 13.154372920000002,51.61966351,0.0 13.154707759999999,51.6193833,0.0 13.15513223,51.619021190000005,0.0 13.155420359999999,51.61876517999999,0.0 13.1559463,51.618335710000004,0.0 13.15614612,51.618163710000005,0.0 13.15643913,51.61792902,0.0 13.156895949999997,51.61759494999998,0.0 13.157012700000001,51.61749274999999,0.0 13.157147309999997,51.61735863999999,0.0 13.157225380000002,51.61728076,0.0 13.15736083,51.61711704999999,0.0 13.157436649999998,51.61700319999999,0.0 13.157538520000001,51.61677974,0.0 13.157626629999998,51.61656071,0.0</coordinates>
                </LineString>
                <LineString id="57398">
                    <coordinates>13.15762853,51.61655612999999,0.0 13.157630139999997,51.61655145999999,0.0</coordinates>
                </LineString>
                <LineString id="57400">
                    <coordinates>13.157630139999997,51.61655145999999,0.0 13.157685239999998,51.616393499999994,0.0 13.157719479999999,51.61626704,0.0 13.157782359999999,51.6160722,0.0 13.15781244,51.615969529999994,0.0 13.15785212,51.61581141,0.0 13.15794763,51.61556473000001,0.0 13.158011330000003,51.61542023,0.0 13.158147640000001,51.61511145000001,0.0 13.158250099999998,51.61487956999998,0.0 13.158361099999999,51.61464755999999,0.0 13.15850582,51.61437582,0.0 13.15856667,51.61428944000001,0.0 13.158593180000002,51.61425598000001,0.0 13.15870496,51.614141249999996,0.0 13.158822119999998,51.614036139999996,0.0 13.158993650000001,51.61389948000001,0.0 13.159191999999997,51.6137473,0.0 13.15935533,51.61362197,0.0 13.159549229999998,51.61345936,0.0 13.15961431,51.61340477,0.0 13.15977951,51.61326541,0.0 13.159899329999998,51.61315979,0.0 13.16004722,51.61300380999999,0.0 13.16017994,51.61287088,0.0 13.16036322,51.612654619999994,0.0 13.16042407,51.61258737,0.0 13.16048129,51.61246403999999,0.0 13.160652950000001,51.612222339999995,0.0 13.160774360000001,51.61205605,0.0 13.16088451,51.61190511000001,0.0 13.16102305,51.61172453999999,0.0 13.16122418,51.611462249999995,0.0 13.161419199999997,51.61122610000001,0.0 13.16159158,51.61100561999999,0.0 13.16178407,51.61079268,0.0 13.161956689999998,51.610565369999996,0.0 13.16231191,51.61011970999999,0.0 13.16242461,51.60997918999999,0.0 13.16266073,51.60965976999999,0.0 13.162792519999998,51.609491049999995,0.0</coordinates>
                </LineString>
                <LineString id="57402">
                    <coordinates>13.162795849999998,51.609486860000004,0.0 13.16279861,51.609482570000004,0.0</coordinates>
                </LineString>
                <LineString id="57404">
                    <coordinates>13.16279861,51.609482570000004,0.0 13.162970199999998,51.60921784999999,0.0 13.16306672,51.60907769999999,0.0 13.163272340000002,51.60880655,0.0 13.163383310000002,51.60866441999999,0.0 13.16353465,51.60841839,0.0 13.163637979999999,51.60825062,0.0 13.16381644,51.607943559999995,0.0 13.16383566,51.60790483,0.0 13.163875679999999,51.60785311,0.0 13.163913829999998,51.60780506999999,0.0 13.16396717,51.60775504,0.0 13.164015829999999,51.60771764,0.0 13.164082549999998,51.60767469,0.0 13.164215050000001,51.60760561000001,0.0 13.16453834,51.60744489999999,0.0 13.165094140000003,51.60715985,0.0 13.165653120000002,51.60687796,0.0 13.16606435,51.60666505999998,0.0 13.166419619999997,51.60648516,0.0 13.1665416,51.606427540000006,0.0 13.16658788,51.606387960000006,0.0 13.16668664,51.60629796999999,0.0 13.166791470000001,51.60618063,0.0 13.166987299999999,51.60596134,0.0 13.167201539999997,51.60573417999999,0.0 13.167407749999999,51.605502089999995,0.0 13.16747168,51.60552411,0.0 13.16763025,51.60535182,0.0 13.16771449,51.60526024999999,0.0</coordinates>
                </LineString>
            </MultiGeometry>
        </Placemark>
        <Placemark id="57411">
            <name>MultiPoint</name>
            <styleUrl>#58262</styleUrl>
            <MultiGeometry id="57410">
                <Point id="57412">
                    <coordinates>13.208251445400442,51.63381044337199,0.0</coordinates>
                </Point>
                <Point id="57414">
                    <coordinates>13.195603297370294,51.629144510113406,0.0</coordinates>
                </Point>
                <Point id="57416">
                    <coordinates>13.203576139229448,51.622353955007,0.0</coordinates>
                </Point>
                <Point id="57418">
                    <coordinates>13.240690632959893,51.63252436040878,0.0</coordinates>
                </Point>
                <Point id="57420">
                    <coordinates>13.256956993241394,51.64024815951139,0.0</coordinates>
                </Point>
                <Point id="57422">
                    <coordinates>13.265818055445562,51.641446556674794,0.0</coordinates>
                </Point>
                <Point id="57424">
                    <coordinates>13.236652989824758,51.63960719282188,0.0</coordinates>
                </Point>
                <Point id="57426">
                    <coordinates>13.238053390586797,51.639583561645125,0.0</coordinates>
                </Point>
                <Point id="57428">
                    <coordinates>13.238231174486486,51.639784068868565,0.0</coordinates>
                </Point>
                <Point id="57430">
                    <coordinates>13.235933293055147,51.636079319154156,0.0</coordinates>
                </Point>
                <Point id="57432">
                    <coordinates>13.23578443870528,51.63510400633883,0.0</coordinates>
                </Point>
                <Point id="57434">
                    <coordinates>13.237668266047455,51.63762710333461,0.0</coordinates>
                </Point>
                <Point id="57436">
                    <coordinates>13.237613135364247,51.637656087939384,0.0</coordinates>
                </Point>
                <Point id="57438">
                    <coordinates>13.239237218688771,51.63615781434623,0.0</coordinates>
                </Point>
                <Point id="57440">
                    <coordinates>13.235103916615893,51.6385025353749,0.0</coordinates>
                </Point>
                <Point id="57442">
                    <coordinates>13.198974588365338,51.62667554993394,0.0</coordinates>
                </Point>
                <Point id="57444">
                    <coordinates>13.200272955720774,51.62367798566017,0.0</coordinates>
                </Point>
                <Point id="57446">
                    <coordinates>13.198976543827488,51.62403933461941,0.0</coordinates>
                </Point>
                <Point id="57448">
                    <coordinates>13.199342510274967,51.62283860812902,0.0</coordinates>
                </Point>
                <Point id="57450">
                    <coordinates>13.198841180977642,51.62226276125048,0.0</coordinates>
                </Point>
                <Point id="57452">
                    <coordinates>13.19832150048653,51.62320807675877,0.0</coordinates>
                </Point>
                <Point id="57454">
                    <coordinates>13.20195764210729,51.62235800811587,0.0</coordinates>
                </Point>
                <Point id="57456">
                    <coordinates>13.20122133470313,51.62189856010379,0.0</coordinates>
                </Point>
                <Point id="57458">
                    <coordinates>13.203219951671217,51.621628967105366,0.0</coordinates>
                </Point>
                <Point id="57460">
                    <coordinates>13.203545062054918,51.620456681940816,0.0</coordinates>
                </Point>
                <Point id="57462">
                    <coordinates>13.203447837460155,51.62034320658201,0.0</coordinates>
                </Point>
                <Point id="57464">
                    <coordinates>13.204225554892659,51.619532564024624,0.0</coordinates>
                </Point>
                <Point id="57466">
                    <coordinates>13.20213180846812,51.62299055758964,0.0</coordinates>
                </Point>
                <Point id="57468">
                    <coordinates>13.203970386429388,51.6222408467064,0.0</coordinates>
                </Point>
                <Point id="57470">
                    <coordinates>13.265114010313033,51.64226393397873,0.0</coordinates>
                </Point>
                <Point id="57472">
                    <coordinates>13.26509976683163,51.6419585457844,0.0</coordinates>
                </Point>
                <Point id="57474">
                    <coordinates>13.267363664800262,51.64265891170239,0.0</coordinates>
                </Point>
                <Point id="57476">
                    <coordinates>13.234743269305188,51.638821468677875,0.0</coordinates>
                </Point>
                <Point id="57478">
                    <coordinates>13.234376948714747,51.63892467370346,0.0</coordinates>
                </Point>
                <Point id="57480">
                    <coordinates>13.263274309140957,51.65269567847826,0.0</coordinates>
                </Point>
                <Point id="57482">
                    <coordinates>13.197911907064555,51.62252997215144,0.0</coordinates>
                </Point>
                <Point id="57484">
                    <coordinates>13.171648165667298,51.60132165588359,0.0</coordinates>
                </Point>
                <Point id="57486">
                    <coordinates>13.1963798926479,51.62402006069941,0.0</coordinates>
                </Point>
                <Point id="57488">
                    <coordinates>13.196159549080598,51.6237915112744,0.0</coordinates>
                </Point>
                <Point id="57490">
                    <coordinates>13.2385329067504,51.6399297821201,0.0</coordinates>
                </Point>
                <Point id="57492">
                    <coordinates>13.264235737587798,51.64289161578849,0.0</coordinates>
                </Point>
                <Point id="57494">
                    <coordinates>13.2641196685753,51.642677855020295,0.0</coordinates>
                </Point>
                <Point id="57496">
                    <coordinates>13.263567512742098,51.642714948304295,0.0</coordinates>
                </Point>
                <Point id="57498">
                    <coordinates>13.263082653600502,51.64250407781859,0.0</coordinates>
                </Point>
                <Point id="57500">
                    <coordinates>13.262744183113798,51.642385055954385,0.0</coordinates>
                </Point>
                <Point id="57502">
                    <coordinates>13.2622965130812,51.642147991790296,0.0</coordinates>
                </Point>
                <Point id="57504">
                    <coordinates>13.264627929489402,51.6425585729721,0.0</coordinates>
                </Point>
                <Point id="57506">
                    <coordinates>13.2648008151783,51.6424391684998,0.0</coordinates>
                </Point>
                <Point id="57508">
                    <coordinates>13.2646260388874,51.642240287786095,0.0</coordinates>
                </Point>
                <Point id="57510">
                    <coordinates>13.265408498977301,51.6420201619223,0.0</coordinates>
                </Point>
                <Point id="57512">
                    <coordinates>13.265719591185599,51.6418508435666,0.0</coordinates>
                </Point>
                <Point id="57514">
                    <coordinates>13.2653118709702,51.641819330466795,0.0</coordinates>
                </Point>
                <Point id="57516">
                    <coordinates>13.2660870533058,51.6415853273681,0.0</coordinates>
                </Point>
                <Point id="57518">
                    <coordinates>13.265545387462598,51.6416881249691,0.0</coordinates>
                </Point>
                <Point id="57520">
                    <coordinates>13.2649491389693,51.64205502711349,0.0</coordinates>
                </Point>
                <Point id="57522">
                    <coordinates>13.261859047041996,51.64195910156129,0.0</coordinates>
                </Point>
                <Point id="57524">
                    <coordinates>13.261712119179798,51.6418892325466,0.0</coordinates>
                </Point>
                <Point id="57526">
                    <coordinates>13.261368761268498,51.6418136151765,0.0</coordinates>
                </Point>
                <Point id="57528">
                    <coordinates>13.261404508880702,51.6416036371536,0.0</coordinates>
                </Point>
                <Point id="57530">
                    <coordinates>13.237890191710799,51.6394095688441,0.0</coordinates>
                </Point>
                <Point id="57532">
                    <coordinates>13.2375863784497,51.6392667232504,0.0</coordinates>
                </Point>
                <Point id="57534">
                    <coordinates>13.237744556143403,51.6390892834904,0.0</coordinates>
                </Point>
                <Point id="57536">
                    <coordinates>13.2369199859655,51.638968308338505,0.0</coordinates>
                </Point>
                <Point id="57538">
                    <coordinates>13.2373748111565,51.6388130425474,0.0</coordinates>
                </Point>
                <Point id="57540">
                    <coordinates>13.2379212062602,51.6380802114819,0.0</coordinates>
                </Point>
                <Point id="57542">
                    <coordinates>13.2369611373036,51.63828131065449,0.0</coordinates>
                </Point>
                <Point id="57544">
                    <coordinates>13.2437255517624,51.6365808051869,0.0</coordinates>
                </Point>
                <Point id="57546">
                    <coordinates>13.2434258351319,51.63648251262231,0.0</coordinates>
                </Point>
                <Point id="57548">
                    <coordinates>13.244858653830699,51.6368618609626,0.0</coordinates>
                </Point>
                <Point id="57550">
                    <coordinates>13.244331555436098,51.63670993837609,0.0</coordinates>
                </Point>
                <Point id="57552">
                    <coordinates>13.242383367687,51.636116351652106,0.0</coordinates>
                </Point>
                <Point id="57554">
                    <coordinates>13.2427731797537,51.6362679924093,0.0</coordinates>
                </Point>
                <Point id="57556">
                    <coordinates>13.242785898780102,51.63594741557339,0.0</coordinates>
                </Point>
                <Point id="57558">
                    <coordinates>13.238371957171399,51.63805478861308,0.0</coordinates>
                </Point>
                <Point id="57560">
                    <coordinates>13.238889436936002,51.6376780960096,0.0</coordinates>
                </Point>
                <Point id="57562">
                    <coordinates>13.238769653142,51.63715083229539,0.0</coordinates>
                </Point>
                <Point id="57564">
                    <coordinates>13.2382448936351,51.63712517809119,0.0</coordinates>
                </Point>
                <Point id="57566">
                    <coordinates>13.2381216408849,51.63717606463891,0.0</coordinates>
                </Point>
                <Point id="57568">
                    <coordinates>13.2374959978775,51.637377388141594,0.0</coordinates>
                </Point>
                <Point id="57570">
                    <coordinates>13.237943619213599,51.636925079461605,0.0</coordinates>
                </Point>
                <Point id="57572">
                    <coordinates>13.2374787306803,51.63712749546419,0.0</coordinates>
                </Point>
                <Point id="57574">
                    <coordinates>13.2373537425812,51.6371748121723,0.0</coordinates>
                </Point>
                <Point id="57576">
                    <coordinates>13.2392644201417,51.6367180647773,0.0</coordinates>
                </Point>
                <Point id="57578">
                    <coordinates>13.2395624153971,51.63652256417159,0.0</coordinates>
                </Point>
                <Point id="57580">
                    <coordinates>13.2403938144594,51.635959636371,0.0</coordinates>
                </Point>
                <Point id="57582">
                    <coordinates>13.2402342574414,51.635772157035,0.0</coordinates>
                </Point>
                <Point id="57584">
                    <coordinates>13.2395255712972,51.6360979277538,0.0</coordinates>
                </Point>
                <Point id="57586">
                    <coordinates>13.2398617239041,51.63631119349719,0.0</coordinates>
                </Point>
                <Point id="57588">
                    <coordinates>13.2399550181258,51.6362450786812,0.0</coordinates>
                </Point>
                <Point id="57590">
                    <coordinates>13.2399112862948,51.6359494165656,0.0</coordinates>
                </Point>
                <Point id="57592">
                    <coordinates>13.238437835459898,51.636707613027596,0.0</coordinates>
                </Point>
                <Point id="57594">
                    <coordinates>13.238880331343,51.636884222515604,0.0</coordinates>
                </Point>
                <Point id="57596">
                    <coordinates>13.2387030557898,51.63650153690921,0.0</coordinates>
                </Point>
                <Point id="57598">
                    <coordinates>13.2383958194422,51.6353078413783,0.0</coordinates>
                </Point>
                <Point id="57600">
                    <coordinates>13.2384588549944,51.634981500751195,0.0</coordinates>
                </Point>
                <Point id="57602">
                    <coordinates>13.2385241159351,51.63483905875189,0.0</coordinates>
                </Point>
                <Point id="57604">
                    <coordinates>13.237380446653999,51.63525846566039,0.0</coordinates>
                </Point>
                <Point id="57606">
                    <coordinates>13.2376779331223,51.63528030579309,0.0</coordinates>
                </Point>
                <Point id="57608">
                    <coordinates>13.237558111873799,51.63500106772129,0.0</coordinates>
                </Point>
                <Point id="57610">
                    <coordinates>13.240819573163098,51.6356873227841,0.0</coordinates>
                </Point>
                <Point id="57612">
                    <coordinates>13.241186089676502,51.6356460401518,0.0</coordinates>
                </Point>
                <Point id="57614">
                    <coordinates>13.240804212861,51.6350746640621,0.0</coordinates>
                </Point>
                <Point id="57616">
                    <coordinates>13.2398261084766,51.63460697136048,0.0</coordinates>
                </Point>
                <Point id="57618">
                    <coordinates>13.238537323296299,51.6344844416161,0.0</coordinates>
                </Point>
                <Point id="57620">
                    <coordinates>13.2414296521784,51.635451239337996,0.0</coordinates>
                </Point>
                <Point id="57622">
                    <coordinates>13.241601342605001,51.635216804459006,0.0</coordinates>
                </Point>
                <Point id="57624">
                    <coordinates>13.241848398423,51.63493725795989,0.0</coordinates>
                </Point>
                <Point id="57626">
                    <coordinates>13.2419329420293,51.63479748697911,0.0</coordinates>
                </Point>
                <Point id="57628">
                    <coordinates>13.241410157644,51.63488220111779,0.0</coordinates>
                </Point>
                <Point id="57630">
                    <coordinates>13.2414380037684,51.6348576023917,0.0</coordinates>
                </Point>
                <Point id="57632">
                    <coordinates>13.241886192129796,51.63466162000229,0.0</coordinates>
                </Point>
                <Point id="57634">
                    <coordinates>13.2417390668642,51.63465267757581,0.0</coordinates>
                </Point>
                <Point id="57636">
                    <coordinates>13.2412064249471,51.6322286453928,0.0</coordinates>
                </Point>
                <Point id="57638">
                    <coordinates>13.240369357264,51.63289550497879,0.0</coordinates>
                </Point>
                <Point id="57640">
                    <coordinates>13.2406442036757,51.63267925226219,0.0</coordinates>
                </Point>
                <Point id="57642">
                    <coordinates>13.2670374790872,51.6432643127929,0.0</coordinates>
                </Point>
                <Point id="57644">
                    <coordinates>13.266759584179598,51.6414498469178,0.0</coordinates>
                </Point>
                <Point id="57646">
                    <coordinates>13.266899867147698,51.64092312956049,0.0</coordinates>
                </Point>
                <Point id="57648">
                    <coordinates>13.236334002318698,51.6391048418358,0.0</coordinates>
                </Point>
                <Point id="57650">
                    <coordinates>13.2362904827023,51.638784960928106,0.0</coordinates>
                </Point>
                <Point id="57652">
                    <coordinates>13.236207864764202,51.638459500583295,0.0</coordinates>
                </Point>
                <Point id="57654">
                    <coordinates>13.2364941108403,51.63818527884051,0.0</coordinates>
                </Point>
                <Point id="57656">
                    <coordinates>13.235357409168104,51.63871776707251,0.0</coordinates>
                </Point>
                <Point id="57658">
                    <coordinates>13.2354819629288,51.638507594510905,0.0</coordinates>
                </Point>
                <Point id="57660">
                    <coordinates>13.2363351179821,51.637556166835694,0.0</coordinates>
                </Point>
                <Point id="57662">
                    <coordinates>13.2362247466158,51.6372348298538,0.0</coordinates>
                </Point>
                <Point id="57664">
                    <coordinates>13.236181893596399,51.63703608303519,0.0</coordinates>
                </Point>
                <Point id="57666">
                    <coordinates>13.236849072433602,51.6380008608411,0.0</coordinates>
                </Point>
                <Point id="57668">
                    <coordinates>13.236486524607198,51.63777545048709,0.0</coordinates>
                </Point>
                <Point id="57670">
                    <coordinates>13.2363752905705,51.6376718689358,0.0</coordinates>
                </Point>
                <Point id="57672">
                    <coordinates>13.2367317407422,51.63708616741669,0.0</coordinates>
                </Point>
                <Point id="57674">
                    <coordinates>13.236508988058299,51.6367247624891,0.0</coordinates>
                </Point>
                <Point id="57676">
                    <coordinates>13.236309694621701,51.63620023548291,0.0</coordinates>
                </Point>
                <Point id="57678">
                    <coordinates>13.236094157735998,51.6366457181211,0.0</coordinates>
                </Point>
                <Point id="57680">
                    <coordinates>13.2359729931185,51.6363198445432,0.0</coordinates>
                </Point>
                <Point id="57682">
                    <coordinates>13.235945442905798,51.6361389910186,0.0</coordinates>
                </Point>
                <Point id="57684">
                    <coordinates>13.235857152203899,51.6358594233643,0.0</coordinates>
                </Point>
                <Point id="57686">
                    <coordinates>13.2356884375442,51.6356247196693,0.0</coordinates>
                </Point>
                <Point id="57688">
                    <coordinates>13.2361179049259,51.63554044716919,0.0</coordinates>
                </Point>
                <Point id="57690">
                    <coordinates>13.2359716550837,51.63535936433149,0.0</coordinates>
                </Point>
                <Point id="57692">
                    <coordinates>13.2358224629734,51.635099952623904,0.0</coordinates>
                </Point>
                <Point id="57694">
                    <coordinates>13.2353792019064,51.635194824853805,0.0</coordinates>
                </Point>
                <Point id="57696">
                    <coordinates>13.2354527652677,51.635289718812594,0.0</coordinates>
                </Point>
                <Point id="57698">
                    <coordinates>13.2351995234962,51.6349668835819,0.0</coordinates>
                </Point>
                <Point id="57700">
                    <coordinates>13.2351044630968,51.63469885148951,0.0</coordinates>
                </Point>
                <Point id="57702">
                    <coordinates>13.2347852771333,51.63446301470412,0.0</coordinates>
                </Point>
                <Point id="57704">
                    <coordinates>13.2354650122428,51.63467397170069,0.0</coordinates>
                </Point>
                <Point id="57706">
                    <coordinates>13.235280061234599,51.634363362194996,0.0</coordinates>
                </Point>
                <Point id="57708">
                    <coordinates>13.234676399577602,51.6343228531949,0.0</coordinates>
                </Point>
                <Point id="57710">
                    <coordinates>13.2343739597234,51.63397338305679,0.0</coordinates>
                </Point>
                <Point id="57712">
                    <coordinates>13.234918653975498,51.633761575306494,0.0</coordinates>
                </Point>
                <Point id="57714">
                    <coordinates>13.2349030387653,51.6337437420208,0.0</coordinates>
                </Point>
                <Point id="57716">
                    <coordinates>13.234649501368498,51.633587177231796,0.0</coordinates>
                </Point>
                <Point id="57718">
                    <coordinates>13.234547569904302,51.633310182111394,0.0</coordinates>
                </Point>
                <Point id="57720">
                    <coordinates>13.2342265869695,51.6336219256754,0.0</coordinates>
                </Point>
                <Point id="57722">
                    <coordinates>13.232625181864002,51.6342753949986,0.0</coordinates>
                </Point>
                <Point id="57724">
                    <coordinates>13.234020923306502,51.6333491989976,0.0</coordinates>
                </Point>
                <Point id="57726">
                    <coordinates>13.2337912296599,51.633081622677196,0.0</coordinates>
                </Point>
                <Point id="57728">
                    <coordinates>13.234307771797797,51.6331387185546,0.0</coordinates>
                </Point>
                <Point id="57730">
                    <coordinates>13.2342733228159,51.633036471389495,0.0</coordinates>
                </Point>
                <Point id="57732">
                    <coordinates>13.234021696527503,51.6325144051915,0.0</coordinates>
                </Point>
                <Point id="57734">
                    <coordinates>13.2339994361248,51.6324258083314,0.0</coordinates>
                </Point>
                <Point id="57736">
                    <coordinates>13.2336687302793,51.6327488095153,0.0</coordinates>
                </Point>
                <Point id="57738">
                    <coordinates>13.2335860256343,51.6323937930386,0.0</coordinates>
                </Point>
                <Point id="57740">
                    <coordinates>13.233404284750096,51.63207301260508,0.0</coordinates>
                </Point>
                <Point id="57742">
                    <coordinates>13.2338418240744,51.63219795062961,0.0</coordinates>
                </Point>
                <Point id="57744">
                    <coordinates>13.233748075731,51.6317498985379,0.0</coordinates>
                </Point>
                <Point id="57746">
                    <coordinates>13.233735701457402,51.63150066985071,0.0</coordinates>
                </Point>
                <Point id="57748">
                    <coordinates>13.214374033699197,51.61690925436049,0.0</coordinates>
                </Point>
                <Point id="57750">
                    <coordinates>13.2148763667281,51.616809022679405,0.0</coordinates>
                </Point>
                <Point id="57752">
                    <coordinates>13.2019301193679,51.6273272993433,0.0</coordinates>
                </Point>
                <Point id="57754">
                    <coordinates>13.1994478398827,51.626303245090284,0.0</coordinates>
                </Point>
                <Point id="57756">
                    <coordinates>13.199174612956698,51.6264434813474,0.0</coordinates>
                </Point>
                <Point id="57758">
                    <coordinates>13.201541840573798,51.6266471147637,0.0</coordinates>
                </Point>
                <Point id="57760">
                    <coordinates>13.2001449444233,51.62618381805909,0.0</coordinates>
                </Point>
                <Point id="57762">
                    <coordinates>13.199970161682,51.6260237358712,0.0</coordinates>
                </Point>
                <Point id="57764">
                    <coordinates>13.200320441877198,51.62607929803439,0.0</coordinates>
                </Point>
                <Point id="57766">
                    <coordinates>13.200701828659799,51.62591114852059,0.0</coordinates>
                </Point>
                <Point id="57768">
                    <coordinates>13.200662167934698,51.62566520223269,0.0</coordinates>
                </Point>
                <Point id="57770">
                    <coordinates>13.2010526593633,51.62586661261749,0.0</coordinates>
                </Point>
                <Point id="57772">
                    <coordinates>13.2010878834976,51.62564854100229,0.0</coordinates>
                </Point>
                <Point id="57774">
                    <coordinates>13.2007037969007,51.62522311356159,0.0</coordinates>
                </Point>
                <Point id="57776">
                    <coordinates>13.200654406895698,51.6250759706577,0.0</coordinates>
                </Point>
                <Point id="57778">
                    <coordinates>13.1995395783994,51.6260651988305,0.0</coordinates>
                </Point>
                <Point id="57780">
                    <coordinates>13.1990833420747,51.62407420729541,0.0</coordinates>
                </Point>
                <Point id="57782">
                    <coordinates>13.1993571574213,51.62411749261789,0.0</coordinates>
                </Point>
                <Point id="57784">
                    <coordinates>13.198495888094103,51.6237713532698,0.0</coordinates>
                </Point>
                <Point id="57786">
                    <coordinates>13.200348027721198,51.62441252180449,0.0</coordinates>
                </Point>
                <Point id="57788">
                    <coordinates>13.2009242837739,51.62383542875521,0.0</coordinates>
                </Point>
                <Point id="57790">
                    <coordinates>13.200295340481501,51.624024349738704,0.0</coordinates>
                </Point>
                <Point id="57792">
                    <coordinates>13.199895081645098,51.623634037848994,0.0</coordinates>
                </Point>
                <Point id="57794">
                    <coordinates>13.200674588300497,51.6231902687228,0.0</coordinates>
                </Point>
                <Point id="57796">
                    <coordinates>13.201550461344898,51.62352820444559,0.0</coordinates>
                </Point>
                <Point id="57798">
                    <coordinates>13.2014971085826,51.62357968087691,0.0</coordinates>
                </Point>
                <Point id="57800">
                    <coordinates>13.201377563271796,51.623217422835104,0.0</coordinates>
                </Point>
                <Point id="57802">
                    <coordinates>13.200900628135498,51.6230773560476,0.0</coordinates>
                </Point>
                <Point id="57804">
                    <coordinates>13.201807421064398,51.6228327357116,0.0</coordinates>
                </Point>
                <Point id="57806">
                    <coordinates>13.2020225651121,51.6225888510404,0.0</coordinates>
                </Point>
                <Point id="57808">
                    <coordinates>13.200926710713299,51.62274847871789,0.0</coordinates>
                </Point>
                <Point id="57810">
                    <coordinates>13.200997041057198,51.622562256474,0.0</coordinates>
                </Point>
                <Point id="57812">
                    <coordinates>13.197836169463601,51.623506154206794,0.0</coordinates>
                </Point>
                <Point id="57814">
                    <coordinates>13.1985229254072,51.62363932149129,0.0</coordinates>
                </Point>
                <Point id="57816">
                    <coordinates>13.1986283261606,51.62326493312409,0.0</coordinates>
                </Point>
                <Point id="57818">
                    <coordinates>13.1990191946627,51.62354959154,0.0</coordinates>
                </Point>
                <Point id="57820">
                    <coordinates>13.199701654677698,51.62344464048819,0.0</coordinates>
                </Point>
                <Point id="57822">
                    <coordinates>13.1997377878231,51.62310655724059,0.0</coordinates>
                </Point>
                <Point id="57824">
                    <coordinates>13.1993346703162,51.62334148232431,0.0</coordinates>
                </Point>
                <Point id="57826">
                    <coordinates>13.1991435578537,51.6230122588338,0.0</coordinates>
                </Point>
                <Point id="57828">
                    <coordinates>13.1990138386552,51.6227331040917,0.0</coordinates>
                </Point>
                <Point id="57830">
                    <coordinates>13.198818170926902,51.622550925887204,0.0</coordinates>
                </Point>
                <Point id="57832">
                    <coordinates>13.1982814157989,51.6229461766872,0.0</coordinates>
                </Point>
                <Point id="57834">
                    <coordinates>13.1970862975224,51.62386808151489,0.0</coordinates>
                </Point>
                <Point id="57836">
                    <coordinates>13.197525643265896,51.623794108733094,0.0</coordinates>
                </Point>
                <Point id="57838">
                    <coordinates>13.196574015260198,51.623790526288296,0.0</coordinates>
                </Point>
                <Point id="57840">
                    <coordinates>13.197417280565402,51.6236242865217,0.0</coordinates>
                </Point>
                <Point id="57842">
                    <coordinates>13.197282913042,51.6226155210311,0.0</coordinates>
                </Point>
                <Point id="57844">
                    <coordinates>13.1968800803412,51.622702821309396,0.0</coordinates>
                </Point>
                <Point id="57846">
                    <coordinates>13.202951807614102,51.62377309284061,0.0</coordinates>
                </Point>
                <Point id="57848">
                    <coordinates>13.2022024519356,51.62281641234999,0.0</coordinates>
                </Point>
                <Point id="57850">
                    <coordinates>13.202394375322402,51.62257795896559,0.0</coordinates>
                </Point>
                <Point id="57852">
                    <coordinates>13.202695047622202,51.6223584371329,0.0</coordinates>
                </Point>
                <Point id="57854">
                    <coordinates>13.2023575156825,51.62235098996171,0.0</coordinates>
                </Point>
                <Point id="57856">
                    <coordinates>13.202440960578098,51.62226241510289,0.0</coordinates>
                </Point>
                <Point id="57858">
                    <coordinates>13.2026073743884,51.6220050617955,0.0</coordinates>
                </Point>
                <Point id="57860">
                    <coordinates>13.2014492743768,51.622255513309,0.0</coordinates>
                </Point>
                <Point id="57862">
                    <coordinates>13.201582999679898,51.621996911399386,0.0</coordinates>
                </Point>
                <Point id="57864">
                    <coordinates>13.203518733016598,51.621632417589595,0.0</coordinates>
                </Point>
                <Point id="57866">
                    <coordinates>13.203814615867902,51.62077277337921,0.0</coordinates>
                </Point>
                <Point id="57868">
                    <coordinates>13.2032326271179,51.621218377593195,0.0</coordinates>
                </Point>
                <Point id="57870">
                    <coordinates>13.2034011108892,51.621354634238095,0.0</coordinates>
                </Point>
                <Point id="57872">
                    <coordinates>13.2032944874726,51.620912703688504,0.0</coordinates>
                </Point>
                <Point id="57874">
                    <coordinates>13.203621498920398,51.621037807042796,0.0</coordinates>
                </Point>
                <Point id="57876">
                    <coordinates>13.203737743373198,51.62088857559989,0.0</coordinates>
                </Point>
                <Point id="57878">
                    <coordinates>13.203018526119997,51.620821393572385,0.0</coordinates>
                </Point>
                <Point id="57880">
                    <coordinates>13.2031422346791,51.62069560647969,0.0</coordinates>
                </Point>
                <Point id="57882">
                    <coordinates>13.2017910642423,51.62173035303471,0.0</coordinates>
                </Point>
                <Point id="57884">
                    <coordinates>13.201879669122901,51.62162772425571,0.0</coordinates>
                </Point>
                <Point id="57886">
                    <coordinates>13.201956887009901,51.62138765559119,0.0</coordinates>
                </Point>
                <Point id="57888">
                    <coordinates>13.2022240328001,51.621255817012695,0.0</coordinates>
                </Point>
                <Point id="57890">
                    <coordinates>13.202414582146,51.6211176647586,0.0</coordinates>
                </Point>
                <Point id="57892">
                    <coordinates>13.2046233481209,51.61965376071199,0.0</coordinates>
                </Point>
                <Point id="57894">
                    <coordinates>13.204718397708598,51.619440188907994,0.0</coordinates>
                </Point>
                <Point id="57896">
                    <coordinates>13.204830545951,51.61927408991429,0.0</coordinates>
                </Point>
                <Point id="57898">
                    <coordinates>13.2049089439858,51.619147494018485,0.0</coordinates>
                </Point>
                <Point id="57900">
                    <coordinates>13.206214981921597,51.61848315526059,0.0</coordinates>
                </Point>
                <Point id="57902">
                    <coordinates>13.205113773523202,51.618830462303,0.0</coordinates>
                </Point>
                <Point id="57904">
                    <coordinates>13.2047753212807,51.61880878341079,0.0</coordinates>
                </Point>
                <Point id="57906">
                    <coordinates>13.205369281049999,51.61856300122769,0.0</coordinates>
                </Point>
                <Point id="57908">
                    <coordinates>13.204986261404299,51.6184146999531,0.0</coordinates>
                </Point>
                <Point id="57910">
                    <coordinates>13.203372854718802,51.620502543008094,0.0</coordinates>
                </Point>
                <Point id="57912">
                    <coordinates>13.2035791399088,51.6203146717007,0.0</coordinates>
                </Point>
                <Point id="57914">
                    <coordinates>13.203910475742896,51.620631446743204,0.0</coordinates>
                </Point>
                <Point id="57916">
                    <coordinates>13.204295352258098,51.6203769466566,0.0</coordinates>
                </Point>
                <Point id="57918">
                    <coordinates>13.204404181054901,51.62005279129729,0.0</coordinates>
                </Point>
                <Point id="57920">
                    <coordinates>13.203866465100898,51.61996908404209,0.0</coordinates>
                </Point>
                <Point id="57922">
                    <coordinates>13.204416143154997,51.61989492374439,0.0</coordinates>
                </Point>
                <Point id="57924">
                    <coordinates>13.2044695322031,51.619817619675295,0.0</coordinates>
                </Point>
                <Point id="57926">
                    <coordinates>13.2040103373598,51.6198298105268,0.0</coordinates>
                </Point>
                <Point id="57928">
                    <coordinates>13.2040929202544,51.619769094853595,0.0</coordinates>
                </Point>
                <Point id="57930">
                    <coordinates>13.204224345745997,51.61963145045218,0.0</coordinates>
                </Point>
                <Point id="57932">
                    <coordinates>13.204317880717701,51.619507762714896,0.0</coordinates>
                </Point>
                <Point id="57934">
                    <coordinates>13.2044393871431,51.61921197935251,0.0</coordinates>
                </Point>
                <Point id="57936">
                    <coordinates>13.20559576223,51.6181115832503,0.0</coordinates>
                </Point>
                <Point id="57938">
                    <coordinates>13.2052158373049,51.618087861578296,0.0</coordinates>
                </Point>
                <Point id="57940">
                    <coordinates>13.2056779729653,51.617803247577,0.0</coordinates>
                </Point>
                <Point id="57942">
                    <coordinates>13.205783466075902,51.61748823811579,0.0</coordinates>
                </Point>
                <Point id="57944">
                    <coordinates>13.2055447351694,51.615920783225,0.0</coordinates>
                </Point>
                <Point id="57946">
                    <coordinates>13.1991622575334,51.62236329138689,0.0</coordinates>
                </Point>
                <Point id="57948">
                    <coordinates>13.199073878194602,51.6221790674548,0.0</coordinates>
                </Point>
                <Point id="57950">
                    <coordinates>13.1988463743086,51.6220417614018,0.0</coordinates>
                </Point>
                <Point id="57952">
                    <coordinates>13.199524293273798,51.6218718576859,0.0</coordinates>
                </Point>
                <Point id="57954">
                    <coordinates>13.1996191233396,51.621676141692596,0.0</coordinates>
                </Point>
                <Point id="57956">
                    <coordinates>13.200399650948198,51.62574148121019,0.0</coordinates>
                </Point>
                <Point id="57958">
                    <coordinates>13.2386966480281,51.63951249073559,0.0</coordinates>
                </Point>
                <Point id="57960">
                    <coordinates>13.204002277215348,51.62196079278615,0.0</coordinates>
                </Point>
                <Point id="57962">
                    <coordinates>13.199424093046197,51.6237571377384,0.0</coordinates>
                </Point>
                <Point id="57964">
                    <coordinates>13.202177244114297,51.6225124467465,0.0</coordinates>
                </Point>
                <Point id="57966">
                    <coordinates>13.171743291485106,51.60026997679669,0.0</coordinates>
                </Point>
                <Point id="57968">
                    <coordinates>13.236311521022662,51.63734324907421,0.0</coordinates>
                </Point>
                <Point id="57970">
                    <coordinates>13.234713125039615,51.620675255280936,0.0</coordinates>
                </Point>
                <Point id="57972">
                    <coordinates>13.318020384759919,51.62821640485021,0.0</coordinates>
                </Point>
                <Point id="57974">
                    <coordinates>13.32101700936952,51.62962652402719,0.0</coordinates>
                </Point>
                <Point id="57976">
                    <coordinates>13.31512059113441,51.63162524913122,0.0</coordinates>
                </Point>
                <Point id="57978">
                    <coordinates>13.315385018873332,51.63319005700336,0.0</coordinates>
                </Point>
                <Point id="57980">
                    <coordinates>13.289460466746577,51.63914419762036,0.0</coordinates>
                </Point>
                <Point id="57982">
                    <coordinates>13.317226381178735,51.629748221335014,0.0</coordinates>
                </Point>
                <Point id="57984">
                    <coordinates>13.318354266445306,51.62959870058981,0.0</coordinates>
                </Point>
                <Point id="57986">
                    <coordinates>13.317908699557869,51.62993002587056,0.0</coordinates>
                </Point>
                <Point id="57988">
                    <coordinates>13.31780740062117,51.6334247487718,0.0</coordinates>
                </Point>
                <Point id="57990">
                    <coordinates>13.317432607180276,51.63024447903801,0.0</coordinates>
                </Point>
                <Point id="57992">
                    <coordinates>13.316928635552985,51.63072191020275,0.0</coordinates>
                </Point>
                <Point id="57994">
                    <coordinates>13.32692746958085,51.63945858701901,0.0</coordinates>
                </Point>
                <Point id="57996">
                    <coordinates>13.315751353318445,51.63202490208623,0.0</coordinates>
                </Point>
                <Point id="57998">
                    <coordinates>13.31579960540733,51.63192415398929,0.0</coordinates>
                </Point>
                <Point id="58000">
                    <coordinates>13.3161261163375,51.63231701322501,0.0</coordinates>
                </Point>
                <Point id="58002">
                    <coordinates>13.322173719261812,51.625831950832385,0.0</coordinates>
                </Point>
                <Point id="58004">
                    <coordinates>13.29812537543113,51.6404013174859,0.0</coordinates>
                </Point>
                <Point id="58006">
                    <coordinates>13.298568669973335,51.64019611737647,0.0</coordinates>
                </Point>
                <Point id="58008">
                    <coordinates>13.293481250173976,51.64404448751565,0.0</coordinates>
                </Point>
                <Point id="58010">
                    <coordinates>13.290163201052156,51.64657725403915,0.0</coordinates>
                </Point>
                <Point id="58012">
                    <coordinates>13.291717350123998,51.6451340761065,0.0</coordinates>
                </Point>
                <Point id="58014">
                    <coordinates>13.289888713537799,51.63944590086909,0.0</coordinates>
                </Point>
                <Point id="58016">
                    <coordinates>13.2873610308679,51.63732491702649,0.0</coordinates>
                </Point>
                <Point id="58018">
                    <coordinates>13.2871199139667,51.6372534075474,0.0</coordinates>
                </Point>
                <Point id="58020">
                    <coordinates>13.2870910056337,51.63710012951109,0.0</coordinates>
                </Point>
                <Point id="58022">
                    <coordinates>13.287183276571799,51.637002125070396,0.0</coordinates>
                </Point>
                <Point id="58024">
                    <coordinates>13.322487777665199,51.6350217753833,0.0</coordinates>
                </Point>
                <Point id="58026">
                    <coordinates>13.315987063268702,51.63361402502898,0.0</coordinates>
                </Point>
                <Point id="58028">
                    <coordinates>13.315463461224802,51.6335465274218,0.0</coordinates>
                </Point>
                <Point id="58030">
                    <coordinates>13.318728806856699,51.6336539366461,0.0</coordinates>
                </Point>
                <Point id="58032">
                    <coordinates>13.318406050616801,51.633644816307196,0.0</coordinates>
                </Point>
                <Point id="58034">
                    <coordinates>13.3179501678362,51.63352000244419,0.0</coordinates>
                </Point>
                <Point id="58036">
                    <coordinates>13.315262723594298,51.6329784032056,0.0</coordinates>
                </Point>
                <Point id="58038">
                    <coordinates>13.317009714535898,51.63319113994289,0.0</coordinates>
                </Point>
                <Point id="58040">
                    <coordinates>13.3170112471374,51.63267885375079,0.0</coordinates>
                </Point>
                <Point id="58042">
                    <coordinates>13.315156625962098,51.63265654850009,0.0</coordinates>
                </Point>
                <Point id="58044">
                    <coordinates>13.315001471651,51.632196562126495,0.0</coordinates>
                </Point>
                <Point id="58046">
                    <coordinates>13.315071859997,51.631947393377196,0.0</coordinates>
                </Point>
                <Point id="58048">
                    <coordinates>13.315181805925796,51.63180337791938,0.0</coordinates>
                </Point>
                <Point id="58050">
                    <coordinates>13.3152327255955,51.6315632826407,0.0</coordinates>
                </Point>
                <Point id="58052">
                    <coordinates>13.3154246383923,51.631159410037895,0.0</coordinates>
                </Point>
                <Point id="58054">
                    <coordinates>13.315539259727398,51.631067143366195,0.0</coordinates>
                </Point>
                <Point id="58056">
                    <coordinates>13.315691770062298,51.6307336077163,0.0</coordinates>
                </Point>
                <Point id="58058">
                    <coordinates>13.315704321663702,51.6306552487265,0.0</coordinates>
                </Point>
                <Point id="58060">
                    <coordinates>13.3174934953428,51.632092865757215,0.0</coordinates>
                </Point>
                <Point id="58062">
                    <coordinates>13.3182395313207,51.631667196845406,0.0</coordinates>
                </Point>
                <Point id="58064">
                    <coordinates>13.318492863631299,51.63139925833539,0.0</coordinates>
                </Point>
                <Point id="58066">
                    <coordinates>13.318439469567299,51.63150511881209,0.0</coordinates>
                </Point>
                <Point id="58068">
                    <coordinates>13.318196766525798,51.631848447165495,0.0</coordinates>
                </Point>
                <Point id="58070">
                    <coordinates>13.3162088368234,51.63160425985479,0.0</coordinates>
                </Point>
                <Point id="58072">
                    <coordinates>13.319014326613898,51.6308166450239,0.0</coordinates>
                </Point>
                <Point id="58074">
                    <coordinates>13.319232259768498,51.63063576367879,0.0</coordinates>
                </Point>
                <Point id="58076">
                    <coordinates>13.319597405988898,51.63024762050029,0.0</coordinates>
                </Point>
                <Point id="58078">
                    <coordinates>13.319471134106598,51.6303841360574,0.0</coordinates>
                </Point>
                <Point id="58080">
                    <coordinates>13.321215810996499,51.629720104794195,0.0</coordinates>
                </Point>
                <Point id="58082">
                    <coordinates>13.3200111769605,51.6299495886846,0.0</coordinates>
                </Point>
                <Point id="58084">
                    <coordinates>13.320980995464401,51.6298850337511,0.0</coordinates>
                </Point>
                <Point id="58086">
                    <coordinates>13.3205921140031,51.629679602042195,0.0</coordinates>
                </Point>
                <Point id="58088">
                    <coordinates>13.3206910995503,51.6295046071876,0.0</coordinates>
                </Point>
                <Point id="58090">
                    <coordinates>13.320430003427598,51.6293217138525,0.0</coordinates>
                </Point>
                <Point id="58092">
                    <coordinates>13.3159743377677,51.631124766590695,0.0</coordinates>
                </Point>
                <Point id="58094">
                    <coordinates>13.3164190155773,51.6312311069349,0.0</coordinates>
                </Point>
                <Point id="58096">
                    <coordinates>13.3166664907387,51.63105579948069,0.0</coordinates>
                </Point>
                <Point id="58098">
                    <coordinates>13.315994600413498,51.6304037379062,0.0</coordinates>
                </Point>
                <Point id="58100">
                    <coordinates>13.318865230767798,51.631054978865485,0.0</coordinates>
                </Point>
                <Point id="58102">
                    <coordinates>13.3187899309928,51.63120497695009,0.0</coordinates>
                </Point>
                <Point id="58104">
                    <coordinates>13.3189580088555,51.63097010139871,0.0</coordinates>
                </Point>
                <Point id="58106">
                    <coordinates>13.317384739780598,51.63027398011619,0.0</coordinates>
                </Point>
                <Point id="58108">
                    <coordinates>13.3179929770293,51.62962849647581,0.0</coordinates>
                </Point>
                <Point id="58110">
                    <coordinates>13.318306291867,51.6293032026224,0.0</coordinates>
                </Point>
                <Point id="58112">
                    <coordinates>13.3185232139449,51.6291509539923,0.0</coordinates>
                </Point>
                <Point id="58114">
                    <coordinates>13.3186701440271,51.62896915524058,0.0</coordinates>
                </Point>
                <Point id="58116">
                    <coordinates>13.3181293100821,51.6295320925599,0.0</coordinates>
                </Point>
                <Point id="58118">
                    <coordinates>13.3179402059047,51.6289898109573,0.0</coordinates>
                </Point>
                <Point id="58120">
                    <coordinates>13.3161464521496,51.630127723677994,0.0</coordinates>
                </Point>
                <Point id="58122">
                    <coordinates>13.3169846672998,51.6298734417147,0.0</coordinates>
                </Point>
                <Point id="58124">
                    <coordinates>13.3170702471656,51.6296096207813,0.0</coordinates>
                </Point>
                <Point id="58126">
                    <coordinates>13.3163516748668,51.62984997734971,0.0</coordinates>
                </Point>
                <Point id="58128">
                    <coordinates>13.3164538906337,51.629730867314095,0.0</coordinates>
                </Point>
                <Point id="58130">
                    <coordinates>13.3167039174906,51.62948563780989,0.0</coordinates>
                </Point>
                <Point id="58132">
                    <coordinates>13.3170389653406,51.6294554676857,0.0</coordinates>
                </Point>
                <Point id="58134">
                    <coordinates>13.316876220010098,51.62929128930829,0.0</coordinates>
                </Point>
                <Point id="58136">
                    <coordinates>13.317157101871897,51.628956060291195,0.0</coordinates>
                </Point>
                <Point id="58138">
                    <coordinates>13.317537698810598,51.6286997839227,0.0</coordinates>
                </Point>
                <Point id="58140">
                    <coordinates>13.319291590221098,51.62840107380659,0.0</coordinates>
                </Point>
                <Point id="58142">
                    <coordinates>13.317658875720598,51.628563178044686,0.0</coordinates>
                </Point>
                <Point id="58144">
                    <coordinates>13.317732250503198,51.628499755723794,0.0</coordinates>
                </Point>
                <Point id="58146">
                    <coordinates>13.318661598919597,51.627848087479194,0.0</coordinates>
                </Point>
                <Point id="58148">
                    <coordinates>13.318935096708698,51.62767217193439,0.0</coordinates>
                </Point>
                <Point id="58150">
                    <coordinates>13.3193414821331,51.627731864405895,0.0</coordinates>
                </Point>
                <Point id="58152">
                    <coordinates>13.3193681245501,51.62753637082729,0.0</coordinates>
                </Point>
                <Point id="58154">
                    <coordinates>13.319614199721299,51.62819469038639,0.0</coordinates>
                </Point>
                <Point id="58156">
                    <coordinates>13.3218125922858,51.6276613968664,0.0</coordinates>
                </Point>
                <Point id="58158">
                    <coordinates>13.3200165202922,51.62751347854999,0.0</coordinates>
                </Point>
                <Point id="58160">
                    <coordinates>13.319555482295998,51.625346232580796,0.0</coordinates>
                </Point>
                <Point id="58162">
                    <coordinates>13.319778047110198,51.625181460017195,0.0</coordinates>
                </Point>
                <Point id="58164">
                    <coordinates>13.3194903541207,51.6251281989323,0.0</coordinates>
                </Point>
                <Point id="58166">
                    <coordinates>13.3191553767065,51.62501952332029,0.0</coordinates>
                </Point>
                <Point id="58168">
                    <coordinates>13.3191073723092,51.625184500465394,0.0</coordinates>
                </Point>
                <Point id="58170">
                    <coordinates>13.320132721935602,51.6255148328335,0.0</coordinates>
                </Point>
                <Point id="58172">
                    <coordinates>13.320554805321398,51.62558746812079,0.0</coordinates>
                </Point>
                <Point id="58174">
                    <coordinates>13.320457452187698,51.625363704921895,0.0</coordinates>
                </Point>
                <Point id="58176">
                    <coordinates>13.318706334379398,51.624958247266896,0.0</coordinates>
                </Point>
                <Point id="58178">
                    <coordinates>13.3185380325514,51.62512561148059,0.0</coordinates>
                </Point>
                <Point id="58180">
                    <coordinates>13.318197620571198,51.62524341085798,0.0</coordinates>
                </Point>
                <Point id="58182">
                    <coordinates>13.314514333710799,51.6276254822244,0.0</coordinates>
                </Point>
                <Point id="58184">
                    <coordinates>13.3144302844114,51.6274530729644,0.0</coordinates>
                </Point>
                <Point id="58186">
                    <coordinates>13.3141393929524,51.6272069299008,0.0</coordinates>
                </Point>
                <Point id="58188">
                    <coordinates>13.293652214764698,51.64397494387019,0.0</coordinates>
                </Point>
                <Point id="58190">
                    <coordinates>13.296243667630202,51.64254988930019,0.0</coordinates>
                </Point>
                <Point id="58192">
                    <coordinates>13.297328867637898,51.64211073344989,0.0</coordinates>
                </Point>
                <Point id="58194">
                    <coordinates>13.296425032880197,51.64089995682549,0.0</coordinates>
                </Point>
                <Point id="58196">
                    <coordinates>13.2962252223695,51.64100072076769,0.0</coordinates>
                </Point>
                <Point id="58198">
                    <coordinates>13.304357825726,51.6414395674468,0.0</coordinates>
                </Point>
                <Point id="58200">
                    <coordinates>13.3042606439556,51.64146960121909,0.0</coordinates>
                </Point>
                <Point id="58202">
                    <coordinates>13.303724024392398,51.6413713414053,0.0</coordinates>
                </Point>
                <Point id="58204">
                    <coordinates>13.303452444157099,51.641123246322095,0.0</coordinates>
                </Point>
                <Point id="58206">
                    <coordinates>13.3002434281297,51.641112075444404,0.0</coordinates>
                </Point>
                <Point id="58208">
                    <coordinates>13.299942053613101,51.6409522166517,0.0</coordinates>
                </Point>
                <Point id="58210">
                    <coordinates>13.299678784364799,51.64090118565218,0.0</coordinates>
                </Point>
                <Point id="58212">
                    <coordinates>13.2991604100272,51.640731787133795,0.0</coordinates>
                </Point>
                <Point id="58214">
                    <coordinates>13.298836562316803,51.64062880533001,0.0</coordinates>
                </Point>
                <Point id="58216">
                    <coordinates>13.2980953721942,51.64047506657031,0.0</coordinates>
                </Point>
                <Point id="58218">
                    <coordinates>13.3003251020207,51.6407643120062,0.0</coordinates>
                </Point>
                <Point id="58220">
                    <coordinates>13.3013413192785,51.6403264468977,0.0</coordinates>
                </Point>
                <Point id="58222">
                    <coordinates>13.301009029648899,51.64043485346159,0.0</coordinates>
                </Point>
                <Point id="58224">
                    <coordinates>13.300642259838398,51.64059199235769,0.0</coordinates>
                </Point>
                <Point id="58226">
                    <coordinates>13.300333437282399,51.6404584984159,0.0</coordinates>
                </Point>
                <Point id="58228">
                    <coordinates>13.299669972638801,51.64070911764761,0.0</coordinates>
                </Point>
                <Point id="58230">
                    <coordinates>13.3000061429203,51.6403358118292,0.0</coordinates>
                </Point>
                <Point id="58232">
                    <coordinates>13.300783713088698,51.640202668774485,0.0</coordinates>
                </Point>
                <Point id="58234">
                    <coordinates>13.3010691539098,51.64004659998479,0.0</coordinates>
                </Point>
                <Point id="58236">
                    <coordinates>13.3013996058313,51.63993635918119,0.0</coordinates>
                </Point>
                <Point id="58238">
                    <coordinates>13.298453872786899,51.640088443352795,0.0</coordinates>
                </Point>
                <Point id="58240">
                    <coordinates>13.301576789207,51.640191451101096,0.0</coordinates>
                </Point>
                <Point id="58242">
                    <coordinates>13.302180808006302,51.6399527801176,0.0</coordinates>
                </Point>
                <Point id="58244">
                    <coordinates>13.3015002065765,51.63989677127281,0.0</coordinates>
                </Point>
                <Point id="58246">
                    <coordinates>13.3026307250164,51.63988374054639,0.0</coordinates>
                </Point>
                <Point id="58248">
                    <coordinates>13.302241322811899,51.63957223896149,0.0</coordinates>
                </Point>
                <Point id="58250">
                    <coordinates>13.321753071210109,51.62657625379571,0.0</coordinates>
                </Point>
                <Point id="58252">
                    <coordinates>13.320792493190199,51.629590743819605,0.0</coordinates>
                </Point>
                <Point id="58254">
                    <coordinates>13.294745144291397,51.64304707035739,0.0</coordinates>
                </Point>
                <Point id="58256">
                    <coordinates>13.319822424551298,51.6278191358868,0.0</coordinates>
                </Point>
                <Point id="58258">
                    <coordinates>13.315601289294202,51.630902636360105,0.0</coordinates>
                </Point>
                <Point id="58260">
                    <coordinates>13.30184562089725,51.6396800132095,0.0</coordinates>
                </Point>
            </MultiGeometry>
        </Placemark>
    </Document>
</kml>
