<?xml version="1.0" encoding="UTF-8"?>
<kml xmlns="http://www.opengis.net/kml/2.2" xmlns:gx="http://www.google.com/kml/ext/2.2">
    <Document id="41831">
        <Style id="43516">
            <IconStyle id="43517">
                <color>ff0000ff</color>
                <colorMode>normal</colorMode>
                <scale>1</scale>
                <heading>0</heading>
                <Icon id="43518">
                    <href>http://maps.google.com/mapfiles/kml/pushpin/ylw-pushpin.png</href>
                </Icon>
            </IconStyle>
            <LineStyle id="43519">
                <color>ff0000ff</color>
                <colorMode>normal</colorMode>
                <width>5</width>
            </LineStyle>
        </Style>
        <Style id="44982">
            <IconStyle id="44984">
                <colorMode>normal</colorMode>
                <scale>1</scale>
                <heading>0</heading>
                <Icon id="44985">
                    <href>http://maps.google.com/mapfiles/kml/shapes/placemark_circle.png</href>
                </Icon>
            </IconStyle>
            <LabelStyle id="44983">
                <colorMode>normal</colorMode>
                <scale>0.0</scale>
            </LabelStyle>
        </Style>
        <open>1</open>
        <Placemark id="41833">
            <name>MultiLine</name>
            <styleUrl>#43516</styleUrl>
            <MultiGeometry id="41832">
                <LineString id="41834">
                    <coordinates>13.424054599999998,51.5518479,0.0 13.424281129999999,51.551817549999996,0.0</coordinates>
                </LineString>
                <LineString id="41836">
                    <coordinates>13.478213639999996,51.55982752999999,0.0 13.478247049999998,51.55984674999999,0.0 13.478529989999997,51.559911989999996,0.0 13.478596,51.55992780999999,0.0</coordinates>
                </LineString>
                <LineString id="41838">
                    <coordinates>13.483422369999996,51.560236669999995,0.0 13.48352666,51.56019553000001,0.0 13.48374783,51.56011672,0.0 13.48379883,51.56009748,0.0</coordinates>
                </LineString>
                <LineString id="41840">
                    <coordinates>13.46634617,51.54193196,0.0 13.466921850000002,51.54194033,0.0 13.46727509,51.54194663,0.0</coordinates>
                </LineString>
                <LineString id="41842">
                    <coordinates>13.40624362,51.53623019,0.0 13.406330429999999,51.53624145999999,0.0</coordinates>
                </LineString>
                <LineString id="41844">
                    <coordinates>13.404702370000003,51.53579566,0.0 13.404614220000001,51.5357727,0.0 13.404548999999998,51.53575792000001,0.0</coordinates>
                </LineString>
                <LineString id="41846">
                    <coordinates>13.438767969999999,51.530089540000006,0.0 13.439160860000001,51.53000292,0.0</coordinates>
                </LineString>
                <LineString id="41848">
                    <coordinates>13.44056596,51.533675919999986,0.0 13.440237739999999,51.53377645,0.0</coordinates>
                </LineString>
                <LineString id="41850">
                    <coordinates>13.453642309999996,51.540496389999994,0.0 13.453609379999998,51.54043830999999,0.0</coordinates>
                </LineString>
                <LineString id="41852">
                    <coordinates>13.41993892,51.54530490999999,0.0 13.419835979999998,51.54536465,0.0</coordinates>
                </LineString>
                <LineString id="41854">
                    <coordinates>13.41978354,51.54539655999999,0.0 13.419644559999998,51.54548127999999,0.0 13.41944064,51.545606289999995,0.0</coordinates>
                </LineString>
                <LineString id="41856">
                    <coordinates>13.447108869999996,51.54037745,0.0 13.44713611,51.540379959999996,0.0 13.447207,51.54036640000001,0.0</coordinates>
                </LineString>
                <LineString id="41858">
                    <coordinates>13.45391762,51.540363719999995,0.0 13.453919169999999,51.54035755,0.0 13.453991599999998,51.54033973,0.0</coordinates>
                </LineString>
                <LineString id="41860">
                    <coordinates>13.44657997,51.539043,0.0 13.44672981,51.53901597,0.0</coordinates>
                </LineString>
                <LineString id="41862">
                    <coordinates>13.45023158,51.53989203,0.0 13.450257139999998,51.53990116999999,0.0 13.450382989999996,51.539849739999994,0.0 13.450285040000002,51.539687470000004,0.0 13.450291689999998,51.539676160000006,0.0</coordinates>
                </LineString>
                <LineString id="41864">
                    <coordinates>13.451363629999998,51.53895848999999,0.0 13.45130604,51.53891399,0.0 13.45139104,51.53873232999999,0.0</coordinates>
                </LineString>
                <LineString id="41866">
                    <coordinates>13.45203528,51.53892707,0.0 13.452042179999998,51.53891636,0.0</coordinates>
                </LineString>
                <LineString id="41868">
                    <coordinates>13.453491739999999,51.53927557,0.0 13.453496029999998,51.539254820000004,0.0</coordinates>
                </LineString>
                <LineString id="41870">
                    <coordinates>13.45404648,51.53944714000001,0.0 13.4540653,51.53943015,0.0</coordinates>
                </LineString>
                <LineString id="41872">
                    <coordinates>13.45042589,51.53836995000001,0.0 13.450440559999999,51.53835204999999,0.0</coordinates>
                </LineString>
                <LineString id="41874">
                    <coordinates>13.44642131,51.53705677999999,0.0 13.446388119999996,51.53696602999999,0.0</coordinates>
                </LineString>
                <LineString id="41876">
                    <coordinates>13.446353459999997,51.536746689999994,0.0 13.44634551,51.536755600000006,0.0</coordinates>
                </LineString>
                <LineString id="41878">
                    <coordinates>13.44634551,51.536755600000006,0.0 13.446365820000002,51.53675463,0.0 13.446362529999996,51.53668283,0.0</coordinates>
                </LineString>
                <LineString id="41880">
                    <coordinates>13.446142170000002,51.53667259,0.0 13.44607441,51.536650030000004,0.0 13.445853579999998,51.53656404,0.0 13.445815979999999,51.53654893,0.0 13.44565264,51.53648443000001,0.0 13.445475839999999,51.5364138,0.0 13.44544601,51.53640154,0.0 13.4452635,51.53634112,0.0 13.445236909999998,51.53632851,0.0</coordinates>
                </LineString>
                <LineString id="41882">
                    <coordinates>13.44542035,51.53655315,0.0 13.44538952,51.53650308,0.0 13.44537746,51.536491350000006,0.0 13.445362729999998,51.53648229999999,0.0 13.445281649999997,51.536450009999996,0.0 13.44516853,51.5364051,0.0</coordinates>
                </LineString>
                <LineString id="41884">
                    <coordinates>13.445236909999998,51.53632851,0.0 13.44517664,51.53639591999999,0.0 13.445172709999998,51.53639966,0.0</coordinates>
                </LineString>
                <LineString id="41886">
                    <coordinates>13.445172709999998,51.53639966,0.0 13.44516853,51.5364051,0.0</coordinates>
                </LineString>
                <LineString id="41888">
                    <coordinates>13.445159729999999,51.5364016,0.0 13.444957889999998,51.53632279999999,0.0 13.44475968,51.53624400999998,0.0</coordinates>
                </LineString>
                <LineString id="41890">
                    <coordinates>13.44475968,51.53624400999998,0.0 13.44468777,51.53621384000001,0.0</coordinates>
                </LineString>
                <LineString id="41892">
                    <coordinates>13.44468777,51.53621384000001,0.0 13.444576830000003,51.53616684,0.0 13.444554479999999,51.53616853999999,0.0</coordinates>
                </LineString>
                <LineString id="41894">
                    <coordinates>13.444554479999999,51.53616853999999,0.0 13.444434400000002,51.53628904,0.0</coordinates>
                </LineString>
                <LineString id="41896">
                    <coordinates>13.44832293,51.53751952999999,0.0 13.448313730000002,51.53753098999999,0.0</coordinates>
                </LineString>
                <LineString id="41898">
                    <coordinates>13.44832293,51.53751952999999,0.0 13.448296859999997,51.53750465,0.0 13.448262809999997,51.53740216999999,0.0</coordinates>
                </LineString>
                <LineString id="41900">
                    <coordinates>13.444776839999998,51.53502406999999,0.0 13.444867509999998,51.535006939999995,0.0</coordinates>
                </LineString>
                <LineString id="41902">
                    <coordinates>13.43942014,51.53406468,0.0 13.43937007,51.53406691,0.0</coordinates>
                </LineString>
                <LineString id="41904">
                    <coordinates>13.439352949999998,51.53402601999999,0.0 13.43937007,51.53406691,0.0</coordinates>
                </LineString>
                <LineString id="41906">
                    <coordinates>13.439352949999998,51.53402601999999,0.0 13.439311160000003,51.53391954000001,0.0 13.439297169999998,51.53390182,0.0</coordinates>
                </LineString>
                <LineString id="41908">
                    <coordinates>13.43930432,51.53388493999999,0.0 13.43931119,51.5338685,0.0</coordinates>
                </LineString>
                <LineString id="41910">
                    <coordinates>13.45646167,51.54044146999999,0.0 13.45647004,51.54042923,0.0</coordinates>
                </LineString>
                <LineString id="41912">
                    <coordinates>13.455423150000001,51.5401132,0.0 13.45549236,51.54004505000001,0.0 13.455495499999996,51.54003989999998,0.0</coordinates>
                </LineString>
                <LineString id="41914">
                    <coordinates>13.455423150000001,51.5401132,0.0 13.455406839999998,51.540116780000005,0.0</coordinates>
                </LineString>
                <LineString id="41916">
                    <coordinates>13.464651349999999,51.542003740000006,0.0 13.464692049999998,51.542000979999976,0.0</coordinates>
                </LineString>
                <LineString id="41918">
                    <coordinates>13.464652290000002,51.54200985000001,0.0 13.464663659999996,51.542082300000004,0.0</coordinates>
                </LineString>
                <LineString id="41920">
                    <coordinates>13.463832720000001,51.54205473,0.0 13.46413734,51.54203686,0.0 13.46443972,51.54201822,0.0 13.464651349999999,51.542003740000006,0.0</coordinates>
                </LineString>
                <LineString id="41922">
                    <coordinates>13.464777839999998,51.54199529000002,0.0 13.46506337,51.54197627999999,0.0 13.465437239999998,51.541951389999994,0.0 13.46565735,51.5419376,0.0 13.465713619999999,51.541928449999986,0.0 13.46580574,51.54192512000001,0.0</coordinates>
                </LineString>
                <LineString id="41924">
                    <coordinates>13.46580574,51.54192512000001,0.0 13.46580078,51.54183608,0.0</coordinates>
                </LineString>
                <LineString id="41926">
                    <coordinates>13.46580078,51.54183608,0.0 13.465751769999999,51.54183660999999,0.0 13.46574243,51.54183351999999,0.0 13.46571356,51.54181398,0.0 13.465623769999999,51.541730419999986,0.0</coordinates>
                </LineString>
                <LineString id="41928">
                    <coordinates>13.46580574,51.54192512000001,0.0 13.465970600000002,51.54192534,0.0 13.46613415,51.54192809,0.0 13.46634617,51.54193196,0.0</coordinates>
                </LineString>
                <LineString id="41930">
                    <coordinates>13.46727509,51.54194663,0.0 13.467667909999998,51.541956249999984,0.0 13.467846729999998,51.54195947,0.0</coordinates>
                </LineString>
                <LineString id="41932">
                    <coordinates>13.467854699999997,51.54195963999999,0.0 13.46809322,51.54196414,0.0</coordinates>
                </LineString>
                <LineString id="41934">
                    <coordinates>13.46809322,51.54196414,0.0 13.468515449999998,51.54196686999999,0.0 13.468691459999999,51.54196495,0.0 13.468754390000003,51.5419657,0.0</coordinates>
                </LineString>
                <LineString id="41936">
                    <coordinates>13.468754390000003,51.5419657,0.0 13.468757789999998,51.54198758,0.0</coordinates>
                </LineString>
                <LineString id="41938">
                    <coordinates>13.469412329999999,51.541981249999985,0.0 13.46941477,51.5419815,0.0</coordinates>
                </LineString>
                <LineString id="41940">
                    <coordinates>13.46941477,51.5419815,0.0 13.46942727,51.54191843999999,0.0</coordinates>
                </LineString>
                <LineString id="41942">
                    <coordinates>13.46942727,51.54191843999999,0.0 13.469527410000001,51.54192079999998,0.0</coordinates>
                </LineString>
                <LineString id="41944">
                    <coordinates>13.47015435,51.54205064999999,0.0 13.470396059999999,51.54209502999999,0.0 13.47059069,51.54213287,0.0</coordinates>
                </LineString>
                <LineString id="41946">
                    <coordinates>13.47059069,51.54213287,0.0 13.470593459999998,51.54215179999999,0.0</coordinates>
                </LineString>
                <LineString id="41948">
                    <coordinates>13.47111314,51.54223009999999,0.0 13.471126000000002,51.54223227,0.0</coordinates>
                </LineString>
                <LineString id="41950">
                    <coordinates>13.471735809999998,51.54236558,0.0 13.471742889999998,51.54235174,0.0</coordinates>
                </LineString>
                <LineString id="41952">
                    <coordinates>13.471742889999998,51.54235174,0.0 13.471704119999998,51.54234627999999,0.0 13.47159718,51.54233019,0.0 13.47126773,51.54226018999999,0.0 13.471126000000002,51.54223227,0.0</coordinates>
                </LineString>
                <LineString id="41954">
                    <coordinates>13.470699930000002,51.54204896000001,0.0 13.47069907,51.5420432,0.0 13.470680059999998,51.542040539999995,0.0</coordinates>
                </LineString>
                <LineString id="41956">
                    <coordinates>13.470680059999998,51.542040539999995,0.0 13.47056325,51.54202421,0.0</coordinates>
                </LineString>
                <LineString id="41958">
                    <coordinates>13.472203310000001,51.54230666,0.0 13.47222131,51.54230371,0.0 13.47240234,51.54226479,0.0 13.47259309,51.54222457000001,0.0 13.47272045,51.542202549999985,0.0 13.47317819,51.5421087,0.0 13.473324779999999,51.54207725,0.0</coordinates>
                </LineString>
                <LineString id="41960">
                    <coordinates>13.473324779999999,51.54207725,0.0 13.473339839999998,51.54210012,0.0</coordinates>
                </LineString>
                <LineString id="41962">
                    <coordinates>13.473339839999998,51.54210012,0.0 13.473370300000001,51.542144009999994,0.0 13.473381480000002,51.542162370000014,0.0</coordinates>
                </LineString>
                <LineString id="41964">
                    <coordinates>13.473824569999998,51.5418527,0.0 13.473844370000002,51.54184967999999,0.0</coordinates>
                </LineString>
                <LineString id="41966">
                    <coordinates>13.472419009999998,51.54026079,0.0 13.47240035,51.540265569999995,0.0 13.47243083,51.54037713,0.0</coordinates>
                </LineString>
                <LineString id="41968">
                    <coordinates>13.40451702,51.53434947000001,0.0 13.404688459999997,51.534413459999996,0.0</coordinates>
                </LineString>
                <LineString id="41970">
                    <coordinates>13.40873335,51.53973749,0.0 13.408778380000001,51.53962483,0.0</coordinates>
                </LineString>
                <LineString id="41972">
                    <coordinates>13.408778380000001,51.53962483,0.0 13.40879516,51.53958355,0.0 13.408806759999997,51.539535879999995,0.0 13.408840039999998,51.53946033999999,0.0</coordinates>
                </LineString>
                <LineString id="41974">
                    <coordinates>13.41060866,51.53963062,0.0 13.41061505,51.53962088000001,0.0 13.410606010000002,51.53961128,0.0 13.410595360000002,51.53959527000001,0.0</coordinates>
                </LineString>
                <LineString id="41976">
                    <coordinates>13.408840039999998,51.53946033999999,0.0 13.40884766,51.539444409999994,0.0</coordinates>
                </LineString>
                <LineString id="41978">
                    <coordinates>13.408925750000002,51.53923468000001,0.0 13.408947669999998,51.53917877,0.0</coordinates>
                </LineString>
                <LineString id="41980">
                    <coordinates>13.408947669999998,51.53917877,0.0 13.408953580000002,51.5391692,0.0</coordinates>
                </LineString>
                <LineString id="41982">
                    <coordinates>13.408953580000002,51.5391692,0.0 13.40896542,51.53905841,0.0</coordinates>
                </LineString>
                <LineString id="41984">
                    <coordinates>13.40350366,51.53632439,0.0 13.40353777,51.53632291,0.0</coordinates>
                </LineString>
                <LineString id="41986">
                    <coordinates>13.40353777,51.53632291,0.0 13.40364603,51.536314189999985,0.0 13.40378541,51.53630485,0.0</coordinates>
                </LineString>
                <LineString id="41988">
                    <coordinates>13.40378541,51.53630485,0.0 13.403954379999998,51.53629361999999,0.0 13.404058950000001,51.53628774,0.0</coordinates>
                </LineString>
                <LineString id="41990">
                    <coordinates>13.404058950000001,51.53628774,0.0 13.404136569999999,51.536282619999994,0.0</coordinates>
                </LineString>
                <LineString id="41992">
                    <coordinates>13.409983649999997,51.537411520000006,0.0 13.409898949999999,51.53737318,0.0 13.409875009999999,51.53735470999999,0.0</coordinates>
                </LineString>
                <LineString id="41994">
                    <coordinates>13.409983649999997,51.537411520000006,0.0 13.410002870000001,51.537417239999996,0.0 13.41000695,51.53741048999999,0.0</coordinates>
                </LineString>
                <LineString id="41996">
                    <coordinates>13.41000695,51.53741048999999,0.0 13.410055420000003,51.53734263,0.0</coordinates>
                </LineString>
                <LineString id="41998">
                    <coordinates>13.410303739999996,51.53815048,0.0 13.4102776,51.538142750000006,0.0 13.410213050000001,51.53811186,0.0 13.41020115,51.53792944,0.0 13.4101744,51.537715989999995,0.0 13.41043369,51.53768829999999,0.0 13.410437830000001,51.53747871,0.0 13.41046994,51.53747897,0.0</coordinates>
                </LineString>
                <LineString id="42000">
                    <coordinates>13.41084576,51.53740216,0.0 13.410657209999998,51.53739668,0.0 13.41057093,51.53739165,0.0</coordinates>
                </LineString>
                <LineString id="42002">
                    <coordinates>13.410479339999998,51.5373995,0.0 13.4103917,51.5373923,0.0</coordinates>
                </LineString>
                <LineString id="42004">
                    <coordinates>13.4103917,51.5373923,0.0 13.410266529999998,51.53738143999998,0.0 13.41014322,51.53736030999998,0.0 13.410055420000003,51.53734263,0.0</coordinates>
                </LineString>
                <LineString id="42006">
                    <coordinates>13.410055420000003,51.53734263,0.0 13.409889019999998,51.537260149999994,0.0 13.409801669999998,51.537215030000006,0.0 13.40969615,51.537130959999985,0.0</coordinates>
                </LineString>
                <LineString id="42008">
                    <coordinates>13.404136569999999,51.536282619999994,0.0 13.40428149,51.536272299999986,0.0</coordinates>
                </LineString>
                <LineString id="42010">
                    <coordinates>13.404286999999998,51.53631721999999,0.0 13.40428149,51.536272299999986,0.0</coordinates>
                </LineString>
                <LineString id="42012">
                    <coordinates>13.40428149,51.536272299999986,0.0 13.404794049999998,51.53624248,0.0</coordinates>
                </LineString>
                <LineString id="42014">
                    <coordinates>13.404794049999998,51.53624248,0.0 13.404808769999999,51.536241409999995,0.0</coordinates>
                </LineString>
                <LineString id="42016">
                    <coordinates>13.404795080000001,51.53629342,0.0 13.404805969999998,51.53625206999999,0.0</coordinates>
                </LineString>
                <LineString id="42018">
                    <coordinates>13.404805969999998,51.53625206999999,0.0 13.404808769999999,51.536241409999995,0.0</coordinates>
                </LineString>
                <LineString id="42020">
                    <coordinates>13.404808769999999,51.536241409999995,0.0 13.404884349999998,51.53623485,0.0</coordinates>
                </LineString>
                <LineString id="42022">
                    <coordinates>13.405086050000001,51.53622049999999,0.0 13.405289849999999,51.53620915999999,0.0</coordinates>
                </LineString>
                <LineString id="42024">
                    <coordinates>13.405289849999999,51.53620915999999,0.0 13.40551302,51.53619493000001,0.0</coordinates>
                </LineString>
                <LineString id="42026">
                    <coordinates>13.40551302,51.53619493000001,0.0 13.40573063,51.53617986999999,0.0</coordinates>
                </LineString>
                <LineString id="42028">
                    <coordinates>13.40573063,51.53617986999999,0.0 13.40573782,51.536217410000006,0.0</coordinates>
                </LineString>
                <LineString id="42030">
                    <coordinates>13.40573782,51.536217410000006,0.0 13.405742610000003,51.53622894,0.0 13.40586681,51.53622461,0.0 13.405937919999998,51.536219929999994,0.0 13.40597413,51.53622012000001,0.0 13.406045770000002,51.53621944999999,0.0 13.40611636,51.536222689999995,0.0 13.406186689999998,51.53622741999999,0.0 13.40624362,51.53623019,0.0</coordinates>
                </LineString>
                <LineString id="42032">
                    <coordinates>13.406330429999999,51.53624145999999,0.0 13.406459019999998,51.536260539999994,0.0</coordinates>
                </LineString>
                <LineString id="42034">
                    <coordinates>13.406700499999998,51.536299509999985,0.0 13.40650929,51.53626862,0.0</coordinates>
                </LineString>
                <LineString id="42036">
                    <coordinates>13.40650929,51.53626862,0.0 13.406459019999998,51.536260539999994,0.0</coordinates>
                </LineString>
                <LineString id="42038">
                    <coordinates>13.40671858,51.53630243999999,0.0 13.406767899999998,51.53630963999999,0.0</coordinates>
                </LineString>
                <LineString id="42040">
                    <coordinates>13.406767899999998,51.53630963999999,0.0 13.406914929999997,51.53633316999999,0.0 13.407038569999997,51.536354409999994,0.0 13.40715717,51.53637495,0.0 13.4072371,51.53638869,0.0 13.407285480000002,51.536400439999994,0.0</coordinates>
                </LineString>
                <LineString id="42042">
                    <coordinates>13.407285480000002,51.536400439999994,0.0 13.4074046,51.536415209999994,0.0</coordinates>
                </LineString>
                <LineString id="42044">
                    <coordinates>13.4074046,51.536415209999994,0.0 13.40741814,51.53636176,0.0</coordinates>
                </LineString>
                <LineString id="42046">
                    <coordinates>13.4074046,51.536415209999994,0.0 13.407526219999998,51.536433239999994,0.0</coordinates>
                </LineString>
                <LineString id="42048">
                    <coordinates>13.40758083,51.53644205,0.0 13.40759714,51.53644465,0.0 13.40769647,51.53646743,0.0</coordinates>
                </LineString>
                <LineString id="42050">
                    <coordinates>13.40769647,51.53646743,0.0 13.4079157,51.53652786,0.0</coordinates>
                </LineString>
                <LineString id="42052">
                    <coordinates>13.408002089999998,51.53655205,0.0 13.40818002,51.53660179,0.0</coordinates>
                </LineString>
                <LineString id="42054">
                    <coordinates>13.408214779999998,51.53654889999999,0.0 13.40818002,51.53660179,0.0</coordinates>
                </LineString>
                <LineString id="42056">
                    <coordinates>13.408214779999998,51.53654889999999,0.0 13.408223319999998,51.53653443999999,0.0 13.408250339999999,51.53646117,0.0 13.40831784,51.53628964999999,0.0</coordinates>
                </LineString>
                <LineString id="42058">
                    <coordinates>13.408411349999998,51.53622476999999,0.0 13.40842342,51.53621645999999,0.0</coordinates>
                </LineString>
                <LineString id="42060">
                    <coordinates>13.408411349999998,51.53622476999999,0.0 13.40833173,51.53618074999999,0.0</coordinates>
                </LineString>
                <LineString id="42062">
                    <coordinates>13.40831784,51.53628964999999,0.0 13.408411349999998,51.53622476999999,0.0</coordinates>
                </LineString>
                <LineString id="42064">
                    <coordinates>13.408411349999998,51.53622476999999,0.0 13.4084778,51.53626127,0.0 13.40869827,51.536387309999995,0.0</coordinates>
                </LineString>
                <LineString id="42066">
                    <coordinates>13.40869827,51.536387309999995,0.0 13.40870328,51.53639048,0.0 13.40870608,51.53639131999999,0.0 13.40870849,51.53639169,0.0 13.408711099999998,51.53639162,0.0 13.408713709999999,51.53639145999998,0.0 13.40871693,51.53639097,0.0 13.40872137,51.53638981000001,0.0 13.40872586,51.53638811999999,0.0 13.408737969999999,51.53638379,0.0</coordinates>
                </LineString>
                <LineString id="42068">
                    <coordinates>13.408737969999999,51.53638379,0.0 13.408745510000001,51.53639066,0.0</coordinates>
                </LineString>
                <LineString id="42070">
                    <coordinates>13.408891309999998,51.53586327,0.0 13.408888489999999,51.53590399000001,0.0 13.40888561,51.53591588,0.0</coordinates>
                </LineString>
                <LineString id="42072">
                    <coordinates>13.40888003,51.535937869999984,0.0 13.408844129999999,51.53607966999999,0.0 13.408801599999999,51.53616214,0.0 13.408686719999999,51.536158750000006,0.0 13.40852193,51.53614047999999,0.0 13.40842342,51.53621645999999,0.0</coordinates>
                </LineString>
                <LineString id="42074">
                    <coordinates>13.409535210000001,51.53697876,0.0 13.409525950000003,51.53697107000001,0.0 13.409505859999998,51.536933569999995,0.0</coordinates>
                </LineString>
                <LineString id="42076">
                    <coordinates>13.409535210000001,51.53697876,0.0 13.40963591,51.53706135,0.0 13.40969615,51.537130959999985,0.0</coordinates>
                </LineString>
                <LineString id="42078">
                    <coordinates>13.409777789999998,51.53730050000001,0.0 13.409842789999999,51.53733688999999,0.0</coordinates>
                </LineString>
                <LineString id="42080">
                    <coordinates>13.409842789999999,51.53733688999999,0.0 13.409875009999999,51.53735470999999,0.0</coordinates>
                </LineString>
                <LineString id="42082">
                    <coordinates>13.409777789999998,51.53730050000001,0.0 13.409706429999998,51.537260329999995,0.0 13.409647219999998,51.53722046,0.0</coordinates>
                </LineString>
                <LineString id="42084">
                    <coordinates>13.409528869999999,51.536918699999994,0.0 13.40962778,51.536881539999996,0.0 13.40966953,51.53686447999999,0.0 13.409750329999998,51.53682121,0.0</coordinates>
                </LineString>
                <LineString id="42086">
                    <coordinates>13.409512950000002,51.53692685,0.0 13.409528869999999,51.536918699999994,0.0</coordinates>
                </LineString>
                <LineString id="42088">
                    <coordinates>13.409750329999998,51.53682121,0.0 13.409843569999998,51.53676123,0.0 13.409861299999998,51.53675588,0.0</coordinates>
                </LineString>
                <LineString id="42090">
                    <coordinates>13.409861299999998,51.53675588,0.0 13.410014309999998,51.53670349999999,0.0 13.410060660000001,51.53667935,0.0</coordinates>
                </LineString>
                <LineString id="42092">
                    <coordinates>13.41009344,51.53667213000001,0.0 13.410060660000001,51.53667935,0.0</coordinates>
                </LineString>
                <LineString id="42094">
                    <coordinates>13.41009344,51.53667213000001,0.0 13.410182839999997,51.53665490999999,0.0</coordinates>
                </LineString>
                <LineString id="42096">
                    <coordinates>13.408181120000002,51.53608776,0.0 13.40816284,51.53607648999999,0.0</coordinates>
                </LineString>
                <LineString id="42098">
                    <coordinates>13.40357128,51.53441535999999,0.0 13.40350753,51.53441336,0.0 13.403535630000002,51.534108429999996,0.0 13.403588719999998,51.53406092999999,0.0 13.403671379999997,51.53410817999998,0.0 13.40383329,51.534174879999995,0.0 13.40398711,51.53423225,0.0</coordinates>
                </LineString>
                <LineString id="42100">
                    <coordinates>13.40398711,51.53423225,0.0 13.404012439999999,51.53424351,0.0</coordinates>
                </LineString>
                <LineString id="42102">
                    <coordinates>13.404012439999999,51.53424351,0.0 13.404221999999999,51.534324899999994,0.0</coordinates>
                </LineString>
                <LineString id="42104">
                    <coordinates>13.404221999999999,51.534324899999994,0.0 13.40438609,51.53440396999999,0.0 13.40441721,51.53441934999999,0.0</coordinates>
                </LineString>
                <LineString id="42106">
                    <coordinates>13.404445829999998,51.53443111,0.0 13.404536779999999,51.53446839,0.0</coordinates>
                </LineString>
                <LineString id="42108">
                    <coordinates>13.404536779999999,51.53446839,0.0 13.40455879,51.53447818,0.0</coordinates>
                </LineString>
                <LineString id="42110">
                    <coordinates>13.40573063,51.53617986999999,0.0 13.405730959999998,51.53617421,0.0</coordinates>
                </LineString>
                <LineString id="42112">
                    <coordinates>13.405730959999998,51.53617421,0.0 13.40574058,51.53609294,0.0 13.405576509999996,51.536045699999995,0.0</coordinates>
                </LineString>
                <LineString id="42114">
                    <coordinates>13.405576509999996,51.536045699999995,0.0 13.40518996,51.53593425999999,0.0</coordinates>
                </LineString>
                <LineString id="42116">
                    <coordinates>13.40518996,51.53593425999999,0.0 13.405179719999998,51.53593112000001,0.0</coordinates>
                </LineString>
                <LineString id="42118">
                    <coordinates>13.405179719999998,51.53593112000001,0.0 13.405092359999996,51.535903739999995,0.0</coordinates>
                </LineString>
                <LineString id="42120">
                    <coordinates>13.405092359999996,51.535903739999995,0.0 13.404702370000003,51.53579566,0.0</coordinates>
                </LineString>
                <LineString id="42122">
                    <coordinates>13.404548999999998,51.53575792000001,0.0 13.404497,51.5357449,0.0</coordinates>
                </LineString>
                <LineString id="42124">
                    <coordinates>13.404497,51.5357449,0.0 13.404383889999998,51.53571319000001,0.0</coordinates>
                </LineString>
                <LineString id="42126">
                    <coordinates>13.404383889999998,51.53571319000001,0.0 13.404014730000002,51.535613739999995,0.0</coordinates>
                </LineString>
                <LineString id="42128">
                    <coordinates>13.404014730000002,51.535613739999995,0.0 13.40388693,51.53557905000001,0.0</coordinates>
                </LineString>
                <LineString id="42130">
                    <coordinates>13.406399190000002,51.53509505,0.0 13.4062837,51.53504817000001,0.0</coordinates>
                </LineString>
                <LineString id="42132">
                    <coordinates>13.406399190000002,51.53509505,0.0 13.406505919999999,51.53514966,0.0 13.406584709999999,51.53519081,0.0</coordinates>
                </LineString>
                <LineString id="42134">
                    <coordinates>13.406584709999999,51.53519081,0.0 13.40670514,51.53525328999999,0.0</coordinates>
                </LineString>
                <LineString id="42136">
                    <coordinates>13.40670514,51.53525328999999,0.0 13.406759650000001,51.53528182000001,0.0 13.406913440000002,51.53536898,0.0 13.40704088,51.53544086999999,0.0</coordinates>
                </LineString>
                <LineString id="42138">
                    <coordinates>13.40704088,51.53544086999999,0.0 13.40704376,51.53542628,0.0</coordinates>
                </LineString>
                <LineString id="42140">
                    <coordinates>13.40704088,51.53544086999999,0.0 13.407256419999998,51.53556271999999,0.0 13.407326919999997,51.535605219999994,0.0</coordinates>
                </LineString>
                <LineString id="42142">
                    <coordinates>13.407326919999997,51.535605219999994,0.0 13.40760353,51.53576058,0.0 13.40764564,51.53578404999999,0.0</coordinates>
                </LineString>
                <LineString id="42144">
                    <coordinates>13.40764564,51.53578404999999,0.0 13.4080215,51.53599711,0.0</coordinates>
                </LineString>
                <LineString id="42146">
                    <coordinates>13.4080215,51.53599711,0.0 13.40811666,51.53604886,0.0</coordinates>
                </LineString>
                <LineString id="42148">
                    <coordinates>13.408136769999999,51.53606088,0.0 13.40816284,51.53607648999999,0.0</coordinates>
                </LineString>
                <LineString id="42150">
                    <coordinates>13.40811666,51.53604886,0.0 13.408136769999999,51.53606088,0.0</coordinates>
                </LineString>
                <LineString id="42152">
                    <coordinates>13.40811666,51.53604886,0.0 13.408143929999998,51.536030069999995,0.0</coordinates>
                </LineString>
                <LineString id="42154">
                    <coordinates>13.408891309999998,51.53586327,0.0 13.40890696,51.53545891,0.0 13.408913490000002,51.53532817000001,0.0</coordinates>
                </LineString>
                <LineString id="42156">
                    <coordinates>13.408913490000002,51.53532817000001,0.0 13.40891775,51.5351474,0.0 13.408917139999998,51.53508194999999,0.0</coordinates>
                </LineString>
                <LineString id="42158">
                    <coordinates>13.40455879,51.53447818,0.0 13.404690450000002,51.534531079999994,0.0</coordinates>
                </LineString>
                <LineString id="42160">
                    <coordinates>13.404690450000002,51.534531079999994,0.0 13.40470321,51.5345361,0.0</coordinates>
                </LineString>
                <LineString id="42162">
                    <coordinates>13.40470321,51.5345361,0.0 13.404753590000002,51.53455631,0.0</coordinates>
                </LineString>
                <LineString id="42164">
                    <coordinates>13.40441721,51.53441934999999,0.0 13.40442341,51.53442193,0.0</coordinates>
                </LineString>
                <LineString id="42166">
                    <coordinates>13.404753590000002,51.53455631,0.0 13.40500178,51.53465928999999,0.0 13.404909979999998,51.53475561999999,0.0</coordinates>
                </LineString>
                <LineString id="42168">
                    <coordinates>13.404688459999997,51.534413459999996,0.0 13.40496551,51.53451776,0.0</coordinates>
                </LineString>
                <LineString id="42170">
                    <coordinates>13.40496551,51.53451776,0.0 13.40500557,51.53453306000001,0.0 13.405140130000001,51.53461019,0.0</coordinates>
                </LineString>
                <LineString id="42172">
                    <coordinates>13.405140130000001,51.53461019,0.0 13.405345049999998,51.53469177,0.0</coordinates>
                </LineString>
                <LineString id="42174">
                    <coordinates>13.405345049999998,51.53469177,0.0 13.40550318,51.534751390000004,0.0</coordinates>
                </LineString>
                <LineString id="42176">
                    <coordinates>13.40550318,51.534751390000004,0.0 13.40556181,51.53477427,0.0 13.405879090000003,51.534884389999995,0.0 13.40594839,51.53490832999999,0.0 13.405971519999998,51.534918149999996,0.0</coordinates>
                </LineString>
                <LineString id="42178">
                    <coordinates>13.405971519999998,51.534918149999996,0.0 13.4062837,51.53504817000001,0.0</coordinates>
                </LineString>
                <LineString id="42180">
                    <coordinates>13.407150709999998,51.53464835,0.0 13.40715012,51.53463775000001,0.0</coordinates>
                </LineString>
                <LineString id="42182">
                    <coordinates>13.408917139999998,51.53508194999999,0.0 13.408922239999999,51.53484287,0.0</coordinates>
                </LineString>
                <LineString id="42184">
                    <coordinates>13.408922239999999,51.53484287,0.0 13.408924679999998,51.534696329999996,0.0</coordinates>
                </LineString>
                <LineString id="42186">
                    <coordinates>13.408924679999998,51.534696329999996,0.0 13.408925489999998,51.53449606,0.0</coordinates>
                </LineString>
                <LineString id="42188">
                    <coordinates>13.408925489999998,51.53449606,0.0 13.40892103,51.53425016999999,0.0</coordinates>
                </LineString>
                <LineString id="42190">
                    <coordinates>13.40892103,51.53425016999999,0.0 13.4089201,51.53419291,0.0 13.40892291,51.53410368000001,0.0</coordinates>
                </LineString>
                <LineString id="42192">
                    <coordinates>13.437181059999999,51.53399456999999,0.0 13.43722212,51.534109289999996,0.0</coordinates>
                </LineString>
                <LineString id="42194">
                    <coordinates>13.45270592,51.53910638000001,0.0 13.452713200000002,51.53908292,0.0</coordinates>
                </LineString>
                <LineString id="42196">
                    <coordinates>13.464692049999998,51.542000979999976,0.0 13.464777839999998,51.54199529000002,0.0</coordinates>
                </LineString>
                <LineString id="42198">
                    <coordinates>13.411853389999997,51.537433899999996,0.0 13.41198544,51.53743724,0.0</coordinates>
                </LineString>
                <LineString id="42200">
                    <coordinates>13.41198544,51.53743724,0.0 13.412142409999998,51.53744034,0.0</coordinates>
                </LineString>
                <LineString id="42202">
                    <coordinates>13.412142409999998,51.53744034,0.0 13.41215199,51.53744065,0.0</coordinates>
                </LineString>
                <LineString id="42204">
                    <coordinates>13.41215199,51.53744065,0.0 13.41226772,51.53744719999999,0.0</coordinates>
                </LineString>
                <LineString id="42206">
                    <coordinates>13.41226772,51.53744719999999,0.0 13.412360229999999,51.53745384999999,0.0 13.412463339999999,51.53745696,0.0</coordinates>
                </LineString>
                <LineString id="42208">
                    <coordinates>13.412463339999999,51.53745696,0.0 13.41250625,51.53745783,0.0</coordinates>
                </LineString>
                <LineString id="42210">
                    <coordinates>13.41250625,51.53745783,0.0 13.412584209999997,51.537458399999984,0.0 13.41267986,51.53746145,0.0</coordinates>
                </LineString>
                <LineString id="42212">
                    <coordinates>13.41267986,51.53746145,0.0 13.41290994,51.53746518,0.0</coordinates>
                </LineString>
                <LineString id="42214">
                    <coordinates>13.41290994,51.53746518,0.0 13.413127009999998,51.53746128,0.0</coordinates>
                </LineString>
                <LineString id="42216">
                    <coordinates>13.413127009999998,51.53746128,0.0 13.41321498,51.5374584,0.0 13.41350785,51.53744685,0.0 13.41366736,51.53743387,0.0 13.413830529999998,51.53742623999999,0.0 13.414006260000003,51.53740256,0.0 13.41407226,51.53739819999999,0.0</coordinates>
                </LineString>
                <LineString id="42218">
                    <coordinates>13.41407226,51.53739819999999,0.0 13.4141669,51.53738974,0.0 13.41424936,51.53738084999999,0.0 13.414305740000001,51.537374390000004,0.0</coordinates>
                </LineString>
                <LineString id="42220">
                    <coordinates>13.414305740000001,51.537374390000004,0.0 13.41431436,51.53737348000001,0.0</coordinates>
                </LineString>
                <LineString id="42222">
                    <coordinates>13.41431436,51.53737348000001,0.0 13.414418999999999,51.53736305999999,0.0</coordinates>
                </LineString>
                <LineString id="42224">
                    <coordinates>13.414418999999999,51.53736305999999,0.0 13.414547830000002,51.537307840000004,0.0 13.41455066,51.537299969999985,0.0</coordinates>
                </LineString>
                <LineString id="42226">
                    <coordinates>13.41455066,51.537299969999985,0.0 13.414563809999999,51.53725493999999,0.0</coordinates>
                </LineString>
                <LineString id="42228">
                    <coordinates>13.414563809999999,51.53725493999999,0.0 13.414572069999998,51.53721358999999,0.0</coordinates>
                </LineString>
                <LineString id="42230">
                    <coordinates>13.414659129999999,51.53653864,0.0 13.41466587,51.53646599,0.0 13.41467568,51.53635877,0.0 13.41467502,51.53634613,0.0 13.41466362,51.536338919999984,0.0 13.414665059999999,51.536333469999995,0.0</coordinates>
                </LineString>
                <LineString id="42232">
                    <coordinates>13.414665059999999,51.536333469999995,0.0 13.41465778,51.53626463,0.0</coordinates>
                </LineString>
                <LineString id="42234">
                    <coordinates>13.41465778,51.53626463,0.0 13.41466166,51.536222349999996,0.0 13.414652009999998,51.536199849999996,0.0</coordinates>
                </LineString>
                <LineString id="42236">
                    <coordinates>13.409512950000002,51.53692685,0.0 13.409505859999998,51.536933569999995,0.0</coordinates>
                </LineString>
                <LineString id="42238">
                    <coordinates>13.4113739,51.53740346,0.0 13.411325409999998,51.53740044999999,0.0 13.411243769999999,51.53740652,0.0 13.411149459999999,51.537406229999995,0.0</coordinates>
                </LineString>
                <LineString id="42240">
                    <coordinates>13.4113739,51.53740346,0.0 13.411423219999998,51.53740199,0.0</coordinates>
                </LineString>
                <LineString id="42242">
                    <coordinates>13.411423219999998,51.53740199,0.0 13.41152002,51.53740375999999,0.0 13.411554709999999,51.5374182,0.0 13.41156664,51.537445059999996,0.0</coordinates>
                </LineString>
                <LineString id="42244">
                    <coordinates>13.41164552,51.53744185,0.0 13.411853389999997,51.537433899999996,0.0</coordinates>
                </LineString>
                <LineString id="42246">
                    <coordinates>13.41156664,51.537445059999996,0.0 13.41164552,51.53744185,0.0</coordinates>
                </LineString>
                <LineString id="42248">
                    <coordinates>13.411377600000002,51.53751804000001,0.0 13.4113739,51.53740346,0.0</coordinates>
                </LineString>
                <LineString id="42250">
                    <coordinates>13.411377600000002,51.53751804000001,0.0 13.411377849999997,51.53754782999999,0.0</coordinates>
                </LineString>
                <LineString id="42252">
                    <coordinates>13.411377849999997,51.53754782999999,0.0 13.411281789999999,51.53754133999999,0.0</coordinates>
                </LineString>
                <LineString id="42254">
                    <coordinates>13.411281789999999,51.53754133999999,0.0 13.411246630000003,51.53753713,0.0 13.41117173,51.53752911,0.0</coordinates>
                </LineString>
                <LineString id="42256">
                    <coordinates>13.411377849999997,51.53754782999999,0.0 13.411526269999998,51.53755688999999,0.0</coordinates>
                </LineString>
                <LineString id="42258">
                    <coordinates>13.411526269999998,51.53755688999999,0.0 13.41172469,51.53756746999999,0.0</coordinates>
                </LineString>
                <LineString id="42260">
                    <coordinates>13.41172469,51.53756746999999,0.0 13.411738789999998,51.537571019999994,0.0</coordinates>
                </LineString>
                <LineString id="42262">
                    <coordinates>13.411738789999998,51.537571019999994,0.0 13.41182868,51.53758032999998,0.0 13.411953830000002,51.53758663000001,0.0</coordinates>
                </LineString>
                <LineString id="42264">
                    <coordinates>13.411953830000002,51.53758663000001,0.0 13.41209027,51.53759609999999,0.0</coordinates>
                </LineString>
                <LineString id="42266">
                    <coordinates>13.41218205,51.537603059999995,0.0 13.41225343,51.53760704,0.0</coordinates>
                </LineString>
                <LineString id="42268">
                    <coordinates>13.41225343,51.53760704,0.0 13.412330449999999,51.53761174,0.0 13.41258474,51.537632679999994,0.0 13.412686469999999,51.53763556,0.0</coordinates>
                </LineString>
                <LineString id="42270">
                    <coordinates>13.412686469999999,51.53763556,0.0 13.412699859999998,51.53763647,0.0</coordinates>
                </LineString>
                <LineString id="42272">
                    <coordinates>13.412699859999998,51.53763647,0.0 13.412820559999997,51.53763790999999,0.0</coordinates>
                </LineString>
                <LineString id="42274">
                    <coordinates>13.412820559999997,51.53763790999999,0.0 13.41320954,51.53763713,0.0</coordinates>
                </LineString>
                <LineString id="42276">
                    <coordinates>13.41320954,51.53763713,0.0 13.413303060000002,51.53763579,0.0 13.413630550000002,51.53761249,0.0 13.41376264,51.53761265,0.0</coordinates>
                </LineString>
                <LineString id="42278">
                    <coordinates>13.41376264,51.53761265,0.0 13.41377411,51.53761195999997,0.0</coordinates>
                </LineString>
                <LineString id="42280">
                    <coordinates>13.41377411,51.53761195999997,0.0 13.41382978,51.53761263,0.0</coordinates>
                </LineString>
                <LineString id="42282">
                    <coordinates>13.41382978,51.53761263,0.0 13.41386935,51.537613709999995,0.0 13.414058199999998,51.537600579999996,0.0</coordinates>
                </LineString>
                <LineString id="42284">
                    <coordinates>13.414058199999998,51.537600579999996,0.0 13.41418498,51.53758966,0.0</coordinates>
                </LineString>
                <LineString id="42286">
                    <coordinates>13.414418999999999,51.53736305999999,0.0 13.41452583,51.53738189999999,0.0</coordinates>
                </LineString>
                <LineString id="42288">
                    <coordinates>13.41452583,51.53738189999999,0.0 13.4146388,51.53738189,0.0</coordinates>
                </LineString>
                <LineString id="42290">
                    <coordinates>13.4146388,51.53738189,0.0 13.41477269,51.53738257999999,0.0 13.41494663,51.537373949999996,0.0 13.41505516,51.53737459999999,0.0</coordinates>
                </LineString>
                <LineString id="42292">
                    <coordinates>13.41505516,51.53737459999999,0.0 13.415232870000002,51.53737869,0.0</coordinates>
                </LineString>
                <LineString id="42294">
                    <coordinates>13.415232870000002,51.53737869,0.0 13.415248339999998,51.53747502,0.0</coordinates>
                </LineString>
                <LineString id="42296">
                    <coordinates>13.415211889999998,51.53753695,0.0 13.41519383,51.537567689999996,0.0</coordinates>
                </LineString>
                <LineString id="42298">
                    <coordinates>13.41519383,51.537567689999996,0.0 13.41518554,51.53757578999999,0.0</coordinates>
                </LineString>
                <LineString id="42300">
                    <coordinates>13.414787229999998,51.536339430000005,0.0 13.414665059999999,51.536333469999995,0.0</coordinates>
                </LineString>
                <LineString id="42302">
                    <coordinates>13.414787229999998,51.536339430000005,0.0 13.41478937,51.53631162999999,0.0 13.41479278,51.536299099999994,0.0 13.414795349999999,51.53628863000001,0.0 13.414802969999998,51.536273609999995,0.0 13.414816140000001,51.53625543,0.0 13.41483068,51.536238899999994,0.0 13.414855809999997,51.53621474,0.0 13.414878449999998,51.53619935,0.0 13.414912899999997,51.53617797,0.0 13.414941,51.53616399,0.0 13.414901149999999,51.53611836,0.0 13.415069860000001,51.53604949,0.0 13.41510443,51.53604242000001,0.0</coordinates>
                </LineString>
                <LineString id="42304">
                    <coordinates>13.41510443,51.53604242000001,0.0 13.415107309999998,51.53604575999999,0.0 13.41510882,51.53604743,0.0 13.4151108,51.53604847999999,0.0 13.41511369,51.53604873999999,0.0 13.41511883,51.53604797999999,0.0 13.415154109999998,51.53604156,0.0</coordinates>
                </LineString>
                <LineString id="42306">
                    <coordinates>13.415154109999998,51.53604156,0.0 13.415271429999999,51.53602073999999,0.0 13.415321899999999,51.536011429999995,0.0 13.41534382,51.53600749999999,0.0</coordinates>
                </LineString>
                <LineString id="42308">
                    <coordinates>13.41534382,51.53600749999999,0.0 13.415390270000001,51.535999870000005,0.0 13.41568806,51.53596730999999,0.0 13.41583341,51.53594884,0.0</coordinates>
                </LineString>
                <LineString id="42310">
                    <coordinates>13.416170429999998,51.535922219999996,0.0 13.416162450000002,51.53587281,0.0</coordinates>
                </LineString>
                <LineString id="42312">
                    <coordinates>13.416170429999998,51.535922219999996,0.0 13.41624436,51.53591794,0.0</coordinates>
                </LineString>
                <LineString id="42314">
                    <coordinates>13.41624436,51.53591794,0.0 13.41646349,51.53590413,0.0</coordinates>
                </LineString>
                <LineString id="42316">
                    <coordinates>13.416465979999998,51.53592641999999,0.0 13.41647203,51.53598052,0.0</coordinates>
                </LineString>
                <LineString id="42318">
                    <coordinates>13.41646349,51.53590413,0.0 13.416465979999998,51.53592641999999,0.0</coordinates>
                </LineString>
                <LineString id="42320">
                    <coordinates>13.417111829999998,51.53590078,0.0 13.417204389999998,51.53589998,0.0</coordinates>
                </LineString>
                <LineString id="42322">
                    <coordinates>13.417204389999998,51.53589998,0.0 13.417640869999998,51.53588628,0.0 13.418046930000001,51.53587610999999,0.0 13.418638219999998,51.53589723999998,0.0 13.419179520000002,51.53591868,0.0 13.419314729999998,51.53592309,0.0 13.419407980000003,51.53592290000001,0.0 13.41989777,51.53588548,0.0 13.42029017,51.53585514,0.0 13.420482569999999,51.53583405,0.0</coordinates>
                </LineString>
                <LineString id="42324">
                    <coordinates>13.420482569999999,51.53583405,0.0 13.42106045,51.53573759,0.0 13.42115678,51.53571959,0.0</coordinates>
                </LineString>
                <LineString id="42326">
                    <coordinates>13.42115678,51.53571959,0.0 13.421291619999998,51.53569375,0.0 13.42164361,51.53561103999999,0.0</coordinates>
                </LineString>
                <LineString id="42328">
                    <coordinates>13.42164361,51.53561103999999,0.0 13.42170181,51.535595550000004,0.0</coordinates>
                </LineString>
                <LineString id="42330">
                    <coordinates>13.42170181,51.535595550000004,0.0 13.422030440000002,51.53551201,0.0</coordinates>
                </LineString>
                <LineString id="42332">
                    <coordinates>13.422030440000002,51.53551201,0.0 13.422182239999998,51.53547652999998,0.0 13.42227025,51.53545812,0.0</coordinates>
                </LineString>
                <LineString id="42334">
                    <coordinates>13.42227025,51.53545812,0.0 13.42256695,51.53539314999998,0.0</coordinates>
                </LineString>
                <LineString id="42336">
                    <coordinates>13.42256695,51.53539314999998,0.0 13.4230506,51.53529995000001,0.0</coordinates>
                </LineString>
                <LineString id="42338">
                    <coordinates>13.4230506,51.53529995000001,0.0 13.42308886,51.53529315,0.0</coordinates>
                </LineString>
                <LineString id="42340">
                    <coordinates>13.42407453,51.53517124999999,0.0 13.424141269999998,51.53516365999999,0.0</coordinates>
                </LineString>
                <LineString id="42342">
                    <coordinates>13.42308886,51.53529315,0.0 13.42334275,51.53525548999999,0.0 13.423794679999999,51.53520295,0.0 13.42407453,51.53517124999999,0.0</coordinates>
                </LineString>
                <LineString id="42344">
                    <coordinates>13.424141269999998,51.53516365999999,0.0 13.4242289,51.53515298,0.0 13.42475317,51.53507596000001,0.0 13.425021639999999,51.53503111,0.0</coordinates>
                </LineString>
                <LineString id="42346">
                    <coordinates>13.425021639999999,51.53503111,0.0 13.425102299999999,51.53501747,0.0 13.425252639999997,51.535002969999994,0.0</coordinates>
                </LineString>
                <LineString id="42348">
                    <coordinates>13.407089299999999,51.53499919,0.0 13.407098629999997,51.53492187999999,0.0 13.40711835,51.53477582,0.0</coordinates>
                </LineString>
                <LineString id="42350">
                    <coordinates>13.41046994,51.53747897,0.0 13.410479339999998,51.5373995,0.0</coordinates>
                </LineString>
                <LineString id="42352">
                    <coordinates>13.41057093,51.53739165,0.0 13.410479339999998,51.5373995,0.0</coordinates>
                </LineString>
                <LineString id="42354">
                    <coordinates>13.468754390000003,51.5419657,0.0 13.46914083,51.54197293,0.0 13.46939232,51.54197904,0.0 13.469412329999999,51.541981249999985,0.0</coordinates>
                </LineString>
                <LineString id="42356">
                    <coordinates>13.40671858,51.53630243999999,0.0 13.406700499999998,51.536299509999985,0.0</coordinates>
                </LineString>
                <LineString id="42358">
                    <coordinates>13.40892291,51.53410368000001,0.0 13.40872517,51.53409804999999,0.0 13.40856173,51.53409975999999,0.0</coordinates>
                </LineString>
                <LineString id="42360">
                    <coordinates>13.40856173,51.53409975999999,0.0 13.408428069999998,51.53409416,0.0 13.407527699999997,51.53406766999999,0.0</coordinates>
                </LineString>
                <LineString id="42362">
                    <coordinates>13.408881179999998,51.53593339999998,0.0 13.40888003,51.535937869999984,0.0</coordinates>
                </LineString>
                <LineString id="42364">
                    <coordinates>13.444867509999998,51.535006939999995,0.0 13.444878799999998,51.53500583,0.0 13.44496164,51.53502023999999,0.0 13.44501743,51.53503332999999,0.0</coordinates>
                </LineString>
                <LineString id="42366">
                    <coordinates>13.408881179999998,51.53593339999998,0.0 13.409037820000002,51.535937869999984,0.0</coordinates>
                </LineString>
                <LineString id="42368">
                    <coordinates>13.40888561,51.53591588,0.0 13.408881179999998,51.53593339999998,0.0</coordinates>
                </LineString>
                <LineString id="42370">
                    <coordinates>13.40704376,51.53542628,0.0 13.407050290000003,51.53532179999999,0.0 13.407089299999999,51.53499919,0.0</coordinates>
                </LineString>
                <LineString id="42372">
                    <coordinates>13.4079157,51.53652786,0.0 13.408002089999998,51.53655205,0.0</coordinates>
                </LineString>
                <LineString id="42374">
                    <coordinates>13.40741814,51.53636176,0.0 13.40741903,51.53634597,0.0</coordinates>
                </LineString>
                <LineString id="42376">
                    <coordinates>13.407004329999998,51.53554045,0.0 13.406992630000001,51.53555109999999,0.0</coordinates>
                </LineString>
                <LineString id="42378">
                    <coordinates>13.44634551,51.536755600000006,0.0 13.446209829999999,51.53669522,0.0 13.446142170000002,51.53667259,0.0</coordinates>
                </LineString>
                <LineString id="42380">
                    <coordinates>13.40388693,51.53557905000001,0.0 13.40377134,51.53554927999999,0.0</coordinates>
                </LineString>
                <LineString id="42382">
                    <coordinates>13.40377134,51.53554927999999,0.0 13.40377336,51.53554497999998,0.0</coordinates>
                </LineString>
                <LineString id="42384">
                    <coordinates>13.40377336,51.53554497999998,0.0 13.40379485,51.53550261,0.0</coordinates>
                </LineString>
                <LineString id="42386">
                    <coordinates>13.44983792,51.538532599999996,0.0 13.449728189999997,51.53854077999999,0.0</coordinates>
                </LineString>
                <LineString id="42388">
                    <coordinates>13.43930556,51.53345192,0.0 13.439311749999998,51.53331212999999,0.0 13.4393184,51.53320074,0.0 13.43932111,51.5331467,0.0</coordinates>
                </LineString>
                <LineString id="42390">
                    <coordinates>13.44056596,51.533675919999986,0.0 13.44072437,51.53363089999999,0.0 13.44101484,51.53353835,0.0</coordinates>
                </LineString>
                <LineString id="42392">
                    <coordinates>13.44101484,51.53353835,0.0 13.44122465,51.53347229,0.0 13.441535249999998,51.53337506,0.0 13.44185684,51.53327081000001,0.0</coordinates>
                </LineString>
                <LineString id="42394">
                    <coordinates>13.44185684,51.53327081000001,0.0 13.442117819999998,51.53318057999999,0.0 13.44214948,51.53316956999999,0.0</coordinates>
                </LineString>
                <LineString id="42396">
                    <coordinates>13.44214948,51.53316956999999,0.0 13.44242198,51.53308195,0.0 13.442571170000003,51.53303671,0.0</coordinates>
                </LineString>
                <LineString id="42398">
                    <coordinates>13.442571170000003,51.53303671,0.0 13.44306215,51.532887299999985,0.0 13.44320397,51.532844389999994,0.0</coordinates>
                </LineString>
                <LineString id="42400">
                    <coordinates>13.442571170000003,51.53303671,0.0 13.4426601,51.53303081,0.0 13.442896899999997,51.53301665,0.0</coordinates>
                </LineString>
                <LineString id="42402">
                    <coordinates>13.44320397,51.532844389999994,0.0 13.443585909999998,51.532719749999984,0.0</coordinates>
                </LineString>
                <LineString id="42404">
                    <coordinates>13.443585909999998,51.532719749999984,0.0 13.44379751,51.532645699999996,0.0 13.44397123,51.53258641000001,0.0</coordinates>
                </LineString>
                <LineString id="42406">
                    <coordinates>13.44397123,51.53258641000001,0.0 13.443916839999998,51.53286962,0.0 13.444031699999998,51.53314889,0.0</coordinates>
                </LineString>
                <LineString id="42408">
                    <coordinates>13.444031699999998,51.53314889,0.0 13.44421149,51.53319524,0.0</coordinates>
                </LineString>
                <LineString id="42410">
                    <coordinates>13.44421149,51.53319524,0.0 13.444183149999999,51.53337317999999,0.0 13.444167269999998,51.53347053,0.0</coordinates>
                </LineString>
                <LineString id="42412">
                    <coordinates>13.444428529999998,51.53410407,0.0 13.444457730000002,51.53418462999999,0.0 13.44453469,51.53438685,0.0 13.44455263,51.534432689999996,0.0</coordinates>
                </LineString>
                <LineString id="42414">
                    <coordinates>13.44455263,51.534432689999996,0.0 13.44455922,51.53445521,0.0</coordinates>
                </LineString>
                <LineString id="42416">
                    <coordinates>13.444422599999998,51.532437519999995,0.0 13.44397123,51.53258641000001,0.0</coordinates>
                </LineString>
                <LineString id="42418">
                    <coordinates>13.444422599999998,51.532437519999995,0.0 13.44452187,51.53239574,0.0 13.444719650000001,51.532312870000005,0.0</coordinates>
                </LineString>
                <LineString id="42420">
                    <coordinates>13.444719650000001,51.532312870000005,0.0 13.444756039999998,51.53242917,0.0 13.444776969999996,51.532465589999994,0.0</coordinates>
                </LineString>
                <LineString id="42422">
                    <coordinates>13.444719650000001,51.532312870000005,0.0 13.444922559999998,51.53222696,0.0 13.44514801,51.53213795,0.0 13.44547331,51.532012349999995,0.0</coordinates>
                </LineString>
                <LineString id="42424">
                    <coordinates>13.44547331,51.532012349999995,0.0 13.44565968,51.53193794999999,0.0 13.44586947,51.53185258999999,0.0</coordinates>
                </LineString>
                <LineString id="42426">
                    <coordinates>13.44586947,51.53185258999999,0.0 13.446142530000001,51.53175805,0.0 13.44628047,51.53170984999999,0.0 13.44652319,51.53161061,0.0 13.44671188,51.53153303,0.0</coordinates>
                </LineString>
                <LineString id="42428">
                    <coordinates>13.44671188,51.53153303,0.0 13.446771360000001,51.53163987000001,0.0 13.446795749999998,51.53168763999999,0.0</coordinates>
                </LineString>
                <LineString id="42430">
                    <coordinates>13.44671188,51.53153303,0.0 13.447113949999999,51.53136771999999,0.0</coordinates>
                </LineString>
                <LineString id="42432">
                    <coordinates>13.447113949999999,51.53136771999999,0.0 13.447130859999998,51.53137280999999,0.0 13.44725752,51.53139784,0.0</coordinates>
                </LineString>
                <LineString id="42434">
                    <coordinates>13.447113949999999,51.53136771999999,0.0 13.44733703,51.53127458,0.0 13.44750539,51.531205480000004,0.0 13.44775849,51.531091599999996,0.0 13.44782552,51.531060169999996,0.0</coordinates>
                </LineString>
                <LineString id="42436">
                    <coordinates>13.44782552,51.531060169999996,0.0 13.447989530000001,51.53096532000001,0.0 13.448336910000002,51.53076363000001,0.0 13.44872109,51.53054365,0.0 13.448862220000002,51.53046376,0.0 13.449101199999998,51.53032868,0.0 13.449336909999998,51.53027261999999,0.0 13.449521139999998,51.53022990999999,0.0 13.449706329999998,51.53012923,0.0 13.44978872,51.53008946,0.0 13.449935889999999,51.53000097,0.0 13.450177,51.52986279999999,0.0 13.450445839999999,51.529707589999994,0.0 13.450879389999999,51.52946459999999,0.0</coordinates>
                </LineString>
                <LineString id="42438">
                    <coordinates>13.44978142,51.52782302999999,0.0 13.450235350000002,51.5280477,0.0 13.45049677,51.52848889999999,0.0 13.450678839999998,51.528795079999995,0.0 13.450839349999997,51.52904348,0.0 13.45093509,51.52918356,0.0 13.450879389999999,51.52946459999999,0.0</coordinates>
                </LineString>
                <LineString id="42440">
                    <coordinates>13.450879389999999,51.52946459999999,0.0 13.45174744,51.528998640000005,0.0 13.45211312,51.528811149999996,0.0 13.45273048,51.52847998000001,0.0 13.453410659999998,51.52811739,0.0 13.453936979999998,51.52783475999999,0.0 13.45438952,51.527600789999994,0.0</coordinates>
                </LineString>
                <LineString id="42442">
                    <coordinates>13.447519849999999,51.54106443999999,0.0 13.4478247,51.541278719999994,0.0 13.447993160000001,51.54139579999999,0.0 13.448202930000003,51.541553539999995,0.0 13.44822289,51.54156833,0.0</coordinates>
                </LineString>
                <LineString id="42444">
                    <coordinates>13.44822289,51.54156833,0.0 13.448649210000001,51.54174444,0.0</coordinates>
                </LineString>
                <LineString id="42446">
                    <coordinates>13.448649210000001,51.54174444,0.0 13.448712329999998,51.54200259999998,0.0</coordinates>
                </LineString>
                <LineString id="42448">
                    <coordinates>13.448712329999998,51.54200259999998,0.0 13.449197270000003,51.541908330000005,0.0</coordinates>
                </LineString>
                <LineString id="42450">
                    <coordinates>13.449197270000003,51.541908330000005,0.0 13.449577219999998,51.54176352999998,0.0</coordinates>
                </LineString>
                <LineString id="42452">
                    <coordinates>13.449577219999998,51.54176352999998,0.0 13.449950049999998,51.54161100999999,0.0</coordinates>
                </LineString>
                <LineString id="42454">
                    <coordinates>13.449950049999998,51.54161100999999,0.0 13.450170859999997,51.54163883,0.0</coordinates>
                </LineString>
                <LineString id="42456">
                    <coordinates>13.449950049999998,51.54161100999999,0.0 13.45004813,51.54156866999999,0.0 13.45030395,51.541466729999996,0.0</coordinates>
                </LineString>
                <LineString id="42458">
                    <coordinates>13.45030395,51.541466729999996,0.0 13.450648629999998,51.541334590000005,0.0</coordinates>
                </LineString>
                <LineString id="42460">
                    <coordinates>13.450648629999998,51.541334590000005,0.0 13.450717390000001,51.54148173000001,0.0 13.45075796,51.541570330000006,0.0 13.45106507,51.54160133999999,0.0</coordinates>
                </LineString>
                <LineString id="42462">
                    <coordinates>13.447519849999999,51.54106443999999,0.0 13.447171439999998,51.54082541999998,0.0 13.447094609999999,51.540637119999985,0.0 13.447022620000002,51.54046290000001,0.0 13.447015249999998,51.54044437,0.0</coordinates>
                </LineString>
                <LineString id="42464">
                    <coordinates>13.447015249999998,51.54044437,0.0 13.447108869999996,51.54037745,0.0</coordinates>
                </LineString>
                <LineString id="42466">
                    <coordinates>13.447015249999998,51.54044437,0.0 13.44694854,51.54026397999999,0.0 13.44689732,51.54015209000001,0.0 13.44686081,51.54002826,0.0 13.446763560000003,51.53981014000001,0.0 13.44673416,51.53974332999999,0.0</coordinates>
                </LineString>
                <LineString id="42468">
                    <coordinates>13.45290458,51.54060149000001,0.0 13.452993119999999,51.540598779999996,0.0 13.45322102,51.54054479,0.0 13.453244829999997,51.540523779999994,0.0</coordinates>
                </LineString>
                <LineString id="42470">
                    <coordinates>13.453244829999997,51.540523779999994,0.0 13.453745609999997,51.54040573999998,0.0 13.45391762,51.540363719999995,0.0</coordinates>
                </LineString>
                <LineString id="42472">
                    <coordinates>13.45391762,51.540363719999995,0.0 13.45373189,51.540399429999994,0.0 13.45372152,51.54039933,0.0</coordinates>
                </LineString>
                <LineString id="42474">
                    <coordinates>13.45391762,51.540363719999995,0.0 13.454088,51.540322100000004,0.0 13.454318019999999,51.54025961999999,0.0 13.454447820000002,51.54022625000001,0.0</coordinates>
                </LineString>
                <LineString id="42476">
                    <coordinates>13.44673416,51.53974332999999,0.0 13.446563400000002,51.53936293,0.0 13.44654959,51.53933146000001,0.0</coordinates>
                </LineString>
                <LineString id="42478">
                    <coordinates>13.44654959,51.53933146000001,0.0 13.44648196,51.53914191999999,0.0 13.446429449999998,51.5390332,0.0</coordinates>
                </LineString>
                <LineString id="42480">
                    <coordinates>13.446429449999998,51.5390332,0.0 13.44657997,51.539043,0.0</coordinates>
                </LineString>
                <LineString id="42482">
                    <coordinates>13.445588450000002,51.53905141,0.0 13.445515069999999,51.539050849999995,0.0 13.44523124,51.53905024999999,0.0</coordinates>
                </LineString>
                <LineString id="42484">
                    <coordinates>13.44523124,51.53905024999999,0.0 13.444775469999996,51.5390471,0.0 13.44452255,51.53904551000001,0.0 13.44422681,51.53904442,0.0 13.443945999999999,51.53904233999999,0.0 13.44366487,51.53904117999999,0.0 13.443486779999999,51.539038850000004,0.0</coordinates>
                </LineString>
                <LineString id="42486">
                    <coordinates>13.441726529999999,51.539037159999985,0.0 13.44186619,51.53903602,0.0 13.442413329999999,51.539031619999996,0.0 13.44284513,51.5390321,0.0</coordinates>
                </LineString>
                <LineString id="42488">
                    <coordinates>13.44284513,51.5390321,0.0 13.44283693,51.53879151999999,0.0</coordinates>
                </LineString>
                <LineString id="42490">
                    <coordinates>13.44284513,51.5390321,0.0 13.443231110000001,51.53903231000001,0.0 13.443363999999999,51.53903724999999,0.0 13.443486779999999,51.539038850000004,0.0</coordinates>
                </LineString>
                <LineString id="42492">
                    <coordinates>13.446429449999998,51.5390332,0.0 13.446314060000002,51.53876828,0.0</coordinates>
                </LineString>
                <LineString id="42494">
                    <coordinates>13.446314060000002,51.53876828,0.0 13.44618559,51.53846510000001,0.0</coordinates>
                </LineString>
                <LineString id="42496">
                    <coordinates>13.44618559,51.53846510000001,0.0 13.44631748,51.53842408,0.0</coordinates>
                </LineString>
                <LineString id="42498">
                    <coordinates>13.44618559,51.53846510000001,0.0 13.446095009999999,51.53822472999999,0.0 13.44606138,51.53813633999999,0.0</coordinates>
                </LineString>
                <LineString id="42500">
                    <coordinates>13.44606138,51.53813633999999,0.0 13.4460126,51.53800970999999,0.0 13.445917860000002,51.53780040000001,0.0</coordinates>
                </LineString>
                <LineString id="42502">
                    <coordinates>13.449897040000002,51.53997635,0.0 13.45023158,51.53989203,0.0</coordinates>
                </LineString>
                <LineString id="42504">
                    <coordinates>13.44936237,51.537946270000006,0.0 13.44936528,51.53793595,0.0</coordinates>
                </LineString>
                <LineString id="42506">
                    <coordinates>13.453496029999998,51.539254820000004,0.0 13.45382441,51.53950206,0.0 13.453835609999999,51.539513859999985,0.0</coordinates>
                </LineString>
                <LineString id="42508">
                    <coordinates>13.4540653,51.53943015,0.0 13.454154680000002,51.53960779999999,0.0</coordinates>
                </LineString>
                <LineString id="42510">
                    <coordinates>13.445917860000002,51.53780040000001,0.0 13.44580573,51.53753669,0.0 13.445783800000001,51.53748645,0.0</coordinates>
                </LineString>
                <LineString id="42512">
                    <coordinates>13.445783800000001,51.53748645,0.0 13.445623549999999,51.53708509999999,0.0 13.44559624,51.537015029999985,0.0</coordinates>
                </LineString>
                <LineString id="42514">
                    <coordinates>13.44559624,51.537015029999985,0.0 13.445509730000001,51.5367971,0.0</coordinates>
                </LineString>
                <LineString id="42516">
                    <coordinates>13.446388119999996,51.53696602999999,0.0 13.44636634,51.536877390000015,0.0 13.446353459999997,51.536746689999994,0.0</coordinates>
                </LineString>
                <LineString id="42518">
                    <coordinates>13.445509730000001,51.5367971,0.0 13.44542035,51.53655315,0.0</coordinates>
                </LineString>
                <LineString id="42520">
                    <coordinates>13.44542035,51.53655315,0.0 13.445611209999997,51.53671042999999,0.0 13.445626929999998,51.53671506999999,0.0</coordinates>
                </LineString>
                <LineString id="42522">
                    <coordinates>13.44925203,51.53852064000001,0.0 13.449176660000001,51.53835292,0.0 13.449073569999998,51.538117549999996,0.0 13.44936237,51.537946270000006,0.0</coordinates>
                </LineString>
                <LineString id="42524">
                    <coordinates>13.44455922,51.53445521,0.0 13.44466658,51.53473834,0.0</coordinates>
                </LineString>
                <LineString id="42526">
                    <coordinates>13.44466658,51.53473834,0.0 13.444776839999998,51.53502406999999,0.0</coordinates>
                </LineString>
                <LineString id="42528">
                    <coordinates>13.440237739999999,51.53377645,0.0 13.43998436,51.53386817,0.0 13.439534219999999,51.53401673999999,0.0 13.43942014,51.53406468,0.0</coordinates>
                </LineString>
                <LineString id="42530">
                    <coordinates>13.43942014,51.53406468,0.0 13.439621659999998,51.534066329999995,0.0</coordinates>
                </LineString>
                <LineString id="42532">
                    <coordinates>13.43931119,51.5338685,0.0 13.439295950000002,51.53366261,0.0 13.43930556,51.53345192,0.0</coordinates>
                </LineString>
                <LineString id="42534">
                    <coordinates>13.46183617,51.542177779999996,0.0 13.46181824,51.54217383,0.0 13.461511880000002,51.54206311,0.0</coordinates>
                </LineString>
                <LineString id="42536">
                    <coordinates>13.465623769999999,51.541730419999986,0.0 13.465508329999999,51.54161949,0.0 13.465354400000002,51.54147484,0.0 13.46520997,51.5413203,0.0</coordinates>
                </LineString>
                <LineString id="42538">
                    <coordinates>13.46520997,51.5413203,0.0 13.46503479,51.54113435,0.0</coordinates>
                </LineString>
                <LineString id="42540">
                    <coordinates>13.46488518,51.54086333999999,0.0 13.464864299999999,51.54080721999999,0.0 13.46479101,51.54062635,0.0 13.46477,51.54057588999999,0.0</coordinates>
                </LineString>
                <LineString id="42542">
                    <coordinates>13.46634617,51.54193196,0.0 13.466350709999999,51.54195634,0.0</coordinates>
                </LineString>
                <LineString id="42544">
                    <coordinates>13.466350709999999,51.54195634,0.0 13.46597435,51.54194906,0.0</coordinates>
                </LineString>
                <LineString id="42546">
                    <coordinates>13.46634617,51.54193196,0.0 13.46638806,51.541845949999995,0.0 13.466403540000002,51.54180612,0.0</coordinates>
                </LineString>
                <LineString id="42548">
                    <coordinates>13.46727509,51.54194663,0.0 13.46724435,51.54196845,0.0</coordinates>
                </LineString>
                <LineString id="42550">
                    <coordinates>13.46809322,51.54196414,0.0 13.46809855,51.54197704999999,0.0</coordinates>
                </LineString>
                <LineString id="42552">
                    <coordinates>13.46477,51.54057588999999,0.0 13.46461592,51.540204970000005,0.0</coordinates>
                </LineString>
                <LineString id="42554">
                    <coordinates>13.46461592,51.540204970000005,0.0 13.464540299999996,51.54001280999997,0.0 13.46449231,51.53990832,0.0</coordinates>
                </LineString>
                <LineString id="42556">
                    <coordinates>13.464369969999998,51.53955067999999,0.0 13.464461929999999,51.53941888999999,0.0 13.464554249999999,51.539290539999996,0.0</coordinates>
                </LineString>
                <LineString id="42558">
                    <coordinates>13.46711738,51.54098755,0.0 13.467611639999998,51.54094400999999,0.0 13.46783244,51.54089945999999,0.0 13.468139919999999,51.54083676999999,0.0 13.468336919999999,51.54096857999999,0.0 13.46849739,51.541075580000005,0.0 13.46856527,51.54112359,0.0</coordinates>
                </LineString>
                <LineString id="42560">
                    <coordinates>13.464554249999999,51.539290539999996,0.0 13.46469514,51.53911447,0.0 13.464790509999997,51.538995269999994,0.0 13.46483388,51.53894022,0.0</coordinates>
                </LineString>
                <LineString id="42562">
                    <coordinates>13.46483388,51.53894022,0.0 13.46488964,51.53886549999999,0.0 13.465022620000001,51.53870041,0.0 13.46511815,51.53858191,0.0 13.46521728,51.53845805,0.0 13.465316719999999,51.53833247,0.0</coordinates>
                </LineString>
                <LineString id="42564">
                    <coordinates>13.465316719999999,51.53833247,0.0 13.465459000000001,51.53813911000001,0.0 13.465567180000003,51.53799066,0.0 13.465685310000001,51.537829429999995,0.0 13.465715050000002,51.53779167,0.0 13.46603315,51.53778745999999,0.0 13.46620114,51.5377864,0.0</coordinates>
                </LineString>
                <LineString id="42566">
                    <coordinates>13.46620114,51.5377864,0.0 13.466620120000002,51.53778568,0.0</coordinates>
                </LineString>
                <LineString id="42568">
                    <coordinates>13.470593459999998,51.54215179999999,0.0 13.47069457,51.542056790000004,0.0 13.470699930000002,51.54204896000001,0.0</coordinates>
                </LineString>
                <LineString id="42570">
                    <coordinates>13.47111802,51.54224869,0.0 13.471735809999998,51.54236558,0.0</coordinates>
                </LineString>
                <LineString id="42572">
                    <coordinates>13.471735809999998,51.54236558,0.0 13.47183144,51.542328530000006,0.0 13.472096470000002,51.54222567999999,0.0</coordinates>
                </LineString>
                <LineString id="42574">
                    <coordinates>13.46927127,51.54161852,0.0 13.468964799999998,51.54144493,0.0</coordinates>
                </LineString>
                <LineString id="42576">
                    <coordinates>13.468964799999998,51.54144493,0.0 13.468998499999998,51.54130373999998,0.0 13.46926753,51.54108639,0.0 13.46932541,51.54104159,0.0</coordinates>
                </LineString>
                <LineString id="42578">
                    <coordinates>13.46932541,51.54104159,0.0 13.46952798,51.54087420999999,0.0 13.46958959,51.54082317999999,0.0 13.46962739,51.540795409999994,0.0</coordinates>
                </LineString>
                <LineString id="42580">
                    <coordinates>13.46962739,51.540795409999994,0.0 13.46994738,51.54062368,0.0</coordinates>
                </LineString>
                <LineString id="42582">
                    <coordinates>13.468964799999998,51.54144493,0.0 13.46880924,51.541320079999984,0.0 13.468687789999999,51.5412228,0.0 13.46856527,51.54112359,0.0</coordinates>
                </LineString>
                <LineString id="42584">
                    <coordinates>13.473844370000002,51.54184967999999,0.0 13.474213999999998,51.541770459999995,0.0</coordinates>
                </LineString>
                <LineString id="42586">
                    <coordinates>13.474213999999998,51.541770459999995,0.0 13.474629360000002,51.54168129999999,0.0</coordinates>
                </LineString>
                <LineString id="42588">
                    <coordinates>13.474629360000002,51.54168129999999,0.0 13.475309350000002,51.54154878999999,0.0</coordinates>
                </LineString>
                <LineString id="42590">
                    <coordinates>13.475309350000002,51.54154878999999,0.0 13.475742089999999,51.54147993999999,0.0 13.475883860000001,51.54145377999999,0.0</coordinates>
                </LineString>
                <LineString id="42592">
                    <coordinates>13.46994738,51.54062368,0.0 13.470372639999999,51.54051732999999,0.0</coordinates>
                </LineString>
                <LineString id="42594">
                    <coordinates>13.472419009999998,51.54026079,0.0 13.472068290000001,51.54031331,0.0 13.47148742,51.54038665,0.0 13.470952679999998,51.54045236,0.0 13.470430969999999,51.54051147,0.0 13.470372639999999,51.54051732999999,0.0</coordinates>
                </LineString>
                <LineString id="42596">
                    <coordinates>13.475883860000001,51.54145377999999,0.0 13.476483159999999,51.54133424,0.0</coordinates>
                </LineString>
                <LineString id="42598">
                    <coordinates>13.476483159999999,51.54133424,0.0 13.476680069999999,51.541427709999994,0.0</coordinates>
                </LineString>
                <LineString id="42600">
                    <coordinates>13.476535009999997,51.54111662,0.0 13.47654291,51.54108437,0.0 13.476621080000001,51.54089937999999,0.0 13.476655669999998,51.54080943999999,0.0</coordinates>
                </LineString>
                <LineString id="42602">
                    <coordinates>13.476680069999999,51.541427709999994,0.0 13.47667229,51.541619999999995,0.0</coordinates>
                </LineString>
                <LineString id="42604">
                    <coordinates>13.47813093,51.54133833,0.0 13.477696449999998,51.54139718,0.0</coordinates>
                </LineString>
                <LineString id="42606">
                    <coordinates>13.47813093,51.54133833,0.0 13.478589709999996,51.541293590000016,0.0</coordinates>
                </LineString>
                <LineString id="42608">
                    <coordinates>13.478589709999996,51.541293590000016,0.0 13.479161529999999,51.54123444999999,0.0</coordinates>
                </LineString>
                <LineString id="42610">
                    <coordinates>13.47667229,51.541619999999995,0.0 13.476609500000002,51.541803879999996,0.0 13.47666509,51.54205343999999,0.0</coordinates>
                </LineString>
                <LineString id="42612">
                    <coordinates>13.47663333,51.54233786000001,0.0 13.476622079999999,51.54242512,0.0 13.47659188,51.542631709999995,0.0 13.47656582,51.542815260000005,0.0 13.47654307,51.542993650000014,0.0</coordinates>
                </LineString>
                <LineString id="42614">
                    <coordinates>13.475891149999999,51.53961272,0.0 13.475786479999998,51.539458,0.0 13.47571273,51.53935232999999,0.0 13.4752858,51.53940239999999,0.0</coordinates>
                </LineString>
                <LineString id="42616">
                    <coordinates>13.48035874,51.54652690999999,0.0 13.479905259999999,51.54620683,0.0 13.47940866,51.545852739999994,0.0 13.478915839999999,51.54550037999999,0.0 13.478846870000002,51.545452350000005,0.0 13.47851195,51.545319479999996,0.0 13.47823178,51.545120659999995,0.0 13.47813154,51.545047929999996,0.0</coordinates>
                </LineString>
                <LineString id="42618">
                    <coordinates>13.47813154,51.545047929999996,0.0 13.478563779999996,51.54494008,0.0</coordinates>
                </LineString>
                <LineString id="42620">
                    <coordinates>13.47813154,51.545047929999996,0.0 13.477725569999997,51.54475965,0.0 13.477344619999998,51.54448731,0.0 13.47725292,51.5444275,0.0 13.477097489999998,51.54437837999999,0.0 13.476973859999998,51.544241719999995,0.0</coordinates>
                </LineString>
                <LineString id="42622">
                    <coordinates>13.476973859999998,51.544241719999995,0.0 13.477549579999998,51.544126599999984,0.0</coordinates>
                </LineString>
                <LineString id="42624">
                    <coordinates>13.476973859999998,51.544241719999995,0.0 13.4769074,51.544132780000005,0.0 13.476821669999998,51.54396691,0.0 13.476753249999998,51.54383929999999,0.0 13.4767222,51.54377885000001,0.0 13.47662914,51.543603179999984,0.0 13.47661644,51.54357817,0.0</coordinates>
                </LineString>
                <LineString id="42626">
                    <coordinates>13.47661644,51.54357817,0.0 13.4769708,51.54369911999999,0.0</coordinates>
                </LineString>
                <LineString id="42628">
                    <coordinates>13.476505289999999,51.543303249999994,0.0 13.47654307,51.542993650000014,0.0</coordinates>
                </LineString>
                <LineString id="42630">
                    <coordinates>13.409736469999999,51.53991962999999,0.0 13.41007182,51.53981663,0.0 13.41060866,51.53963062,0.0</coordinates>
                </LineString>
                <LineString id="42632">
                    <coordinates>13.408745510000001,51.53639066,0.0 13.40899859,51.53649658999999,0.0 13.409153169999998,51.53656237999999,0.0 13.40941312,51.536824200000005,0.0 13.409502769999998,51.53691422,0.0</coordinates>
                </LineString>
                <LineString id="42634">
                    <coordinates>13.409502769999998,51.53691422,0.0 13.409512950000002,51.53692685,0.0</coordinates>
                </LineString>
                <LineString id="42636">
                    <coordinates>13.409647219999998,51.53722046,0.0 13.409208140000002,51.53718991,0.0 13.40918305,51.53718776000001,0.0 13.40912718,51.537137699999995,0.0</coordinates>
                </LineString>
                <LineString id="42638">
                    <coordinates>13.407004329999998,51.53554045,0.0 13.407040489999998,51.53556024999999,0.0 13.407307749999996,51.53571166,0.0 13.40766476,51.53591327,0.0 13.407707379999998,51.53593755,0.0</coordinates>
                </LineString>
                <LineString id="42640">
                    <coordinates>13.407707379999998,51.53593755,0.0 13.40797749,51.53609178999999,0.0 13.408094419999998,51.53615803999999,0.0</coordinates>
                </LineString>
                <LineString id="42642">
                    <coordinates>13.407150709999998,51.53464835,0.0 13.407171619999998,51.53440263,0.0 13.407179480000002,51.53431750000001,0.0</coordinates>
                </LineString>
                <LineString id="42644">
                    <coordinates>13.43932111,51.5331467,0.0 13.43934107,51.532861069999996,0.0</coordinates>
                </LineString>
                <LineString id="42646">
                    <coordinates>13.43934107,51.532861069999996,0.0 13.439351659999998,51.53262695000001,0.0</coordinates>
                </LineString>
                <LineString id="42648">
                    <coordinates>13.439351659999998,51.53262695000001,0.0 13.4393507,51.53244068000001,0.0</coordinates>
                </LineString>
                <LineString id="42650">
                    <coordinates>13.4393507,51.53244068000001,0.0 13.439309,51.53214278,0.0</coordinates>
                </LineString>
                <LineString id="42652">
                    <coordinates>13.439309,51.53214278,0.0 13.439257399999999,51.53184614999999,0.0</coordinates>
                </LineString>
                <LineString id="42654">
                    <coordinates>13.439257399999999,51.53184614999999,0.0 13.43913792,51.531580349999984,0.0 13.43909583,51.53138340999999,0.0 13.438914240000003,51.53071562,0.0 13.438867239999999,51.53053952999999,0.0</coordinates>
                </LineString>
                <LineString id="42656">
                    <coordinates>13.438867239999999,51.53053952999999,0.0 13.4393195,51.530523689999995,0.0</coordinates>
                </LineString>
                <LineString id="42658">
                    <coordinates>13.438867239999999,51.53053952999999,0.0 13.438767969999999,51.530089540000006,0.0</coordinates>
                </LineString>
                <LineString id="42660">
                    <coordinates>13.438767969999999,51.530089540000006,0.0 13.43860684,51.52940659000001,0.0 13.438555419999998,51.52916553,0.0 13.43838147,51.528648229999995,0.0 13.438248639999998,51.52825532999999,0.0 13.438197960000002,51.52811191999999,0.0 13.43823627,51.52804656,0.0 13.438273489999998,51.52789671999999,0.0 13.438078109999998,51.52749227999999,0.0 13.43788634,51.52710676,0.0 13.437698320000003,51.52672441000001,0.0 13.437507579999998,51.52633695,0.0 13.437331999999998,51.52599306999999,0.0</coordinates>
                </LineString>
                <LineString id="42662">
                    <coordinates>13.476655669999998,51.54080943999999,0.0 13.476682570000001,51.540513,0.0</coordinates>
                </LineString>
                <LineString id="42664">
                    <coordinates>13.48636774,51.54929433,0.0 13.486108220000002,51.54919003,0.0 13.48537896,51.54889388999999,0.0 13.48466094,51.54859194,0.0 13.483945740000001,51.54828478,0.0 13.482995549999998,51.54802485,0.0 13.48215002,51.54766489,0.0 13.481727599999997,51.54748152999999,0.0 13.48093256,51.54692542,0.0 13.480505190000002,51.54663033,0.0 13.48035874,51.54652690999999,0.0</coordinates>
                </LineString>
                <LineString id="42666">
                    <coordinates>13.487308179999998,51.54967253,0.0 13.486974419999997,51.54953806999999,0.0 13.48636774,51.54929433,0.0</coordinates>
                </LineString>
                <LineString id="42668">
                    <coordinates>13.464652290000002,51.54200985000001,0.0 13.46477717,51.542001809999995,0.0</coordinates>
                </LineString>
                <LineString id="42670">
                    <coordinates>13.46477717,51.542001809999995,0.0 13.46509804,51.54198127,0.0</coordinates>
                </LineString>
                <LineString id="42672">
                    <coordinates>13.46477717,51.542001809999995,0.0 13.464777839999998,51.54199529000002,0.0</coordinates>
                </LineString>
                <LineString id="42674">
                    <coordinates>13.468757789999998,51.54198758,0.0 13.468363199999999,51.541778399999984,0.0</coordinates>
                </LineString>
                <LineString id="42676">
                    <coordinates>13.414598639999998,51.53583920999999,0.0 13.41457948,51.53550268,0.0 13.41479063,51.53537679,0.0</coordinates>
                </LineString>
                <LineString id="42678">
                    <coordinates>13.41479063,51.53537679,0.0 13.414999870000003,51.535193310000004,0.0 13.41513702,51.53506720999999,0.0</coordinates>
                </LineString>
                <LineString id="42680">
                    <coordinates>13.406337559999999,51.53517548,0.0 13.40663005,51.53533465999998,0.0 13.406808459999999,51.535433129999994,0.0 13.407004329999998,51.53554045,0.0</coordinates>
                </LineString>
                <LineString id="42682">
                    <coordinates>13.455406839999998,51.540116780000005,0.0 13.45510849,51.54007110999999,0.0</coordinates>
                </LineString>
                <LineString id="42684">
                    <coordinates>13.46503479,51.54113435,0.0 13.464903049999998,51.54091171999999,0.0 13.46488518,51.54086333999999,0.0</coordinates>
                </LineString>
                <LineString id="42686">
                    <coordinates>13.475883860000001,51.54145377999999,0.0 13.475887010000001,51.541634699999996,0.0</coordinates>
                </LineString>
                <LineString id="42688">
                    <coordinates>13.444776839999998,51.53502406999999,0.0 13.445017549999998,51.5356018,0.0</coordinates>
                </LineString>
                <LineString id="42690">
                    <coordinates>13.47661644,51.54357817,0.0 13.4765358,51.54337897999999,0.0 13.476505289999999,51.543303249999994,0.0</coordinates>
                </LineString>
                <LineString id="42692">
                    <coordinates>13.46962739,51.540795409999994,0.0 13.469463469999999,51.54118105,0.0 13.46959442,51.54132888999999,0.0</coordinates>
                </LineString>
                <LineString id="42694">
                    <coordinates>13.446429449999998,51.5390332,0.0 13.446185429999998,51.53910904999999,0.0</coordinates>
                </LineString>
                <LineString id="42696">
                    <coordinates>13.476680069999999,51.541427709999994,0.0 13.477179889999999,51.54137614999999,0.0 13.477508639999998,51.54138989,0.0 13.47769472,51.54139723999999,0.0 13.477696449999998,51.54139718,0.0</coordinates>
                </LineString>
                <LineString id="42698">
                    <coordinates>13.476483159999999,51.54133424,0.0 13.476535009999997,51.54111662,0.0</coordinates>
                </LineString>
                <LineString id="42700">
                    <coordinates>13.446429449999998,51.5390332,0.0 13.445987590000001,51.53905462000001,0.0 13.445588450000002,51.53905141,0.0</coordinates>
                </LineString>
                <LineString id="42702">
                    <coordinates>13.449728189999997,51.53854077999999,0.0 13.44925203,51.53852064000001,0.0</coordinates>
                </LineString>
                <LineString id="42704">
                    <coordinates>13.449897040000002,51.53997635,0.0 13.44982796,51.53981344000001,0.0 13.449629409999998,51.539406469999996,0.0 13.449514820000001,51.53908570999999,0.0 13.449478829999999,51.539026709999995,0.0 13.449346050000003,51.538729059999994,0.0 13.44925203,51.53852064000001,0.0</coordinates>
                </LineString>
                <LineString id="42706">
                    <coordinates>13.408094419999998,51.53615803999999,0.0 13.40811201,51.53614381999999,0.0</coordinates>
                </LineString>
                <LineString id="42708">
                    <coordinates>13.40811201,51.53614381999999,0.0 13.408181120000002,51.53608776,0.0</coordinates>
                </LineString>
                <LineString id="42710">
                    <coordinates>13.40833173,51.53618074999999,0.0 13.408181120000002,51.53608776,0.0</coordinates>
                </LineString>
                <LineString id="42712">
                    <coordinates>13.44434254,51.533863579999995,0.0 13.444383919999998,51.53398059999999,0.0 13.444428529999998,51.53410407,0.0</coordinates>
                </LineString>
                <LineString id="42714">
                    <coordinates>13.47666509,51.54205343999999,0.0 13.4766508,51.542201549999994,0.0 13.47663333,51.54233786000001,0.0</coordinates>
                </LineString>
                <LineString id="42716">
                    <coordinates>13.469527410000001,51.54192079999998,0.0 13.46953541,51.54189115,0.0</coordinates>
                </LineString>
                <LineString id="42718">
                    <coordinates>13.439297169999998,51.53390182,0.0 13.43930432,51.53388493999999,0.0</coordinates>
                </LineString>
                <LineString id="42720">
                    <coordinates>13.40379485,51.53550261,0.0 13.40378701,51.535500939999984,0.0</coordinates>
                </LineString>
                <LineString id="42722">
                    <coordinates>13.415248339999998,51.53747502,0.0 13.415211889999998,51.53753695,0.0</coordinates>
                </LineString>
                <LineString id="42724">
                    <coordinates>13.407544379999997,51.536436169999995,0.0 13.407570340000001,51.536440299999995,0.0</coordinates>
                </LineString>
                <LineString id="42726">
                    <coordinates>13.407570340000001,51.536440299999995,0.0 13.40758083,51.53644205,0.0</coordinates>
                </LineString>
                <LineString id="42728">
                    <coordinates>13.407526219999998,51.536433239999994,0.0 13.407544379999997,51.536436169999995,0.0</coordinates>
                </LineString>
                <LineString id="42730">
                    <coordinates>13.464369969999998,51.53955067999999,0.0 13.464121329999998,51.53962160999999,0.0 13.463888879999999,51.53993806999999,0.0 13.46405208,51.53999131999999,0.0</coordinates>
                </LineString>
                <LineString id="42732">
                    <coordinates>13.46449231,51.53990832,0.0 13.46439332,51.539618899999994,0.0 13.464369969999998,51.53955067999999,0.0</coordinates>
                </LineString>
                <LineString id="42734">
                    <coordinates>13.444419529999998,51.533863239999995,0.0 13.44434892,51.53387330000001,0.0</coordinates>
                </LineString>
                <LineString id="42736">
                    <coordinates>13.444167269999998,51.53347053,0.0 13.44417425,51.53348668,0.0 13.444223969999998,51.53356339999999,0.0 13.444267450000002,51.53364837000001,0.0 13.4443132,51.53377982999999,0.0 13.44434254,51.533863579999995,0.0</coordinates>
                </LineString>
                <LineString id="42738">
                    <coordinates>13.44434892,51.53387330000001,0.0 13.444347030000001,51.53387356000001,0.0 13.44434254,51.533863579999995,0.0</coordinates>
                </LineString>
                <LineString id="42740">
                    <coordinates>13.41647203,51.53598052,0.0 13.416472940000002,51.53598976,0.0</coordinates>
                </LineString>
                <LineString id="42742">
                    <coordinates>13.411149459999999,51.537406229999995,0.0 13.411081350000002,51.537406009999984,0.0 13.411049669999999,51.53741168999999,0.0 13.410890939999998,51.53740349,0.0 13.41084576,51.53740216,0.0</coordinates>
                </LineString>
                <LineString id="42744">
                    <coordinates>13.4393507,51.53244068000001,0.0 13.439618729999998,51.532447139999995,0.0 13.439809359999998,51.532455029999994,0.0</coordinates>
                </LineString>
                <LineString id="42746">
                    <coordinates>13.44516853,51.5364051,0.0 13.445159729999999,51.5364016,0.0</coordinates>
                </LineString>
                <LineString id="42748">
                    <coordinates>13.404516740000002,51.53434937000001,0.0 13.40451702,51.53434947000001,0.0</coordinates>
                </LineString>
                <LineString id="42750">
                    <coordinates>13.404468320000001,51.53440569999999,0.0 13.404445829999998,51.53443111,0.0</coordinates>
                </LineString>
                <LineString id="42752">
                    <coordinates>13.40442341,51.53442193,0.0 13.404445829999998,51.53443111,0.0</coordinates>
                </LineString>
                <LineString id="42754">
                    <coordinates>13.404516740000002,51.53434937000001,0.0 13.404468320000001,51.53440569999999,0.0</coordinates>
                </LineString>
                <LineString id="42756">
                    <coordinates>13.44107295,51.53904352000001,0.0 13.441726529999999,51.539037159999985,0.0</coordinates>
                </LineString>
                <LineString id="42758">
                    <coordinates>13.44586947,51.53185258999999,0.0 13.445842220000001,51.53185743,0.0 13.445834439999999,51.53184451,0.0</coordinates>
                </LineString>
                <LineString id="42760">
                    <coordinates>13.444419529999998,51.533863239999995,0.0 13.44445381,51.53385846,0.0</coordinates>
                </LineString>
                <LineString id="42762">
                    <coordinates>13.417098630000002,51.53590091000001,0.0 13.417111829999998,51.53590078,0.0</coordinates>
                </LineString>
                <LineString id="42764">
                    <coordinates>13.41646349,51.53590413,0.0 13.416752609999996,51.535903499999996,0.0 13.417098630000002,51.53590091000001,0.0</coordinates>
                </LineString>
                <LineString id="42766">
                    <coordinates>13.46956419,51.54178534,0.0 13.46927127,51.54161852,0.0</coordinates>
                </LineString>
                <LineString id="42768">
                    <coordinates>13.46953541,51.54189115,0.0 13.46956419,51.54178534,0.0</coordinates>
                </LineString>
                <LineString id="42770">
                    <coordinates>13.46891361,51.541420040000006,0.0 13.468811479999998,51.54137332999999,0.0 13.468719199999999,51.54131407,0.0</coordinates>
                </LineString>
                <LineString id="42772">
                    <coordinates>13.468964799999998,51.54144493,0.0 13.46891361,51.541420040000006,0.0</coordinates>
                </LineString>
                <LineString id="42774">
                    <coordinates>13.476104909999998,51.53992434,0.0 13.47605482,51.539851099999986,0.0 13.47591916,51.539654,0.0 13.475891149999999,51.53961272,0.0</coordinates>
                </LineString>
                <LineString id="42776">
                    <coordinates>13.414652009999998,51.536199849999996,0.0 13.41463395,51.53608028,0.0</coordinates>
                </LineString>
                <LineString id="42778">
                    <coordinates>13.48869177,51.55023282,0.0 13.48827803,51.55006377,0.0 13.487768170000002,51.54985771999999,0.0 13.487308179999998,51.54967253,0.0</coordinates>
                </LineString>
                <LineString id="42780">
                    <coordinates>13.467846729999998,51.54195947,0.0 13.467854699999997,51.54195963999999,0.0</coordinates>
                </LineString>
                <LineString id="42782">
                    <coordinates>13.414572069999998,51.53721358999999,0.0 13.414593929999999,51.5370732,0.0 13.414615049999998,51.53700954999999,0.0 13.414635080000002,51.53682245000001,0.0 13.41464523,51.53670337999999,0.0 13.414655019999998,51.53658463,0.0 13.414659129999999,51.53653864,0.0</coordinates>
                </LineString>
                <LineString id="42784">
                    <coordinates>13.4696183,51.54199901,0.0 13.46962105,51.54199927,0.0 13.46972285,51.54200835,0.0 13.469774369999998,51.54200732,0.0</coordinates>
                </LineString>
                <LineString id="42786">
                    <coordinates>13.47366796,51.541868159999986,0.0 13.47378821,51.54185817,0.0 13.473824569999998,51.5418527,0.0</coordinates>
                </LineString>
                <LineString id="42788">
                    <coordinates>13.47358922,51.54203679999999,0.0 13.47343625,51.54207019999999,0.0</coordinates>
                </LineString>
                <LineString id="42790">
                    <coordinates>13.473324779999999,51.54207725,0.0 13.47343625,51.54207019999999,0.0</coordinates>
                </LineString>
                <LineString id="42792">
                    <coordinates>13.47219955,51.542310449999995,0.0 13.471966189999998,51.54234893999999,0.0 13.4717893,51.54237904,0.0 13.471742889999998,51.54235174,0.0</coordinates>
                </LineString>
                <LineString id="42794">
                    <coordinates>13.472052789999996,51.54232712999998,0.0 13.472125159999997,51.54231963999999,0.0 13.472203310000001,51.54230666,0.0</coordinates>
                </LineString>
                <LineString id="42796">
                    <coordinates>13.470156449999998,51.54204787999999,0.0 13.47015435,51.54205064999999,0.0</coordinates>
                </LineString>
                <LineString id="42798">
                    <coordinates>13.469774369999998,51.54200732,0.0 13.469913229999998,51.54200563999999,0.0 13.47015435,51.54205064999999,0.0</coordinates>
                </LineString>
                <LineString id="42800">
                    <coordinates>13.473676619999999,51.54194964,0.0 13.47371001,51.54201053,0.0</coordinates>
                </LineString>
                <LineString id="42802">
                    <coordinates>13.47366796,51.541868159999986,0.0 13.473663250000001,51.541872399999995,0.0 13.473676619999999,51.54194964,0.0</coordinates>
                </LineString>
                <LineString id="42804">
                    <coordinates>13.47371001,51.54201053,0.0 13.47358922,51.54203679999999,0.0</coordinates>
                </LineString>
                <LineString id="42806">
                    <coordinates>13.48869177,51.55023282,0.0 13.48870249,51.55024098,0.0</coordinates>
                </LineString>
                <LineString id="42808">
                    <coordinates>13.489294399999999,51.55056121,0.0 13.489295829999998,51.55056868,0.0</coordinates>
                </LineString>
                <LineString id="42810">
                    <coordinates>13.48935156,51.55051050999999,0.0 13.48929362,51.55055734,0.0</coordinates>
                </LineString>
                <LineString id="42812">
                    <coordinates>13.48870249,51.55024098,0.0 13.4890723,51.550392529999996,0.0 13.48935467,51.55050822999999,0.0 13.48935156,51.55051050999999,0.0</coordinates>
                </LineString>
                <LineString id="42814">
                    <coordinates>13.41463395,51.53608028,0.0 13.414598639999998,51.53583920999999,0.0</coordinates>
                </LineString>
                <LineString id="42816">
                    <coordinates>13.48929362,51.55055734,0.0 13.489294399999999,51.55056121,0.0</coordinates>
                </LineString>
                <LineString id="42818">
                    <coordinates>13.46941477,51.5419815,0.0 13.46945256,51.54198478,0.0</coordinates>
                </LineString>
                <LineString id="42820">
                    <coordinates>13.46945256,51.54198478,0.0 13.469453999999999,51.54198491999999,0.0 13.4696183,51.54199901,0.0</coordinates>
                </LineString>
                <LineString id="42822">
                    <coordinates>13.455423150000001,51.5401132,0.0 13.45543175,51.54011389,0.0</coordinates>
                </LineString>
                <LineString id="42824">
                    <coordinates>13.47110969,51.54222595,0.0 13.471006950000001,51.54220545,0.0 13.47092109,51.54218406,0.0 13.4707296,51.54214572999999,0.0 13.470156449999998,51.54204787999999,0.0</coordinates>
                </LineString>
                <LineString id="42826">
                    <coordinates>13.47111314,51.54223009999999,0.0 13.47110969,51.54222595,0.0</coordinates>
                </LineString>
                <LineString id="42828">
                    <coordinates>13.472203310000001,51.54230666,0.0 13.47219955,51.542310449999995,0.0</coordinates>
                </LineString>
                <LineString id="42830">
                    <coordinates>13.490236969999996,51.55100380999999,0.0 13.49030984,51.551048179999995,0.0 13.490397999999999,51.55109134999999,0.0 13.490489859999999,51.55113144,0.0 13.490598739999998,51.55118462,0.0 13.49066497,51.55122018,0.0</coordinates>
                </LineString>
                <LineString id="42832">
                    <coordinates>13.489883949999998,51.55175344999999,0.0 13.489667719999998,51.55184448999999,0.0 13.4895394,51.55189227999999,0.0</coordinates>
                </LineString>
                <LineString id="42834">
                    <coordinates>13.4895394,51.55189227999999,0.0 13.489336880000002,51.55186559,0.0</coordinates>
                </LineString>
                <LineString id="42836">
                    <coordinates>13.489336880000002,51.55186559,0.0 13.48908233,51.551835449999984,0.0 13.489071169999999,51.551833389999985,0.0 13.488718939999998,51.55179683,0.0 13.488683699999998,51.55178459999998,0.0 13.488515529999999,51.55170249,0.0 13.48841095,51.55162113,0.0</coordinates>
                </LineString>
                <LineString id="42838">
                    <coordinates>13.48965545,51.550696339999995,0.0 13.48930987,51.55056504,0.0 13.489296559999998,51.550562049999996,0.0 13.489295829999998,51.55056868,0.0</coordinates>
                </LineString>
                <LineString id="42840">
                    <coordinates>13.48965545,51.550696339999995,0.0 13.48968301,51.55071211,0.0 13.489818769999998,51.550772189999996,0.0 13.48991941,51.55082921000001,0.0</coordinates>
                </LineString>
                <LineString id="42842">
                    <coordinates>13.48991941,51.55082921000001,0.0 13.490025779999998,51.5508838,0.0 13.490112759999999,51.55092776999999,0.0</coordinates>
                </LineString>
                <LineString id="42844">
                    <coordinates>13.490112759999999,51.55092776999999,0.0 13.490171589999997,51.55096915,0.0</coordinates>
                </LineString>
                <LineString id="42846">
                    <coordinates>13.490171589999997,51.55096915,0.0 13.490236969999996,51.55100380999999,0.0</coordinates>
                </LineString>
                <LineString id="42848">
                    <coordinates>13.453609379999998,51.54043830999999,0.0 13.45372853,51.54041012999999,0.0 13.45372152,51.54039933,0.0</coordinates>
                </LineString>
                <LineString id="42850">
                    <coordinates>13.45451527,51.540292179999994,0.0 13.45423536,51.54034969,0.0 13.454055310000001,51.54040023000001,0.0 13.453781139999998,51.540459519999985,0.0 13.453642309999996,51.540496389999994,0.0</coordinates>
                </LineString>
                <LineString id="42852">
                    <coordinates>13.455262329999998,51.54011601,0.0 13.45509987,51.54015224999999,0.0 13.45472684,51.54023678,0.0 13.45458951,51.540269329999994,0.0 13.45451527,51.540292179999994,0.0</coordinates>
                </LineString>
                <LineString id="42854">
                    <coordinates>13.45543175,51.54011389,0.0 13.455420559999999,51.54009869,0.0 13.4553962,51.54009579,0.0 13.455368609999999,51.54009458,0.0 13.455262329999998,51.54011601,0.0</coordinates>
                </LineString>
                <LineString id="42856">
                    <coordinates>13.476682570000001,51.540513,0.0 13.476355170000001,51.54028789,0.0 13.476191879999998,51.540051870000006,0.0 13.476104909999998,51.53992434,0.0</coordinates>
                </LineString>
                <LineString id="42858">
                    <coordinates>13.43722212,51.534109289999996,0.0 13.437242939999999,51.53410733999999,0.0</coordinates>
                </LineString>
                <LineString id="42860">
                    <coordinates>13.437242939999999,51.53410733999999,0.0 13.43743132,51.53408421,0.0 13.43757677,51.53407386,0.0 13.437719660000003,51.534058179999995,0.0 13.43788599,51.53405067,0.0 13.438471899999998,51.534070359999994,0.0 13.43894907,51.534089299999984,0.0 13.43908857,51.53410534999998,0.0</coordinates>
                </LineString>
                <LineString id="42862">
                    <coordinates>13.43937007,51.53406691,0.0 13.43921237,51.534118740000004,0.0 13.43908857,51.53410534999998,0.0</coordinates>
                </LineString>
                <LineString id="42864">
                    <coordinates>13.43937007,51.53406691,0.0 13.439397539999998,51.53411451,0.0</coordinates>
                </LineString>
                <LineString id="42866">
                    <coordinates>13.439397539999998,51.53411451,0.0 13.439467049999998,51.53419467,0.0</coordinates>
                </LineString>
                <LineString id="42868">
                    <coordinates>13.439467049999998,51.53419467,0.0 13.439476580000001,51.53420553,0.0</coordinates>
                </LineString>
                <LineString id="42870">
                    <coordinates>13.439476580000001,51.53420553,0.0 13.43957001,51.53422663999999,0.0</coordinates>
                </LineString>
                <LineString id="42872">
                    <coordinates>13.43957001,51.53422663999999,0.0 13.439651529999999,51.534248739999995,0.0</coordinates>
                </LineString>
                <LineString id="42874">
                    <coordinates>13.439651529999999,51.534248739999995,0.0 13.439687130000001,51.53425827999999,0.0</coordinates>
                </LineString>
                <LineString id="42876">
                    <coordinates>13.445236909999998,51.53632851,0.0 13.44498717,51.536230849999995,0.0 13.444875009999997,51.536187389999995,0.0 13.444820589999999,51.53616383999999,0.0</coordinates>
                </LineString>
                <LineString id="42878">
                    <coordinates>13.44634551,51.536755600000006,0.0 13.446543279999998,51.53684045999999,0.0 13.446673939999997,51.53689563999999,0.0 13.44693797,51.53699727,0.0 13.447050169999999,51.53704,0.0</coordinates>
                </LineString>
                <LineString id="42880">
                    <coordinates>13.44729892,51.53713392,0.0 13.447050169999999,51.53704,0.0</coordinates>
                </LineString>
                <LineString id="42882">
                    <coordinates>13.44743133,51.53718635,0.0 13.44729892,51.53713392,0.0</coordinates>
                </LineString>
                <LineString id="42884">
                    <coordinates>13.448313730000002,51.53753098999999,0.0 13.44825267,51.537505659999994,0.0 13.447960759999997,51.537394719999995,0.0 13.4477765,51.53732382,0.0 13.44760348,51.537255290000004,0.0 13.44743133,51.53718635,0.0</coordinates>
                </LineString>
                <LineString id="42886">
                    <coordinates>13.44936237,51.537946270000006,0.0 13.449327950000002,51.53793714,0.0 13.449111600000002,51.5378459,0.0 13.448853479999997,51.53774918999999,0.0 13.44877804,51.53772124999999,0.0 13.448636899999999,51.537660869999996,0.0 13.448488699999997,51.537601,0.0 13.448313730000002,51.53753098999999,0.0</coordinates>
                </LineString>
                <LineString id="42888">
                    <coordinates>13.449392350000002,51.53795201,0.0 13.44936237,51.537946270000006,0.0</coordinates>
                </LineString>
                <LineString id="42890">
                    <coordinates>13.449392350000002,51.53795201,0.0 13.449750799999999,51.53810248999999,0.0</coordinates>
                </LineString>
                <LineString id="42892">
                    <coordinates>13.45042589,51.53836995000001,0.0 13.450584169999999,51.538429859999994,0.0</coordinates>
                </LineString>
                <LineString id="42894">
                    <coordinates>13.450584169999999,51.538429859999994,0.0 13.450702569999999,51.53847472,0.0 13.4507579,51.538495690000005,0.0</coordinates>
                </LineString>
                <LineString id="42896">
                    <coordinates>13.4507579,51.538495690000005,0.0 13.450801329999997,51.53851946999998,0.0</coordinates>
                </LineString>
                <LineString id="42898">
                    <coordinates>13.450801329999997,51.53851946999998,0.0 13.45116481,51.53865382,0.0 13.45139104,51.53873232999999,0.0</coordinates>
                </LineString>
                <LineString id="42900">
                    <coordinates>13.45139104,51.53873232999999,0.0 13.451433939999996,51.53874792999999,0.0 13.4515096,51.53877338,0.0 13.451635330000002,51.53880809,0.0 13.45167717,51.53881977000001,0.0 13.451807439999998,51.53885921,0.0 13.45195156,51.53890184,0.0 13.45203528,51.53892707,0.0</coordinates>
                </LineString>
                <LineString id="42902">
                    <coordinates>13.45203528,51.53892707,0.0 13.452149309999998,51.53896027,0.0 13.452281919999999,51.53899955999999,0.0 13.45258013,51.539075919999995,0.0 13.45270592,51.53910638000001,0.0</coordinates>
                </LineString>
                <LineString id="42904">
                    <coordinates>13.45270592,51.53910638000001,0.0 13.453119770000002,51.53918914,0.0 13.453341270000001,51.53923387,0.0</coordinates>
                </LineString>
                <LineString id="42906">
                    <coordinates>13.453341270000001,51.53923387,0.0 13.453448149999998,51.539265959999994,0.0 13.453491739999999,51.53927557,0.0</coordinates>
                </LineString>
                <LineString id="42908">
                    <coordinates>13.453491739999999,51.53927557,0.0 13.453689059999999,51.53933314999999,0.0 13.453861799999999,51.53939295000001,0.0</coordinates>
                </LineString>
                <LineString id="42910">
                    <coordinates>13.453861799999999,51.53939295000001,0.0 13.45404648,51.53944714000001,0.0</coordinates>
                </LineString>
                <LineString id="42912">
                    <coordinates>13.45404648,51.53944714000001,0.0 13.45411979,51.53947686,0.0</coordinates>
                </LineString>
                <LineString id="42914">
                    <coordinates>13.45411979,51.53947686,0.0 13.45438658,51.53958091,0.0</coordinates>
                </LineString>
                <LineString id="42916">
                    <coordinates>13.45438658,51.53958091,0.0 13.454579489999999,51.53966526999999,0.0 13.454644819999999,51.53969351999999,0.0</coordinates>
                </LineString>
                <LineString id="42918">
                    <coordinates>13.454644819999999,51.53969351999999,0.0 13.45481334,51.53976526,0.0 13.45489508,51.53979865,0.0</coordinates>
                </LineString>
                <LineString id="42920">
                    <coordinates>13.45489508,51.53979865,0.0 13.45510616,51.53988173,0.0 13.45542695,51.54001018,0.0</coordinates>
                </LineString>
                <LineString id="42922">
                    <coordinates>13.45542695,51.54001018,0.0 13.455495499999996,51.54003989999998,0.0</coordinates>
                </LineString>
                <LineString id="42924">
                    <coordinates>13.455775139999997,51.540147829999995,0.0 13.4555447,51.540051809999994,0.0 13.455495499999996,51.54003989999998,0.0</coordinates>
                </LineString>
                <LineString id="42926">
                    <coordinates>13.45661514,51.540507299999994,0.0 13.45646167,51.54044146999999,0.0</coordinates>
                </LineString>
                <LineString id="42928">
                    <coordinates>13.46075272,51.54215584,0.0 13.4606578,51.54213868,0.0 13.4605921,51.542123909999994,0.0 13.46046333,51.542092350000004,0.0 13.460398929999998,51.54208029,0.0 13.46014891,51.54202214,0.0 13.460026200000001,51.541993739999995,0.0 13.45976261,51.54189784,0.0 13.459573260000003,51.54183044,0.0 13.459361289999997,51.54174445999999,0.0 13.45907053,51.54162681,0.0 13.45888814,51.54154689999999,0.0 13.45877615,51.54150076,0.0 13.458484019999998,51.541383769999996,0.0 13.458357279999998,51.54133208999998,0.0 13.45813012,51.5412388,0.0 13.457963779999998,51.541171029999994,0.0 13.45788409,51.54113729,0.0 13.457726189999999,51.54106423,0.0 13.45765206,51.54102933,0.0 13.457339929999998,51.5409035,0.0 13.45712829,51.54081863,0.0 13.456936119999998,51.54074224,0.0 13.45673071,51.540667799999994,0.0 13.456684209999999,51.54065091999999,0.0 13.45667826,51.54064481999999,0.0 13.45667102,51.540638339999994,0.0 13.456667769999997,51.54063281,0.0 13.45666641,51.540616789999994,0.0 13.45666264,51.54059688,0.0 13.45665659,51.54057381999999,0.0 13.456636619999998,51.54052897999999,0.0 13.45662553,51.54051226,0.0 13.45661514,51.540507299999994,0.0</coordinates>
                </LineString>
                <LineString id="42930">
                    <coordinates>13.46075272,51.54215584,0.0 13.460831439999998,51.54216265,0.0 13.46101452,51.54217775000001,0.0 13.461121419999998,51.54218689999998,0.0</coordinates>
                </LineString>
                <LineString id="42932">
                    <coordinates>13.461121419999998,51.54218689999998,0.0 13.46112541,51.54218726,0.0 13.461333709999998,51.542194810000005,0.0 13.46143723,51.5421938,0.0 13.461510920000002,51.54219771,0.0 13.4616423,51.54219761000001,0.0 13.46183617,51.542177779999996,0.0</coordinates>
                </LineString>
                <LineString id="42934">
                    <coordinates>13.46183617,51.542177779999996,0.0 13.462053779999998,51.54216574999999,0.0</coordinates>
                </LineString>
                <LineString id="42936">
                    <coordinates>13.462053779999998,51.54216574999999,0.0 13.46231107,51.54215179,0.0 13.46249839,51.54213994,0.0 13.46267701,51.54212767,0.0</coordinates>
                </LineString>
                <LineString id="42938">
                    <coordinates>13.46267701,51.54212767,0.0 13.46310601,51.54210812,0.0 13.46313828,51.54210674,0.0</coordinates>
                </LineString>
                <LineString id="42940">
                    <coordinates>13.46313828,51.54210674,0.0 13.46328423,51.54209953000001,0.0 13.463596749999999,51.54207407,0.0 13.463832720000001,51.54205473,0.0</coordinates>
                </LineString>
                <LineString id="42942">
                    <coordinates>13.40869827,51.536387309999995,0.0 13.40864345,51.53648634999998,0.0 13.40865271,51.53655404,0.0</coordinates>
                </LineString>
                <LineString id="42944">
                    <coordinates>13.408840429999996,51.53751289,0.0 13.408810099999998,51.53744134,0.0 13.40878124,51.53737806999999,0.0 13.408756589999998,51.537333159999996,0.0 13.408724789999999,51.53725094,0.0 13.408680520000003,51.53713846,0.0 13.40865883,51.53705158999999,0.0 13.40864824,51.53700321000001,0.0 13.40863507,51.536900370000005,0.0 13.40862469,51.53673865999998,0.0 13.40863155,51.53664383,0.0 13.40865271,51.53655404,0.0</coordinates>
                </LineString>
                <LineString id="42946">
                    <coordinates>13.408928679999999,51.53777952,0.0 13.408916360000001,51.53773291000001,0.0 13.408904589999999,51.53768983999999,0.0 13.408892900000001,51.537651119999985,0.0 13.40887523,51.53760083000001,0.0 13.408840429999996,51.53751289,0.0</coordinates>
                </LineString>
                <LineString id="42948">
                    <coordinates>13.40895846,51.53802554,0.0 13.40895297,51.53795075,0.0 13.408949049999999,51.53790658999999,0.0 13.40894063,51.537851939999996,0.0 13.408928679999999,51.53777952,0.0</coordinates>
                </LineString>
                <LineString id="42950">
                    <coordinates>13.408922059999998,51.538469889999995,0.0 13.408929499999996,51.53840952,0.0 13.40895343,51.53823681999999,0.0 13.408957850000002,51.538167830000006,0.0 13.40896101,51.53810461,0.0 13.40896068,51.53807748,0.0 13.408959589999998,51.53804508999999,0.0 13.40895846,51.53802554,0.0</coordinates>
                </LineString>
                <LineString id="42952">
                    <coordinates>13.40896542,51.53905841,0.0 13.40895321,51.53903743,0.0 13.408946279999999,51.53902198000001,0.0 13.40893245,51.53899291999999,0.0 13.40892392,51.53897512000001,0.0 13.4089123,51.53894604,0.0 13.4089039,51.538919429999986,0.0 13.40889846,51.53890171999999,0.0 13.408893729999999,51.538878929999996,0.0 13.408888419999998,51.538850109999984,0.0 13.408887499999999,51.53882971999999,0.0 13.408887430000002,51.53879279,0.0</coordinates>
                </LineString>
                <LineString id="42954">
                    <coordinates>13.40896542,51.53905841,0.0 13.40900662,51.53909889,0.0 13.40910894,51.539192109999995,0.0 13.4091985,51.5392533,0.0 13.40923831,51.53927773999999,0.0 13.409287039999999,51.53930132,0.0 13.40932288,51.539319569999996,0.0</coordinates>
                </LineString>
                <LineString id="42956">
                    <coordinates>13.40932288,51.539319569999996,0.0 13.40939579,51.53934502999999,0.0 13.40950905,51.53937640000001,0.0 13.409600339999999,51.53939935,0.0 13.409726609999998,51.539428189999995,0.0 13.40987131,51.53945724,0.0</coordinates>
                </LineString>
                <LineString id="42958">
                    <coordinates>13.40987131,51.53945724,0.0 13.410039909999998,51.53948830999999,0.0 13.41019075,51.53951766,0.0 13.41044647,51.53956435,0.0 13.410595360000002,51.53959527000001,0.0</coordinates>
                </LineString>
                <LineString id="42960">
                    <coordinates>13.410595360000002,51.53959527000001,0.0 13.41061355,51.539600269999994,0.0 13.41075053,51.539630779999996,0.0 13.410785959999998,51.539636739999985,0.0 13.41092134,51.53966193,0.0 13.41100996,51.53969575,0.0 13.41116969,51.539751550000005,0.0 13.41133771,51.53980116,0.0 13.411518050000002,51.53986949,0.0 13.41163177,51.53991152,0.0 13.411778309999999,51.53995034,0.0 13.41189186,51.53999413999999,0.0 13.41205866,51.54007280999999,0.0 13.41220458,51.540155330000005,0.0 13.412473309999998,51.54031302,0.0 13.41268048,51.54044176,0.0 13.41294055,51.54060316,0.0 13.413159779999999,51.540734489999984,0.0 13.41332882,51.54082726,0.0</coordinates>
                </LineString>
                <LineString id="42962">
                    <coordinates>13.44936528,51.53793595,0.0 13.44930176,51.537810199999996,0.0</coordinates>
                </LineString>
                <LineString id="42964">
                    <coordinates>13.466403540000002,51.54180612,0.0 13.46644313,51.54170334,0.0 13.466688309999999,51.54173941999999,0.0 13.46675253,51.54162982999999,0.0 13.466761979999998,51.54159999,0.0 13.46674732,51.541597550000006,0.0</coordinates>
                </LineString>
                <LineString id="42966">
                    <coordinates>13.40884766,51.539444409999994,0.0 13.408925750000002,51.53923468000001,0.0</coordinates>
                </LineString>
                <LineString id="42968">
                    <coordinates>13.404884349999998,51.53623485,0.0 13.405086050000001,51.53622049999999,0.0</coordinates>
                </LineString>
                <LineString id="42970">
                    <coordinates>13.40711835,51.53477582,0.0 13.407150709999998,51.53464835,0.0</coordinates>
                </LineString>
                <LineString id="42972">
                    <coordinates>13.41209027,51.53759609999999,0.0 13.41218205,51.537603059999995,0.0</coordinates>
                </LineString>
                <LineString id="42974">
                    <coordinates>13.41583341,51.53594884,0.0 13.415950609999998,51.535939279999994,0.0 13.416170429999998,51.535922219999996,0.0</coordinates>
                </LineString>
                <LineString id="42976">
                    <coordinates>13.409037820000002,51.535937869999984,0.0 13.40930109,51.53594058,0.0</coordinates>
                </LineString>
                <LineString id="42978">
                    <coordinates>13.42034433,51.544781760000006,0.0 13.420362629999998,51.54479271999998,0.0</coordinates>
                </LineString>
                <LineString id="42980">
                    <coordinates>13.420362629999998,51.54479271999998,0.0 13.420374429999999,51.54480089,0.0</coordinates>
                </LineString>
                <LineString id="42982">
                    <coordinates>13.420394549999996,51.54481249999999,0.0 13.420613629999998,51.544947419999986,0.0</coordinates>
                </LineString>
                <LineString id="42984">
                    <coordinates>13.420374429999999,51.54480089,0.0 13.420394549999996,51.54481249999999,0.0</coordinates>
                </LineString>
                <LineString id="42986">
                    <coordinates>13.42025667,51.545123540000006,0.0 13.420199140000001,51.54515283999999,0.0 13.42004598,51.545241880000006,0.0</coordinates>
                </LineString>
                <LineString id="42988">
                    <coordinates>13.42004598,51.545241880000006,0.0 13.41993892,51.54530490999999,0.0</coordinates>
                </LineString>
                <LineString id="42990">
                    <coordinates>13.419225669999998,51.54572189000001,0.0 13.41920711,51.54573204,0.0</coordinates>
                </LineString>
                <LineString id="42992">
                    <coordinates>13.41920711,51.54573204,0.0 13.419049959999997,51.54582289999999,0.0</coordinates>
                </LineString>
                <LineString id="42994">
                    <coordinates>13.419049959999997,51.54582289999999,0.0 13.41902692,51.54580837999999,0.0</coordinates>
                </LineString>
                <LineString id="42996">
                    <coordinates>13.419049959999997,51.54582289999999,0.0 13.419207889999997,51.54586343999999,0.0 13.419258489999999,51.54594658999999,0.0</coordinates>
                </LineString>
                <LineString id="42998">
                    <coordinates>13.419258489999999,51.54594658999999,0.0 13.419389639999999,51.54608294,0.0</coordinates>
                </LineString>
                <LineString id="43000">
                    <coordinates>13.42080099,51.54507777999999,0.0 13.420961249999998,51.54519856999999,0.0 13.421190520000001,51.54539758,0.0</coordinates>
                </LineString>
                <LineString id="43002">
                    <coordinates>13.420765739999998,51.54509467,0.0 13.42080099,51.54507777999999,0.0</coordinates>
                </LineString>
                <LineString id="43004">
                    <coordinates>13.421190520000001,51.54539758,0.0 13.42134366,51.5455531,0.0</coordinates>
                </LineString>
                <LineString id="43006">
                    <coordinates>13.42134366,51.5455531,0.0 13.42167166,51.54582215,0.0 13.42171596,51.54586328,0.0</coordinates>
                </LineString>
                <LineString id="43008">
                    <coordinates>13.42171596,51.54586328,0.0 13.421829179999996,51.54596508999999,0.0</coordinates>
                </LineString>
                <LineString id="43010">
                    <coordinates>13.421829179999996,51.54596508999999,0.0 13.421884120000001,51.54600741,0.0</coordinates>
                </LineString>
                <LineString id="43012">
                    <coordinates>13.422146459999999,51.54625959999999,0.0 13.42215708,51.546268049999995,0.0</coordinates>
                </LineString>
                <LineString id="43014">
                    <coordinates>13.42215708,51.546268049999995,0.0 13.42213771,51.5462733,0.0</coordinates>
                </LineString>
                <LineString id="43016">
                    <coordinates>13.421884120000001,51.54600741,0.0 13.42194255,51.54605157,0.0 13.42200465,51.546145479999986,0.0 13.422146459999999,51.54625959999999,0.0</coordinates>
                </LineString>
                <LineString id="43018">
                    <coordinates>13.42215708,51.546268049999995,0.0 13.422279429999996,51.54635443,0.0 13.42234989,51.546411429999985,0.0</coordinates>
                </LineString>
                <LineString id="43020">
                    <coordinates>13.423068509999998,51.54702035999998,0.0 13.423264580000001,51.54724954,0.0 13.423300889999998,51.547291830000006,0.0 13.423332260000002,51.547350509999994,0.0</coordinates>
                </LineString>
                <LineString id="43022">
                    <coordinates>13.423332260000002,51.547350509999994,0.0 13.423360289999998,51.54740823,0.0 13.42341919,51.547481620000006,0.0 13.42345534,51.5475735,0.0</coordinates>
                </LineString>
                <LineString id="43024">
                    <coordinates>13.42345534,51.5475735,0.0 13.423581029999998,51.547938509999994,0.0</coordinates>
                </LineString>
                <LineString id="43026">
                    <coordinates>13.423592620000003,51.547971329999996,0.0 13.4236141,51.54802495999999,0.0</coordinates>
                </LineString>
                <LineString id="43028">
                    <coordinates>13.423581029999998,51.547938509999994,0.0 13.423592620000003,51.547971329999996,0.0</coordinates>
                </LineString>
                <LineString id="43030">
                    <coordinates>13.42362037,51.54804086999999,0.0 13.423625799999998,51.54805483,0.0</coordinates>
                </LineString>
                <LineString id="43032">
                    <coordinates>13.423604949999998,51.54802766999999,0.0 13.423472539999999,51.54806674,0.0</coordinates>
                </LineString>
                <LineString id="43034">
                    <coordinates>13.423472539999999,51.54806674,0.0 13.423394859999998,51.548092219999994,0.0 13.423183239999998,51.54818141999999,0.0</coordinates>
                </LineString>
                <LineString id="43036">
                    <coordinates>13.423625799999998,51.54805483,0.0 13.42377201,51.54839376,0.0</coordinates>
                </LineString>
                <LineString id="43038">
                    <coordinates>13.42377201,51.54839376,0.0 13.42383397,51.54857821999999,0.0</coordinates>
                </LineString>
                <LineString id="43040">
                    <coordinates>13.42383397,51.54857821999999,0.0 13.423841909999997,51.54872423999998,0.0</coordinates>
                </LineString>
                <LineString id="43042">
                    <coordinates>13.423978859999998,51.54873834999999,0.0 13.42385875,51.548748359999976,0.0 13.423856709999999,51.548744199999994,0.0</coordinates>
                </LineString>
                <LineString id="43044">
                    <coordinates>13.423856709999999,51.548744199999994,0.0 13.423841909999997,51.54872423999998,0.0</coordinates>
                </LineString>
                <LineString id="43046">
                    <coordinates>13.423978859999998,51.54873834999999,0.0 13.423985089999999,51.54873781,0.0 13.42399457,51.54874874,0.0</coordinates>
                </LineString>
                <LineString id="43048">
                    <coordinates>13.42399457,51.54874874,0.0 13.424016060000001,51.54884037,0.0</coordinates>
                </LineString>
                <LineString id="43050">
                    <coordinates>13.424016060000001,51.54884037,0.0 13.42402015,51.54884827999999,0.0</coordinates>
                </LineString>
                <LineString id="43052">
                    <coordinates>13.423841909999997,51.54872423999998,0.0 13.42383858,51.54876887999999,0.0 13.423862140000002,51.54882071000001,0.0 13.42387371,51.54891303,0.0 13.423883669999999,51.548958389999996,0.0</coordinates>
                </LineString>
                <LineString id="43054">
                    <coordinates>13.423883669999999,51.548958389999996,0.0 13.423886,51.54896442999999,0.0</coordinates>
                </LineString>
                <LineString id="43056">
                    <coordinates>13.423886,51.54896442999999,0.0 13.423988819999998,51.549307320000004,0.0</coordinates>
                </LineString>
                <LineString id="43058">
                    <coordinates>13.424000240000002,51.5493686,0.0 13.42400394,51.54939092,0.0</coordinates>
                </LineString>
                <LineString id="43060">
                    <coordinates>13.41507047,51.541547359999996,0.0 13.41518844,51.54160451,0.0</coordinates>
                </LineString>
                <LineString id="43062">
                    <coordinates>13.414926809999999,51.541474579999985,0.0 13.41507047,51.541547359999996,0.0</coordinates>
                </LineString>
                <LineString id="43064">
                    <coordinates>13.41518844,51.54160451,0.0 13.41533779,51.54168193999999,0.0</coordinates>
                </LineString>
                <LineString id="43066">
                    <coordinates>13.415474049999998,51.541758200000004,0.0 13.41548935,51.541766909999986,0.0 13.41564282,51.54185503,0.0 13.41575828,51.54192375000001,0.0 13.415830900000001,51.541968809999986,0.0</coordinates>
                </LineString>
                <LineString id="43068">
                    <coordinates>13.415830900000001,51.541968809999986,0.0 13.41592193,51.54191285999999,0.0</coordinates>
                </LineString>
                <LineString id="43070">
                    <coordinates>13.41592193,51.54191285999999,0.0 13.41593571,51.541905039999996,0.0</coordinates>
                </LineString>
                <LineString id="43072">
                    <coordinates>13.415830900000001,51.541968809999986,0.0 13.41600383,51.54207342,0.0</coordinates>
                </LineString>
                <LineString id="43074">
                    <coordinates>13.41600383,51.54207342,0.0 13.416014799999997,51.54207983999999,0.0</coordinates>
                </LineString>
                <LineString id="43076">
                    <coordinates>13.416014799999997,51.54207983999999,0.0 13.41613873,51.54215295000001,0.0 13.416226150000002,51.54220584000001,0.0</coordinates>
                </LineString>
                <LineString id="43078">
                    <coordinates>13.416226150000002,51.54220584000001,0.0 13.41635042,51.542281239999994,0.0 13.41646615,51.54235277,0.0 13.41659021,51.54242794,0.0</coordinates>
                </LineString>
                <LineString id="43080">
                    <coordinates>13.41659021,51.54242794,0.0 13.41675324,51.54252775,0.0</coordinates>
                </LineString>
                <LineString id="43082">
                    <coordinates>13.41675324,51.54252775,0.0 13.416768059999999,51.54253523999999,0.0</coordinates>
                </LineString>
                <LineString id="43084">
                    <coordinates>13.416768059999999,51.54253523999999,0.0 13.41675767,51.54253904000001,0.0</coordinates>
                </LineString>
                <LineString id="43086">
                    <coordinates>13.416768059999999,51.54253523999999,0.0 13.416866609999998,51.542591359999996,0.0 13.417073299999998,51.54270047999999,0.0</coordinates>
                </LineString>
                <LineString id="43088">
                    <coordinates>13.417073299999998,51.54270047999999,0.0 13.41718724,51.542757189999996,0.0</coordinates>
                </LineString>
                <LineString id="43090">
                    <coordinates>13.41718724,51.542757189999996,0.0 13.417314939999999,51.54282588,0.0</coordinates>
                </LineString>
                <LineString id="43092">
                    <coordinates>13.417314939999999,51.54282588,0.0 13.417453279999998,51.54290329999999,0.0 13.41767893,51.54306909999999,0.0</coordinates>
                </LineString>
                <LineString id="43094">
                    <coordinates>13.41767893,51.54306909999999,0.0 13.41768936,51.543079969999994,0.0</coordinates>
                </LineString>
                <LineString id="43096">
                    <coordinates>13.41768936,51.543079969999994,0.0 13.417698129999998,51.54308704999999,0.0</coordinates>
                </LineString>
                <LineString id="43098">
                    <coordinates>13.417698129999998,51.54308704999999,0.0 13.41795568,51.543277489999994,0.0</coordinates>
                </LineString>
                <LineString id="43100">
                    <coordinates>13.41795568,51.543277489999994,0.0 13.4181218,51.543377590000006,0.0</coordinates>
                </LineString>
                <LineString id="43102">
                    <coordinates>13.41818965,51.54341654,0.0 13.418363420000002,51.54351551,0.0 13.41846458,51.54357737,0.0</coordinates>
                </LineString>
                <LineString id="43104">
                    <coordinates>13.41846458,51.54357737,0.0 13.41851024,51.543604089999995,0.0</coordinates>
                </LineString>
                <LineString id="43106">
                    <coordinates>13.41851024,51.543604089999995,0.0 13.418589780000001,51.54365042,0.0</coordinates>
                </LineString>
                <LineString id="43108">
                    <coordinates>13.418589780000001,51.54365042,0.0 13.41863745,51.543679909999994,0.0</coordinates>
                </LineString>
                <LineString id="43110">
                    <coordinates>13.41863745,51.543679909999994,0.0 13.41886327,51.54383264999999,0.0</coordinates>
                </LineString>
                <LineString id="43112">
                    <coordinates>13.41886327,51.54383264999999,0.0 13.418987229999999,51.54390399999999,0.0 13.41906284,51.54394696,0.0</coordinates>
                </LineString>
                <LineString id="43114">
                    <coordinates>13.41906284,51.54394696,0.0 13.41920829,51.544024359999995,0.0</coordinates>
                </LineString>
                <LineString id="43116">
                    <coordinates>13.41920829,51.544024359999995,0.0 13.419405380000002,51.544146649999995,0.0 13.41957499,51.544255899999996,0.0</coordinates>
                </LineString>
                <LineString id="43118">
                    <coordinates>13.41957499,51.544255899999996,0.0 13.419720589999999,51.54435767,0.0</coordinates>
                </LineString>
                <LineString id="43120">
                    <coordinates>13.419720589999999,51.54435767,0.0 13.419994379999999,51.544533859999994,0.0</coordinates>
                </LineString>
                <LineString id="43122">
                    <coordinates>13.419994379999999,51.544533859999994,0.0 13.420208120000002,51.544664080000004,0.0</coordinates>
                </LineString>
                <LineString id="43124">
                    <coordinates>13.420613629999998,51.544947419999986,0.0 13.420266439999999,51.54511862999999,0.0 13.42025667,51.545123540000006,0.0</coordinates>
                </LineString>
                <LineString id="43126">
                    <coordinates>13.420208120000002,51.544664080000004,0.0 13.420221029999997,51.54467231999999,0.0 13.420251289999998,51.54472620000001,0.0 13.42034433,51.544781760000006,0.0</coordinates>
                </LineString>
                <LineString id="43128">
                    <coordinates>13.41518844,51.54160451,0.0 13.415248439999996,51.54155947,0.0 13.415494789999999,51.54146339,0.0 13.41579307,51.54140593999999,0.0 13.416070889999999,51.54139651999999,0.0 13.41616446,51.54138267,0.0 13.416197509999998,51.54134325,0.0</coordinates>
                </LineString>
                <LineString id="43130">
                    <coordinates>13.414353789999998,51.54123589,0.0 13.41452143,51.54130604,0.0 13.414577859999998,51.541329989999994,0.0</coordinates>
                </LineString>
                <LineString id="43132">
                    <coordinates>13.414577859999998,51.541329989999994,0.0 13.414616980000002,51.54134661,0.0 13.414638279999998,51.54135605999999,0.0 13.41465338,51.54136121,0.0 13.41475644,51.54140581,0.0 13.4148379,51.54143858999999,0.0</coordinates>
                </LineString>
                <LineString id="43134">
                    <coordinates>13.4148379,51.54143858999999,0.0 13.414926809999999,51.541474579999985,0.0</coordinates>
                </LineString>
                <LineString id="43136">
                    <coordinates>13.414522959999998,51.54132405,0.0 13.414577859999998,51.541329989999994,0.0</coordinates>
                </LineString>
                <LineString id="43138">
                    <coordinates>13.4236141,51.54802495999999,0.0 13.423604949999998,51.54802766999999,0.0</coordinates>
                </LineString>
                <LineString id="43140">
                    <coordinates>13.423988819999998,51.549307320000004,0.0 13.424000240000002,51.5493686,0.0</coordinates>
                </LineString>
                <LineString id="43142">
                    <coordinates>13.42392519,51.55210004999999,0.0 13.42391538,51.55210018999999,0.0</coordinates>
                </LineString>
                <LineString id="43144">
                    <coordinates>13.42407886,51.55209619000001,0.0 13.423988069999998,51.55209910999999,0.0 13.42392519,51.55210004999999,0.0</coordinates>
                </LineString>
                <LineString id="43146">
                    <coordinates>13.42106011,51.54499900999999,0.0 13.42094121,51.54504210999999,0.0 13.42086456,51.54506494999999,0.0 13.420765739999998,51.54509467,0.0</coordinates>
                </LineString>
                <LineString id="43148">
                    <coordinates>13.419389639999999,51.54608294,0.0 13.41994004,51.54615524999999,0.0</coordinates>
                </LineString>
                <LineString id="43150">
                    <coordinates>13.421442149999999,51.54536206,0.0 13.421852680000002,51.545416499999995,0.0</coordinates>
                </LineString>
                <LineString id="43152">
                    <coordinates>13.422153519999998,51.545579909999994,0.0 13.42253006,51.545645109999995,0.0</coordinates>
                </LineString>
                <LineString id="43154">
                    <coordinates>13.421852680000002,51.545416499999995,0.0 13.422007429999999,51.545341059999984,0.0 13.42210253,51.545277549999994,0.0 13.42252388,51.54517819,0.0</coordinates>
                </LineString>
                <LineString id="43156">
                    <coordinates>13.42252388,51.54517819,0.0 13.42294467,51.54518574000001,0.0</coordinates>
                </LineString>
                <LineString id="43158">
                    <coordinates>13.42253006,51.545645109999995,0.0 13.422999370000001,51.54571437999999,0.0</coordinates>
                </LineString>
                <LineString id="43160">
                    <coordinates>13.422999370000001,51.54571437999999,0.0 13.42361453,51.54581099000001,0.0</coordinates>
                </LineString>
                <LineString id="43162">
                    <coordinates>13.42361453,51.54581099000001,0.0 13.424090159999999,51.54588963999999,0.0 13.424488419999996,51.54600311999999,0.0</coordinates>
                </LineString>
                <LineString id="43164">
                    <coordinates>13.42619131,51.54642206,0.0 13.426572170000002,51.54634765,0.0 13.42722923,51.545888240000004,0.0 13.42733441,51.54581283,0.0</coordinates>
                </LineString>
                <LineString id="43166">
                    <coordinates>13.42213771,51.5462733,0.0 13.422432229999998,51.54627005,0.0</coordinates>
                </LineString>
                <LineString id="43168">
                    <coordinates>13.422432229999998,51.54627005,0.0 13.422516280000002,51.546364520000004,0.0 13.422715929999999,51.546539849999995,0.0</coordinates>
                </LineString>
                <LineString id="43170">
                    <coordinates>13.42213771,51.5462733,0.0 13.421773369999997,51.54646773999999,0.0</coordinates>
                </LineString>
                <LineString id="43172">
                    <coordinates>13.421773369999997,51.54646773999999,0.0 13.42127456,51.546649909999985,0.0</coordinates>
                </LineString>
                <LineString id="43174">
                    <coordinates>13.42127456,51.546649909999985,0.0 13.421154279999998,51.546778809999985,0.0</coordinates>
                </LineString>
                <LineString id="43176">
                    <coordinates>13.42345534,51.5475735,0.0 13.42367084,51.547750529999995,0.0 13.423738689999999,51.54778484999999,0.0</coordinates>
                </LineString>
                <LineString id="43178">
                    <coordinates>13.42103049,51.54903839,0.0 13.42124193,51.54892580999999,0.0 13.42171935,51.548732040000004,0.0 13.423183239999998,51.54818141999999,0.0</coordinates>
                </LineString>
                <LineString id="43180">
                    <coordinates>13.42117858,51.549634590000004,0.0 13.42103049,51.54903839,0.0</coordinates>
                </LineString>
                <LineString id="43182">
                    <coordinates>13.421300309999998,51.55056574,0.0 13.42117858,51.549634590000004,0.0</coordinates>
                </LineString>
                <LineString id="43184">
                    <coordinates>13.421545839999999,51.552154829999985,0.0 13.42167563,51.55203485999999,0.0 13.421416299999999,51.55188755,0.0 13.42141956,51.55154305,0.0 13.421422549999999,51.55128172,0.0 13.42136299,51.55105343000001,0.0 13.421255949999999,51.55063524999999,0.0 13.421300309999998,51.55056574,0.0</coordinates>
                </LineString>
                <LineString id="43186">
                    <coordinates>13.421545839999999,51.552154829999985,0.0 13.420745669999999,51.55237273,0.0 13.419009769999999,51.55267967999999,0.0 13.41877618,51.55271827,0.0 13.417648719999999,51.552347329999996,0.0</coordinates>
                </LineString>
                <LineString id="43188">
                    <coordinates>13.42400394,51.54939092,0.0 13.42425549,51.5493035,0.0</coordinates>
                </LineString>
                <LineString id="43190">
                    <coordinates>13.42400394,51.54939092,0.0 13.42404532,51.54964724999999,0.0</coordinates>
                </LineString>
                <LineString id="43192">
                    <coordinates>13.424069969999998,51.55026964999999,0.0 13.424070429999999,51.550329129999994,0.0 13.424071270000002,51.55068756999999,0.0</coordinates>
                </LineString>
                <LineString id="43194">
                    <coordinates>13.424071270000002,51.55068756999999,0.0 13.42401378,51.550915980000006,0.0</coordinates>
                </LineString>
                <LineString id="43196">
                    <coordinates>13.42401378,51.550915980000006,0.0 13.424011899999998,51.55111862999999,0.0</coordinates>
                </LineString>
                <LineString id="43198">
                    <coordinates>13.424011899999998,51.55111862999999,0.0 13.42401955,51.55136576,0.0</coordinates>
                </LineString>
                <LineString id="43200">
                    <coordinates>13.424018969999999,51.55160577,0.0 13.424020159999998,51.55169167999999,0.0 13.424054599999998,51.5518479,0.0</coordinates>
                </LineString>
                <LineString id="43202">
                    <coordinates>13.42407886,51.55209619000001,0.0 13.424090759999999,51.55228098999999,0.0</coordinates>
                </LineString>
                <LineString id="43204">
                    <coordinates>13.424090759999999,51.55228098999999,0.0 13.42444131,51.55230699,0.0</coordinates>
                </LineString>
                <LineString id="43206">
                    <coordinates>13.424090759999999,51.55228098999999,0.0 13.42411395,51.55264454,0.0</coordinates>
                </LineString>
                <LineString id="43208">
                    <coordinates>13.42411395,51.55264454,0.0 13.42429004,51.55261516,0.0</coordinates>
                </LineString>
                <LineString id="43210">
                    <coordinates>13.42411395,51.55264454,0.0 13.42408237,51.55298041999999,0.0</coordinates>
                </LineString>
                <LineString id="43212">
                    <coordinates>13.42408237,51.55298041999999,0.0 13.423755849999997,51.55333063,0.0</coordinates>
                </LineString>
                <LineString id="43214">
                    <coordinates>13.41402077,51.54109893999999,0.0 13.41394568,51.54097035,0.0</coordinates>
                </LineString>
                <LineString id="43216">
                    <coordinates>13.415313459999998,51.54149852,0.0 13.41540128,51.54147860999999,0.0</coordinates>
                </LineString>
                <LineString id="43218">
                    <coordinates>13.41920829,51.544024359999995,0.0 13.419311079999998,51.54398478000001,0.0 13.41940242,51.54395236999999,0.0 13.419853169999998,51.543836979999995,0.0</coordinates>
                </LineString>
                <LineString id="43220">
                    <coordinates>13.419853169999998,51.543836979999995,0.0 13.4201506,51.54390631,0.0</coordinates>
                </LineString>
                <LineString id="43222">
                    <coordinates>13.419853169999998,51.543836979999995,0.0 13.419589810000002,51.54362925000001,0.0</coordinates>
                </LineString>
                <LineString id="43224">
                    <coordinates>13.419589810000002,51.54362925000001,0.0 13.41961611,51.54342014000001,0.0</coordinates>
                </LineString>
                <LineString id="43226">
                    <coordinates>13.4201506,51.54390631,0.0 13.42029604,51.54402828,0.0 13.420510139999998,51.544209549999984,0.0</coordinates>
                </LineString>
                <LineString id="43228">
                    <coordinates>13.420510139999998,51.544209549999984,0.0 13.42057015,51.54435500999999,0.0 13.42083718,51.54465605,0.0</coordinates>
                </LineString>
                <LineString id="43230">
                    <coordinates>13.41507047,51.541547359999996,0.0 13.415313459999998,51.54149852,0.0</coordinates>
                </LineString>
                <LineString id="43232">
                    <coordinates>13.414522959999998,51.54132405,0.0 13.41402077,51.54109893999999,0.0</coordinates>
                </LineString>
                <LineString id="43234">
                    <coordinates>13.4240699,51.55025613,0.0 13.424069969999998,51.55026964999999,0.0</coordinates>
                </LineString>
                <LineString id="43236">
                    <coordinates>13.42401955,51.55136576,0.0 13.424018969999999,51.55160577,0.0</coordinates>
                </LineString>
                <LineString id="43238">
                    <coordinates>13.421852680000002,51.545416499999995,0.0 13.422153519999998,51.545579909999994,0.0</coordinates>
                </LineString>
                <LineString id="43240">
                    <coordinates>13.42406684,51.550031499999996,0.0 13.4240699,51.55025613,0.0</coordinates>
                </LineString>
                <LineString id="43242">
                    <coordinates>13.424054599999998,51.5518479,0.0 13.4240751,51.55203788,0.0 13.42407886,51.55209619000001,0.0</coordinates>
                </LineString>
                <LineString id="43244">
                    <coordinates>13.419835979999998,51.54536465,0.0 13.41978354,51.54539655999999,0.0</coordinates>
                </LineString>
                <LineString id="43246">
                    <coordinates>13.42252388,51.54517819,0.0 13.42252908,51.54517711,0.0</coordinates>
                </LineString>
                <LineString id="43248">
                    <coordinates>13.423032359999999,51.546979189999995,0.0 13.423068509999998,51.54702035999998,0.0</coordinates>
                </LineString>
                <LineString id="43250">
                    <coordinates>13.42234989,51.546411429999985,0.0 13.422544710000002,51.546573480000006,0.0 13.422767600000002,51.546755819999994,0.0 13.423032359999999,51.546979189999995,0.0</coordinates>
                </LineString>
                <LineString id="43252">
                    <coordinates>13.42134366,51.5455531,0.0 13.42141086,51.54545909000001,0.0 13.421442149999999,51.54536206,0.0</coordinates>
                </LineString>
                <LineString id="43254">
                    <coordinates>13.416417859999997,51.54142143,0.0 13.416586719999998,51.54140597,0.0 13.41658126,51.54140678,0.0 13.41661562,51.541557099999984,0.0 13.416621029999998,51.54158160000001,0.0 13.416620659999998,51.54158336,0.0 13.416647830000002,51.54158172000001,0.0 13.416912859999998,51.54156556999999,0.0 13.4169155,51.54157519,0.0</coordinates>
                </LineString>
                <LineString id="43256">
                    <coordinates>13.42345534,51.5475735,0.0 13.42361606,51.54756389,0.0</coordinates>
                </LineString>
                <LineString id="43258">
                    <coordinates>13.42404532,51.54964724999999,0.0 13.424059829999997,51.549779249999986,0.0 13.42406684,51.550031499999996,0.0</coordinates>
                </LineString>
                <LineString id="43260">
                    <coordinates>13.4181218,51.543377590000006,0.0 13.41814655,51.54339185999999,0.0</coordinates>
                </LineString>
                <LineString id="43262">
                    <coordinates>13.41814655,51.54339185999999,0.0 13.41818965,51.54341654,0.0</coordinates>
                </LineString>
                <LineString id="43264">
                    <coordinates>13.4236141,51.54802495999999,0.0 13.42362037,51.54804086999999,0.0</coordinates>
                </LineString>
                <LineString id="43266">
                    <coordinates>13.424488419999996,51.54600311999999,0.0 13.42552231,51.54631649,0.0</coordinates>
                </LineString>
                <LineString id="43268">
                    <coordinates>13.42552231,51.54631649,0.0 13.42619131,51.54642206,0.0</coordinates>
                </LineString>
                <LineString id="43270">
                    <coordinates>13.41572167,51.54140835,0.0 13.416005509999998,51.541391009999984,0.0</coordinates>
                </LineString>
                <LineString id="43272">
                    <coordinates>13.416005509999998,51.541391009999984,0.0 13.416417859999997,51.54142143,0.0</coordinates>
                </LineString>
                <LineString id="43274">
                    <coordinates>13.41540128,51.54147860999999,0.0 13.41572167,51.54140835,0.0</coordinates>
                </LineString>
                <LineString id="43276">
                    <coordinates>13.41572167,51.54140835,0.0 13.41581123,51.54122499999999,0.0</coordinates>
                </LineString>
                <LineString id="43278">
                    <coordinates>13.41944064,51.545606289999995,0.0 13.41933586,51.54566159,0.0 13.419225669999998,51.54572189000001,0.0</coordinates>
                </LineString>
                <LineString id="43280">
                    <coordinates>13.424011899999998,51.55111862999999,0.0 13.42428006,51.55118859999999,0.0</coordinates>
                </LineString>
                <LineString id="43282">
                    <coordinates>13.41533779,51.54168193999999,0.0 13.415474049999998,51.541758200000004,0.0</coordinates>
                </LineString>
                <LineString id="43284">
                    <coordinates>13.41332882,51.54082726,0.0 13.413454630000002,51.54088169,0.0</coordinates>
                </LineString>
                <LineString id="43286">
                    <coordinates>13.413454630000002,51.54088169,0.0 13.413485450000001,51.54089615000001,0.0</coordinates>
                </LineString>
                <LineString id="43288">
                    <coordinates>13.413485450000001,51.54089615000001,0.0 13.41358982,51.540941329999995,0.0</coordinates>
                </LineString>
                <LineString id="43290">
                    <coordinates>13.41358982,51.540941329999995,0.0 13.4138411,51.54104278999999,0.0</coordinates>
                </LineString>
                <LineString id="43292">
                    <coordinates>13.4138411,51.54104278999999,0.0 13.41430466,51.54122397,0.0 13.414353789999998,51.54123589,0.0</coordinates>
                </LineString>
                <LineString id="43294">
                    <coordinates>13.42080099,51.54507777999999,0.0 13.42070456,51.5450098,0.0 13.420613629999998,51.544947419999986,0.0</coordinates>
                </LineString>
                <LineString id="43296">
                    <coordinates>13.41394568,51.54097035,0.0 13.413969269999999,51.54095388999999,0.0</coordinates>
                </LineString>
                <LineString id="43298">
                    <coordinates>13.49066497,51.55122018,0.0 13.49067677,51.55122546999999,0.0 13.490701610000002,51.55123948999999,0.0 13.49070942,51.55126779,0.0 13.490709990000001,51.55127498,0.0 13.49070849,51.55128393,0.0 13.490646809999998,51.55141157,0.0</coordinates>
                </LineString>
                <LineString id="43300">
                    <coordinates>13.490646809999998,51.55141157,0.0 13.49041747,51.55152731,0.0</coordinates>
                </LineString>
                <LineString id="43302">
                    <coordinates>13.49041747,51.55152731,0.0 13.49024027,51.5516119,0.0 13.489883949999998,51.55175344999999,0.0</coordinates>
                </LineString>
                <LineString id="43304">
                    <coordinates>13.482268349999998,51.56511215999999,0.0 13.48229863,51.56510661000001,0.0</coordinates>
                </LineString>
                <LineString id="43306">
                    <coordinates>13.482229869999998,51.56496846,0.0 13.4821985,51.56489804,0.0 13.48213748,51.56475983999999,0.0 13.48209652,51.5646667,0.0</coordinates>
                </LineString>
                <LineString id="43308">
                    <coordinates>13.48229863,51.56510661000001,0.0 13.482232579999998,51.564974599999985,0.0 13.482229869999998,51.56496846,0.0</coordinates>
                </LineString>
                <LineString id="43310">
                    <coordinates>13.48209652,51.5646667,0.0 13.48206104,51.56460080000001,0.0 13.482050820000001,51.56455609000001,0.0 13.482042659999998,51.56449349,0.0 13.482045229999997,51.56441724999999,0.0</coordinates>
                </LineString>
                <LineString id="43312">
                    <coordinates>13.482045229999997,51.56441724999999,0.0 13.48204484,51.56431884,0.0</coordinates>
                </LineString>
                <LineString id="43314">
                    <coordinates>13.48204484,51.56431884,0.0 13.4820368,51.56416941999999,0.0 13.482034209999997,51.56412196999999,0.0</coordinates>
                </LineString>
                <LineString id="43316">
                    <coordinates>13.482027720000001,51.563913119999995,0.0 13.48202679,51.56387681999999,0.0</coordinates>
                </LineString>
                <LineString id="43318">
                    <coordinates>13.482034209999997,51.56412196999999,0.0 13.482034079999998,51.56402019,0.0 13.482027720000001,51.563913119999995,0.0</coordinates>
                </LineString>
                <LineString id="43320">
                    <coordinates>13.48202679,51.56387681999999,0.0 13.48234483,51.56390655,0.0 13.482679549999999,51.56393819,0.0 13.48277702,51.56394817999999,0.0</coordinates>
                </LineString>
                <LineString id="43322">
                    <coordinates>13.48202783,51.56364789999999,0.0 13.48202739,51.56351123,0.0 13.482030949999999,51.563386019999996,0.0</coordinates>
                </LineString>
                <LineString id="43324">
                    <coordinates>13.48202679,51.56387681999999,0.0 13.482024480000002,51.56375971000001,0.0 13.48202783,51.56364789999999,0.0</coordinates>
                </LineString>
                <LineString id="43326">
                    <coordinates>13.482030029999999,51.56333926999999,0.0 13.482029359999999,51.563309799999985,0.0 13.48202073,51.56323061,0.0</coordinates>
                </LineString>
                <LineString id="43328">
                    <coordinates>13.482030949999999,51.563386019999996,0.0 13.482030029999999,51.56333926999999,0.0</coordinates>
                </LineString>
                <LineString id="43330">
                    <coordinates>13.48202073,51.56323061,0.0 13.482020999999998,51.56319821000001,0.0</coordinates>
                </LineString>
                <LineString id="43332">
                    <coordinates>13.482012049999998,51.56291568,0.0 13.48201332,51.56294254,0.0</coordinates>
                </LineString>
                <LineString id="43334">
                    <coordinates>13.482020999999998,51.56319821000001,0.0 13.482015319999999,51.56302330999999,0.0 13.48201332,51.56294254,0.0</coordinates>
                </LineString>
                <LineString id="43336">
                    <coordinates>13.482012049999998,51.56291568,0.0 13.48200866,51.56282738000001,0.0 13.48200873,51.562713649999985,0.0</coordinates>
                </LineString>
                <LineString id="43338">
                    <coordinates>13.48200619,51.56226742,0.0 13.482029,51.56225394,0.0 13.482049139999997,51.562248639999986,0.0 13.48208713,51.56225187999999,0.0 13.48212701,51.56226614999999,0.0 13.48215793,51.56228277000001,0.0</coordinates>
                </LineString>
                <LineString id="43340">
                    <coordinates>13.48200619,51.56226742,0.0 13.48200326,51.56211312999999,0.0</coordinates>
                </LineString>
                <LineString id="43342">
                    <coordinates>13.48200873,51.562713649999985,0.0 13.48200326,51.562530579999994,0.0 13.481998180000001,51.56236936,0.0 13.481999029999999,51.56228689,0.0 13.48200175,51.562275299999996,0.0 13.48200619,51.56226742,0.0</coordinates>
                </LineString>
                <LineString id="43344">
                    <coordinates>13.48200326,51.56211312999999,0.0 13.4820034,51.5619928,0.0 13.481997829999997,51.561986699999984,0.0</coordinates>
                </LineString>
                <LineString id="43346">
                    <coordinates>13.481997829999997,51.561986699999984,0.0 13.481996709999997,51.56174954,0.0</coordinates>
                </LineString>
                <LineString id="43348">
                    <coordinates>13.481996709999997,51.56174954,0.0 13.481999090000002,51.5617119,0.0 13.48200779,51.561609729999994,0.0 13.482014729999998,51.56156303,0.0 13.48203869,51.56144104,0.0 13.482075199999999,51.56132011999999,0.0</coordinates>
                </LineString>
                <LineString id="43350">
                    <coordinates>13.482075199999999,51.56132011999999,0.0 13.48208489,51.56129403999999,0.0</coordinates>
                </LineString>
                <LineString id="43352">
                    <coordinates>13.482603100000002,51.56069487999999,0.0 13.482626069999998,51.56066711,0.0 13.482645249999997,51.56064654000001,0.0</coordinates>
                </LineString>
                <LineString id="43354">
                    <coordinates>13.48208489,51.56129403999999,0.0 13.482099029999999,51.561255839999994,0.0 13.482123469999998,51.561212539999985,0.0 13.482182259999998,51.56113966,0.0 13.482242769999997,51.561072620000004,0.0 13.482345509999998,51.56096219999999,0.0 13.48244889,51.56085215,0.0 13.482592699999996,51.560707319999985,0.0</coordinates>
                </LineString>
                <LineString id="43356">
                    <coordinates>13.48259069,51.56069107999999,0.0 13.48244891,51.560653859999995,0.0</coordinates>
                </LineString>
                <LineString id="43358">
                    <coordinates>13.48259069,51.56069107999999,0.0 13.482603100000002,51.56069487999999,0.0</coordinates>
                </LineString>
                <LineString id="43360">
                    <coordinates>13.482592699999996,51.560707319999985,0.0 13.482603100000002,51.56069487999999,0.0</coordinates>
                </LineString>
                <LineString id="43362">
                    <coordinates>13.48191378,51.56062223,0.0 13.48172324,51.56061853999999,0.0</coordinates>
                </LineString>
                <LineString id="43364">
                    <coordinates>13.48244891,51.560653859999995,0.0 13.482223809999999,51.56062946000001,0.0 13.48212928,51.5606258,0.0 13.481927839999999,51.56062246,0.0</coordinates>
                </LineString>
                <LineString id="43366">
                    <coordinates>13.481927839999999,51.56062246,0.0 13.48191378,51.56062223,0.0</coordinates>
                </LineString>
                <LineString id="43368">
                    <coordinates>13.48172324,51.56061853999999,0.0 13.481492879999998,51.560623639999996,0.0 13.481411630000002,51.56062552,0.0 13.48138991,51.56061978,0.0</coordinates>
                </LineString>
                <LineString id="43370">
                    <coordinates>13.48138991,51.56061978,0.0 13.481185659999996,51.56056965999999,0.0</coordinates>
                </LineString>
                <LineString id="43372">
                    <coordinates>13.481185659999996,51.56056965999999,0.0 13.481094599999999,51.560546329999994,0.0</coordinates>
                </LineString>
                <LineString id="43374">
                    <coordinates>13.482645249999997,51.56064654000001,0.0 13.48267339,51.56062584000001,0.0</coordinates>
                </LineString>
                <LineString id="43376">
                    <coordinates>13.48267339,51.56062584000001,0.0 13.48269373,51.560611699999995,0.0 13.482753770000002,51.560575759999985,0.0 13.48282855,51.56053812,0.0 13.48289446,51.5605126,0.0 13.48296262,51.560491029999994,0.0</coordinates>
                </LineString>
                <LineString id="43378">
                    <coordinates>13.48296262,51.560491029999994,0.0 13.48291355,51.560429369999994,0.0</coordinates>
                </LineString>
                <LineString id="43380">
                    <coordinates>13.48291355,51.560429369999994,0.0 13.482860010000001,51.56043875,0.0 13.48282081,51.560443509999985,0.0 13.48278025,51.560447520000004,0.0 13.48273849,51.560449979999994,0.0</coordinates>
                </LineString>
                <LineString id="43382">
                    <coordinates>13.48273849,51.560449979999994,0.0 13.48266868,51.56045159,0.0 13.48262641,51.560450890000006,0.0 13.482596519999996,51.560448009999995,0.0 13.482575140000002,51.56044195,0.0 13.482550089999998,51.56043281,0.0 13.482505349999997,51.56042330999999,0.0 13.482467069999998,51.56041848,0.0</coordinates>
                </LineString>
                <LineString id="43384">
                    <coordinates>13.4820187,51.56035117999999,0.0 13.481691239999998,51.560307879999996,0.0 13.48154872,51.56028916000001,0.0</coordinates>
                </LineString>
                <LineString id="43386">
                    <coordinates>13.482467069999998,51.56041848,0.0 13.482351799999998,51.56040361,0.0 13.48226286,51.56038608999999,0.0 13.482162539999997,51.56037059999999,0.0 13.4820187,51.56035117999999,0.0</coordinates>
                </LineString>
                <LineString id="43388">
                    <coordinates>13.48069478,51.56017536000001,0.0 13.480676589999998,51.560172259999995,0.0</coordinates>
                </LineString>
                <LineString id="43390">
                    <coordinates>13.48154872,51.56028916000001,0.0 13.481412059999998,51.56027363999999,0.0 13.48119695,51.560255,0.0 13.48111454,51.56024238,0.0</coordinates>
                </LineString>
                <LineString id="43392">
                    <coordinates>13.48111454,51.56024238,0.0 13.48101924,51.560231380000005,0.0 13.48069478,51.56017536000001,0.0</coordinates>
                </LineString>
                <LineString id="43394">
                    <coordinates>13.48029226,51.56010195999999,0.0 13.480388800000002,51.5601225,0.0</coordinates>
                </LineString>
                <LineString id="43396">
                    <coordinates>13.48057617,51.56015541,0.0 13.480534549999998,51.56014714,0.0</coordinates>
                </LineString>
                <LineString id="43398">
                    <coordinates>13.480676589999998,51.560172259999995,0.0 13.48057617,51.56015541,0.0</coordinates>
                </LineString>
                <LineString id="43400">
                    <coordinates>13.480534549999998,51.56014714,0.0 13.480388800000002,51.5601225,0.0</coordinates>
                </LineString>
                <LineString id="43402">
                    <coordinates>13.480272849999999,51.56009802999999,0.0 13.480113330000002,51.56006562,0.0</coordinates>
                </LineString>
                <LineString id="43404">
                    <coordinates>13.48029226,51.56010195999999,0.0 13.480272849999999,51.56009802999999,0.0</coordinates>
                </LineString>
                <LineString id="43406">
                    <coordinates>13.480113330000002,51.56006562,0.0 13.480071430000002,51.56005771,0.0</coordinates>
                </LineString>
                <LineString id="43408">
                    <coordinates>13.480071430000002,51.56005771,0.0 13.47990642,51.56002425,0.0 13.479749889999999,51.55999256999999,0.0</coordinates>
                </LineString>
                <LineString id="43410">
                    <coordinates>13.47935909,51.559926699999984,0.0 13.479447469999998,51.55994534,0.0</coordinates>
                </LineString>
                <LineString id="43412">
                    <coordinates>13.479482029999998,51.559951399999996,0.0 13.47952491,51.559957239999996,0.0</coordinates>
                </LineString>
                <LineString id="43414">
                    <coordinates>13.479447469999998,51.55994534,0.0 13.479482029999998,51.559951399999996,0.0</coordinates>
                </LineString>
                <LineString id="43416">
                    <coordinates>13.47952491,51.559957239999996,0.0 13.479587679999998,51.55996601999999,0.0 13.479633740000002,51.55997254,0.0 13.479749889999999,51.55999256999999,0.0</coordinates>
                </LineString>
                <LineString id="43418">
                    <coordinates>13.47935052,51.559924939999995,0.0 13.47935909,51.559926699999984,0.0</coordinates>
                </LineString>
                <LineString id="43420">
                    <coordinates>13.478943869999998,51.55982368999999,0.0 13.47885076,51.55980088,0.0 13.478702679999998,51.55976451,0.0 13.478616509999998,51.55974387999999,0.0</coordinates>
                </LineString>
                <LineString id="43422">
                    <coordinates>13.47935052,51.559924939999995,0.0 13.47920988,51.55988872,0.0 13.478943869999998,51.55982368999999,0.0</coordinates>
                </LineString>
                <LineString id="43424">
                    <coordinates>13.480591089999997,51.56042004,0.0 13.48057855,51.56041684,0.0</coordinates>
                </LineString>
                <LineString id="43426">
                    <coordinates>13.481094599999999,51.560546329999994,0.0 13.480725919999998,51.56045404,0.0 13.480591089999997,51.56042004,0.0</coordinates>
                </LineString>
                <LineString id="43428">
                    <coordinates>13.48034122,51.56035275,0.0 13.480273349999997,51.56033173,0.0 13.47998732,51.56025990999999,0.0 13.47992635,51.560243459999995,0.0</coordinates>
                </LineString>
                <LineString id="43430">
                    <coordinates>13.48057855,51.56041684,0.0 13.48048004,51.560392979999996,0.0 13.48034122,51.56035275,0.0</coordinates>
                </LineString>
                <LineString id="43432">
                    <coordinates>13.47992635,51.560243459999995,0.0 13.47964342,51.56017236999999,0.0</coordinates>
                </LineString>
                <LineString id="43434">
                    <coordinates>13.47964342,51.56017236999999,0.0 13.47950217,51.56013785999998,0.0</coordinates>
                </LineString>
                <LineString id="43436">
                    <coordinates>13.47950217,51.56013785999998,0.0 13.479488969999998,51.56013466999999,0.0</coordinates>
                </LineString>
                <LineString id="43438">
                    <coordinates>13.479488969999998,51.56013466999999,0.0 13.479475019999999,51.56013272,0.0 13.4794618,51.56013718,0.0 13.47939319,51.56012081999999,0.0 13.47920649,51.56007533,0.0 13.479185459999998,51.56007002999999,0.0</coordinates>
                </LineString>
                <LineString id="43440">
                    <coordinates>13.479185459999998,51.56007002999999,0.0 13.478921279999998,51.56000594999999,0.0</coordinates>
                </LineString>
                <LineString id="43442">
                    <coordinates>13.478213639999996,51.55982752999999,0.0 13.478194880000002,51.55981897,0.0 13.47816909,51.55981792000001,0.0</coordinates>
                </LineString>
                <LineString id="43444">
                    <coordinates>13.478596,51.55992780999999,0.0 13.478921279999998,51.56000594999999,0.0</coordinates>
                </LineString>
                <LineString id="43446">
                    <coordinates>13.47816909,51.55981792000001,0.0 13.47814386,51.55981778,0.0 13.47801,51.55978508999999,0.0 13.47790359,51.55975724999999,0.0</coordinates>
                </LineString>
                <LineString id="43448">
                    <coordinates>13.47789113,51.559753990000004,0.0 13.47791998,51.55971604,0.0</coordinates>
                </LineString>
                <LineString id="43450">
                    <coordinates>13.47790359,51.55975724999999,0.0 13.47789113,51.559753990000004,0.0</coordinates>
                </LineString>
                <LineString id="43452">
                    <coordinates>13.4776972,51.55965781,0.0 13.477544189999998,51.55961613999999,0.0 13.47730903,51.55955363,0.0 13.477297480000002,51.55954277,0.0</coordinates>
                </LineString>
                <LineString id="43454">
                    <coordinates>13.47791998,51.55971604,0.0 13.477818949999998,51.55968973999999,0.0 13.477706760000002,51.559660380000004,0.0</coordinates>
                </LineString>
                <LineString id="43456">
                    <coordinates>13.477706760000002,51.559660380000004,0.0 13.4776972,51.55965781,0.0</coordinates>
                </LineString>
                <LineString id="43458">
                    <coordinates>13.48379883,51.56009748,0.0 13.483859520000001,51.56007453,0.0</coordinates>
                </LineString>
                <LineString id="43460">
                    <coordinates>13.48291355,51.560429369999994,0.0 13.48301281,51.56040203999999,0.0 13.483096600000001,51.56037191000001,0.0 13.4832684,51.56029802999999,0.0 13.4833543,51.56026438,0.0 13.483372209999999,51.56025339999999,0.0 13.483422369999996,51.560236669999995,0.0</coordinates>
                </LineString>
                <LineString id="43462">
                    <coordinates>13.48401222,51.56001384,0.0 13.484078409999999,51.56004683999998,0.0</coordinates>
                </LineString>
                <LineString id="43464">
                    <coordinates>13.483959850000002,51.56003697,0.0 13.48401222,51.56001384,0.0</coordinates>
                </LineString>
                <LineString id="43466">
                    <coordinates>13.483859520000001,51.56007453,0.0 13.483959850000002,51.56003697,0.0</coordinates>
                </LineString>
                <LineString id="43468">
                    <coordinates>13.484078409999999,51.56004683999998,0.0 13.48410763,51.560039849999995,0.0 13.48414876,51.560034079999994,0.0 13.48418905,51.56003208999999,0.0</coordinates>
                </LineString>
                <LineString id="43470">
                    <coordinates>13.48418905,51.56003208999999,0.0 13.484238109999998,51.560037539999996,0.0 13.484290740000002,51.56005016,0.0 13.48439169,51.56007741999999,0.0</coordinates>
                </LineString>
                <LineString id="43472">
                    <coordinates>13.48439169,51.56007741999999,0.0 13.48456099,51.56012595999999,0.0 13.484838379999998,51.560216099999984,0.0 13.485057100000002,51.56028728999999,0.0</coordinates>
                </LineString>
                <LineString id="43474">
                    <coordinates>13.485289159999999,51.56036183,0.0 13.485362960000002,51.56038672999999,0.0</coordinates>
                </LineString>
                <LineString id="43476">
                    <coordinates>13.485057100000002,51.56028728999999,0.0 13.48518225,51.56032703,0.0 13.485289159999999,51.56036183,0.0</coordinates>
                </LineString>
                <LineString id="43478">
                    <coordinates>13.485362960000002,51.56038672999999,0.0 13.485408370000002,51.560333189999994,0.0</coordinates>
                </LineString>
                <LineString id="43480">
                    <coordinates>13.48632185,51.56064799,0.0 13.48624695,51.56062129,0.0</coordinates>
                </LineString>
                <LineString id="43482">
                    <coordinates>13.48568288,51.560426459999995,0.0 13.48552842,51.560373150000004,0.0 13.485408370000002,51.560333189999994,0.0</coordinates>
                </LineString>
                <LineString id="43484">
                    <coordinates>13.48632185,51.56064799,0.0 13.486331269999999,51.56065138999999,0.0 13.486341350000002,51.56062208,0.0 13.48635064,51.56060633999999,0.0 13.48637555,51.560574439999996,0.0 13.486443529999999,51.56048335999999,0.0 13.486562729999998,51.56032196,0.0 13.486640229999999,51.56021889,0.0</coordinates>
                </LineString>
                <LineString id="43486">
                    <coordinates>13.48401222,51.56001384,0.0 13.484030939999998,51.56000024,0.0</coordinates>
                </LineString>
                <LineString id="43488">
                    <coordinates>13.484030939999998,51.56000024,0.0 13.48405668,51.55996999999999,0.0 13.48410656,51.559911289999995,0.0 13.484242499999999,51.55974001,0.0</coordinates>
                </LineString>
                <LineString id="43490">
                    <coordinates>13.484242499999999,51.55974001,0.0 13.484380849999999,51.55957026999999,0.0 13.484472309999997,51.55945655,0.0</coordinates>
                </LineString>
                <LineString id="43492">
                    <coordinates>13.484472309999997,51.55945655,0.0 13.484491740000001,51.55943261000001,0.0</coordinates>
                </LineString>
                <LineString id="43494">
                    <coordinates>13.484491740000001,51.55943261000001,0.0 13.484634209999998,51.55925407999999,0.0 13.48472652,51.559137299999996,0.0</coordinates>
                </LineString>
                <LineString id="43496">
                    <coordinates>13.4848203,51.55901787,0.0 13.484774310000002,51.55907833,0.0</coordinates>
                </LineString>
                <LineString id="43498">
                    <coordinates>13.484774310000002,51.55907833,0.0 13.48472652,51.559137299999996,0.0</coordinates>
                </LineString>
                <LineString id="43500">
                    <coordinates>13.4848203,51.55901787,0.0 13.484840300000002,51.55899105999999,0.0</coordinates>
                </LineString>
                <LineString id="43502">
                    <coordinates>13.484840300000002,51.55899105999999,0.0 13.484926850000003,51.55888144,0.0 13.484990719999999,51.55880334999999,0.0</coordinates>
                </LineString>
                <LineString id="43504">
                    <coordinates>13.48624695,51.56062129,0.0 13.486086890000001,51.56056583000001,0.0 13.48595619,51.56052053,0.0 13.485775970000002,51.56045856,0.0 13.48568288,51.560426459999995,0.0</coordinates>
                </LineString>
                <LineString id="43506">
                    <coordinates>13.48215793,51.56228277000001,0.0 13.482248920000002,51.56236826,0.0 13.482403629999999,51.562473909999994,0.0 13.48259608,51.56260908,0.0 13.482855409999997,51.562789589999994,0.0 13.4831923,51.56302854,0.0</coordinates>
                </LineString>
                <LineString id="43508">
                    <coordinates>13.4831923,51.56302854,0.0 13.483342469999998,51.56313064,0.0 13.48357332,51.56329335,0.0 13.48370352,51.563385309999994,0.0 13.48385904,51.563484620000004,0.0 13.484081219999998,51.56364142,0.0 13.48438088,51.56385337,0.0</coordinates>
                </LineString>
                <LineString id="43510">
                    <coordinates>13.476738910000002,51.55939527,0.0 13.47667476,51.55937812,0.0 13.476428869999996,51.559301549999994,0.0 13.4761519,51.55921672000001,0.0 13.475812459999998,51.55910979,0.0 13.475490879999999,51.55900884,0.0</coordinates>
                </LineString>
                <LineString id="43512">
                    <coordinates>13.475490879999999,51.55900884,0.0 13.47517326,51.55890976999999,0.0 13.474940219999999,51.55883710999999,0.0 13.47462748,51.558740230000005,0.0 13.47440038,51.558666450000004,0.0 13.47418225,51.55876323999999,0.0</coordinates>
                </LineString>
                <LineString id="43514">
                    <coordinates>13.477297480000002,51.55954277,0.0 13.47712692,51.55949925,0.0 13.47690401,51.559439579999996,0.0 13.476738910000002,51.55939527,0.0</coordinates>
                </LineString>
            </MultiGeometry>
        </Placemark>
        <Placemark id="43521">
            <name>MultiPoint</name>
            <styleUrl>#44982</styleUrl>
            <MultiGeometry id="43520">
                <Point id="43522">
                    <coordinates>13.42113770760923,51.54471487619951,0.0</coordinates>
                </Point>
                <Point id="43524">
                    <coordinates>13.420897158733393,51.545209835201675,0.0</coordinates>
                </Point>
                <Point id="43526">
                    <coordinates>13.422798930999578,51.545623905638216,0.0</coordinates>
                </Point>
                <Point id="43528">
                    <coordinates>13.423283870053769,51.54541663757526,0.0</coordinates>
                </Point>
                <Point id="43530">
                    <coordinates>13.424114650181869,51.54876840860221,0.0</coordinates>
                </Point>
                <Point id="43532">
                    <coordinates>13.424144272498747,51.549073212942915,0.0</coordinates>
                </Point>
                <Point id="43534">
                    <coordinates>13.424510678403683,51.55239753457718,0.0</coordinates>
                </Point>
                <Point id="43536">
                    <coordinates>13.424270573615754,51.552451593954636,0.0</coordinates>
                </Point>
                <Point id="43538">
                    <coordinates>13.415574802762658,51.540920768154145,0.0</coordinates>
                </Point>
                <Point id="43540">
                    <coordinates>13.416725512309904,51.542370997188996,0.0</coordinates>
                </Point>
                <Point id="43542">
                    <coordinates>13.417501360392517,51.54278262212347,0.0</coordinates>
                </Point>
                <Point id="43544">
                    <coordinates>13.417562296092356,51.54311323958118,0.0</coordinates>
                </Point>
                <Point id="43546">
                    <coordinates>13.418885789490146,51.543666155178606,0.0</coordinates>
                </Point>
                <Point id="43548">
                    <coordinates>13.41888839964343,51.543693049893854,0.0</coordinates>
                </Point>
                <Point id="43550">
                    <coordinates>13.419607649574,51.544115794748215,0.0</coordinates>
                </Point>
                <Point id="43552">
                    <coordinates>13.419987558480216,51.54416444073165,0.0</coordinates>
                </Point>
                <Point id="43554">
                    <coordinates>13.414614499904934,51.54143385268609,0.0</coordinates>
                </Point>
                <Point id="43556">
                    <coordinates>13.421148125984221,51.54511938120643,0.0</coordinates>
                </Point>
                <Point id="43558">
                    <coordinates>13.419734630711961,51.54601852263038,0.0</coordinates>
                </Point>
                <Point id="43560">
                    <coordinates>13.423976852777537,51.55329048182961,0.0</coordinates>
                </Point>
                <Point id="43562">
                    <coordinates>13.423746758879108,51.55359609868723,0.0</coordinates>
                </Point>
                <Point id="43564">
                    <coordinates>13.416189273810833,51.542049306669085,0.0</coordinates>
                </Point>
                <Point id="43566">
                    <coordinates>13.420939510166777,51.54430846240922,0.0</coordinates>
                </Point>
                <Point id="43568">
                    <coordinates>13.423991842018498,51.5534007684724,0.0</coordinates>
                </Point>
                <Point id="43570">
                    <coordinates>13.4240338098406,51.55336045871261,0.0</coordinates>
                </Point>
                <Point id="43572">
                    <coordinates>13.4242326625976,51.5531388304471,0.0</coordinates>
                </Point>
                <Point id="43574">
                    <coordinates>13.423676423055799,51.55329082473709,0.0</coordinates>
                </Point>
                <Point id="43576">
                    <coordinates>13.4237841675775,51.553183166732396,0.0</coordinates>
                </Point>
                <Point id="43578">
                    <coordinates>13.4243262073406,51.5528424766815,0.0</coordinates>
                </Point>
                <Point id="43580">
                    <coordinates>13.4240031469409,51.55287624906169,0.0</coordinates>
                </Point>
                <Point id="43582">
                    <coordinates>13.424386672031602,51.5525513056095,0.0</coordinates>
                </Point>
                <Point id="43584">
                    <coordinates>13.4244091630496,51.55222905201409,0.0</coordinates>
                </Point>
                <Point id="43586">
                    <coordinates>13.4244052966367,51.5520377138918,0.0</coordinates>
                </Point>
                <Point id="43588">
                    <coordinates>13.423920113897001,51.552143476777395,0.0</coordinates>
                </Point>
                <Point id="43590">
                    <coordinates>13.424331700414198,51.551757061389594,0.0</coordinates>
                </Point>
                <Point id="43592">
                    <coordinates>13.4243415662266,51.5518671627375,0.0</coordinates>
                </Point>
                <Point id="43594">
                    <coordinates>13.421468851754598,51.55203462009949,0.0</coordinates>
                </Point>
                <Point id="43596">
                    <coordinates>13.424258203500699,51.551556939125796,0.0</coordinates>
                </Point>
                <Point id="43598">
                    <coordinates>13.423911988057501,51.55134074401549,0.0</coordinates>
                </Point>
                <Point id="43600">
                    <coordinates>13.4239003754729,51.551034410678696,0.0</coordinates>
                </Point>
                <Point id="43602">
                    <coordinates>13.4238651587251,51.5511559028216,0.0</coordinates>
                </Point>
                <Point id="43604">
                    <coordinates>13.423903497426599,51.5509048686189,0.0</coordinates>
                </Point>
                <Point id="43606">
                    <coordinates>13.423861263001799,51.5505871665154,0.0</coordinates>
                </Point>
                <Point id="43608">
                    <coordinates>13.4238690883098,51.5496344522983,0.0</coordinates>
                </Point>
                <Point id="43610">
                    <coordinates>13.4242868368338,51.549621210468,0.0</coordinates>
                </Point>
                <Point id="43612">
                    <coordinates>13.4243538033823,51.5494211010856,0.0</coordinates>
                </Point>
                <Point id="43614">
                    <coordinates>13.423897895960298,51.54947838172439,0.0</coordinates>
                </Point>
                <Point id="43616">
                    <coordinates>13.423717646506402,51.54844740608759,0.0</coordinates>
                </Point>
                <Point id="43618">
                    <coordinates>13.424266876760298,51.549309109091595,0.0</coordinates>
                </Point>
                <Point id="43620">
                    <coordinates>13.4238321232575,51.5492710661986,0.0</coordinates>
                </Point>
                <Point id="43622">
                    <coordinates>13.4238196658433,51.5489776263997,0.0</coordinates>
                </Point>
                <Point id="43624">
                    <coordinates>13.423773403271902,51.5486035236492,0.0</coordinates>
                </Point>
                <Point id="43626">
                    <coordinates>13.4240503706715,51.54844300343931,0.0</coordinates>
                </Point>
                <Point id="43628">
                    <coordinates>13.4240194335767,51.5480980835176,0.0</coordinates>
                </Point>
                <Point id="43630">
                    <coordinates>13.423951649094397,51.547817211150694,0.0</coordinates>
                </Point>
                <Point id="43632">
                    <coordinates>13.423697291523998,51.54755874420119,0.0</coordinates>
                </Point>
                <Point id="43634">
                    <coordinates>13.4234855791035,51.5480810566849,0.0</coordinates>
                </Point>
                <Point id="43636">
                    <coordinates>13.4234997662686,51.54792474550259,0.0</coordinates>
                </Point>
                <Point id="43638">
                    <coordinates>13.4231625735796,51.5474359163721,0.0</coordinates>
                </Point>
                <Point id="43640">
                    <coordinates>13.4275389792423,51.5457683462197,0.0</coordinates>
                </Point>
                <Point id="43642">
                    <coordinates>13.4228755301178,51.5465913492508,0.0</coordinates>
                </Point>
                <Point id="43644">
                    <coordinates>13.4218381434966,51.5466085796807,0.0</coordinates>
                </Point>
                <Point id="43646">
                    <coordinates>13.422228588850299,51.54643739204769,0.0</coordinates>
                </Point>
                <Point id="43648">
                    <coordinates>13.4221048791172,51.54626953267289,0.0</coordinates>
                </Point>
                <Point id="43650">
                    <coordinates>13.422809804710097,51.54623821715359,0.0</coordinates>
                </Point>
                <Point id="43652">
                    <coordinates>13.4223115921184,51.546186824844085,0.0</coordinates>
                </Point>
                <Point id="43654">
                    <coordinates>13.421827295377302,51.54603528317131,0.0</coordinates>
                </Point>
                <Point id="43656">
                    <coordinates>13.4239194906951,51.54570065781031,0.0</coordinates>
                </Point>
                <Point id="43658">
                    <coordinates>13.4247613124464,51.54588759352179,0.0</coordinates>
                </Point>
                <Point id="43660">
                    <coordinates>13.4218618861212,51.545670675321496,0.0</coordinates>
                </Point>
                <Point id="43662">
                    <coordinates>13.4229252938046,51.54582536955509,0.0</coordinates>
                </Point>
                <Point id="43664">
                    <coordinates>13.4224998964688,51.54576651595189,0.0</coordinates>
                </Point>
                <Point id="43666">
                    <coordinates>13.4226896953768,51.5453750850345,0.0</coordinates>
                </Point>
                <Point id="43668">
                    <coordinates>13.422057234081102,51.545375265271204,0.0</coordinates>
                </Point>
                <Point id="43670">
                    <coordinates>13.4233738129967,51.5451968655545,0.0</coordinates>
                </Point>
                <Point id="43672">
                    <coordinates>13.422944768671098,51.5450808015321,0.0</coordinates>
                </Point>
                <Point id="43674">
                    <coordinates>13.422457694604597,51.545136053532794,0.0</coordinates>
                </Point>
                <Point id="43676">
                    <coordinates>13.422631011173001,51.5451407160667,0.0</coordinates>
                </Point>
                <Point id="43678">
                    <coordinates>13.417590829141398,51.5521787208826,0.0</coordinates>
                </Point>
                <Point id="43680">
                    <coordinates>13.4213542436337,51.55063440205599,0.0</coordinates>
                </Point>
                <Point id="43682">
                    <coordinates>13.4210618386276,51.54956269929699,0.0</coordinates>
                </Point>
                <Point id="43684">
                    <coordinates>13.4210467461747,51.54970594491169,0.0</coordinates>
                </Point>
                <Point id="43686">
                    <coordinates>13.4209736133979,51.5492661228605,0.0</coordinates>
                </Point>
                <Point id="43688">
                    <coordinates>13.420993810839898,51.54688744518779,0.0</coordinates>
                </Point>
                <Point id="43690">
                    <coordinates>13.420917346005401,51.5467359790495,0.0</coordinates>
                </Point>
                <Point id="43692">
                    <coordinates>13.420103556085598,51.5463166635798,0.0</coordinates>
                </Point>
                <Point id="43694">
                    <coordinates>13.4200853397471,51.5460726866146,0.0</coordinates>
                </Point>
                <Point id="43696">
                    <coordinates>13.419533809765799,51.5463495586325,0.0</coordinates>
                </Point>
                <Point id="43698">
                    <coordinates>13.4191872203161,51.5460446051329,0.0</coordinates>
                </Point>
                <Point id="43700">
                    <coordinates>13.4212126322393,51.5468609597504,0.0</coordinates>
                </Point>
                <Point id="43702">
                    <coordinates>13.421495482009,51.5468385236582,0.0</coordinates>
                </Point>
                <Point id="43704">
                    <coordinates>13.4213042161574,51.546627966265895,0.0</coordinates>
                </Point>
                <Point id="43706">
                    <coordinates>13.421656707605099,51.54589191696079,0.0</coordinates>
                </Point>
                <Point id="43708">
                    <coordinates>13.4217990331175,51.54530517258671,0.0</coordinates>
                </Point>
                <Point id="43710">
                    <coordinates>13.4213142427805,51.5455776503827,0.0</coordinates>
                </Point>
                <Point id="43712">
                    <coordinates>13.4211426751645,51.5454332241548,0.0</coordinates>
                </Point>
                <Point id="43714">
                    <coordinates>13.421659218197298,51.545166469143396,0.0</coordinates>
                </Point>
                <Point id="43716">
                    <coordinates>13.4211554521348,51.5450082859055,0.0</coordinates>
                </Point>
                <Point id="43718">
                    <coordinates>13.421220986916,51.54484438637339,0.0</coordinates>
                </Point>
                <Point id="43720">
                    <coordinates>13.4195381785733,51.54571199247151,0.0</coordinates>
                </Point>
                <Point id="43722">
                    <coordinates>13.4199419838412,51.54541113609859,0.0</coordinates>
                </Point>
                <Point id="43724">
                    <coordinates>13.4200936905629,51.5453146240216,0.0</coordinates>
                </Point>
                <Point id="43726">
                    <coordinates>13.420303412736299,51.54517581522029,0.0</coordinates>
                </Point>
                <Point id="43728">
                    <coordinates>13.420751246026299,51.54511107119939,0.0</coordinates>
                </Point>
                <Point id="43730">
                    <coordinates>13.420786543175101,51.544650921506694,0.0</coordinates>
                </Point>
                <Point id="43732">
                    <coordinates>13.420151129185,51.544675831563,0.0</coordinates>
                </Point>
                <Point id="43734">
                    <coordinates>13.4188642759627,51.54591060245269,0.0</coordinates>
                </Point>
                <Point id="43736">
                    <coordinates>13.418668834474698,51.5457607738104,0.0</coordinates>
                </Point>
                <Point id="43738">
                    <coordinates>13.418573356426998,51.545629494701,0.0</coordinates>
                </Point>
                <Point id="43740">
                    <coordinates>13.420628472112002,51.544140680157994,0.0</coordinates>
                </Point>
                <Point id="43742">
                    <coordinates>13.420160272539901,51.544495502569184,0.0</coordinates>
                </Point>
                <Point id="43744">
                    <coordinates>13.4201059576586,51.544452073711994,0.0</coordinates>
                </Point>
                <Point id="43746">
                    <coordinates>13.419520735793801,51.54426708913121,0.0</coordinates>
                </Point>
                <Point id="43748">
                    <coordinates>13.419707223817998,51.54439140464649,0.0</coordinates>
                </Point>
                <Point id="43750">
                    <coordinates>13.4201871751228,51.54374275663209,0.0</coordinates>
                </Point>
                <Point id="43752">
                    <coordinates>13.4198215684571,51.54361151031299,0.0</coordinates>
                </Point>
                <Point id="43754">
                    <coordinates>13.419467572501398,51.5434172364979,0.0</coordinates>
                </Point>
                <Point id="43756">
                    <coordinates>13.4195661970678,51.54333227322301,0.0</coordinates>
                </Point>
                <Point id="43758">
                    <coordinates>13.419756077650199,51.543176944509895,0.0</coordinates>
                </Point>
                <Point id="43760">
                    <coordinates>13.4188900019089,51.544041573932496,0.0</coordinates>
                </Point>
                <Point id="43762">
                    <coordinates>13.418478603423399,51.543651030143494,0.0</coordinates>
                </Point>
                <Point id="43764">
                    <coordinates>13.4180933554578,51.5434149590788,0.0</coordinates>
                </Point>
                <Point id="43766">
                    <coordinates>13.418813919863002,51.5438450990431,0.0</coordinates>
                </Point>
                <Point id="43768">
                    <coordinates>13.419166318339098,51.5438517870883,0.0</coordinates>
                </Point>
                <Point id="43770">
                    <coordinates>13.418623899938499,51.54370349041089,0.0</coordinates>
                </Point>
                <Point id="43772">
                    <coordinates>13.418612618297196,51.54350045511479,0.0</coordinates>
                </Point>
                <Point id="43774">
                    <coordinates>13.4178511959331,51.543304209219805,0.0</coordinates>
                </Point>
                <Point id="43776">
                    <coordinates>13.417599833811101,51.543083849342196,0.0</coordinates>
                </Point>
                <Point id="43778">
                    <coordinates>13.417583418472598,51.5431781634879,0.0</coordinates>
                </Point>
                <Point id="43780">
                    <coordinates>13.417829408936102,51.54304135131199,0.0</coordinates>
                </Point>
                <Point id="43782">
                    <coordinates>13.417800840288601,51.5429778467519,0.0</coordinates>
                </Point>
                <Point id="43784">
                    <coordinates>13.417260029640802,51.54285332536811,0.0</coordinates>
                </Point>
                <Point id="43786">
                    <coordinates>13.4169670135793,51.5427365982877,0.0</coordinates>
                </Point>
                <Point id="43788">
                    <coordinates>13.416536640217398,51.542453378425996,0.0</coordinates>
                </Point>
                <Point id="43790">
                    <coordinates>13.417120868170398,51.542605749194806,0.0</coordinates>
                </Point>
                <Point id="43792">
                    <coordinates>13.416684403663899,51.54254751553569,0.0</coordinates>
                </Point>
                <Point id="43794">
                    <coordinates>13.416989295898398,51.54234130847579,0.0</coordinates>
                </Point>
                <Point id="43796">
                    <coordinates>13.416206789426802,51.5423176161131,0.0</coordinates>
                </Point>
                <Point id="43798">
                    <coordinates>13.4163493539969,51.5421315210769,0.0</coordinates>
                </Point>
                <Point id="43800">
                    <coordinates>13.416120564497598,51.5419869439811,0.0</coordinates>
                </Point>
                <Point id="43802">
                    <coordinates>13.4156917921748,51.541979300748395,0.0</coordinates>
                </Point>
                <Point id="43804">
                    <coordinates>13.415941700510498,51.5418730278064,0.0</coordinates>
                </Point>
                <Point id="43806">
                    <coordinates>13.4162072265137,51.54132925889568,0.0</coordinates>
                </Point>
                <Point id="43808">
                    <coordinates>13.4156118030483,51.540933432522294,0.0</coordinates>
                </Point>
                <Point id="43810">
                    <coordinates>13.4152965992079,51.54172561470859,0.0</coordinates>
                </Point>
                <Point id="43812">
                    <coordinates>13.4148267857812,51.5416127324789,0.0</coordinates>
                </Point>
                <Point id="43814">
                    <coordinates>13.414828317799598,51.54130476049489,0.0</coordinates>
                </Point>
                <Point id="43816">
                    <coordinates>13.4152424955757,51.54138122612889,0.0</coordinates>
                </Point>
                <Point id="43818">
                    <coordinates>13.4149988161233,51.54135930321039,0.0</coordinates>
                </Point>
                <Point id="43820">
                    <coordinates>13.4140926229855,51.54129407859039,0.0</coordinates>
                </Point>
                <Point id="43822">
                    <coordinates>13.414435948353898,51.5413829308358,0.0</coordinates>
                </Point>
                <Point id="43824">
                    <coordinates>13.414575735347,51.5411526878335,0.0</coordinates>
                </Point>
                <Point id="43826">
                    <coordinates>13.414110963579498,51.540990134971686,0.0</coordinates>
                </Point>
                <Point id="43828">
                    <coordinates>13.414098781173301,51.540910905937906,0.0</coordinates>
                </Point>
                <Point id="43830">
                    <coordinates>13.4138633600291,51.541171689596204,0.0</coordinates>
                </Point>
                <Point id="43832">
                    <coordinates>13.4200603794886,51.5455321913498,0.0</coordinates>
                </Point>
                <Point id="43834">
                    <coordinates>13.4214650238377,51.5464216683776,0.0</coordinates>
                </Point>
                <Point id="43836">
                    <coordinates>13.4169496699662,51.54161192921669,0.0</coordinates>
                </Point>
                <Point id="43838">
                    <coordinates>13.423719091690499,51.54737471930099,0.0</coordinates>
                </Point>
                <Point id="43840">
                    <coordinates>13.424051453459999,51.548614713995285,0.0</coordinates>
                </Point>
                <Point id="43842">
                    <coordinates>13.423900099186397,51.550089581203196,0.0</coordinates>
                </Point>
                <Point id="43844">
                    <coordinates>13.418381263795803,51.543285238026996,0.0</coordinates>
                </Point>
                <Point id="43846">
                    <coordinates>13.42054647908849,51.54471919951934,0.0</coordinates>
                </Point>
                <Point id="43848">
                    <coordinates>13.419304195012243,51.54574683895046,0.0</coordinates>
                </Point>
                <Point id="43850">
                    <coordinates>13.418917048018299,51.54561670817078,0.0</coordinates>
                </Point>
                <Point id="43852">
                    <coordinates>13.424410089634598,51.5513163994132,0.0</coordinates>
                </Point>
                <Point id="43854">
                    <coordinates>13.424332187801499,51.5511609493824,0.0</coordinates>
                </Point>
                <Point id="43856">
                    <coordinates>13.415706114689598,51.54162192234061,0.0</coordinates>
                </Point>
                <Point id="43858">
                    <coordinates>13.482826362121294,51.56403660705756,0.0</coordinates>
                </Point>
                <Point id="43860">
                    <coordinates>13.482669517548096,51.560686392827925,0.0</coordinates>
                </Point>
                <Point id="43862">
                    <coordinates>13.480606919232446,51.560117471779634,0.0</coordinates>
                </Point>
                <Point id="43864">
                    <coordinates>13.484767061639559,51.56029116377047,0.0</coordinates>
                </Point>
                <Point id="43866">
                    <coordinates>13.4867738677662,51.5601334844089,0.0</coordinates>
                </Point>
                <Point id="43868">
                    <coordinates>13.4855145066354,51.56045660658291,0.0</coordinates>
                </Point>
                <Point id="43870">
                    <coordinates>13.485747448173598,51.560353850778995,0.0</coordinates>
                </Point>
                <Point id="43872">
                    <coordinates>13.4854420114359,51.560290937982195,0.0</coordinates>
                </Point>
                <Point id="43874">
                    <coordinates>13.482277758921699,51.564951158534505,0.0</coordinates>
                </Point>
                <Point id="43876">
                    <coordinates>13.4821827978174,51.564657432229296,0.0</coordinates>
                </Point>
                <Point id="43878">
                    <coordinates>13.4821459743784,51.5644080395282,0.0</coordinates>
                </Point>
                <Point id="43880">
                    <coordinates>13.481788872121701,51.5643472528697,0.0</coordinates>
                </Point>
                <Point id="43882">
                    <coordinates>13.482749120212597,51.56397981890249,0.0</coordinates>
                </Point>
                <Point id="43884">
                    <coordinates>13.484237402676698,51.563954866030805,0.0</coordinates>
                </Point>
                <Point id="43886">
                    <coordinates>13.484567100351,51.5637808102856,0.0</coordinates>
                </Point>
                <Point id="43888">
                    <coordinates>13.483273782286698,51.56291986370189,0.0</coordinates>
                </Point>
                <Point id="43890">
                    <coordinates>13.482577457292901,51.56215919294339,0.0</coordinates>
                </Point>
                <Point id="43892">
                    <coordinates>13.482094714225301,51.56410812359001,0.0</coordinates>
                </Point>
                <Point id="43894">
                    <coordinates>13.481627805304798,51.56409936240449,0.0</coordinates>
                </Point>
                <Point id="43896">
                    <coordinates>13.482093109534901,51.5636593954212,0.0</coordinates>
                </Point>
                <Point id="43898">
                    <coordinates>13.4821542400333,51.5633549252614,0.0</coordinates>
                </Point>
                <Point id="43900">
                    <coordinates>13.481767054647797,51.5633788778459,0.0</coordinates>
                </Point>
                <Point id="43902">
                    <coordinates>13.4817462458083,51.56318530859819,0.0</coordinates>
                </Point>
                <Point id="43904">
                    <coordinates>13.482228391774699,51.56296478635641,0.0</coordinates>
                </Point>
                <Point id="43906">
                    <coordinates>13.481060439369802,51.5606000086653,0.0</coordinates>
                </Point>
                <Point id="43908">
                    <coordinates>13.4827478623758,51.5604118292356,0.0</coordinates>
                </Point>
                <Point id="43910">
                    <coordinates>13.481694835299999,51.5607227242817,0.0</coordinates>
                </Point>
                <Point id="43912">
                    <coordinates>13.481936130833999,51.560671504533786,0.0</coordinates>
                </Point>
                <Point id="43914">
                    <coordinates>13.4815599939714,51.5602541852352,0.0</coordinates>
                </Point>
                <Point id="43916">
                    <coordinates>13.482027896323599,51.56031327816179,0.0</coordinates>
                </Point>
                <Point id="43918">
                    <coordinates>13.482488220280098,51.56035859041099,0.0</coordinates>
                </Point>
                <Point id="43920">
                    <coordinates>13.4811356768097,51.56019264928959,0.0</coordinates>
                </Point>
                <Point id="43922">
                    <coordinates>13.4803234026833,51.560389688479404,0.0</coordinates>
                </Point>
                <Point id="43924">
                    <coordinates>13.479619410362,51.56020535079048,0.0</coordinates>
                </Point>
                <Point id="43926">
                    <coordinates>13.4802952326323,51.56005440191769,0.0</coordinates>
                </Point>
                <Point id="43928">
                    <coordinates>13.4797666410536,51.5599575214761,0.0</coordinates>
                </Point>
                <Point id="43930">
                    <coordinates>13.478891612226699,51.56004931747349,0.0</coordinates>
                </Point>
                <Point id="43932">
                    <coordinates>13.4794468464523,51.560196572559995,0.0</coordinates>
                </Point>
                <Point id="43934">
                    <coordinates>13.479149322847299,51.5601373176324,0.0</coordinates>
                </Point>
                <Point id="43936">
                    <coordinates>13.479385064323798,51.55987700005209,0.0</coordinates>
                </Point>
                <Point id="43938">
                    <coordinates>13.4785632418056,51.5599986911511,0.0</coordinates>
                </Point>
                <Point id="43940">
                    <coordinates>13.4789619999525,51.55978134370729,0.0</coordinates>
                </Point>
                <Point id="43942">
                    <coordinates>13.4786180694038,51.5596868248676,0.0</coordinates>
                </Point>
                <Point id="43944">
                    <coordinates>13.4851295258301,51.5601822435722,0.0</coordinates>
                </Point>
                <Point id="43946">
                    <coordinates>13.485258495183897,51.560397725915294,0.0</coordinates>
                </Point>
                <Point id="43948">
                    <coordinates>13.4843668917786,51.56010421458058,0.0</coordinates>
                </Point>
                <Point id="43950">
                    <coordinates>13.4837141280633,51.5600592574683,0.0</coordinates>
                </Point>
                <Point id="43952">
                    <coordinates>13.483869182098198,51.559971407828186,0.0</coordinates>
                </Point>
                <Point id="43954">
                    <coordinates>13.483403234922196,51.560207358325194,0.0</coordinates>
                </Point>
                <Point id="43956">
                    <coordinates>13.4840421328669,51.55967371148249,0.0</coordinates>
                </Point>
                <Point id="43958">
                    <coordinates>13.484502093438298,51.55979975861279,0.0</coordinates>
                </Point>
                <Point id="43960">
                    <coordinates>13.484710034906401,51.55894840182971,0.0</coordinates>
                </Point>
                <Point id="43962">
                    <coordinates>13.484881932757,51.5587845761621,0.0</coordinates>
                </Point>
                <Point id="43964">
                    <coordinates>13.4850444357149,51.55856359963779,0.0</coordinates>
                </Point>
                <Point id="43966">
                    <coordinates>13.4782493866556,51.5596635809168,0.0</coordinates>
                </Point>
                <Point id="43968">
                    <coordinates>13.4778155413741,51.55980169999539,0.0</coordinates>
                </Point>
                <Point id="43970">
                    <coordinates>13.476964618122102,51.5594156023712,0.0</coordinates>
                </Point>
                <Point id="43972">
                    <coordinates>13.475387046770802,51.5588262218363,0.0</coordinates>
                </Point>
                <Point id="43974">
                    <coordinates>13.4777921370505,51.5595801061251,0.0</coordinates>
                </Point>
                <Point id="43976">
                    <coordinates>13.47416556568,51.558772847524494,0.0</coordinates>
                </Point>
                <Point id="43978">
                    <coordinates>13.481875097110532,51.56317322316613,0.0</coordinates>
                </Point>
                <Point id="43980">
                    <coordinates>13.442043413524997,51.533135394144885,0.0</coordinates>
                </Point>
                <Point id="43982">
                    <coordinates>13.445442213305393,51.53218760899896,0.0</coordinates>
                </Point>
                <Point id="43984">
                    <coordinates>13.446060509190598,51.531723240871315,0.0</coordinates>
                </Point>
                <Point id="43986">
                    <coordinates>13.44732695876579,51.53139621425288,0.0</coordinates>
                </Point>
                <Point id="43988">
                    <coordinates>13.448801633752284,51.54073392232889,0.0</coordinates>
                </Point>
                <Point id="43990">
                    <coordinates>13.4539262725307,51.540314174465664,0.0</coordinates>
                </Point>
                <Point id="43992">
                    <coordinates>13.446908060438144,51.539222229866574,0.0</coordinates>
                </Point>
                <Point id="43994">
                    <coordinates>13.446562037339918,51.53892944389614,0.0</coordinates>
                </Point>
                <Point id="43996">
                    <coordinates>13.446356137064857,51.53829841736358,0.0</coordinates>
                </Point>
                <Point id="43998">
                    <coordinates>13.45014146228622,51.53953129193332,0.0</coordinates>
                </Point>
                <Point id="44000">
                    <coordinates>13.445601868018445,51.53781417965326,0.0</coordinates>
                </Point>
                <Point id="44002">
                    <coordinates>13.455223133618416,51.5273169462533,0.0</coordinates>
                </Point>
                <Point id="44004">
                    <coordinates>13.456437290389433,51.5403176173521,0.0</coordinates>
                </Point>
                <Point id="44006">
                    <coordinates>13.454623477793227,51.53991874294418,0.0</coordinates>
                </Point>
                <Point id="44008">
                    <coordinates>13.469314999826663,51.54200431211443,0.0</coordinates>
                </Point>
                <Point id="44010">
                    <coordinates>13.471937879362317,51.542264092290836,0.0</coordinates>
                </Point>
                <Point id="44012">
                    <coordinates>13.412128547122363,51.537370594153884,0.0</coordinates>
                </Point>
                <Point id="44014">
                    <coordinates>13.411399251404152,51.537587021953904,0.0</coordinates>
                </Point>
                <Point id="44016">
                    <coordinates>13.412344092724569,51.53765939753603,0.0</coordinates>
                </Point>
                <Point id="44018">
                    <coordinates>13.412839900322604,51.53741577178949,0.0</coordinates>
                </Point>
                <Point id="44020">
                    <coordinates>13.414254393145677,51.53727248285594,0.0</coordinates>
                </Point>
                <Point id="44022">
                    <coordinates>13.415209071203108,51.53625573919272,0.0</coordinates>
                </Point>
                <Point id="44024">
                    <coordinates>13.416694990172095,51.535956765513816,0.0</coordinates>
                </Point>
                <Point id="44026">
                    <coordinates>13.423249565338685,51.53525947433904,0.0</coordinates>
                </Point>
                <Point id="44028">
                    <coordinates>13.425259413638011,51.53485961880423,0.0</coordinates>
                </Point>
                <Point id="44030">
                    <coordinates>13.43965104250395,51.533900959693995,0.0</coordinates>
                </Point>
                <Point id="44032">
                    <coordinates>13.407937472207994,51.53401932092169,0.0</coordinates>
                </Point>
                <Point id="44034">
                    <coordinates>13.445120615068756,51.53495314909076,0.0</coordinates>
                </Point>
                <Point id="44036">
                    <coordinates>13.406917487492528,51.535704291765555,0.0</coordinates>
                </Point>
                <Point id="44038">
                    <coordinates>13.448183761302127,51.54135125017244,0.0</coordinates>
                </Point>
                <Point id="44040">
                    <coordinates>13.453046203242387,51.54090551006739,0.0</coordinates>
                </Point>
                <Point id="44042">
                    <coordinates>13.451793077483936,51.53900962510749,0.0</coordinates>
                </Point>
                <Point id="44044">
                    <coordinates>13.468147907777938,51.542021856249036,0.0</coordinates>
                </Point>
                <Point id="44046">
                    <coordinates>13.471896210336803,51.54198674917249,0.0</coordinates>
                </Point>
                <Point id="44048">
                    <coordinates>13.4088776930734,51.53990464681729,0.0</coordinates>
                </Point>
                <Point id="44050">
                    <coordinates>13.4096021789879,51.53991009021679,0.0</coordinates>
                </Point>
                <Point id="44052">
                    <coordinates>13.4098138840223,51.53954230832291,0.0</coordinates>
                </Point>
                <Point id="44054">
                    <coordinates>13.4093524841716,51.539444501877604,0.0</coordinates>
                </Point>
                <Point id="44056">
                    <coordinates>13.408636952566296,51.539731971872385,0.0</coordinates>
                </Point>
                <Point id="44058">
                    <coordinates>13.4086864088778,51.53961809274029,0.0</coordinates>
                </Point>
                <Point id="44060">
                    <coordinates>13.4086941308136,51.5394735772362,0.0</coordinates>
                </Point>
                <Point id="44062">
                    <coordinates>13.4104654481035,51.53964776928359,0.0</coordinates>
                </Point>
                <Point id="44064">
                    <coordinates>13.408574666876401,51.5391938912473,0.0</coordinates>
                </Point>
                <Point id="44066">
                    <coordinates>13.408506033815302,51.5386936594192,0.0</coordinates>
                </Point>
                <Point id="44068">
                    <coordinates>13.409161717422899,51.538879987832495,0.0</coordinates>
                </Point>
                <Point id="44070">
                    <coordinates>13.408762295911098,51.53804141398009,0.0</coordinates>
                </Point>
                <Point id="44072">
                    <coordinates>13.4222405675519,51.5354266018851,0.0</coordinates>
                </Point>
                <Point id="44074">
                    <coordinates>13.423131831382598,51.535185027303704,0.0</coordinates>
                </Point>
                <Point id="44076">
                    <coordinates>13.4241455071799,51.535055178600594,0.0</coordinates>
                </Point>
                <Point id="44078">
                    <coordinates>13.436976090764798,51.5339867029636,0.0</coordinates>
                </Point>
                <Point id="44080">
                    <coordinates>13.437251932634599,51.53394565222289,0.0</coordinates>
                </Point>
                <Point id="44082">
                    <coordinates>13.4087752262247,51.537781487023196,0.0</coordinates>
                </Point>
                <Point id="44084">
                    <coordinates>13.4119472508478,51.53762536470791,0.0</coordinates>
                </Point>
                <Point id="44086">
                    <coordinates>13.412162205972399,51.537679744313195,0.0</coordinates>
                </Point>
                <Point id="44088">
                    <coordinates>13.4116534018283,51.5376412583011,0.0</coordinates>
                </Point>
                <Point id="44090">
                    <coordinates>13.4109243512958,51.537747327500995,0.0</coordinates>
                </Point>
                <Point id="44092">
                    <coordinates>13.4105390005257,51.53749944910919,0.0</coordinates>
                </Point>
                <Point id="44094">
                    <coordinates>13.410382583617299,51.5373676856464,0.0</coordinates>
                </Point>
                <Point id="44096">
                    <coordinates>13.411299251094698,51.53760540803851,0.0</coordinates>
                </Point>
                <Point id="44098">
                    <coordinates>13.411432612019302,51.53737016655591,0.0</coordinates>
                </Point>
                <Point id="44100">
                    <coordinates>13.411840188906302,51.5373465899744,0.0</coordinates>
                </Point>
                <Point id="44102">
                    <coordinates>13.410484123798398,51.5367190206434,0.0</coordinates>
                </Point>
                <Point id="44104">
                    <coordinates>13.410176211647197,51.5367229069589,0.0</coordinates>
                </Point>
                <Point id="44106">
                    <coordinates>13.410195470281002,51.5366247141278,0.0</coordinates>
                </Point>
                <Point id="44108">
                    <coordinates>13.409882786444898,51.5373955776183,0.0</coordinates>
                </Point>
                <Point id="44110">
                    <coordinates>13.409719158070303,51.53713063542131,0.0</coordinates>
                </Point>
                <Point id="44112">
                    <coordinates>13.409273643234496,51.53686601625679,0.0</coordinates>
                </Point>
                <Point id="44114">
                    <coordinates>13.4098178598889,51.5367501121466,0.0</coordinates>
                </Point>
                <Point id="44116">
                    <coordinates>13.408060088442399,51.5367598645823,0.0</coordinates>
                </Point>
                <Point id="44118">
                    <coordinates>13.408094326214801,51.536204133813996,0.0</coordinates>
                </Point>
                <Point id="44120">
                    <coordinates>13.4136576864621,51.53768453443679,0.0</coordinates>
                </Point>
                <Point id="44122">
                    <coordinates>13.413931550158,51.537681388512496,0.0</coordinates>
                </Point>
                <Point id="44124">
                    <coordinates>13.413314430386398,51.537736273721485,0.0</coordinates>
                </Point>
                <Point id="44126">
                    <coordinates>13.4151488198853,51.53777055481519,0.0</coordinates>
                </Point>
                <Point id="44128">
                    <coordinates>13.414076076891998,51.5376310461708,0.0</coordinates>
                </Point>
                <Point id="44130">
                    <coordinates>13.4143032985803,51.5376834823588,0.0</coordinates>
                </Point>
                <Point id="44132">
                    <coordinates>13.414605822974702,51.5376531261248,0.0</coordinates>
                </Point>
                <Point id="44134">
                    <coordinates>13.4150391940914,51.53734570739199,0.0</coordinates>
                </Point>
                <Point id="44136">
                    <coordinates>13.414427597791299,51.53706078401539,0.0</coordinates>
                </Point>
                <Point id="44138">
                    <coordinates>13.415475519245899,51.5376057856882,0.0</coordinates>
                </Point>
                <Point id="44140">
                    <coordinates>13.4154827282246,51.53743169851019,0.0</coordinates>
                </Point>
                <Point id="44142">
                    <coordinates>13.412254169155702,51.53766084270849,0.0</coordinates>
                </Point>
                <Point id="44144">
                    <coordinates>13.4124482632072,51.5374358689691,0.0</coordinates>
                </Point>
                <Point id="44146">
                    <coordinates>13.4137920716479,51.53735391627819,0.0</coordinates>
                </Point>
                <Point id="44148">
                    <coordinates>13.4146262984654,51.5362451554608,0.0</coordinates>
                </Point>
                <Point id="44150">
                    <coordinates>13.4158496395895,51.5361329435669,0.0</coordinates>
                </Point>
                <Point id="44152">
                    <coordinates>13.415260444484298,51.53612698454409,0.0</coordinates>
                </Point>
                <Point id="44154">
                    <coordinates>13.415332549590598,51.53592518979578,0.0</coordinates>
                </Point>
                <Point id="44156">
                    <coordinates>13.4150017036856,51.535813941145406,0.0</coordinates>
                </Point>
                <Point id="44158">
                    <coordinates>13.415112058624098,51.53549913252889,0.0</coordinates>
                </Point>
                <Point id="44160">
                    <coordinates>13.4149795293736,51.53505618059259,0.0</coordinates>
                </Point>
                <Point id="44162">
                    <coordinates>13.4150758345832,51.53493826349819,0.0</coordinates>
                </Point>
                <Point id="44164">
                    <coordinates>13.408180825593,51.535995654957,0.0</coordinates>
                </Point>
                <Point id="44166">
                    <coordinates>13.4093492156815,51.5360406342424,0.0</coordinates>
                </Point>
                <Point id="44168">
                    <coordinates>13.409322783430198,51.5358979258567,0.0</coordinates>
                </Point>
                <Point id="44170">
                    <coordinates>13.4087582166283,51.5353194085902,0.0</coordinates>
                </Point>
                <Point id="44172">
                    <coordinates>13.408790042418499,51.5350721177721,0.0</coordinates>
                </Point>
                <Point id="44174">
                    <coordinates>13.408773641771898,51.534845289219696,0.0</coordinates>
                </Point>
                <Point id="44176">
                    <coordinates>13.408793785422198,51.53469019109879,0.0</coordinates>
                </Point>
                <Point id="44178">
                    <coordinates>13.408782726164702,51.5344889754577,0.0</coordinates>
                </Point>
                <Point id="44180">
                    <coordinates>13.408804739983998,51.5342384813415,0.0</coordinates>
                </Point>
                <Point id="44182">
                    <coordinates>13.408863910408998,51.534016151998294,0.0</coordinates>
                </Point>
                <Point id="44184">
                    <coordinates>13.408529008193096,51.534004966083096,0.0</coordinates>
                </Point>
                <Point id="44186">
                    <coordinates>13.420467757943898,51.5357886775085,0.0</coordinates>
                </Point>
                <Point id="44188">
                    <coordinates>13.4549606029484,51.53973943614929,0.0</coordinates>
                </Point>
                <Point id="44190">
                    <coordinates>13.4547172817865,51.539630993404195,0.0</coordinates>
                </Point>
                <Point id="44192">
                    <coordinates>13.453252892843897,51.5394264628277,0.0</coordinates>
                </Point>
                <Point id="44194">
                    <coordinates>13.453349307668198,51.5391385340017,0.0</coordinates>
                </Point>
                <Point id="44196">
                    <coordinates>13.453611434791398,51.539233604999,0.0</coordinates>
                </Point>
                <Point id="44198">
                    <coordinates>13.453018799405802,51.5393131603032,0.0</coordinates>
                </Point>
                <Point id="44200">
                    <coordinates>13.453990780166597,51.53965958903509,0.0</coordinates>
                </Point>
                <Point id="44202">
                    <coordinates>13.453680653299799,51.539592789351886,0.0</coordinates>
                </Point>
                <Point id="44204">
                    <coordinates>13.4541495185748,51.53969501333109,0.0</coordinates>
                </Point>
                <Point id="44206">
                    <coordinates>13.454479076723299,51.5394956932996,0.0</coordinates>
                </Point>
                <Point id="44208">
                    <coordinates>13.4543290025229,51.53937994905499,0.0</coordinates>
                </Point>
                <Point id="44210">
                    <coordinates>13.453920616086299,51.5393443793439,0.0</coordinates>
                </Point>
                <Point id="44212">
                    <coordinates>13.4531278670961,51.5390253880813,0.0</coordinates>
                </Point>
                <Point id="44214">
                    <coordinates>13.4511302871701,51.539255650749695,0.0</coordinates>
                </Point>
                <Point id="44216">
                    <coordinates>13.452413498959196,51.539201314729695,0.0</coordinates>
                </Point>
                <Point id="44218">
                    <coordinates>13.452072493718202,51.5391174720879,0.0</coordinates>
                </Point>
                <Point id="44220">
                    <coordinates>13.451380437482,51.538965941865904,0.0</coordinates>
                </Point>
                <Point id="44222">
                    <coordinates>13.450308290609499,51.53822161577169,0.0</coordinates>
                </Point>
                <Point id="44224">
                    <coordinates>13.4498841129381,51.537992658102105,0.0</coordinates>
                </Point>
                <Point id="44226">
                    <coordinates>13.4508366598573,51.5383876840052,0.0</coordinates>
                </Point>
                <Point id="44228">
                    <coordinates>13.449177862895597,51.53777822189249,0.0</coordinates>
                </Point>
                <Point id="44230">
                    <coordinates>13.449348113137399,51.5377328633006,0.0</coordinates>
                </Point>
                <Point id="44232">
                    <coordinates>13.448758798101,51.537609770166085,0.0</coordinates>
                </Point>
                <Point id="44234">
                    <coordinates>13.445971441076098,51.538172188522,0.0</coordinates>
                </Point>
                <Point id="44236">
                    <coordinates>13.445683732701898,51.53792131491199,0.0</coordinates>
                </Point>
                <Point id="44238">
                    <coordinates>13.4456461313319,51.537618679191496,0.0</coordinates>
                </Point>
                <Point id="44240">
                    <coordinates>13.446066922288,51.537556630332,0.0</coordinates>
                </Point>
                <Point id="44242">
                    <coordinates>13.445322390758598,51.5371360953887,0.0</coordinates>
                </Point>
                <Point id="44244">
                    <coordinates>13.4456201579864,51.53672160309449,0.0</coordinates>
                </Point>
                <Point id="44246">
                    <coordinates>13.446339298710498,51.538041587260196,0.0</coordinates>
                </Point>
                <Point id="44248">
                    <coordinates>13.448303679745301,51.537396336652606,0.0</coordinates>
                </Point>
                <Point id="44250">
                    <coordinates>13.4480963266869,51.537275443029394,0.0</coordinates>
                </Point>
                <Point id="44252">
                    <coordinates>13.447757253956501,51.5377077810251,0.0</coordinates>
                </Point>
                <Point id="44254">
                    <coordinates>13.447534077663502,51.5371210129766,0.0</coordinates>
                </Point>
                <Point id="44256">
                    <coordinates>13.4470658136048,51.5369219400428,0.0</coordinates>
                </Point>
                <Point id="44258">
                    <coordinates>13.4473512768217,51.537030905674996,0.0</coordinates>
                </Point>
                <Point id="44260">
                    <coordinates>13.446395663763198,51.5372733073945,0.0</coordinates>
                </Point>
                <Point id="44262">
                    <coordinates>13.446469718557998,51.53704023466138,0.0</coordinates>
                </Point>
                <Point id="44264">
                    <coordinates>13.446292757758298,51.536599591723395,0.0</coordinates>
                </Point>
                <Point id="44266">
                    <coordinates>13.4464843803415,51.536644455291004,0.0</coordinates>
                </Point>
                <Point id="44268">
                    <coordinates>13.4461839531213,51.536383766402395,0.0</coordinates>
                </Point>
                <Point id="44270">
                    <coordinates>13.4442344920383,51.5363740945307,0.0</coordinates>
                </Point>
                <Point id="44272">
                    <coordinates>13.4445124994293,51.5363170569961,0.0</coordinates>
                </Point>
                <Point id="44274">
                    <coordinates>13.445359118970698,51.5366276354345,0.0</coordinates>
                </Point>
                <Point id="44276">
                    <coordinates>13.445818632340796,51.536347236409,0.0</coordinates>
                </Point>
                <Point id="44278">
                    <coordinates>13.4452432309265,51.535586333408006,0.0</coordinates>
                </Point>
                <Point id="44280">
                    <coordinates>13.444854452850198,51.53610039504769,0.0</coordinates>
                </Point>
                <Point id="44282">
                    <coordinates>13.445007289110302,51.5350611739481,0.0</coordinates>
                </Point>
                <Point id="44284">
                    <coordinates>13.445166309667002,51.5353444407713,0.0</coordinates>
                </Point>
                <Point id="44286">
                    <coordinates>13.444858457157599,51.5347039286269,0.0</coordinates>
                </Point>
                <Point id="44288">
                    <coordinates>13.444753048400498,51.53439846855908,0.0</coordinates>
                </Point>
                <Point id="44290">
                    <coordinates>13.4440501281722,51.53330473530279,0.0</coordinates>
                </Point>
                <Point id="44292">
                    <coordinates>13.4443163536193,51.53326129751309,0.0</coordinates>
                </Point>
                <Point id="44294">
                    <coordinates>13.444262836990898,51.533117721272895,0.0</coordinates>
                </Point>
                <Point id="44296">
                    <coordinates>13.4457556486423,51.5321301730723,0.0</coordinates>
                </Point>
                <Point id="44298">
                    <coordinates>13.4440270184698,51.5327548239001,0.0</coordinates>
                </Point>
                <Point id="44300">
                    <coordinates>13.4446173707516,51.5324903592221,0.0</coordinates>
                </Point>
                <Point id="44302">
                    <coordinates>13.444937778295499,51.53235764011219,0.0</coordinates>
                </Point>
                <Point id="44304">
                    <coordinates>13.4441821759487,51.53241985081019,0.0</coordinates>
                </Point>
                <Point id="44306">
                    <coordinates>13.4428894762569,51.533317446470896,0.0</coordinates>
                </Point>
                <Point id="44308">
                    <coordinates>13.442658219141903,51.5329152343598,0.0</coordinates>
                </Point>
                <Point id="44310">
                    <coordinates>13.442184753454,51.5330485607169,0.0</coordinates>
                </Point>
                <Point id="44312">
                    <coordinates>13.4435025124648,51.5330673045686,0.0</coordinates>
                </Point>
                <Point id="44314">
                    <coordinates>13.4432767167331,51.5327604521485,0.0</coordinates>
                </Point>
                <Point id="44316">
                    <coordinates>13.4435449600446,51.5326429409094,0.0</coordinates>
                </Point>
                <Point id="44318">
                    <coordinates>13.443857865525901,51.53258681477761,0.0</coordinates>
                </Point>
                <Point id="44320">
                    <coordinates>13.446852088686096,51.5316310083464,0.0</coordinates>
                </Point>
                <Point id="44322">
                    <coordinates>13.446667047768798,51.5317456208654,0.0</coordinates>
                </Point>
                <Point id="44324">
                    <coordinates>13.4460837408212,51.5319124638317,0.0</coordinates>
                </Point>
                <Point id="44326">
                    <coordinates>13.4459779747071,51.531783678384286,0.0</coordinates>
                </Point>
                <Point id="44328">
                    <coordinates>13.409505935103,51.53686164700869,0.0</coordinates>
                </Point>
                <Point id="44330">
                    <coordinates>13.408699794823647,51.539659180747755,0.0</coordinates>
                </Point>
                <Point id="44332">
                    <coordinates>13.409614927237763,51.5376362303598,0.0</coordinates>
                </Point>
                <Point id="44334">
                    <coordinates>13.409839348696549,51.53742083195035,0.0</coordinates>
                </Point>
                <Point id="44336">
                    <coordinates>13.410294340594415,51.5380965211267,0.0</coordinates>
                </Point>
                <Point id="44338">
                    <coordinates>13.411081732079786,51.5374371239183,0.0</coordinates>
                </Point>
                <Point id="44340">
                    <coordinates>13.411081732079785,51.53743702391834,0.0</coordinates>
                </Point>
                <Point id="44342">
                    <coordinates>13.410583409533105,51.53735681901311,0.0</coordinates>
                </Point>
                <Point id="44344">
                    <coordinates>13.41034249653431,51.53740188342153,0.0</coordinates>
                </Point>
                <Point id="44346">
                    <coordinates>13.409448221349969,51.53725560603049,0.0</coordinates>
                </Point>
                <Point id="44348">
                    <coordinates>13.410009945729287,51.53664970176331,0.0</coordinates>
                </Point>
                <Point id="44350">
                    <coordinates>13.410009945729286,51.53664960176335,0.0</coordinates>
                </Point>
                <Point id="44352">
                    <coordinates>13.405379707432253,51.535915114274175,0.0</coordinates>
                </Point>
                <Point id="44354">
                    <coordinates>13.404637030845736,51.535844076718405,0.0</coordinates>
                </Point>
                <Point id="44356">
                    <coordinates>13.437343014101575,51.53434835625352,0.0</coordinates>
                </Point>
                <Point id="44358">
                    <coordinates>13.474442497280112,51.5419074783599,0.0</coordinates>
                </Point>
                <Point id="44360">
                    <coordinates>13.47108644948224,51.54035306168301,0.0</coordinates>
                </Point>
                <Point id="44362">
                    <coordinates>13.476722839770758,51.54088454206674,0.0</coordinates>
                </Point>
                <Point id="44364">
                    <coordinates>13.407722751772688,51.53612386969993,0.0</coordinates>
                </Point>
                <Point id="44366">
                    <coordinates>13.439180250555243,51.53262312568339,0.0</coordinates>
                </Point>
                <Point id="44368">
                    <coordinates>13.408907755297669,51.53688905415459,0.0</coordinates>
                </Point>
                <Point id="44370">
                    <coordinates>13.40848603554131,51.537003905948175,0.0</coordinates>
                </Point>
                <Point id="44372">
                    <coordinates>13.41482383957258,51.535109556380135,0.0</coordinates>
                </Point>
                <Point id="44374">
                    <coordinates>13.4211257276292,51.535562240494684,0.0</coordinates>
                </Point>
                <Point id="44376">
                    <coordinates>13.421806140061403,51.535177643947,0.0</coordinates>
                </Point>
                <Point id="44378">
                    <coordinates>13.422052606044598,51.53517482014188,0.0</coordinates>
                </Point>
                <Point id="44380">
                    <coordinates>13.416796229497702,51.5360978348318,0.0</coordinates>
                </Point>
                <Point id="44382">
                    <coordinates>13.417529389325699,51.53563869576279,0.0</coordinates>
                </Point>
                <Point id="44384">
                    <coordinates>13.416228815044398,51.53577557228321,0.0</coordinates>
                </Point>
                <Point id="44386">
                    <coordinates>13.448709917649298,51.54209293790209,0.0</coordinates>
                </Point>
                <Point id="44388">
                    <coordinates>13.44865407193,51.541972502000185,0.0</coordinates>
                </Point>
                <Point id="44390">
                    <coordinates>13.4487777289146,51.541747377352806,0.0</coordinates>
                </Point>
                <Point id="44392">
                    <coordinates>13.449156006046902,51.5420806626094,0.0</coordinates>
                </Point>
                <Point id="44394">
                    <coordinates>13.449532849082397,51.5419310809842,0.0</coordinates>
                </Point>
                <Point id="44396">
                    <coordinates>13.4494888079008,51.5417473083101,0.0</coordinates>
                </Point>
                <Point id="44398">
                    <coordinates>13.4498158345896,51.5418043984082,0.0</coordinates>
                </Point>
                <Point id="44400">
                    <coordinates>13.449836458558202,51.5415928073405,0.0</coordinates>
                </Point>
                <Point id="44402">
                    <coordinates>13.449996369775999,51.541583773914496,0.0</coordinates>
                </Point>
                <Point id="44404">
                    <coordinates>13.448451583289199,51.54148400196589,0.0</coordinates>
                </Point>
                <Point id="44406">
                    <coordinates>13.447496306983998,51.54081813224659,0.0</coordinates>
                </Point>
                <Point id="44408">
                    <coordinates>13.44723036764,51.540404351664,0.0</coordinates>
                </Point>
                <Point id="44410">
                    <coordinates>13.447420597994999,51.5403309132697,0.0</coordinates>
                </Point>
                <Point id="44412">
                    <coordinates>13.449718289326102,51.5398918303814,0.0</coordinates>
                </Point>
                <Point id="44414">
                    <coordinates>13.4498673106092,51.5384976335847,0.0</coordinates>
                </Point>
                <Point id="44416">
                    <coordinates>13.449945593853599,51.538484417704495,0.0</coordinates>
                </Point>
                <Point id="44418">
                    <coordinates>13.4469086085218,51.539718985516195,0.0</coordinates>
                </Point>
                <Point id="44420">
                    <coordinates>13.446437093114598,51.53914304923287,0.0</coordinates>
                </Point>
                <Point id="44422">
                    <coordinates>13.445787716085698,51.5391976808157,0.0</coordinates>
                </Point>
                <Point id="44424">
                    <coordinates>13.4463811709867,51.538509453773194,0.0</coordinates>
                </Point>
                <Point id="44426">
                    <coordinates>13.446230505642697,51.538773304033384,0.0</coordinates>
                </Point>
                <Point id="44428">
                    <coordinates>13.4460986446369,51.5385167391937,0.0</coordinates>
                </Point>
                <Point id="44430">
                    <coordinates>13.446046286324798,51.5384474975076,0.0</coordinates>
                </Point>
                <Point id="44432">
                    <coordinates>13.4448861916572,51.53920808966549,0.0</coordinates>
                </Point>
                <Point id="44434">
                    <coordinates>13.445201671884902,51.5391729207523,0.0</coordinates>
                </Point>
                <Point id="44436">
                    <coordinates>13.443313543180398,51.53899669656569,0.0</coordinates>
                </Point>
                <Point id="44438">
                    <coordinates>13.4426837595925,51.538820388742586,0.0</coordinates>
                </Point>
                <Point id="44440">
                    <coordinates>13.4430973508252,51.5387250910468,0.0</coordinates>
                </Point>
                <Point id="44442">
                    <coordinates>13.441035847359801,51.5391323004045,0.0</coordinates>
                </Point>
                <Point id="44444">
                    <coordinates>13.461618568704298,51.5422997589835,0.0</coordinates>
                </Point>
                <Point id="44446">
                    <coordinates>13.4610737354042,51.542481332809,0.0</coordinates>
                </Point>
                <Point id="44448">
                    <coordinates>13.4606648511521,51.5422731539261,0.0</coordinates>
                </Point>
                <Point id="44450">
                    <coordinates>13.4620634207195,51.542230986470095,0.0</coordinates>
                </Point>
                <Point id="44452">
                    <coordinates>13.461938832081099,51.542029076430296,0.0</coordinates>
                </Point>
                <Point id="44454">
                    <coordinates>13.4626823934578,51.54218475561569,0.0</coordinates>
                </Point>
                <Point id="44456">
                    <coordinates>13.4628810338098,51.5421731506079,0.0</coordinates>
                </Point>
                <Point id="44458">
                    <coordinates>13.4625465409034,51.5422184351322,0.0</coordinates>
                </Point>
                <Point id="44460">
                    <coordinates>13.462599852645297,51.5419571858036,0.0</coordinates>
                </Point>
                <Point id="44462">
                    <coordinates>13.462031703370297,51.5419768417566,0.0</coordinates>
                </Point>
                <Point id="44464">
                    <coordinates>13.463948459924698,51.54210343172149,0.0</coordinates>
                </Point>
                <Point id="44466">
                    <coordinates>13.463514762049499,51.5419025809999,0.0</coordinates>
                </Point>
                <Point id="44468">
                    <coordinates>13.4638239169523,51.541879125814795,0.0</coordinates>
                </Point>
                <Point id="44470">
                    <coordinates>13.4637936216982,51.54188396772891,0.0</coordinates>
                </Point>
                <Point id="44472">
                    <coordinates>13.4630010850008,51.5419632209701,0.0</coordinates>
                </Point>
                <Point id="44474">
                    <coordinates>13.4616341978066,51.5420271189507,0.0</coordinates>
                </Point>
                <Point id="44476">
                    <coordinates>13.461399990687498,51.54194709348631,0.0</coordinates>
                </Point>
                <Point id="44478">
                    <coordinates>13.456765603497498,51.54047566454569,0.0</coordinates>
                </Point>
                <Point id="44480">
                    <coordinates>13.4561211059539,51.540495096874395,0.0</coordinates>
                </Point>
                <Point id="44482">
                    <coordinates>13.451099650599298,51.5417550747516,0.0</coordinates>
                </Point>
                <Point id="44484">
                    <coordinates>13.450932791453901,51.5415043507225,0.0</coordinates>
                </Point>
                <Point id="44486">
                    <coordinates>13.450879902790199,51.54124275234279,0.0</coordinates>
                </Point>
                <Point id="44488">
                    <coordinates>13.450309307948702,51.54163672771959,0.0</coordinates>
                </Point>
                <Point id="44490">
                    <coordinates>13.450404498216598,51.54156707256319,0.0</coordinates>
                </Point>
                <Point id="44492">
                    <coordinates>13.450544275886097,51.5413254722761,0.0</coordinates>
                </Point>
                <Point id="44494">
                    <coordinates>13.454087642962998,51.540401562231295,0.0</coordinates>
                </Point>
                <Point id="44496">
                    <coordinates>13.454048074202497,51.54030114939528,0.0</coordinates>
                </Point>
                <Point id="44498">
                    <coordinates>13.4546684338393,51.5403805878329,0.0</coordinates>
                </Point>
                <Point id="44500">
                    <coordinates>13.454706681998598,51.540283282552295,0.0</coordinates>
                </Point>
                <Point id="44502">
                    <coordinates>13.4546297191529,51.5401681435544,0.0</coordinates>
                </Point>
                <Point id="44504">
                    <coordinates>13.454302500739198,51.54008438287529,0.0</coordinates>
                </Point>
                <Point id="44506">
                    <coordinates>13.455885918864299,51.540074947315496,0.0</coordinates>
                </Point>
                <Point id="44508">
                    <coordinates>13.4553062465582,51.540166802772696,0.0</coordinates>
                </Point>
                <Point id="44510">
                    <coordinates>13.4550515811741,51.54005452941039,0.0</coordinates>
                </Point>
                <Point id="44512">
                    <coordinates>13.4554870288093,51.5399411568826,0.0</coordinates>
                </Point>
                <Point id="44514">
                    <coordinates>13.4472583736431,51.5314943725379,0.0</coordinates>
                </Point>
                <Point id="44516">
                    <coordinates>13.447888982823699,51.53137451379769,0.0</coordinates>
                </Point>
                <Point id="44518">
                    <coordinates>13.448055215511697,51.531121474009595,0.0</coordinates>
                </Point>
                <Point id="44520">
                    <coordinates>13.446446510916699,51.53151046004339,0.0</coordinates>
                </Point>
                <Point id="44522">
                    <coordinates>13.4468546462886,51.5311973180652,0.0</coordinates>
                </Point>
                <Point id="44524">
                    <coordinates>13.4476409069948,51.53072592648779,0.0</coordinates>
                </Point>
                <Point id="44526">
                    <coordinates>13.445405201543497,51.53198004308779,0.0</coordinates>
                </Point>
                <Point id="44528">
                    <coordinates>13.445822862910997,51.5318262513197,0.0</coordinates>
                </Point>
                <Point id="44530">
                    <coordinates>13.4455619971878,51.531887959198684,0.0</coordinates>
                </Point>
                <Point id="44532">
                    <coordinates>13.438995821717999,51.53320453971381,0.0</coordinates>
                </Point>
                <Point id="44534">
                    <coordinates>13.4391884608503,51.532783950013595,0.0</coordinates>
                </Point>
                <Point id="44536">
                    <coordinates>13.440144178644601,51.53397714576581,0.0</coordinates>
                </Point>
                <Point id="44538">
                    <coordinates>13.4403885588429,51.53366055919581,0.0</coordinates>
                </Point>
                <Point id="44540">
                    <coordinates>13.4406314674292,51.5335694312178,0.0</coordinates>
                </Point>
                <Point id="44542">
                    <coordinates>13.439413455294098,51.533963048073,0.0</coordinates>
                </Point>
                <Point id="44544">
                    <coordinates>13.439455446672598,51.533427219870994,0.0</coordinates>
                </Point>
                <Point id="44546">
                    <coordinates>13.441853351436798,51.5334615805957,0.0</coordinates>
                </Point>
                <Point id="44548">
                    <coordinates>13.440833778784098,51.533806952981294,0.0</coordinates>
                </Point>
                <Point id="44550">
                    <coordinates>13.440972868177301,51.533490921828694,0.0</coordinates>
                </Point>
                <Point id="44552">
                    <coordinates>13.441745745239398,51.533279597569,0.0</coordinates>
                </Point>
                <Point id="44554">
                    <coordinates>13.439503984420602,51.5323239681272,0.0</coordinates>
                </Point>
                <Point id="44556">
                    <coordinates>13.439397542729099,51.532188722108486,0.0</coordinates>
                </Point>
                <Point id="44558">
                    <coordinates>13.439143906774698,51.5318181127917,0.0</coordinates>
                </Point>
                <Point id="44560">
                    <coordinates>13.4397008740405,51.5305700460911,0.0</coordinates>
                </Point>
                <Point id="44562">
                    <coordinates>13.4394060208014,51.530053165301894,0.0</coordinates>
                </Point>
                <Point id="44564">
                    <coordinates>13.449936536498798,51.527755894276694,0.0</coordinates>
                </Point>
                <Point id="44566">
                    <coordinates>13.437150119152198,51.52590927783229,0.0</coordinates>
                </Point>
                <Point id="44568">
                    <coordinates>13.4055422948962,51.536312624775796,0.0</coordinates>
                </Point>
                <Point id="44570">
                    <coordinates>13.4050639940524,51.5363365556558,0.0</coordinates>
                </Point>
                <Point id="44572">
                    <coordinates>13.404811106218798,51.53647948678229,0.0</coordinates>
                </Point>
                <Point id="44574">
                    <coordinates>13.404719533216,51.5363606539242,0.0</coordinates>
                </Point>
                <Point id="44576">
                    <coordinates>13.404773687146697,51.53615383298849,0.0</coordinates>
                </Point>
                <Point id="44578">
                    <coordinates>13.4040390630182,51.53622683153159,0.0</coordinates>
                </Point>
                <Point id="44580">
                    <coordinates>13.4042653842499,51.5363862932259,0.0</coordinates>
                </Point>
                <Point id="44582">
                    <coordinates>13.403428974996897,51.536464533791495,0.0</coordinates>
                </Point>
                <Point id="44584">
                    <coordinates>13.403421300585602,51.53625068443179,0.0</coordinates>
                </Point>
                <Point id="44586">
                    <coordinates>13.403691859733701,51.53623364307491,0.0</coordinates>
                </Point>
                <Point id="44588">
                    <coordinates>13.403683484421299,51.5356052344688,0.0</coordinates>
                </Point>
                <Point id="44590">
                    <coordinates>13.4034949993026,51.53525450733861,0.0</coordinates>
                </Point>
                <Point id="44592">
                    <coordinates>13.404061458996198,51.53541522490619,0.0</coordinates>
                </Point>
                <Point id="44594">
                    <coordinates>13.404495533597,51.53584953348339,0.0</coordinates>
                </Point>
                <Point id="44596">
                    <coordinates>13.405664361413098,51.53590536115449,0.0</coordinates>
                </Point>
                <Point id="44598">
                    <coordinates>13.4050467025821,51.5359354555107,0.0</coordinates>
                </Point>
                <Point id="44600">
                    <coordinates>13.405280006057,51.53578467545861,0.0</coordinates>
                </Point>
                <Point id="44602">
                    <coordinates>13.405818433021196,51.53501931282369,0.0</coordinates>
                </Point>
                <Point id="44604">
                    <coordinates>13.404368700913297,51.53544157868009,0.0</coordinates>
                </Point>
                <Point id="44606">
                    <coordinates>13.4048964524066,51.534732401473,0.0</coordinates>
                </Point>
                <Point id="44608">
                    <coordinates>13.405002226217299,51.53486880904279,0.0</coordinates>
                </Point>
                <Point id="44610">
                    <coordinates>13.4046355639666,51.53458719026019,0.0</coordinates>
                </Point>
                <Point id="44612">
                    <coordinates>13.404361486493498,51.5345951499838,0.0</coordinates>
                </Point>
                <Point id="44614">
                    <coordinates>13.4040096569514,51.53447752006069,0.0</coordinates>
                </Point>
                <Point id="44616">
                    <coordinates>13.4060431445629,51.534840854931595,0.0</coordinates>
                </Point>
                <Point id="44618">
                    <coordinates>13.405489524523098,51.53454672012279,0.0</coordinates>
                </Point>
                <Point id="44620">
                    <coordinates>13.405213637040099,51.5344303941277,0.0</coordinates>
                </Point>
                <Point id="44622">
                    <coordinates>13.4049774617274,51.53424574648369,0.0</coordinates>
                </Point>
                <Point id="44624">
                    <coordinates>13.403856883020499,51.534469632289195,0.0</coordinates>
                </Point>
                <Point id="44626">
                    <coordinates>13.4036080206614,51.534419698982894,0.0</coordinates>
                </Point>
                <Point id="44628">
                    <coordinates>13.407905251786698,51.536626310334896,0.0</coordinates>
                </Point>
                <Point id="44630">
                    <coordinates>13.407764503557198,51.5363179312034,0.0</coordinates>
                </Point>
                <Point id="44632">
                    <coordinates>13.407404612302699,51.53625947086519,0.0</coordinates>
                </Point>
                <Point id="44634">
                    <coordinates>13.407192776645902,51.5364661107568,0.0</coordinates>
                </Point>
                <Point id="44636">
                    <coordinates>13.407171930528598,51.536196805164785,0.0</coordinates>
                </Point>
                <Point id="44638">
                    <coordinates>13.406838320512202,51.53641473513449,0.0</coordinates>
                </Point>
                <Point id="44640">
                    <coordinates>13.406865977650098,51.53619957863809,0.0</coordinates>
                </Point>
                <Point id="44642">
                    <coordinates>13.406185383818897,51.53634912012739,0.0</coordinates>
                </Point>
                <Point id="44644">
                    <coordinates>13.406184773535,51.5360901678122,0.0</coordinates>
                </Point>
                <Point id="44646">
                    <coordinates>13.406674104443201,51.536010979574094,0.0</coordinates>
                </Point>
                <Point id="44648">
                    <coordinates>13.406813257529597,51.535625426617884,0.0</coordinates>
                </Point>
                <Point id="44650">
                    <coordinates>13.407412141657503,51.53549813744649,0.0</coordinates>
                </Point>
                <Point id="44652">
                    <coordinates>13.4071883570086,51.534995036266196,0.0</coordinates>
                </Point>
                <Point id="44654">
                    <coordinates>13.406757088998402,51.53520986749691,0.0</coordinates>
                </Point>
                <Point id="44656">
                    <coordinates>13.406630693579798,51.53514324816249,0.0</coordinates>
                </Point>
                <Point id="44658">
                    <coordinates>13.406334973557598,51.535258488278,0.0</coordinates>
                </Point>
                <Point id="44660">
                    <coordinates>13.406310060215198,51.534993474863704,0.0</coordinates>
                </Point>
                <Point id="44662">
                    <coordinates>13.4075899878798,51.5359575880515,0.0</coordinates>
                </Point>
                <Point id="44664">
                    <coordinates>13.407732593460697,51.53571622127869,0.0</coordinates>
                </Point>
                <Point id="44666">
                    <coordinates>13.4077018393884,51.53395379196941,0.0</coordinates>
                </Point>
                <Point id="44668">
                    <coordinates>13.4072086812903,51.5347835397939,0.0</coordinates>
                </Point>
                <Point id="44670">
                    <coordinates>13.407234782823998,51.53461781353709,0.0</coordinates>
                </Point>
                <Point id="44672">
                    <coordinates>13.4072538107912,51.5344592590676,0.0</coordinates>
                </Point>
                <Point id="44674">
                    <coordinates>13.407051055852198,51.5344618723209,0.0</coordinates>
                </Point>
                <Point id="44676">
                    <coordinates>13.4070531610499,51.5344296101913,0.0</coordinates>
                </Point>
                <Point id="44678">
                    <coordinates>13.4070793713172,51.5341930323144,0.0</coordinates>
                </Point>
                <Point id="44680">
                    <coordinates>13.407055177117902,51.5341368014376,0.0</coordinates>
                </Point>
                <Point id="44682">
                    <coordinates>13.407277362920501,51.534246739523205,0.0</coordinates>
                </Point>
                <Point id="44684">
                    <coordinates>13.4687770574023,51.542041910729004,0.0</coordinates>
                </Point>
                <Point id="44686">
                    <coordinates>13.468408078815298,51.5420148453266,0.0</coordinates>
                </Point>
                <Point id="44688">
                    <coordinates>13.469744491181299,51.5420600649349,0.0</coordinates>
                </Point>
                <Point id="44690">
                    <coordinates>13.4694629241012,51.5416348904246,0.0</coordinates>
                </Point>
                <Point id="44692">
                    <coordinates>13.469944552987902,51.5418417012975,0.0</coordinates>
                </Point>
                <Point id="44694">
                    <coordinates>13.4697700193654,51.541390986449706,0.0</coordinates>
                </Point>
                <Point id="44696">
                    <coordinates>13.4679958986266,51.5417685696949,0.0</coordinates>
                </Point>
                <Point id="44698">
                    <coordinates>13.468046924706,51.5416181885672,0.0</coordinates>
                </Point>
                <Point id="44700">
                    <coordinates>13.468676341482798,51.54177815820459,0.0</coordinates>
                </Point>
                <Point id="44702">
                    <coordinates>13.468688359341298,51.54133223880229,0.0</coordinates>
                </Point>
                <Point id="44704">
                    <coordinates>13.4670033404727,51.5420139548491,0.0</coordinates>
                </Point>
                <Point id="44706">
                    <coordinates>13.4661983214223,51.54200602755629,0.0</coordinates>
                </Point>
                <Point id="44708">
                    <coordinates>13.4664140704568,51.5419830477219,0.0</coordinates>
                </Point>
                <Point id="44710">
                    <coordinates>13.4678466408553,51.5420753725105,0.0</coordinates>
                </Point>
                <Point id="44712">
                    <coordinates>13.467292466684798,51.54199501704159,0.0</coordinates>
                </Point>
                <Point id="44714">
                    <coordinates>13.4672899247125,51.5418318722758,0.0</coordinates>
                </Point>
                <Point id="44716">
                    <coordinates>13.467635002309596,51.541760718530384,0.0</coordinates>
                </Point>
                <Point id="44718">
                    <coordinates>13.466315191197998,51.54174282001539,0.0</coordinates>
                </Point>
                <Point id="44720">
                    <coordinates>13.4660770679363,51.54147304277739,0.0</coordinates>
                </Point>
                <Point id="44722">
                    <coordinates>13.467019864789599,51.541758182499095,0.0</coordinates>
                </Point>
                <Point id="44724">
                    <coordinates>13.4667104746221,51.5415726688184,0.0</coordinates>
                </Point>
                <Point id="44726">
                    <coordinates>13.472077901197299,51.5423755126832,0.0</coordinates>
                </Point>
                <Point id="44728">
                    <coordinates>13.4722607093502,51.54208336438558,0.0</coordinates>
                </Point>
                <Point id="44730">
                    <coordinates>13.473543951951703,51.54218857054921,0.0</coordinates>
                </Point>
                <Point id="44732">
                    <coordinates>13.474080975055998,51.541955019494,0.0</coordinates>
                </Point>
                <Point id="44734">
                    <coordinates>13.4733901226148,51.5422712286818,0.0</coordinates>
                </Point>
                <Point id="44736">
                    <coordinates>13.473280759346498,51.542143735572296,0.0</coordinates>
                </Point>
                <Point id="44738">
                    <coordinates>13.473395584910302,51.5418409585229,0.0</coordinates>
                </Point>
                <Point id="44740">
                    <coordinates>13.4737928212472,51.54182556774709,0.0</coordinates>
                </Point>
                <Point id="44742">
                    <coordinates>13.470703123019398,51.5422830714963,0.0</coordinates>
                </Point>
                <Point id="44744">
                    <coordinates>13.470733931176998,51.54200839374299,0.0</coordinates>
                </Point>
                <Point id="44746">
                    <coordinates>13.4705806155939,51.5419937150978,0.0</coordinates>
                </Point>
                <Point id="44748">
                    <coordinates>13.470479605279,51.5419765619421,0.0</coordinates>
                </Point>
                <Point id="44750">
                    <coordinates>13.470332458827102,51.5421846690483,0.0</coordinates>
                </Point>
                <Point id="44752">
                    <coordinates>13.471125703007502,51.542365214703985,0.0</coordinates>
                </Point>
                <Point id="44754">
                    <coordinates>13.4715169948954,51.5424260330825,0.0</coordinates>
                </Point>
                <Point id="44756">
                    <coordinates>13.4716223190495,51.5421696081922,0.0</coordinates>
                </Point>
                <Point id="44758">
                    <coordinates>13.471101946510398,51.54211465183089,0.0</coordinates>
                </Point>
                <Point id="44760">
                    <coordinates>13.4700934300325,51.5404336165069,0.0</coordinates>
                </Point>
                <Point id="44762">
                    <coordinates>13.4723814819117,51.540411062998885,0.0</coordinates>
                </Point>
                <Point id="44764">
                    <coordinates>13.4725332954728,51.54036837329068,0.0</coordinates>
                </Point>
                <Point id="44766">
                    <coordinates>13.4670711255773,51.54103742379059,0.0</coordinates>
                </Point>
                <Point id="44768">
                    <coordinates>13.468635661746902,51.54103003037431,0.0</coordinates>
                </Point>
                <Point id="44770">
                    <coordinates>13.46863082703,51.5410973177375,0.0</coordinates>
                </Point>
                <Point id="44772">
                    <coordinates>13.4684106818168,51.5411069161985,0.0</coordinates>
                </Point>
                <Point id="44774">
                    <coordinates>13.4690977527201,51.5411022733411,0.0</coordinates>
                </Point>
                <Point id="44776">
                    <coordinates>13.469176497605801,51.5409453998421,0.0</coordinates>
                </Point>
                <Point id="44778">
                    <coordinates>13.469609479543099,51.5411409357973,0.0</coordinates>
                </Point>
                <Point id="44780">
                    <coordinates>13.4697882630675,51.540832408559105,0.0</coordinates>
                </Point>
                <Point id="44782">
                    <coordinates>13.4695136735388,51.54075586289529,0.0</coordinates>
                </Point>
                <Point id="44784">
                    <coordinates>13.469296639622202,51.540836120246794,0.0</coordinates>
                </Point>
                <Point id="44786">
                    <coordinates>13.469590339241002,51.540649122137594,0.0</coordinates>
                </Point>
                <Point id="44788">
                    <coordinates>13.4697497470603,51.5403837137094,0.0</coordinates>
                </Point>
                <Point id="44790">
                    <coordinates>13.4652269149033,51.5419961808174,0.0</coordinates>
                </Point>
                <Point id="44792">
                    <coordinates>13.4653465260255,51.541817972182706,0.0</coordinates>
                </Point>
                <Point id="44794">
                    <coordinates>13.464629245190498,51.5420839298917,0.0</coordinates>
                </Point>
                <Point id="44796">
                    <coordinates>13.4445860438131,51.533986336039,0.0</coordinates>
                </Point>
                <Point id="44798">
                    <coordinates>13.476807843549203,51.5424829181423,0.0</coordinates>
                </Point>
                <Point id="44800">
                    <coordinates>13.4764354266804,51.542510648050396,0.0</coordinates>
                </Point>
                <Point id="44802">
                    <coordinates>13.4072911212649,51.5339573755819,0.0</coordinates>
                </Point>
                <Point id="44804">
                    <coordinates>13.4465105674725,51.538732553644394,0.0</coordinates>
                </Point>
                <Point id="44806">
                    <coordinates>13.4763783197626,51.54122330897889,0.0</coordinates>
                </Point>
                <Point id="44808">
                    <coordinates>13.463175444208101,51.5421586180576,0.0</coordinates>
                </Point>
                <Point id="44810">
                    <coordinates>13.469270249901,51.541811358091394,0.0</coordinates>
                </Point>
                <Point id="44812">
                    <coordinates>13.439089150833698,51.5337785511885,0.0</coordinates>
                </Point>
                <Point id="44814">
                    <coordinates>13.403843988358698,51.535326488379994,0.0</coordinates>
                </Point>
                <Point id="44816">
                    <coordinates>13.4393864202034,51.5316274002177,0.0</coordinates>
                </Point>
                <Point id="44818">
                    <coordinates>13.415824027397003,51.5374731650809,0.0</coordinates>
                </Point>
                <Point id="44820">
                    <coordinates>13.407556575296299,51.5365175213849,0.0</coordinates>
                </Point>
                <Point id="44822">
                    <coordinates>13.439616789643399,51.53277931180839,0.0</coordinates>
                </Point>
                <Point id="44824">
                    <coordinates>13.4638986299085,51.54011292669948,0.0</coordinates>
                </Point>
                <Point id="44826">
                    <coordinates>13.444593789341598,51.533910174426495,0.0</coordinates>
                </Point>
                <Point id="44828">
                    <coordinates>13.416355055506997,51.536129875673296,0.0</coordinates>
                </Point>
                <Point id="44830">
                    <coordinates>13.4109319539181,51.53731475825109,0.0</coordinates>
                </Point>
                <Point id="44832">
                    <coordinates>13.464666941143202,51.5389119243784,0.0</coordinates>
                </Point>
                <Point id="44834">
                    <coordinates>13.439861233372097,51.532570773586194,0.0</coordinates>
                </Point>
                <Point id="44836">
                    <coordinates>13.408738272870801,51.5385658802814,0.0</coordinates>
                </Point>
                <Point id="44838">
                    <coordinates>13.4641104051736,51.5398106296434,0.0</coordinates>
                </Point>
                <Point id="44840">
                    <coordinates>13.4395467960518,51.53294483247289,0.0</coordinates>
                </Point>
                <Point id="44842">
                    <coordinates>13.4505254790448,51.538642618961696,0.0</coordinates>
                </Point>
                <Point id="44844">
                    <coordinates>13.472535812274119,51.54247520148327,0.0</coordinates>
                </Point>
                <Point id="44846">
                    <coordinates>13.48924313835435,51.55181459111498,0.0</coordinates>
                </Point>
                <Point id="44848">
                    <coordinates>13.4647260428738,51.542078255800384,0.0</coordinates>
                </Point>
                <Point id="44850">
                    <coordinates>13.4645883233238,51.541826219159994,0.0</coordinates>
                </Point>
                <Point id="44852">
                    <coordinates>13.4658345920075,51.54222615195548,0.0</coordinates>
                </Point>
                <Point id="44854">
                    <coordinates>13.465578092884,51.54157225490779,0.0</coordinates>
                </Point>
                <Point id="44856">
                    <coordinates>13.4653024035821,51.5412821479592,0.0</coordinates>
                </Point>
                <Point id="44858">
                    <coordinates>13.4641121457507,51.541860403528204,0.0</coordinates>
                </Point>
                <Point id="44860">
                    <coordinates>13.464552418393799,51.54058431385619,0.0</coordinates>
                </Point>
                <Point id="44862">
                    <coordinates>13.464635395766502,51.5407714116593,0.0</coordinates>
                </Point>
                <Point id="44864">
                    <coordinates>13.4646755431314,51.540283349584996,0.0</coordinates>
                </Point>
                <Point id="44866">
                    <coordinates>13.464370906958798,51.540251011735684,0.0</coordinates>
                </Point>
                <Point id="44868">
                    <coordinates>13.464674445375099,51.54005599680848,0.0</coordinates>
                </Point>
                <Point id="44870">
                    <coordinates>13.465277011116997,51.540971019413085,0.0</coordinates>
                </Point>
                <Point id="44872">
                    <coordinates>13.4649995213613,51.54072394133459,0.0</coordinates>
                </Point>
                <Point id="44874">
                    <coordinates>13.464919425362803,51.54047393480261,0.0</coordinates>
                </Point>
                <Point id="44876">
                    <coordinates>13.4648559067996,51.5401590226085,0.0</coordinates>
                </Point>
                <Point id="44878">
                    <coordinates>13.464678140548598,51.53938410231229,0.0</coordinates>
                </Point>
                <Point id="44880">
                    <coordinates>13.464834899685501,51.5392314567187,0.0</coordinates>
                </Point>
                <Point id="44882">
                    <coordinates>13.4651202177115,51.53893727628169,0.0</coordinates>
                </Point>
                <Point id="44884">
                    <coordinates>13.4645776140375,51.539836882422804,0.0</coordinates>
                </Point>
                <Point id="44886">
                    <coordinates>13.465766898593401,51.538401179758104,0.0</coordinates>
                </Point>
                <Point id="44888">
                    <coordinates>13.4651606032378,51.5382331015812,0.0</coordinates>
                </Point>
                <Point id="44890">
                    <coordinates>13.4666787878996,51.5381347364315,0.0</coordinates>
                </Point>
                <Point id="44892">
                    <coordinates>13.466811576970501,51.53808052104821,0.0</coordinates>
                </Point>
                <Point id="44894">
                    <coordinates>13.466310403233098,51.53776153809799,0.0</coordinates>
                </Point>
                <Point id="44896">
                    <coordinates>13.4662378874397,51.53794084096828,0.0</coordinates>
                </Point>
                <Point id="44898">
                    <coordinates>13.478615831995198,51.5450700204882,0.0</coordinates>
                </Point>
                <Point id="44900">
                    <coordinates>13.478495439450597,51.54490999110429,0.0</coordinates>
                </Point>
                <Point id="44902">
                    <coordinates>13.477878386859,51.544297751986385,0.0</coordinates>
                </Point>
                <Point id="44904">
                    <coordinates>13.4774392737359,51.5436084388195,0.0</coordinates>
                </Point>
                <Point id="44906">
                    <coordinates>13.4768815046344,51.54351281676481,0.0</coordinates>
                </Point>
                <Point id="44908">
                    <coordinates>13.479050601732599,51.541376708760396,0.0</coordinates>
                </Point>
                <Point id="44910">
                    <coordinates>13.4747298122703,51.54184531505851,0.0</coordinates>
                </Point>
                <Point id="44912">
                    <coordinates>13.4753242499394,51.5417764833038,0.0</coordinates>
                </Point>
                <Point id="44914">
                    <coordinates>13.475050406433699,51.54183775104539,0.0</coordinates>
                </Point>
                <Point id="44916">
                    <coordinates>13.4751722280014,51.541498575982885,0.0</coordinates>
                </Point>
                <Point id="44918">
                    <coordinates>13.475268085516,51.541504709538195,0.0</coordinates>
                </Point>
                <Point id="44920">
                    <coordinates>13.4755239860032,51.54145914522369,0.0</coordinates>
                </Point>
                <Point id="44922">
                    <coordinates>13.4748444883079,51.54157831509629,0.0</coordinates>
                </Point>
                <Point id="44924">
                    <coordinates>13.4744069001279,51.5416009648925,0.0</coordinates>
                </Point>
                <Point id="44926">
                    <coordinates>13.476836455441601,51.5433350221791,0.0</coordinates>
                </Point>
                <Point id="44928">
                    <coordinates>13.4764249712488,51.543250867156694,0.0</coordinates>
                </Point>
                <Point id="44930">
                    <coordinates>13.4786088237606,51.541408560923685,0.0</coordinates>
                </Point>
                <Point id="44932">
                    <coordinates>13.4784087282996,51.541479361152696,0.0</coordinates>
                </Point>
                <Point id="44934">
                    <coordinates>13.4781826707383,51.54148599247849,0.0</coordinates>
                </Point>
                <Point id="44936">
                    <coordinates>13.476897312341599,51.5422150850859,0.0</coordinates>
                </Point>
                <Point id="44938">
                    <coordinates>13.476923259762199,51.54208583929959,0.0</coordinates>
                </Point>
                <Point id="44940">
                    <coordinates>13.476839097804298,51.5419545697847,0.0</coordinates>
                </Point>
                <Point id="44942">
                    <coordinates>13.476844753034701,51.54169971844931,0.0</coordinates>
                </Point>
                <Point id="44944">
                    <coordinates>13.477046901570198,51.541481380057796,0.0</coordinates>
                </Point>
                <Point id="44946">
                    <coordinates>13.476495344672298,51.541650633987395,0.0</coordinates>
                </Point>
                <Point id="44948">
                    <coordinates>13.4757769731128,51.541688469729,0.0</coordinates>
                </Point>
                <Point id="44950">
                    <coordinates>13.4760167686104,51.5413627442651,0.0</coordinates>
                </Point>
                <Point id="44952">
                    <coordinates>13.475759644961302,51.5414052789352,0.0</coordinates>
                </Point>
                <Point id="44954">
                    <coordinates>13.476690041292498,51.54126838747549,0.0</coordinates>
                </Point>
                <Point id="44956">
                    <coordinates>13.4764319418769,51.5410590644172,0.0</coordinates>
                </Point>
                <Point id="44958">
                    <coordinates>13.475307813687799,51.5393256762669,0.0</coordinates>
                </Point>
                <Point id="44960">
                    <coordinates>13.4395429624563,51.53187757249219,0.0</coordinates>
                </Point>
                <Point id="44962">
                    <coordinates>13.403786527147497,51.536429427605306,0.0</coordinates>
                </Point>
                <Point id="44964">
                    <coordinates>13.4445159943689,51.53375429304981,0.0</coordinates>
                </Point>
                <Point id="44966">
                    <coordinates>13.412631202754898,51.537736851389894,0.0</coordinates>
                </Point>
                <Point id="44968">
                    <coordinates>13.4395775432189,51.53445210245519,0.0</coordinates>
                </Point>
                <Point id="44970">
                    <coordinates>13.4759998910978,51.54166580043431,0.0</coordinates>
                </Point>
                <Point id="44972">
                    <coordinates>13.4501735810365,51.53850834930561,0.0</coordinates>
                </Point>
                <Point id="44974">
                    <coordinates>13.4685482527388,51.54133058059669,0.0</coordinates>
                </Point>
                <Point id="44976">
                    <coordinates>13.47580502799864,51.53976789589675,0.0</coordinates>
                </Point>
                <Point id="44978">
                    <coordinates>13.473685272747298,51.54157522326479,0.0</coordinates>
                </Point>
                <Point id="44980">
                    <coordinates>13.4454787495881,51.536908079560995,0.0</coordinates>
                </Point>
            </MultiGeometry>
        </Placemark>
    </Document>
</kml>
